onda,extraordinaria,data,pergunta_id,alternativa_id,linha_origem,valor,respondentes
202310,0,2023-10-01,alocacao_rv,0_a_10,18,0.39223300970873787,515
202311,0,2023-11-01,alocacao_rv,0_a_10,18,0.39058171745152354,361
202312,0,2023-12-01,alocacao_rv,0_a_10,18,0.3516483516483517,273
202401,0,2024-01-01,alocacao_rv,0_a_10,18,0.36054421768707484,147
202402,0,2024-02-01,alocacao_rv,0_a_10,18,0.38028169014084506,142
202403,0,2024-03-01,alocacao_rv,0_a_10,18,0.34057971014492755,138
202404,0,2024-04-01,alocacao_rv,0_a_10,18,0.2693877551020408,245
202405,0,2024-05-01,alocacao_rv,0_a_10,18,0.30784708249496984,497
202406,0,2024-06-01,alocacao_rv,0_a_10,18,0.3274336283185841,226
202407,0,2024-07-01,alocacao_rv,0_a_10,18,0.3392857142857143,112
202408,0,2024-08-01,alocacao_rv,0_a_10,18,0.3946078431372549,408
202409,0,2024-09-01,alocacao_rv,0_a_10,18,0.3584905660377358,159
202410,0,2024-10-01,alocacao_rv,0_a_10,18,0.423841059602649,151
202411,0,2024-11-01,alocacao_rv,0_a_10,18,0.43037974683544306,158
202412,0,2024-12-01,alocacao_rv,0_a_10,18,0.40425531914893614,141
202501,0,2025-01-01,alocacao_rv,0_a_10,18,0.4391691394658754,337
202502,0,2025-02-01,alocacao_rv,0_a_10,18,0.453416149068323,161
202503,0,2025-03-01,alocacao_rv,0_a_10,18,0.43333333333333335,180
202504,0,2025-04-01,alocacao_rv,0_a_10,18,0.391304347826087,138
202505,0,2025-05-01,alocacao_rv,0_a_10,18,0.4322033898305085,118
202506,0,2025-06-01,alocacao_rv,0_a_10,18,0.37815126050420167,119
202507,0,2025-07-01,alocacao_rv,0_a_10,18,0.4883720930232558,129
202508,0,2025-08-01,alocacao_rv,0_a_10,18,0.4215686274509804,102
202509,0,2025-09-01,alocacao_rv,0_a_10,18,0.5321100917431193,109
202510,0,2025-10-01,alocacao_rv,0_a_10,18,0.5726495726495726,117
202511,0,2025-11-01,alocacao_rv,0_a_10,18,0.4392523364485981,107
202512,0,2025-12-01,alocacao_rv,0_a_10,18,0.37373737373737376,99
202601,0,2026-01-01,alocacao_rv,0_a_10,18,0.44,100
202602,0,2026-02-01,alocacao_rv,0_a_10,18,0.38317757009345793,107
202603,0,2026-03-01,alocacao_rv,0_a_10,18,0.4326923076923077,208
202604,0,2026-04-01,alocacao_rv,0_a_10,18,0.4426229508196721,122
202605,0,2026-05-01,alocacao_rv,0_a_10,18,0.3584905660377358,106
202606,0,2026-06-01,alocacao_rv,0_a_10,18,0.5504587155963303,109
202607,0,2026-07-01,alocacao_rv,0_a_10,18,0.514018691588785,107
202201,0,2022-01-01,alocacao_rv,0_a_25,16,0.637,
202202,0,2022-02-01,alocacao_rv,0_a_25,16,0.633,
202203,0,2022-03-01,alocacao_rv,0_a_25,16,0.636,
202204,0,2022-04-01,alocacao_rv,0_a_25,16,0.66,
202205,0,2022-05-01,alocacao_rv,0_a_25,16,0.631,
202206,0,2022-06-01,alocacao_rv,0_a_25,16,0.69,
202207,0,2022-07-01,alocacao_rv,0_a_25,16,0.711,
202208,0,2022-08-01,alocacao_rv,0_a_25,16,0.658,
202209,0,2022-09-01,alocacao_rv,0_a_25,16,0.658,
202210,0,2022-10-01,alocacao_rv,0_a_25,16,0.645,
202211,0,2022-11-01,alocacao_rv,0_a_25,16,0.82,
202212,0,2022-12-01,alocacao_rv,0_a_25,16,0.7398373983739838,
202301,0,2023-01-01,alocacao_rv,0_a_25,16,0.7392344497607656,
202302,0,2023-02-01,alocacao_rv,0_a_25,16,0.7473684210526316,190
202303,0,2023-03-01,alocacao_rv,0_a_25,16,0.74,
202304,0,2023-04-01,alocacao_rv,0_a_25,16,0.72,156
202305,0,2023-05-01,alocacao_rv,0_a_25,16,0.8012422360248447,161
202306,0,2023-06-01,alocacao_rv,0_a_25,16,0.7640449438202247,178
202307,0,2023-07-01,alocacao_rv,0_a_25,16,0.7438423645320197,203
202308,0,2023-08-01,alocacao_rv,0_a_25,16,0.7530864197530864,162
202309,0,2023-09-01,alocacao_rv,0_a_25,16,0.7295081967213115,122
202310,0,2023-10-01,alocacao_rv,0_a_25,16,0,515
202311,0,2023-11-01,alocacao_rv,0_a_25,16,0,361
202312,0,2023-12-01,alocacao_rv,0_a_25,16,0,273
202401,0,2024-01-01,alocacao_rv,0_a_25,16,0,147
202402,0,2024-02-01,alocacao_rv,0_a_25,16,0,142
202403,0,2024-03-01,alocacao_rv,0_a_25,16,0,138
202404,0,2024-04-01,alocacao_rv,0_a_25,16,0,245
202405,0,2024-05-01,alocacao_rv,0_a_25,16,0,497
202406,0,2024-06-01,alocacao_rv,0_a_25,16,0,226
202407,0,2024-07-01,alocacao_rv,0_a_25,16,0,112
202408,0,2024-08-01,alocacao_rv,0_a_25,16,0,408
202409,0,2024-09-01,alocacao_rv,0_a_25,16,0,159
202410,0,2024-10-01,alocacao_rv,0_a_25,16,0,151
202411,0,2024-11-01,alocacao_rv,0_a_25,16,0,158
202412,0,2024-12-01,alocacao_rv,0_a_25,16,0,141
202501,0,2025-01-01,alocacao_rv,0_a_25,16,0,337
202502,0,2025-02-01,alocacao_rv,0_a_25,16,0,161
202503,0,2025-03-01,alocacao_rv,0_a_25,16,0,180
202504,0,2025-04-01,alocacao_rv,0_a_25,16,0,138
202505,0,2025-05-01,alocacao_rv,0_a_25,16,0,118
202506,0,2025-06-01,alocacao_rv,0_a_25,16,0,119
202507,0,2025-07-01,alocacao_rv,0_a_25,16,0,129
202508,0,2025-08-01,alocacao_rv,0_a_25,16,0,102
202509,0,2025-09-01,alocacao_rv,0_a_25,16,0,109
202510,0,2025-10-01,alocacao_rv,0_a_25,16,0,117
202511,0,2025-11-01,alocacao_rv,0_a_25,16,0,107
202512,0,2025-12-01,alocacao_rv,0_a_25,16,0,99
202601,0,2026-01-01,alocacao_rv,0_a_25,16,0,100
202602,0,2026-02-01,alocacao_rv,0_a_25,16,0,107
202603,0,2026-03-01,alocacao_rv,0_a_25,16,0,208
202604,0,2026-04-01,alocacao_rv,0_a_25,16,0,122
202605,0,2026-05-01,alocacao_rv,0_a_25,16,0,106
202606,0,2026-06-01,alocacao_rv,0_a_25,16,0,109
202607,0,2026-07-01,alocacao_rv,0_a_25,16,0,107
202310,0,2023-10-01,alocacao_rv,10_a_25,19,0.39805825242718446,515
202311,0,2023-11-01,alocacao_rv,10_a_25,19,0.4155124653739612,361
202312,0,2023-12-01,alocacao_rv,10_a_25,19,0.43223443223443225,273
202401,0,2024-01-01,alocacao_rv,10_a_25,19,0.4013605442176871,147
202402,0,2024-02-01,alocacao_rv,10_a_25,19,0.3873239436619718,142
202403,0,2024-03-01,alocacao_rv,10_a_25,19,0.41304347826086957,138
202404,0,2024-04-01,alocacao_rv,10_a_25,19,0.4897959183673469,245
202405,0,2024-05-01,alocacao_rv,10_a_25,19,0.46277665995975853,497
202406,0,2024-06-01,alocacao_rv,10_a_25,19,0.47345132743362833,226
202407,0,2024-07-01,alocacao_rv,10_a_25,19,0.48214285714285715,112
202408,0,2024-08-01,alocacao_rv,10_a_25,19,0.42892156862745096,408
202409,0,2024-09-01,alocacao_rv,10_a_25,19,0.44654088050314467,159
202410,0,2024-10-01,alocacao_rv,10_a_25,19,0.3841059602649007,151
202411,0,2024-11-01,alocacao_rv,10_a_25,19,0.35443037974683544,158
202412,0,2024-12-01,alocacao_rv,10_a_25,19,0.44680851063829785,141
202501,0,2025-01-01,alocacao_rv,10_a_25,19,0.3916913946587537,337
202502,0,2025-02-01,alocacao_rv,10_a_25,19,0.3416149068322981,161
202503,0,2025-03-01,alocacao_rv,10_a_25,19,0.3611111111111111,180
202504,0,2025-04-01,alocacao_rv,10_a_25,19,0.43478260869565216,138
202505,0,2025-05-01,alocacao_rv,10_a_25,19,0.3983050847457627,118
202506,0,2025-06-01,alocacao_rv,10_a_25,19,0.3865546218487395,119
202507,0,2025-07-01,alocacao_rv,10_a_25,19,0.34108527131782945,129
202508,0,2025-08-01,alocacao_rv,10_a_25,19,0.35294117647058826,102
202509,0,2025-09-01,alocacao_rv,10_a_25,19,0.25688073394495414,109
202510,0,2025-10-01,alocacao_rv,10_a_25,19,0.2905982905982906,117
202511,0,2025-11-01,alocacao_rv,10_a_25,19,0.3925233644859813,107
202512,0,2025-12-01,alocacao_rv,10_a_25,19,0.45454545454545453,99
202601,0,2026-01-01,alocacao_rv,10_a_25,19,0.4,100
202602,0,2026-02-01,alocacao_rv,10_a_25,19,0.4766355140186916,107
202603,0,2026-03-01,alocacao_rv,10_a_25,19,0.3701923076923077,208
202604,0,2026-04-01,alocacao_rv,10_a_25,19,0.36885245901639346,122
202605,0,2026-05-01,alocacao_rv,10_a_25,19,0.4528301886792453,106
202606,0,2026-06-01,alocacao_rv,10_a_25,19,0.3302752293577982,109
202607,0,2026-07-01,alocacao_rv,10_a_25,19,0.3177570093457944,107
202201,0,2022-01-01,alocacao_rv,25_a_50,17,0.297,
202202,0,2022-02-01,alocacao_rv,25_a_50,17,0.254,
202203,0,2022-03-01,alocacao_rv,25_a_50,17,0.283,
202204,0,2022-04-01,alocacao_rv,25_a_50,17,0.266,
202205,0,2022-05-01,alocacao_rv,25_a_50,17,0.29,
202206,0,2022-06-01,alocacao_rv,25_a_50,17,0.21,
202207,0,2022-07-01,alocacao_rv,25_a_50,17,0.203,
202208,0,2022-08-01,alocacao_rv,25_a_50,17,0.255,
202209,0,2022-09-01,alocacao_rv,25_a_50,17,0.255,
202210,0,2022-10-01,alocacao_rv,25_a_50,17,0.3,
202211,0,2022-11-01,alocacao_rv,25_a_50,17,0.154,
202212,0,2022-12-01,alocacao_rv,25_a_50,17,0.2032520325203252,
202301,0,2023-01-01,alocacao_rv,25_a_50,17,0.16507177033492823,
202302,0,2023-02-01,alocacao_rv,25_a_50,17,0.14210526315789473,190
202303,0,2023-03-01,alocacao_rv,25_a_50,17,0.15,
202304,0,2023-04-01,alocacao_rv,25_a_50,17,0.17,156
202305,0,2023-05-01,alocacao_rv,25_a_50,17,0.14285714285714285,161
202306,0,2023-06-01,alocacao_rv,25_a_50,17,0.15168539325842698,178
202307,0,2023-07-01,alocacao_rv,25_a_50,17,0.18719211822660098,203
202308,0,2023-08-01,alocacao_rv,25_a_50,17,0.19135802469135801,162
202309,0,2023-09-01,alocacao_rv,25_a_50,17,0.22131147540983606,122
202310,0,2023-10-01,alocacao_rv,25_a_50,17,0.16310679611650486,515
202311,0,2023-11-01,alocacao_rv,25_a_50,17,0.1440443213296399,361
202312,0,2023-12-01,alocacao_rv,25_a_50,17,0.15018315018315018,273
202401,0,2024-01-01,alocacao_rv,25_a_50,17,0.1360544217687075,147
202402,0,2024-02-01,alocacao_rv,25_a_50,17,0.1267605633802817,142
202403,0,2024-03-01,alocacao_rv,25_a_50,17,0.21739130434782608,138
202404,0,2024-04-01,alocacao_rv,25_a_50,17,0.1673469387755102,245
202405,0,2024-05-01,alocacao_rv,25_a_50,17,0.16700201207243462,497
202406,0,2024-06-01,alocacao_rv,25_a_50,17,0.15486725663716813,226
202407,0,2024-07-01,alocacao_rv,25_a_50,17,0.15178571428571427,112
202408,0,2024-08-01,alocacao_rv,25_a_50,17,0.13480392156862744,408
202409,0,2024-09-01,alocacao_rv,25_a_50,17,0.1509433962264151,159
202410,0,2024-10-01,alocacao_rv,25_a_50,17,0.1456953642384106,151
202411,0,2024-11-01,alocacao_rv,25_a_50,17,0.15822784810126583,158
202412,0,2024-12-01,alocacao_rv,25_a_50,17,0.12056737588652482,141
202501,0,2025-01-01,alocacao_rv,25_a_50,17,0.12166172106824925,337
202502,0,2025-02-01,alocacao_rv,25_a_50,17,0.14906832298136646,161
202503,0,2025-03-01,alocacao_rv,25_a_50,17,0.14444444444444443,180
202504,0,2025-04-01,alocacao_rv,25_a_50,17,0.12318840579710146,138
202505,0,2025-05-01,alocacao_rv,25_a_50,17,0.1016949152542373,118
202506,0,2025-06-01,alocacao_rv,25_a_50,17,0.19327731092436976,119
202507,0,2025-07-01,alocacao_rv,25_a_50,17,0.10077519379844961,129
202508,0,2025-08-01,alocacao_rv,25_a_50,17,0.16666666666666666,102
202509,0,2025-09-01,alocacao_rv,25_a_50,17,0.1651376146788991,109
202510,0,2025-10-01,alocacao_rv,25_a_50,17,0.09401709401709402,117
202511,0,2025-11-01,alocacao_rv,25_a_50,17,0.11214953271028037,107
202512,0,2025-12-01,alocacao_rv,25_a_50,17,0.12121212121212122,99
202601,0,2026-01-01,alocacao_rv,25_a_50,17,0.11,100
202602,0,2026-02-01,alocacao_rv,25_a_50,17,0.09345794392523364,107
202603,0,2026-03-01,alocacao_rv,25_a_50,17,0.15384615384615385,208
202604,0,2026-04-01,alocacao_rv,25_a_50,17,0.14754098360655737,122
202605,0,2026-05-01,alocacao_rv,25_a_50,17,0.10377358490566038,106
202606,0,2026-06-01,alocacao_rv,25_a_50,17,0.11926605504587157,109
202607,0,2026-07-01,alocacao_rv,25_a_50,17,0.1308411214953271,107
202201,0,2022-01-01,alocacao_rv,50_a_75,20,0.043,
202202,0,2022-02-01,alocacao_rv,50_a_75,20,0.075,
202203,0,2022-03-01,alocacao_rv,50_a_75,20,0.065,
202204,0,2022-04-01,alocacao_rv,50_a_75,20,0.054,
202205,0,2022-05-01,alocacao_rv,50_a_75,20,0.051,
202206,0,2022-06-01,alocacao_rv,50_a_75,20,0.06,
202207,0,2022-07-01,alocacao_rv,50_a_75,20,0.058,
202208,0,2022-08-01,alocacao_rv,50_a_75,20,0.065,
202209,0,2022-09-01,alocacao_rv,50_a_75,20,0.065,
202210,0,2022-10-01,alocacao_rv,50_a_75,20,0.035,
202211,0,2022-11-01,alocacao_rv,50_a_75,20,0.0256,
202212,0,2022-12-01,alocacao_rv,50_a_75,20,0.024390243902439025,
202301,0,2023-01-01,alocacao_rv,50_a_75,20,0.06698564593301436,
202302,0,2023-02-01,alocacao_rv,50_a_75,20,0.07894736842105263,190
202303,0,2023-03-01,alocacao_rv,50_a_75,20,0.08,
202304,0,2023-04-01,alocacao_rv,50_a_75,20,0.08,156
202305,0,2023-05-01,alocacao_rv,50_a_75,20,0.043478260869565216,161
202306,0,2023-06-01,alocacao_rv,50_a_75,20,0.0449438202247191,178
202307,0,2023-07-01,alocacao_rv,50_a_75,20,0.04926108374384237,203
202308,0,2023-08-01,alocacao_rv,50_a_75,20,0.043209876543209874,162
202309,0,2023-09-01,alocacao_rv,50_a_75,20,0.040983606557377046,122
202310,0,2023-10-01,alocacao_rv,50_a_75,20,0.038834951456310676,515
202311,0,2023-11-01,alocacao_rv,50_a_75,20,0.027700831024930747,361
202312,0,2023-12-01,alocacao_rv,50_a_75,20,0.047619047619047616,273
202401,0,2024-01-01,alocacao_rv,50_a_75,20,0.06802721088435375,147
202402,0,2024-02-01,alocacao_rv,50_a_75,20,0.08450704225352113,142
202403,0,2024-03-01,alocacao_rv,50_a_75,20,0.021739130434782608,138
202404,0,2024-04-01,alocacao_rv,50_a_75,20,0.04897959183673469,245
202405,0,2024-05-01,alocacao_rv,50_a_75,20,0.04627766599597585,497
202406,0,2024-06-01,alocacao_rv,50_a_75,20,0.035398230088495575,226
202407,0,2024-07-01,alocacao_rv,50_a_75,20,0.017857142857142856,112
202408,0,2024-08-01,alocacao_rv,50_a_75,20,0.031862745098039214,408
202409,0,2024-09-01,alocacao_rv,50_a_75,20,0.03773584905660377,159
202410,0,2024-10-01,alocacao_rv,50_a_75,20,0.033112582781456956,151
202411,0,2024-11-01,alocacao_rv,50_a_75,20,0.03164556962025317,158
202412,0,2024-12-01,alocacao_rv,50_a_75,20,0.02127659574468085,141
202501,0,2025-01-01,alocacao_rv,50_a_75,20,0.03857566765578635,337
202502,0,2025-02-01,alocacao_rv,50_a_75,20,0.049689440993788817,161
202503,0,2025-03-01,alocacao_rv,50_a_75,20,0.044444444444444446,180
202504,0,2025-04-01,alocacao_rv,50_a_75,20,0.036231884057971016,138
202505,0,2025-05-01,alocacao_rv,50_a_75,20,0.06779661016949153,118
202506,0,2025-06-01,alocacao_rv,50_a_75,20,0.025210084033613446,119
202507,0,2025-07-01,alocacao_rv,50_a_75,20,0.046511627906976744,129
202508,0,2025-08-01,alocacao_rv,50_a_75,20,0.0392156862745098,102
202509,0,2025-09-01,alocacao_rv,50_a_75,20,0.045871559633027525,109
202510,0,2025-10-01,alocacao_rv,50_a_75,20,0.042735042735042736,117
202511,0,2025-11-01,alocacao_rv,50_a_75,20,0.04672897196261682,107
202512,0,2025-12-01,alocacao_rv,50_a_75,20,0.04040404040404041,99
202601,0,2026-01-01,alocacao_rv,50_a_75,20,0.03,100
202602,0,2026-02-01,alocacao_rv,50_a_75,20,0.028037383177570093,107
202603,0,2026-03-01,alocacao_rv,50_a_75,20,0.028846153846153848,208
202604,0,2026-04-01,alocacao_rv,50_a_75,20,0.02459016393442623,122
202605,0,2026-05-01,alocacao_rv,50_a_75,20,0.05660377358490566,106
202606,0,2026-06-01,alocacao_rv,50_a_75,20,0,109
202607,0,2026-07-01,alocacao_rv,50_a_75,20,0.037383177570093455,107
202201,0,2022-01-01,alocacao_rv,75_a_100,21,0.022,
202202,0,2022-02-01,alocacao_rv,75_a_100,21,0.037,
202203,0,2022-03-01,alocacao_rv,75_a_100,21,0.016,
202204,0,2022-04-01,alocacao_rv,75_a_100,21,0.018,
202205,0,2022-05-01,alocacao_rv,75_a_100,21,0.03,
202206,0,2022-06-01,alocacao_rv,75_a_100,21,0.04,
202207,0,2022-07-01,alocacao_rv,75_a_100,21,0.028,
202208,0,2022-08-01,alocacao_rv,75_a_100,21,0.022,
202209,0,2022-09-01,alocacao_rv,75_a_100,21,0.022,
202210,0,2022-10-01,alocacao_rv,75_a_100,21,0.02,
202211,0,2022-11-01,alocacao_rv,75_a_100,21,0,
202212,0,2022-12-01,alocacao_rv,75_a_100,21,0.032520325203252036,
202301,0,2023-01-01,alocacao_rv,75_a_100,21,0.028708133971291867,
202302,0,2023-02-01,alocacao_rv,75_a_100,21,0.031578947368421054,190
202303,0,2023-03-01,alocacao_rv,75_a_100,21,0.03,
202304,0,2023-04-01,alocacao_rv,75_a_100,21,0.03,156
202305,0,2023-05-01,alocacao_rv,75_a_100,21,0.012422360248447204,161
202306,0,2023-06-01,alocacao_rv,75_a_100,21,0.03932584269662921,178
202307,0,2023-07-01,alocacao_rv,75_a_100,21,0.019704433497536946,203
202308,0,2023-08-01,alocacao_rv,75_a_100,21,0.012345679012345678,162
202309,0,2023-09-01,alocacao_rv,75_a_100,21,0.00819672131147541,122
202310,0,2023-10-01,alocacao_rv,75_a_100,21,0.007766990291262136,515
202311,0,2023-11-01,alocacao_rv,75_a_100,21,0.0221606648199446,361
202312,0,2023-12-01,alocacao_rv,75_a_100,21,0.018315018315018316,273
202401,0,2024-01-01,alocacao_rv,75_a_100,21,0.034013605442176874,147
202402,0,2024-02-01,alocacao_rv,75_a_100,21,0.02112676056338028,142
202403,0,2024-03-01,alocacao_rv,75_a_100,21,0.007246376811594203,138
202404,0,2024-04-01,alocacao_rv,75_a_100,21,0.024489795918367346,245
202405,0,2024-05-01,alocacao_rv,75_a_100,21,0.01609657947686117,497
202406,0,2024-06-01,alocacao_rv,75_a_100,21,0.008849557522123894,226
202407,0,2024-07-01,alocacao_rv,75_a_100,21,0.008928571428571428,112
202408,0,2024-08-01,alocacao_rv,75_a_100,21,0.00980392156862745,408
202409,0,2024-09-01,alocacao_rv,75_a_100,21,0.006289308176100629,159
202410,0,2024-10-01,alocacao_rv,75_a_100,21,0.013245033112582781,151
202411,0,2024-11-01,alocacao_rv,75_a_100,21,0.02531645569620253,158
202412,0,2024-12-01,alocacao_rv,75_a_100,21,0.0070921985815602835,141
202501,0,2025-01-01,alocacao_rv,75_a_100,21,0.008902077151335312,337
202502,0,2025-02-01,alocacao_rv,75_a_100,21,0.006211180124223602,161
202503,0,2025-03-01,alocacao_rv,75_a_100,21,0.016666666666666666,180
202504,0,2025-04-01,alocacao_rv,75_a_100,21,0.014492753623188406,138
202505,0,2025-05-01,alocacao_rv,75_a_100,21,0,118
202506,0,2025-06-01,alocacao_rv,75_a_100,21,0.01680672268907563,119
202507,0,2025-07-01,alocacao_rv,75_a_100,21,0.023255813953488372,129
202508,0,2025-08-01,alocacao_rv,75_a_100,21,0.0196078431372549,102
202509,0,2025-09-01,alocacao_rv,75_a_100,21,0,109
202510,0,2025-10-01,alocacao_rv,75_a_100,21,0,117
202511,0,2025-11-01,alocacao_rv,75_a_100,21,0.009345794392523364,107
202512,0,2025-12-01,alocacao_rv,75_a_100,21,0.010101010101010102,99
202601,0,2026-01-01,alocacao_rv,75_a_100,21,0.02,100
202602,0,2026-02-01,alocacao_rv,75_a_100,21,0.018691588785046728,107
202603,0,2026-03-01,alocacao_rv,75_a_100,21,0.014423076923076924,208
202604,0,2026-04-01,alocacao_rv,75_a_100,21,0.01639344262295082,122
202605,0,2026-05-01,alocacao_rv,75_a_100,21,0.02830188679245283,106
202606,0,2026-06-01,alocacao_rv,75_a_100,21,0,109
202607,0,2026-07-01,alocacao_rv,75_a_100,21,0,107
202312,0,2023-12-01,apetite_risco,cortes_de_juros_no_brasil,320,0,273
202401,0,2024-01-01,apetite_risco,cortes_de_juros_no_brasil,320,0,147
202402,0,2024-02-01,apetite_risco,cortes_de_juros_no_brasil,320,0,142
202403,0,2024-03-01,apetite_risco,cortes_de_juros_no_brasil,320,0,138
202404,0,2024-04-01,apetite_risco,cortes_de_juros_no_brasil,320,0,245
202405,0,2024-05-01,apetite_risco,cortes_de_juros_no_brasil,320,0,497
202406,0,2024-06-01,apetite_risco,cortes_de_juros_no_brasil,320,0,226
202407,0,2024-07-01,apetite_risco,cortes_de_juros_no_brasil,320,0,112
202408,0,2024-08-01,apetite_risco,cortes_de_juros_no_brasil,320,0,408
202409,0,2024-09-01,apetite_risco,cortes_de_juros_no_brasil,320,0,159
202410,0,2024-10-01,apetite_risco,cortes_de_juros_no_brasil,320,0.4966887417218543,151
202411,0,2024-11-01,apetite_risco,cortes_de_juros_no_brasil,320,0.4430379746835443,158
202412,0,2024-12-01,apetite_risco,cortes_de_juros_no_brasil,320,0.3971631205673759,141
202501,0,2025-01-01,apetite_risco,cortes_de_juros_no_brasil,320,0.4599406528189911,337
202502,0,2025-02-01,apetite_risco,cortes_de_juros_no_brasil,320,0.5341614906832298,161
202503,0,2025-03-01,apetite_risco,cortes_de_juros_no_brasil,320,0.48333333333333334,180
202504,0,2025-04-01,apetite_risco,cortes_de_juros_no_brasil,320,0.463768115942029,138
202505,0,2025-05-01,apetite_risco,cortes_de_juros_no_brasil,320,0.5,118
202506,0,2025-06-01,apetite_risco,cortes_de_juros_no_brasil,320,0.5294117647058824,119
202507,0,2025-07-01,apetite_risco,cortes_de_juros_no_brasil,320,0.5891472868217055,129
202508,0,2025-08-01,apetite_risco,cortes_de_juros_no_brasil,320,0.5098039215686274,102
202509,0,2025-09-01,apetite_risco,cortes_de_juros_no_brasil,320,0.5504587155963303,109
202510,0,2025-10-01,apetite_risco,cortes_de_juros_no_brasil,320,0.5641025641025641,117
202511,0,2025-11-01,apetite_risco,cortes_de_juros_no_brasil,320,0.719626168224299,107
202512,0,2025-12-01,apetite_risco,cortes_de_juros_no_brasil,320,0.6262626262626263,99
202601,0,2026-01-01,apetite_risco,cortes_de_juros_no_brasil,320,0.61,100
202602,0,2026-02-01,apetite_risco,cortes_de_juros_no_brasil,320,0.5700934579439252,107
202603,0,2026-03-01,apetite_risco,cortes_de_juros_no_brasil,320,0.40384615384615385,208
202604,0,2026-04-01,apetite_risco,cortes_de_juros_no_brasil,320,0.8032786885245902,122
202605,0,2026-05-01,apetite_risco,cortes_de_juros_no_brasil,320,0.6886792452830188,106
202606,0,2026-06-01,apetite_risco,cortes_de_juros_no_brasil,320,0.6788990825688074,109
202607,0,2026-07-01,apetite_risco,cortes_de_juros_no_brasil,320,0.4953271028037383,107
202312,0,2023-12-01,apetite_risco,melhora_na_recuperacao_economica_da_china,323,0,273
202401,0,2024-01-01,apetite_risco,melhora_na_recuperacao_economica_da_china,323,0,147
202402,0,2024-02-01,apetite_risco,melhora_na_recuperacao_economica_da_china,323,0,142
202403,0,2024-03-01,apetite_risco,melhora_na_recuperacao_economica_da_china,323,0,138
202404,0,2024-04-01,apetite_risco,melhora_na_recuperacao_economica_da_china,323,0,245
202405,0,2024-05-01,apetite_risco,melhora_na_recuperacao_economica_da_china,323,0,497
202406,0,2024-06-01,apetite_risco,melhora_na_recuperacao_economica_da_china,323,0,226
202407,0,2024-07-01,apetite_risco,melhora_na_recuperacao_economica_da_china,323,0,112
202408,0,2024-08-01,apetite_risco,melhora_na_recuperacao_economica_da_china,323,0,408
202409,0,2024-09-01,apetite_risco,melhora_na_recuperacao_economica_da_china,323,0,159
202410,0,2024-10-01,apetite_risco,melhora_na_recuperacao_economica_da_china,323,0,151
202411,0,2024-11-01,apetite_risco,melhora_na_recuperacao_economica_da_china,323,0,158
202412,0,2024-12-01,apetite_risco,melhora_na_recuperacao_economica_da_china,323,0,141
202501,0,2025-01-01,apetite_risco,melhora_na_recuperacao_economica_da_china,323,0,337
202502,0,2025-02-01,apetite_risco,melhora_na_recuperacao_economica_da_china,323,0,161
202503,0,2025-03-01,apetite_risco,melhora_na_recuperacao_economica_da_china,323,0,180
202504,0,2025-04-01,apetite_risco,melhora_na_recuperacao_economica_da_china,323,0,138
202505,0,2025-05-01,apetite_risco,melhora_na_recuperacao_economica_da_china,323,0,118
202506,0,2025-06-01,apetite_risco,melhora_na_recuperacao_economica_da_china,323,0,119
202507,0,2025-07-01,apetite_risco,melhora_na_recuperacao_economica_da_china,323,0,129
202508,0,2025-08-01,apetite_risco,melhora_na_recuperacao_economica_da_china,323,0,102
202509,0,2025-09-01,apetite_risco,melhora_na_recuperacao_economica_da_china,323,0,109
202510,0,2025-10-01,apetite_risco,melhora_na_recuperacao_economica_da_china,323,0,117
202511,0,2025-11-01,apetite_risco,melhora_na_recuperacao_economica_da_china,323,0,107
202512,0,2025-12-01,apetite_risco,melhora_na_recuperacao_economica_da_china,323,0,99
202601,0,2026-01-01,apetite_risco,melhora_na_recuperacao_economica_da_china,323,0,100
202602,0,2026-02-01,apetite_risco,melhora_na_recuperacao_economica_da_china,323,0,107
202603,0,2026-03-01,apetite_risco,melhora_na_recuperacao_economica_da_china,323,0,208
202604,0,2026-04-01,apetite_risco,melhora_na_recuperacao_economica_da_china,323,0.2459016393442623,122
202605,0,2026-05-01,apetite_risco,melhora_na_recuperacao_economica_da_china,323,0.2358490566037736,106
202606,0,2026-06-01,apetite_risco,melhora_na_recuperacao_economica_da_china,323,0.1743119266055046,109
202607,0,2026-07-01,apetite_risco,melhora_na_recuperacao_economica_da_china,323,0.12149532710280374,107
202312,0,2023-12-01,apetite_risco,melhora_na_recuperacao_economica_global,325,0,273
202401,0,2024-01-01,apetite_risco,melhora_na_recuperacao_economica_global,325,0,147
202402,0,2024-02-01,apetite_risco,melhora_na_recuperacao_economica_global,325,0,142
202403,0,2024-03-01,apetite_risco,melhora_na_recuperacao_economica_global,325,0,138
202404,0,2024-04-01,apetite_risco,melhora_na_recuperacao_economica_global,325,0,245
202405,0,2024-05-01,apetite_risco,melhora_na_recuperacao_economica_global,325,0,497
202406,0,2024-06-01,apetite_risco,melhora_na_recuperacao_economica_global,325,0,226
202407,0,2024-07-01,apetite_risco,melhora_na_recuperacao_economica_global,325,0,112
202408,0,2024-08-01,apetite_risco,melhora_na_recuperacao_economica_global,325,0,408
202409,0,2024-09-01,apetite_risco,melhora_na_recuperacao_economica_global,325,0,159
202410,0,2024-10-01,apetite_risco,melhora_na_recuperacao_economica_global,325,0,151
202411,0,2024-11-01,apetite_risco,melhora_na_recuperacao_economica_global,325,0,158
202412,0,2024-12-01,apetite_risco,melhora_na_recuperacao_economica_global,325,0,141
202501,0,2025-01-01,apetite_risco,melhora_na_recuperacao_economica_global,325,0,337
202502,0,2025-02-01,apetite_risco,melhora_na_recuperacao_economica_global,325,0,161
202503,0,2025-03-01,apetite_risco,melhora_na_recuperacao_economica_global,325,0,180
202504,0,2025-04-01,apetite_risco,melhora_na_recuperacao_economica_global,325,0,138
202505,0,2025-05-01,apetite_risco,melhora_na_recuperacao_economica_global,325,0,118
202506,0,2025-06-01,apetite_risco,melhora_na_recuperacao_economica_global,325,0,119
202507,0,2025-07-01,apetite_risco,melhora_na_recuperacao_economica_global,325,0,129
202508,0,2025-08-01,apetite_risco,melhora_na_recuperacao_economica_global,325,0,102
202509,0,2025-09-01,apetite_risco,melhora_na_recuperacao_economica_global,325,0,109
202510,0,2025-10-01,apetite_risco,melhora_na_recuperacao_economica_global,325,0,117
202511,0,2025-11-01,apetite_risco,melhora_na_recuperacao_economica_global,325,0,107
202512,0,2025-12-01,apetite_risco,melhora_na_recuperacao_economica_global,325,0,99
202601,0,2026-01-01,apetite_risco,melhora_na_recuperacao_economica_global,325,0,100
202602,0,2026-02-01,apetite_risco,melhora_na_recuperacao_economica_global,325,0,107
202603,0,2026-03-01,apetite_risco,melhora_na_recuperacao_economica_global,325,0,208
202604,0,2026-04-01,apetite_risco,melhora_na_recuperacao_economica_global,325,0.2459016393442623,122
202605,0,2026-05-01,apetite_risco,melhora_na_recuperacao_economica_global,325,0.2358490566037736,106
202606,0,2026-06-01,apetite_risco,melhora_na_recuperacao_economica_global,325,0.1743119266055046,109
202607,0,2026-07-01,apetite_risco,melhora_na_recuperacao_economica_global,325,0.21495327102803738,107
202312,0,2023-12-01,apetite_risco,mercado_voltando_a_ter_performance_solida,322,0,273
202401,0,2024-01-01,apetite_risco,mercado_voltando_a_ter_performance_solida,322,0,147
202402,0,2024-02-01,apetite_risco,mercado_voltando_a_ter_performance_solida,322,0,142
202403,0,2024-03-01,apetite_risco,mercado_voltando_a_ter_performance_solida,322,0,138
202404,0,2024-04-01,apetite_risco,mercado_voltando_a_ter_performance_solida,322,0,245
202405,0,2024-05-01,apetite_risco,mercado_voltando_a_ter_performance_solida,322,0,497
202406,0,2024-06-01,apetite_risco,mercado_voltando_a_ter_performance_solida,322,0,226
202407,0,2024-07-01,apetite_risco,mercado_voltando_a_ter_performance_solida,322,0,112
202408,0,2024-08-01,apetite_risco,mercado_voltando_a_ter_performance_solida,322,0,408
202409,0,2024-09-01,apetite_risco,mercado_voltando_a_ter_performance_solida,322,0,159
202410,0,2024-10-01,apetite_risco,mercado_voltando_a_ter_performance_solida,322,0,151
202411,0,2024-11-01,apetite_risco,mercado_voltando_a_ter_performance_solida,322,0,158
202412,0,2024-12-01,apetite_risco,mercado_voltando_a_ter_performance_solida,322,0,141
202501,0,2025-01-01,apetite_risco,mercado_voltando_a_ter_performance_solida,322,0,337
202502,0,2025-02-01,apetite_risco,mercado_voltando_a_ter_performance_solida,322,0,161
202503,0,2025-03-01,apetite_risco,mercado_voltando_a_ter_performance_solida,322,0,180
202504,0,2025-04-01,apetite_risco,mercado_voltando_a_ter_performance_solida,322,0,138
202505,0,2025-05-01,apetite_risco,mercado_voltando_a_ter_performance_solida,322,0,118
202506,0,2025-06-01,apetite_risco,mercado_voltando_a_ter_performance_solida,322,0,119
202507,0,2025-07-01,apetite_risco,mercado_voltando_a_ter_performance_solida,322,0,129
202508,0,2025-08-01,apetite_risco,mercado_voltando_a_ter_performance_solida,322,0,102
202509,0,2025-09-01,apetite_risco,mercado_voltando_a_ter_performance_solida,322,0.1559633027522936,109
202510,0,2025-10-01,apetite_risco,mercado_voltando_a_ter_performance_solida,322,0.1452991452991453,117
202511,0,2025-11-01,apetite_risco,mercado_voltando_a_ter_performance_solida,322,0.16822429906542055,107
202512,0,2025-12-01,apetite_risco,mercado_voltando_a_ter_performance_solida,322,0.15151515151515152,99
202601,0,2026-01-01,apetite_risco,mercado_voltando_a_ter_performance_solida,322,0.14,100
202602,0,2026-02-01,apetite_risco,mercado_voltando_a_ter_performance_solida,322,0.102803738317757,107
202603,0,2026-03-01,apetite_risco,mercado_voltando_a_ter_performance_solida,322,0.20192307692307693,208
202604,0,2026-04-01,apetite_risco,mercado_voltando_a_ter_performance_solida,322,0.2459016393442623,122
202605,0,2026-05-01,apetite_risco,mercado_voltando_a_ter_performance_solida,322,0.25471698113207547,106
202606,0,2026-06-01,apetite_risco,mercado_voltando_a_ter_performance_solida,322,0.3119266055045872,109
202607,0,2026-07-01,apetite_risco,mercado_voltando_a_ter_performance_solida,322,0.2803738317757009,107
202312,0,2023-12-01,apetite_risco,mudanca_de_rumo_na_politica_economica,324,0,273
202401,0,2024-01-01,apetite_risco,mudanca_de_rumo_na_politica_economica,324,0,147
202402,0,2024-02-01,apetite_risco,mudanca_de_rumo_na_politica_economica,324,0,142
202403,0,2024-03-01,apetite_risco,mudanca_de_rumo_na_politica_economica,324,0,138
202404,0,2024-04-01,apetite_risco,mudanca_de_rumo_na_politica_economica,324,0,245
202405,0,2024-05-01,apetite_risco,mudanca_de_rumo_na_politica_economica,324,0,497
202406,0,2024-06-01,apetite_risco,mudanca_de_rumo_na_politica_economica,324,0,226
202407,0,2024-07-01,apetite_risco,mudanca_de_rumo_na_politica_economica,324,0,112
202408,0,2024-08-01,apetite_risco,mudanca_de_rumo_na_politica_economica,324,0,408
202409,0,2024-09-01,apetite_risco,mudanca_de_rumo_na_politica_economica,324,0,159
202410,0,2024-10-01,apetite_risco,mudanca_de_rumo_na_politica_economica,324,0,151
202411,0,2024-11-01,apetite_risco,mudanca_de_rumo_na_politica_economica,324,0,158
202412,0,2024-12-01,apetite_risco,mudanca_de_rumo_na_politica_economica,324,0,141
202501,0,2025-01-01,apetite_risco,mudanca_de_rumo_na_politica_economica,324,0,337
202502,0,2025-02-01,apetite_risco,mudanca_de_rumo_na_politica_economica,324,0,161
202503,0,2025-03-01,apetite_risco,mudanca_de_rumo_na_politica_economica,324,0.3111111111111111,180
202504,0,2025-04-01,apetite_risco,mudanca_de_rumo_na_politica_economica,324,0.15942028985507245,138
202505,0,2025-05-01,apetite_risco,mudanca_de_rumo_na_politica_economica,324,0.2033898305084746,118
202506,0,2025-06-01,apetite_risco,mudanca_de_rumo_na_politica_economica,324,0.2857142857142857,119
202507,0,2025-07-01,apetite_risco,mudanca_de_rumo_na_politica_economica,324,0.32558139534883723,129
202508,0,2025-08-01,apetite_risco,mudanca_de_rumo_na_politica_economica,324,0.22549019607843138,102
202509,0,2025-09-01,apetite_risco,mudanca_de_rumo_na_politica_economica,324,0.48623853211009177,109
202510,0,2025-10-01,apetite_risco,mudanca_de_rumo_na_politica_economica,324,0.42735042735042733,117
202511,0,2025-11-01,apetite_risco,mudanca_de_rumo_na_politica_economica,324,0.42990654205607476,107
202512,0,2025-12-01,apetite_risco,mudanca_de_rumo_na_politica_economica,324,0.47474747474747475,99
202601,0,2026-01-01,apetite_risco,mudanca_de_rumo_na_politica_economica,324,0.38,100
202602,0,2026-02-01,apetite_risco,mudanca_de_rumo_na_politica_economica,324,0.42990654205607476,107
202603,0,2026-03-01,apetite_risco,mudanca_de_rumo_na_politica_economica,324,0.28846153846153844,208
202604,0,2026-04-01,apetite_risco,mudanca_de_rumo_na_politica_economica,324,0.5327868852459017,122
202605,0,2026-05-01,apetite_risco,mudanca_de_rumo_na_politica_economica,324,0.5377358490566038,106
202606,0,2026-06-01,apetite_risco,mudanca_de_rumo_na_politica_economica,324,0.5596330275229358,109
202607,0,2026-07-01,apetite_risco,mudanca_de_rumo_na_politica_economica,324,0.1588785046728972,107
202312,0,2023-12-01,apetite_risco,outra,326,0.007326007326007326,273
202401,0,2024-01-01,apetite_risco,outra,326,0.013605442176870748,147
202402,0,2024-02-01,apetite_risco,outra,326,0.014084507042253521,142
202403,0,2024-03-01,apetite_risco,outra,326,0.014492753623188406,138
202404,0,2024-04-01,apetite_risco,outra,326,0.00816326530612245,245
202405,0,2024-05-01,apetite_risco,outra,326,0.004024144869215292,497
202406,0,2024-06-01,apetite_risco,outra,326,0.008849557522123894,226
202407,0,2024-07-01,apetite_risco,outra,326,0.017857142857142856,112
202408,0,2024-08-01,apetite_risco,outra,326,0.004901960784313725,408
202409,0,2024-09-01,apetite_risco,outra,326,0.012578616352201259,159
202410,0,2024-10-01,apetite_risco,outra,326,0,151
202411,0,2024-11-01,apetite_risco,outra,326,0.006329113924050633,158
202412,0,2024-12-01,apetite_risco,outra,326,0.0070921985815602835,141
202501,0,2025-01-01,apetite_risco,outra,326,0.002967359050445104,337
202502,0,2025-02-01,apetite_risco,outra,326,0.006211180124223602,161
202503,0,2025-03-01,apetite_risco,outra,326,0.005555555555555556,180
202504,0,2025-04-01,apetite_risco,outra,326,0.007246376811594203,138
202505,0,2025-05-01,apetite_risco,outra,326,0.025423728813559324,118
202506,0,2025-06-01,apetite_risco,outra,326,0.01680672268907563,119
202507,0,2025-07-01,apetite_risco,outra,326,0.015503875968992248,129
202508,0,2025-08-01,apetite_risco,outra,326,0.0196078431372549,102
202509,0,2025-09-01,apetite_risco,outra,326,0.027522935779816515,109
202510,0,2025-10-01,apetite_risco,outra,326,0.02564102564102564,117
202511,0,2025-11-01,apetite_risco,outra,326,0.028037383177570093,107
202512,0,2025-12-01,apetite_risco,outra,326,0.030303030303030304,99
202601,0,2026-01-01,apetite_risco,outra,326,0.03,100
202602,0,2026-02-01,apetite_risco,outra,326,0.028037383177570093,107
202603,0,2026-03-01,apetite_risco,outra,326,0.014423076923076924,208
202604,0,2026-04-01,apetite_risco,outra,326,0.02459016393442623,122
202605,0,2026-05-01,apetite_risco,outra,326,0.02830188679245283,106
202606,0,2026-06-01,apetite_risco,outra,326,0.027522935779816515,109
202607,0,2026-07-01,apetite_risco,outra,326,0.028037383177570093,107
202312,0,2023-12-01,apetite_risco,queda_de_juros_nos_eua_e_no_mundo,321,0,273
202401,0,2024-01-01,apetite_risco,queda_de_juros_nos_eua_e_no_mundo,321,0,147
202402,0,2024-02-01,apetite_risco,queda_de_juros_nos_eua_e_no_mundo,321,0,142
202403,0,2024-03-01,apetite_risco,queda_de_juros_nos_eua_e_no_mundo,321,0,138
202404,0,2024-04-01,apetite_risco,queda_de_juros_nos_eua_e_no_mundo,321,0,245
202405,0,2024-05-01,apetite_risco,queda_de_juros_nos_eua_e_no_mundo,321,0,497
202406,0,2024-06-01,apetite_risco,queda_de_juros_nos_eua_e_no_mundo,321,0,226
202407,0,2024-07-01,apetite_risco,queda_de_juros_nos_eua_e_no_mundo,321,0,112
202408,0,2024-08-01,apetite_risco,queda_de_juros_nos_eua_e_no_mundo,321,0,408
202409,0,2024-09-01,apetite_risco,queda_de_juros_nos_eua_e_no_mundo,321,0,159
202410,0,2024-10-01,apetite_risco,queda_de_juros_nos_eua_e_no_mundo,321,0,151
202411,0,2024-11-01,apetite_risco,queda_de_juros_nos_eua_e_no_mundo,321,0,158
202412,0,2024-12-01,apetite_risco,queda_de_juros_nos_eua_e_no_mundo,321,0,141
202501,0,2025-01-01,apetite_risco,queda_de_juros_nos_eua_e_no_mundo,321,0,337
202502,0,2025-02-01,apetite_risco,queda_de_juros_nos_eua_e_no_mundo,321,0,161
202503,0,2025-03-01,apetite_risco,queda_de_juros_nos_eua_e_no_mundo,321,0,180
202504,0,2025-04-01,apetite_risco,queda_de_juros_nos_eua_e_no_mundo,321,0,138
202505,0,2025-05-01,apetite_risco,queda_de_juros_nos_eua_e_no_mundo,321,0,118
202506,0,2025-06-01,apetite_risco,queda_de_juros_nos_eua_e_no_mundo,321,0,119
202507,0,2025-07-01,apetite_risco,queda_de_juros_nos_eua_e_no_mundo,321,0,129
202508,0,2025-08-01,apetite_risco,queda_de_juros_nos_eua_e_no_mundo,321,0,102
202509,0,2025-09-01,apetite_risco,queda_de_juros_nos_eua_e_no_mundo,321,0,109
202510,0,2025-10-01,apetite_risco,queda_de_juros_nos_eua_e_no_mundo,321,0,117
202511,0,2025-11-01,apetite_risco,queda_de_juros_nos_eua_e_no_mundo,321,0,107
202512,0,2025-12-01,apetite_risco,queda_de_juros_nos_eua_e_no_mundo,321,0,99
202601,0,2026-01-01,apetite_risco,queda_de_juros_nos_eua_e_no_mundo,321,0,100
202602,0,2026-02-01,apetite_risco,queda_de_juros_nos_eua_e_no_mundo,321,0,107
202603,0,2026-03-01,apetite_risco,queda_de_juros_nos_eua_e_no_mundo,321,0,208
202604,0,2026-04-01,apetite_risco,queda_de_juros_nos_eua_e_no_mundo,321,0.3114754098360656,122
202605,0,2026-05-01,apetite_risco,queda_de_juros_nos_eua_e_no_mundo,321,0.3018867924528302,106
202606,0,2026-06-01,apetite_risco,queda_de_juros_nos_eua_e_no_mundo,321,0.3944954128440367,109
202607,0,2026-07-01,apetite_risco,queda_de_juros_nos_eua_e_no_mundo,321,0.35514018691588783,107
202310,0,2023-10-01,classes_ativos,acoes,35,0.40388349514563104,515
202311,0,2023-11-01,classes_ativos,acoes,35,0.4404432132963989,361
202312,0,2023-12-01,classes_ativos,acoes,35,0.5567765567765568,273
202401,0,2024-01-01,classes_ativos,acoes,35,0.6122448979591837,147
202402,0,2024-02-01,classes_ativos,acoes,35,0.6338028169014085,142
202403,0,2024-03-01,classes_ativos,acoes,35,0.5942028985507246,138
202404,0,2024-04-01,classes_ativos,acoes,35,0.5020408163265306,245
202405,0,2024-05-01,classes_ativos,acoes,35,0.39235412474849096,497
202406,0,2024-06-01,classes_ativos,acoes,35,0.2831858407079646,226
202407,0,2024-07-01,classes_ativos,acoes,35,0.3392857142857143,112
202408,0,2024-08-01,classes_ativos,acoes,35,0.36764705882352944,408
202409,0,2024-09-01,classes_ativos,acoes,35,0.39622641509433965,159
202410,0,2024-10-01,classes_ativos,acoes,35,0.2781456953642384,151
202411,0,2024-11-01,classes_ativos,acoes,35,0.3037974683544304,158
202412,0,2024-12-01,classes_ativos,acoes,35,0.18439716312056736,141
202501,0,2025-01-01,classes_ativos,acoes,35,0.18397626112759644,337
202502,0,2025-02-01,classes_ativos,acoes,35,0.2608695652173913,161
202503,0,2025-03-01,classes_ativos,acoes,35,0.2111111111111111,180
202504,0,2025-04-01,classes_ativos,acoes,35,0.2826086956521739,138
202505,0,2025-05-01,classes_ativos,acoes,35,0.4067796610169492,118
202506,0,2025-06-01,classes_ativos,acoes,35,0.4369747899159664,119
202507,0,2025-07-01,classes_ativos,acoes,35,0.3643410852713178,129
202508,0,2025-08-01,classes_ativos,acoes,35,0.3137254901960784,102
202509,0,2025-09-01,classes_ativos,acoes,35,0.3669724770642202,109
202510,0,2025-10-01,classes_ativos,acoes,35,0.358974358974359,117
202511,0,2025-11-01,classes_ativos,acoes,35,0.3925233644859813,107
202512,0,2025-12-01,classes_ativos,acoes,35,0.43434343434343436,99
202601,0,2026-01-01,classes_ativos,acoes,35,0.4,100
202602,0,2026-02-01,classes_ativos,acoes,35,0.45794392523364486,107
202603,0,2026-03-01,classes_ativos,acoes,35,0.40384615384615385,208
202604,0,2026-04-01,classes_ativos,acoes,35,0.5081967213114754,122
202605,0,2026-05-01,classes_ativos,acoes,35,0.39622641509433965,106
202606,0,2026-06-01,classes_ativos,acoes,35,0.3302752293577982,109
202607,0,2026-07-01,classes_ativos,acoes,35,0.2523364485981308,107
202110,0,2021-10-01,classes_ativos,criptoativos,43,0.405,570
202111,0,2021-11-01,classes_ativos,criptoativos,43,0.433,134
202201,0,2022-01-01,classes_ativos,criptoativos,43,0.44,
202202,0,2022-02-01,classes_ativos,criptoativos,43,0.349,
202203,0,2022-03-01,classes_ativos,criptoativos,43,0.26,
202204,0,2022-04-01,classes_ativos,criptoativos,43,0.29,
202205,0,2022-05-01,classes_ativos,criptoativos,43,0.169,
202206,0,2022-06-01,classes_ativos,criptoativos,43,0.145,
202207,0,2022-07-01,classes_ativos,criptoativos,43,0.117,
202208,0,2022-08-01,classes_ativos,criptoativos,43,0.121,
202209,0,2022-09-01,classes_ativos,criptoativos,43,0.121,
202210,0,2022-10-01,classes_ativos,criptoativos,43,0.165,
202211,0,2022-11-01,classes_ativos,criptoativos,43,0.145,
202212,0,2022-12-01,classes_ativos,criptoativos,43,0.07317073170731707,
202301,0,2023-01-01,classes_ativos,criptoativos,43,0.07177033492822966,
202302,0,2023-02-01,classes_ativos,criptoativos,43,0.06315789473684211,190
202303,0,2023-03-01,classes_ativos,criptoativos,43,0.06315789473684211,
202304,0,2023-04-01,classes_ativos,criptoativos,43,0.10256410256410256,156
202305,0,2023-05-01,classes_ativos,criptoativos,43,0.08695652173913043,161
202306,0,2023-06-01,classes_ativos,criptoativos,43,0.06741573033707865,178
202307,0,2023-07-01,classes_ativos,criptoativos,43,0.08866995073891626,203
202308,0,2023-08-01,classes_ativos,criptoativos,43,0.07407407407407407,162
202309,0,2023-09-01,classes_ativos,criptoativos,43,0.04918032786885246,122
202310,0,2023-10-01,classes_ativos,criptoativos,43,0.02912621359223301,515
202311,0,2023-11-01,classes_ativos,criptoativos,43,0.0443213296398892,361
202312,0,2023-12-01,classes_ativos,criptoativos,43,0.02564102564102564,273
202401,0,2024-01-01,classes_ativos,criptoativos,43,0.12244897959183673,147
202402,0,2024-02-01,classes_ativos,criptoativos,43,0.07042253521126761,142
202403,0,2024-03-01,classes_ativos,criptoativos,43,0.2028985507246377,138
202404,0,2024-04-01,classes_ativos,criptoativos,43,0.20408163265306123,245
202405,0,2024-05-01,classes_ativos,criptoativos,43,0.10865191146881288,497
202406,0,2024-06-01,classes_ativos,criptoativos,43,0.12389380530973451,226
202407,0,2024-07-01,classes_ativos,criptoativos,43,0.07142857142857142,112
202408,0,2024-08-01,classes_ativos,criptoativos,43,0.10049019607843138,408
202409,0,2024-09-01,classes_ativos,criptoativos,43,0.08176100628930817,159
202410,0,2024-10-01,classes_ativos,criptoativos,43,0.09271523178807947,151
202411,0,2024-11-01,classes_ativos,criptoativos,43,0.1962025316455696,158
202412,0,2024-12-01,classes_ativos,criptoativos,43,0.3262411347517731,141
202501,0,2025-01-01,classes_ativos,criptoativos,43,0.3086053412462908,337
202502,0,2025-02-01,classes_ativos,criptoativos,43,0.2422360248447205,161
202503,0,2025-03-01,classes_ativos,criptoativos,43,0.18333333333333332,180
202504,0,2025-04-01,classes_ativos,criptoativos,43,0.12318840579710146,138
202505,0,2025-05-01,classes_ativos,criptoativos,43,0.19491525423728814,118
202506,0,2025-06-01,classes_ativos,criptoativos,43,0.25210084033613445,119
202507,0,2025-07-01,classes_ativos,criptoativos,43,0.15503875968992248,129
202508,0,2025-08-01,classes_ativos,criptoativos,43,0.14705882352941177,102
202509,0,2025-09-01,classes_ativos,criptoativos,43,0.1926605504587156,109
202510,0,2025-10-01,classes_ativos,criptoativos,43,0.19658119658119658,117
202511,0,2025-11-01,classes_ativos,criptoativos,43,0.09345794392523364,107
202512,0,2025-12-01,classes_ativos,criptoativos,43,0.09090909090909091,99
202601,0,2026-01-01,classes_ativos,criptoativos,43,0.11,100
202602,0,2026-02-01,classes_ativos,criptoativos,43,0.11214953271028037,107
202603,0,2026-03-01,classes_ativos,criptoativos,43,0.0673076923076923,208
202604,0,2026-04-01,classes_ativos,criptoativos,43,0.08196721311475409,122
202605,0,2026-05-01,classes_ativos,criptoativos,43,0.07547169811320754,106
202606,0,2026-06-01,classes_ativos,criptoativos,43,0.01834862385321101,109
202607,0,2026-07-01,classes_ativos,criptoativos,43,0.018691588785046728,107
202002,0,2020-02-01,classes_ativos,fundos_de_renda_fixa,41,0.263,590
202002,1,2020-02-15,classes_ativos,fundos_de_renda_fixa,41,0.318,469
202003,0,2020-03-01,classes_ativos,fundos_de_renda_fixa,41,0.301,319
202004,0,2020-04-01,classes_ativos,fundos_de_renda_fixa,41,0.25,250
202005,0,2020-05-01,classes_ativos,fundos_de_renda_fixa,41,0.193,295
202006,0,2020-06-01,classes_ativos,fundos_de_renda_fixa,41,0.121,356
202007,0,2020-07-01,classes_ativos,fundos_de_renda_fixa,41,0.129,357
202008,0,2020-08-01,classes_ativos,fundos_de_renda_fixa,41,0.119,429
202009,0,2020-09-01,classes_ativos,fundos_de_renda_fixa,41,0.191,274
202010,0,2020-10-01,classes_ativos,fundos_de_renda_fixa,41,0.15,173
202011,0,2020-11-01,classes_ativos,fundos_de_renda_fixa,41,0.162,154
202101,0,2021-01-01,classes_ativos,fundos_de_renda_fixa,41,0.167,252
202102,0,2021-02-01,classes_ativos,fundos_de_renda_fixa,41,0.2,150
202103,0,2021-03-01,classes_ativos,fundos_de_renda_fixa,41,0.241,166
202104,0,2021-04-01,classes_ativos,fundos_de_renda_fixa,41,0.194,165
202105,0,2021-05-01,classes_ativos,fundos_de_renda_fixa,41,0.214,126
202106,0,2021-06-01,classes_ativos,fundos_de_renda_fixa,41,0.3,130
202107,0,2021-07-01,classes_ativos,fundos_de_renda_fixa,41,0.327,101
202108,0,2021-08-01,classes_ativos,fundos_de_renda_fixa,41,0.399,293
202109,0,2021-09-01,classes_ativos,fundos_de_renda_fixa,41,0.478,448
202110,0,2021-10-01,classes_ativos,fundos_de_renda_fixa,41,0.493,570
202111,0,2021-11-01,classes_ativos,fundos_de_renda_fixa,41,0.478,134
202201,0,2022-01-01,classes_ativos,fundos_de_renda_fixa,41,0.53,
202202,0,2022-02-01,classes_ativos,fundos_de_renda_fixa,41,0.594,
202203,0,2022-03-01,classes_ativos,fundos_de_renda_fixa,41,0.603,
202204,0,2022-04-01,classes_ativos,fundos_de_renda_fixa,41,0.61,
202205,0,2022-05-01,classes_ativos,fundos_de_renda_fixa,41,0.62,
202206,0,2022-06-01,classes_ativos,fundos_de_renda_fixa,41,0.614,
202207,0,2022-07-01,classes_ativos,fundos_de_renda_fixa,41,0.582,
202208,0,2022-08-01,classes_ativos,fundos_de_renda_fixa,41,0.632,
202209,0,2022-09-01,classes_ativos,fundos_de_renda_fixa,41,0.632,
202210,0,2022-10-01,classes_ativos,fundos_de_renda_fixa,41,0.61,
202211,0,2022-11-01,classes_ativos,fundos_de_renda_fixa,41,0.631,
202212,0,2022-12-01,classes_ativos,fundos_de_renda_fixa,41,0.6504065040650406,
202301,0,2023-01-01,classes_ativos,fundos_de_renda_fixa,41,0.7105263157894737,
202302,0,2023-02-01,classes_ativos,fundos_de_renda_fixa,41,0.6,190
202303,0,2023-03-01,classes_ativos,fundos_de_renda_fixa,41,0.64,
202304,0,2023-04-01,classes_ativos,fundos_de_renda_fixa,41,0.6153846153846154,156
202305,0,2023-05-01,classes_ativos,fundos_de_renda_fixa,41,0.5838509316770186,161
202306,0,2023-06-01,classes_ativos,fundos_de_renda_fixa,41,0.5842696629213483,178
202307,0,2023-07-01,classes_ativos,fundos_de_renda_fixa,41,0.4088669950738916,203
202308,0,2023-08-01,classes_ativos,fundos_de_renda_fixa,41,0.4506172839506173,162
202309,0,2023-09-01,classes_ativos,fundos_de_renda_fixa,41,0.5983606557377049,122
202310,0,2023-10-01,classes_ativos,fundos_de_renda_fixa,41,0.5262135922330097,515
202311,0,2023-11-01,classes_ativos,fundos_de_renda_fixa,41,0.5069252077562327,361
202312,0,2023-12-01,classes_ativos,fundos_de_renda_fixa,41,0.45787545787545786,273
202401,0,2024-01-01,classes_ativos,fundos_de_renda_fixa,41,0.5102040816326531,147
202402,0,2024-02-01,classes_ativos,fundos_de_renda_fixa,41,0.47183098591549294,142
202403,0,2024-03-01,classes_ativos,fundos_de_renda_fixa,41,0.45652173913043476,138
202404,0,2024-04-01,classes_ativos,fundos_de_renda_fixa,41,0.4122448979591837,245
202405,0,2024-05-01,classes_ativos,fundos_de_renda_fixa,41,0.5050301810865191,497
202406,0,2024-06-01,classes_ativos,fundos_de_renda_fixa,41,0.6061946902654868,226
202407,0,2024-07-01,classes_ativos,fundos_de_renda_fixa,41,0.4375,112
202408,0,2024-08-01,classes_ativos,fundos_de_renda_fixa,41,0.6151960784313726,408
202409,0,2024-09-01,classes_ativos,fundos_de_renda_fixa,41,0.6289308176100629,159
202410,0,2024-10-01,classes_ativos,fundos_de_renda_fixa,41,0.7218543046357616,151
202411,0,2024-11-01,classes_ativos,fundos_de_renda_fixa,41,0.6582278481012658,158
202412,0,2024-12-01,classes_ativos,fundos_de_renda_fixa,41,0.6028368794326241,141
202501,0,2025-01-01,classes_ativos,fundos_de_renda_fixa,41,0.5608308605341247,337
202502,0,2025-02-01,classes_ativos,fundos_de_renda_fixa,41,0.5341614906832298,161
202503,0,2025-03-01,classes_ativos,fundos_de_renda_fixa,41,0.5722222222222222,180
202504,0,2025-04-01,classes_ativos,fundos_de_renda_fixa,41,0.6086956521739131,138
202505,0,2025-05-01,classes_ativos,fundos_de_renda_fixa,41,0.5423728813559322,118
202506,0,2025-06-01,classes_ativos,fundos_de_renda_fixa,41,0.5966386554621849,119
202507,0,2025-07-01,classes_ativos,fundos_de_renda_fixa,41,0.5891472868217055,129
202508,0,2025-08-01,classes_ativos,fundos_de_renda_fixa,41,0.7058823529411765,102
202509,0,2025-09-01,classes_ativos,fundos_de_renda_fixa,41,0.5963302752293578,109
202510,0,2025-10-01,classes_ativos,fundos_de_renda_fixa,41,0.5641025641025641,117
202511,0,2025-11-01,classes_ativos,fundos_de_renda_fixa,41,0.4953271028037383,107
202512,0,2025-12-01,classes_ativos,fundos_de_renda_fixa,41,0.5555555555555556,99
202601,0,2026-01-01,classes_ativos,fundos_de_renda_fixa,41,0.6,100
202602,0,2026-02-01,classes_ativos,fundos_de_renda_fixa,41,0.5420560747663551,107
202603,0,2026-03-01,classes_ativos,fundos_de_renda_fixa,41,0.40384615384615385,208
202604,0,2026-04-01,classes_ativos,fundos_de_renda_fixa,41,0.48360655737704916,122
202605,0,2026-05-01,classes_ativos,fundos_de_renda_fixa,41,0.6037735849056604,106
202606,0,2026-06-01,classes_ativos,fundos_de_renda_fixa,41,0.5688073394495413,109
202607,0,2026-07-01,classes_ativos,fundos_de_renda_fixa,41,0.35514018691588783,107
202002,0,2020-02-01,classes_ativos,fundos_de_renda_variavel,39,0.41,590
202002,1,2020-02-15,classes_ativos,fundos_de_renda_variavel,39,0.32,469
202003,0,2020-03-01,classes_ativos,fundos_de_renda_variavel,39,0.354,319
202004,0,2020-04-01,classes_ativos,fundos_de_renda_variavel,39,0.34,250
202005,0,2020-05-01,classes_ativos,fundos_de_renda_variavel,39,0.359,295
202006,0,2020-06-01,classes_ativos,fundos_de_renda_variavel,39,0.475,356
202007,0,2020-07-01,classes_ativos,fundos_de_renda_variavel,39,0.515,357
202008,0,2020-08-01,classes_ativos,fundos_de_renda_variavel,39,0.436,429
202009,0,2020-09-01,classes_ativos,fundos_de_renda_variavel,39,0.357,274
202010,0,2020-10-01,classes_ativos,fundos_de_renda_variavel,39,0.09,173
202011,0,2020-11-01,classes_ativos,fundos_de_renda_variavel,39,0.429,154
202101,0,2021-01-01,classes_ativos,fundos_de_renda_variavel,39,0.484,252
202102,0,2021-02-01,classes_ativos,fundos_de_renda_variavel,39,0.5,150
202103,0,2021-03-01,classes_ativos,fundos_de_renda_variavel,39,0.283,166
202104,0,2021-04-01,classes_ativos,fundos_de_renda_variavel,39,0.4,165
202105,0,2021-05-01,classes_ativos,fundos_de_renda_variavel,39,0.357,126
202106,0,2021-06-01,classes_ativos,fundos_de_renda_variavel,39,0.477,130
202107,0,2021-07-01,classes_ativos,fundos_de_renda_variavel,39,0.366,101
202108,0,2021-08-01,classes_ativos,fundos_de_renda_variavel,39,0.215,293
202109,0,2021-09-01,classes_ativos,fundos_de_renda_variavel,39,0.127,448
202110,0,2021-10-01,classes_ativos,fundos_de_renda_variavel,39,0.102,570
202111,0,2021-11-01,classes_ativos,fundos_de_renda_variavel,39,0.112,134
202201,0,2022-01-01,classes_ativos,fundos_de_renda_variavel,39,0.11,
202202,0,2022-02-01,classes_ativos,fundos_de_renda_variavel,39,0.145,
202203,0,2022-03-01,classes_ativos,fundos_de_renda_variavel,39,0.158,
202204,0,2022-04-01,classes_ativos,fundos_de_renda_variavel,39,0.12,
202205,0,2022-05-01,classes_ativos,fundos_de_renda_variavel,39,0.09,
202206,0,2022-06-01,classes_ativos,fundos_de_renda_variavel,39,0.121,
202207,0,2022-07-01,classes_ativos,fundos_de_renda_variavel,39,0.111,
202208,0,2022-08-01,classes_ativos,fundos_de_renda_variavel,39,0.177,
202209,0,2022-09-01,classes_ativos,fundos_de_renda_variavel,39,0.177,
202210,0,2022-10-01,classes_ativos,fundos_de_renda_variavel,39,0.225,
202211,0,2022-11-01,classes_ativos,fundos_de_renda_variavel,39,0.085,
202212,0,2022-12-01,classes_ativos,fundos_de_renda_variavel,39,0.07317073170731707,
202301,0,2023-01-01,classes_ativos,fundos_de_renda_variavel,39,0.11483253588516747,
202302,0,2023-02-01,classes_ativos,fundos_de_renda_variavel,39,0.11578947368421053,190
202303,0,2023-03-01,classes_ativos,fundos_de_renda_variavel,39,0.11578947368421053,
202304,0,2023-04-01,classes_ativos,fundos_de_renda_variavel,39,0.1346153846153846,156
202305,0,2023-05-01,classes_ativos,fundos_de_renda_variavel,39,0.17391304347826086,161
202306,0,2023-06-01,classes_ativos,fundos_de_renda_variavel,39,0.1797752808988764,178
202307,0,2023-07-01,classes_ativos,fundos_de_renda_variavel,39,0.2413793103448276,203
202308,0,2023-08-01,classes_ativos,fundos_de_renda_variavel,39,0.2345679012345679,162
202309,0,2023-09-01,classes_ativos,fundos_de_renda_variavel,39,0.1721311475409836,122
202310,0,2023-10-01,classes_ativos,fundos_de_renda_variavel,39,0.09902912621359224,515
202311,0,2023-11-01,classes_ativos,fundos_de_renda_variavel,39,0.09418282548476455,361
202312,0,2023-12-01,classes_ativos,fundos_de_renda_variavel,39,0.12454212454212454,273
202401,0,2024-01-01,classes_ativos,fundos_de_renda_variavel,39,0.1360544217687075,147
202402,0,2024-02-01,classes_ativos,fundos_de_renda_variavel,39,0.09859154929577464,142
202403,0,2024-03-01,classes_ativos,fundos_de_renda_variavel,39,0.14492753623188406,138
202404,0,2024-04-01,classes_ativos,fundos_de_renda_variavel,39,0.09795918367346938,245
202405,0,2024-05-01,classes_ativos,fundos_de_renda_variavel,39,0.056338028169014086,497
202406,0,2024-06-01,classes_ativos,fundos_de_renda_variavel,39,0.030973451327433628,226
202407,0,2024-07-01,classes_ativos,fundos_de_renda_variavel,39,0.08035714285714286,112
202408,0,2024-08-01,classes_ativos,fundos_de_renda_variavel,39,0.061274509803921566,408
202409,0,2024-09-01,classes_ativos,fundos_de_renda_variavel,39,0.06289308176100629,159
202410,0,2024-10-01,classes_ativos,fundos_de_renda_variavel,39,0.09271523178807947,151
202411,0,2024-11-01,classes_ativos,fundos_de_renda_variavel,39,0.0379746835443038,158
202412,0,2024-12-01,classes_ativos,fundos_de_renda_variavel,39,0.02127659574468085,141
202501,0,2025-01-01,classes_ativos,fundos_de_renda_variavel,39,0.04154302670623145,337
202502,0,2025-02-01,classes_ativos,fundos_de_renda_variavel,39,0.031055900621118012,161
202503,0,2025-03-01,classes_ativos,fundos_de_renda_variavel,39,0.016666666666666666,180
202504,0,2025-04-01,classes_ativos,fundos_de_renda_variavel,39,0.021739130434782608,138
202505,0,2025-05-01,classes_ativos,fundos_de_renda_variavel,39,0.07627118644067797,118
202506,0,2025-06-01,classes_ativos,fundos_de_renda_variavel,39,0.05042016806722689,119
202507,0,2025-07-01,classes_ativos,fundos_de_renda_variavel,39,0.03875968992248062,129
202508,0,2025-08-01,classes_ativos,fundos_de_renda_variavel,39,0.058823529411764705,102
202509,0,2025-09-01,classes_ativos,fundos_de_renda_variavel,39,0.07339449541284404,109
202510,0,2025-10-01,classes_ativos,fundos_de_renda_variavel,39,0.05128205128205128,117
202511,0,2025-11-01,classes_ativos,fundos_de_renda_variavel,39,0.09345794392523364,107
202512,0,2025-12-01,classes_ativos,fundos_de_renda_variavel,39,0.04040404040404041,99
202601,0,2026-01-01,classes_ativos,fundos_de_renda_variavel,39,0.14,100
202602,0,2026-02-01,classes_ativos,fundos_de_renda_variavel,39,0.028037383177570093,107
202603,0,2026-03-01,classes_ativos,fundos_de_renda_variavel,39,0.052884615384615384,208
202604,0,2026-04-01,classes_ativos,fundos_de_renda_variavel,39,0.09836065573770492,122
202605,0,2026-05-01,classes_ativos,fundos_de_renda_variavel,39,0.09433962264150944,106
202606,0,2026-06-01,classes_ativos,fundos_de_renda_variavel,39,0.07339449541284404,109
202607,0,2026-07-01,classes_ativos,fundos_de_renda_variavel,39,0.009345794392523364,107
202002,0,2020-02-01,classes_ativos,fundos_imobiliarios,36,0.649,590
202002,1,2020-02-15,classes_ativos,fundos_imobiliarios,36,0.437,469
202003,0,2020-03-01,classes_ativos,fundos_imobiliarios,36,0.436,319
202004,0,2020-04-01,classes_ativos,fundos_imobiliarios,36,0.36,250
202005,0,2020-05-01,classes_ativos,fundos_imobiliarios,36,0.441,295
202006,0,2020-06-01,classes_ativos,fundos_imobiliarios,36,0.545,356
202007,0,2020-07-01,classes_ativos,fundos_imobiliarios,36,0.532,357
202008,0,2020-08-01,classes_ativos,fundos_imobiliarios,36,0.576,429
202009,0,2020-09-01,classes_ativos,fundos_imobiliarios,36,0.57,274
202010,0,2020-10-01,classes_ativos,fundos_imobiliarios,36,0.526,173
202011,0,2020-11-01,classes_ativos,fundos_imobiliarios,36,0.617,154
202101,0,2021-01-01,classes_ativos,fundos_imobiliarios,36,0.643,252
202102,0,2021-02-01,classes_ativos,fundos_imobiliarios,36,0.58,150
202103,0,2021-03-01,classes_ativos,fundos_imobiliarios,36,0.572,166
202104,0,2021-04-01,classes_ativos,fundos_imobiliarios,36,0.509,165
202105,0,2021-05-01,classes_ativos,fundos_imobiliarios,36,0.563,126
202106,0,2021-06-01,classes_ativos,fundos_imobiliarios,36,0.562,130
202107,0,2021-07-01,classes_ativos,fundos_imobiliarios,36,0.554,101
202108,0,2021-08-01,classes_ativos,fundos_imobiliarios,36,0.348,293
202109,0,2021-09-01,classes_ativos,fundos_imobiliarios,36,0.299,448
202110,0,2021-10-01,classes_ativos,fundos_imobiliarios,36,0.323,570
202111,0,2021-11-01,classes_ativos,fundos_imobiliarios,36,0.261,134
202201,0,2022-01-01,classes_ativos,fundos_imobiliarios,36,0.4,
202202,0,2022-02-01,classes_ativos,fundos_imobiliarios,36,0.456,
202203,0,2022-03-01,classes_ativos,fundos_imobiliarios,36,0.47,
202204,0,2022-04-01,classes_ativos,fundos_imobiliarios,36,0.52,
202205,0,2022-05-01,classes_ativos,fundos_imobiliarios,36,0.494,
202206,0,2022-06-01,classes_ativos,fundos_imobiliarios,36,0.472,
202207,0,2022-07-01,classes_ativos,fundos_imobiliarios,36,0.554,
202208,0,2022-08-01,classes_ativos,fundos_imobiliarios,36,0.649,
202209,0,2022-09-01,classes_ativos,fundos_imobiliarios,36,0.649,
202210,0,2022-10-01,classes_ativos,fundos_imobiliarios,36,0.67,
202211,0,2022-11-01,classes_ativos,fundos_imobiliarios,36,0.641,
202212,0,2022-12-01,classes_ativos,fundos_imobiliarios,36,0.43089430894308944,
202301,0,2023-01-01,classes_ativos,fundos_imobiliarios,36,0.4665071770334928,
202302,0,2023-02-01,classes_ativos,fundos_imobiliarios,36,0.5368421052631579,190
202303,0,2023-03-01,classes_ativos,fundos_imobiliarios,36,0.5,
202304,0,2023-04-01,classes_ativos,fundos_imobiliarios,36,0.5128205128205128,156
202305,0,2023-05-01,classes_ativos,fundos_imobiliarios,36,0.4658385093167702,161
202306,0,2023-06-01,classes_ativos,fundos_imobiliarios,36,0.6123595505617978,178
202307,0,2023-07-01,classes_ativos,fundos_imobiliarios,36,0.6305418719211823,203
202308,0,2023-08-01,classes_ativos,fundos_imobiliarios,36,0.7098765432098766,162
202309,0,2023-09-01,classes_ativos,fundos_imobiliarios,36,0.7213114754098361,122
202310,0,2023-10-01,classes_ativos,fundos_imobiliarios,36,0.5398058252427185,515
202311,0,2023-11-01,classes_ativos,fundos_imobiliarios,36,0.5318559556786704,361
202312,0,2023-12-01,classes_ativos,fundos_imobiliarios,36,0.6593406593406593,273
202401,0,2024-01-01,classes_ativos,fundos_imobiliarios,36,0.6938775510204082,147
202402,0,2024-02-01,classes_ativos,fundos_imobiliarios,36,0.6830985915492958,142
202403,0,2024-03-01,classes_ativos,fundos_imobiliarios,36,0.6521739130434783,138
202404,0,2024-04-01,classes_ativos,fundos_imobiliarios,36,0.7224489795918367,245
202405,0,2024-05-01,classes_ativos,fundos_imobiliarios,36,0.5855130784708249,497
202406,0,2024-06-01,classes_ativos,fundos_imobiliarios,36,0.47345132743362833,226
202407,0,2024-07-01,classes_ativos,fundos_imobiliarios,36,0.4375,112
202408,0,2024-08-01,classes_ativos,fundos_imobiliarios,36,0.47549019607843135,408
202409,0,2024-09-01,classes_ativos,fundos_imobiliarios,36,0.559748427672956,159
202410,0,2024-10-01,classes_ativos,fundos_imobiliarios,36,0.40397350993377484,151
202411,0,2024-11-01,classes_ativos,fundos_imobiliarios,36,0.31645569620253167,158
202412,0,2024-12-01,classes_ativos,fundos_imobiliarios,36,0.1773049645390071,141
202501,0,2025-01-01,classes_ativos,fundos_imobiliarios,36,0.20178041543026706,337
202502,0,2025-02-01,classes_ativos,fundos_imobiliarios,36,0.2360248447204969,161
202503,0,2025-03-01,classes_ativos,fundos_imobiliarios,36,0.20555555555555555,180
202504,0,2025-04-01,classes_ativos,fundos_imobiliarios,36,0.21739130434782608,138
202505,0,2025-05-01,classes_ativos,fundos_imobiliarios,36,0.3559322033898305,118
202506,0,2025-06-01,classes_ativos,fundos_imobiliarios,36,0.36134453781512604,119
202507,0,2025-07-01,classes_ativos,fundos_imobiliarios,36,0.31007751937984496,129
202508,0,2025-08-01,classes_ativos,fundos_imobiliarios,36,0.30392156862745096,102
202509,0,2025-09-01,classes_ativos,fundos_imobiliarios,36,0.3577981651376147,109
202510,0,2025-10-01,classes_ativos,fundos_imobiliarios,36,0.24786324786324787,117
202511,0,2025-11-01,classes_ativos,fundos_imobiliarios,36,0.34579439252336447,107
202512,0,2025-12-01,classes_ativos,fundos_imobiliarios,36,0.3333333333333333,99
202601,0,2026-01-01,classes_ativos,fundos_imobiliarios,36,0.4,100
202602,0,2026-02-01,classes_ativos,fundos_imobiliarios,36,0.3925233644859813,107
202603,0,2026-03-01,classes_ativos,fundos_imobiliarios,36,0.32211538461538464,208
202604,0,2026-04-01,classes_ativos,fundos_imobiliarios,36,0.4098360655737705,122
202605,0,2026-05-01,classes_ativos,fundos_imobiliarios,36,0.36792452830188677,106
202606,0,2026-06-01,classes_ativos,fundos_imobiliarios,36,0.28440366972477066,109
202607,0,2026-07-01,classes_ativos,fundos_imobiliarios,36,0.205607476635514,107
202002,0,2020-02-01,classes_ativos,fundos_multimercado,38,0.485,590
202002,1,2020-02-15,classes_ativos,fundos_multimercado,38,0.271,469
202003,0,2020-03-01,classes_ativos,fundos_multimercado,38,0.304,319
202004,0,2020-04-01,classes_ativos,fundos_multimercado,38,0.32,250
202005,0,2020-05-01,classes_ativos,fundos_multimercado,38,0.397,295
202006,0,2020-06-01,classes_ativos,fundos_multimercado,38,0.615,356
202007,0,2020-07-01,classes_ativos,fundos_multimercado,38,0.619,357
202008,0,2020-08-01,classes_ativos,fundos_multimercado,38,0.597,429
202009,0,2020-09-01,classes_ativos,fundos_multimercado,38,0.599,274
202010,0,2020-10-01,classes_ativos,fundos_multimercado,38,0.497,173
202011,0,2020-11-01,classes_ativos,fundos_multimercado,38,0.513,154
202101,0,2021-01-01,classes_ativos,fundos_multimercado,38,0.556,252
202102,0,2021-02-01,classes_ativos,fundos_multimercado,38,0.56,150
202103,0,2021-03-01,classes_ativos,fundos_multimercado,38,0.446,166
202104,0,2021-04-01,classes_ativos,fundos_multimercado,38,0.521,165
202105,0,2021-05-01,classes_ativos,fundos_multimercado,38,0.413,126
202106,0,2021-06-01,classes_ativos,fundos_multimercado,38,0.562,130
202107,0,2021-07-01,classes_ativos,fundos_multimercado,38,0.465,101
202108,0,2021-08-01,classes_ativos,fundos_multimercado,38,0.27,293
202109,0,2021-09-01,classes_ativos,fundos_multimercado,38,0.199,448
202110,0,2021-10-01,classes_ativos,fundos_multimercado,38,0.188,570
202111,0,2021-11-01,classes_ativos,fundos_multimercado,38,0.157,134
202201,0,2022-01-01,classes_ativos,fundos_multimercado,38,0.24,
202202,0,2022-02-01,classes_ativos,fundos_multimercado,38,0.277,
202203,0,2022-03-01,classes_ativos,fundos_multimercado,38,0.36,
202204,0,2022-04-01,classes_ativos,fundos_multimercado,38,0.49,
202205,0,2022-05-01,classes_ativos,fundos_multimercado,38,0.443,
202206,0,2022-06-01,classes_ativos,fundos_multimercado,38,0.499,
202207,0,2022-07-01,classes_ativos,fundos_multimercado,38,0.477,
202208,0,2022-08-01,classes_ativos,fundos_multimercado,38,0.558,
202209,0,2022-09-01,classes_ativos,fundos_multimercado,38,0.558,
202210,0,2022-10-01,classes_ativos,fundos_multimercado,38,0.57,
202211,0,2022-11-01,classes_ativos,fundos_multimercado,38,0.496,
202212,0,2022-12-01,classes_ativos,fundos_multimercado,38,0.4959349593495935,
202301,0,2023-01-01,classes_ativos,fundos_multimercado,38,0.5,
202302,0,2023-02-01,classes_ativos,fundos_multimercado,38,0.5,190
202303,0,2023-03-01,classes_ativos,fundos_multimercado,38,0.5,
202304,0,2023-04-01,classes_ativos,fundos_multimercado,38,0.4807692307692308,156
202305,0,2023-05-01,classes_ativos,fundos_multimercado,38,0.4472049689440994,161
202306,0,2023-06-01,classes_ativos,fundos_multimercado,38,0.4438202247191011,178
202307,0,2023-07-01,classes_ativos,fundos_multimercado,38,0.4876847290640394,203
202308,0,2023-08-01,classes_ativos,fundos_multimercado,38,0.46296296296296297,162
202309,0,2023-09-01,classes_ativos,fundos_multimercado,38,0.4672131147540984,122
202310,0,2023-10-01,classes_ativos,fundos_multimercado,38,0.21553398058252426,515
202311,0,2023-11-01,classes_ativos,fundos_multimercado,38,0.19667590027700832,361
202312,0,2023-12-01,classes_ativos,fundos_multimercado,38,0.2087912087912088,273
202401,0,2024-01-01,classes_ativos,fundos_multimercado,38,0.2925170068027211,147
202402,0,2024-02-01,classes_ativos,fundos_multimercado,38,0.22535211267605634,142
202403,0,2024-03-01,classes_ativos,fundos_multimercado,38,0.21739130434782608,138
202404,0,2024-04-01,classes_ativos,fundos_multimercado,38,0.19183673469387755,245
202405,0,2024-05-01,classes_ativos,fundos_multimercado,38,0.10663983903420524,497
202406,0,2024-06-01,classes_ativos,fundos_multimercado,38,0.0752212389380531,226
202407,0,2024-07-01,classes_ativos,fundos_multimercado,38,0.044642857142857144,112
202408,0,2024-08-01,classes_ativos,fundos_multimercado,38,0.1053921568627451,408
202409,0,2024-09-01,classes_ativos,fundos_multimercado,38,0.10062893081761007,159
202410,0,2024-10-01,classes_ativos,fundos_multimercado,38,0.09933774834437085,151
202411,0,2024-11-01,classes_ativos,fundos_multimercado,38,0.08227848101265822,158
202412,0,2024-12-01,classes_ativos,fundos_multimercado,38,0.04964539007092199,141
202501,0,2025-01-01,classes_ativos,fundos_multimercado,38,0.0712166172106825,337
202502,0,2025-02-01,classes_ativos,fundos_multimercado,38,0.08695652173913043,161
202503,0,2025-03-01,classes_ativos,fundos_multimercado,38,0.07222222222222222,180
202504,0,2025-04-01,classes_ativos,fundos_multimercado,38,0.057971014492753624,138
202505,0,2025-05-01,classes_ativos,fundos_multimercado,38,0.059322033898305086,118
202506,0,2025-06-01,classes_ativos,fundos_multimercado,38,0.08403361344537816,119
202507,0,2025-07-01,classes_ativos,fundos_multimercado,38,0.09302325581395349,129
202508,0,2025-08-01,classes_ativos,fundos_multimercado,38,0.08823529411764706,102
202509,0,2025-09-01,classes_ativos,fundos_multimercado,38,0.12844036697247707,109
202510,0,2025-10-01,classes_ativos,fundos_multimercado,38,0.10256410256410256,117
202511,0,2025-11-01,classes_ativos,fundos_multimercado,38,0.14953271028037382,107
202512,0,2025-12-01,classes_ativos,fundos_multimercado,38,0.15151515151515152,99
202601,0,2026-01-01,classes_ativos,fundos_multimercado,38,0.19,100
202602,0,2026-02-01,classes_ativos,fundos_multimercado,38,0.14018691588785046,107
202603,0,2026-03-01,classes_ativos,fundos_multimercado,38,0.1346153846153846,208
202604,0,2026-04-01,classes_ativos,fundos_multimercado,38,0.12295081967213115,122
202605,0,2026-05-01,classes_ativos,fundos_multimercado,38,0.1792452830188679,106
202606,0,2026-06-01,classes_ativos,fundos_multimercado,38,0.06422018348623854,109
202607,0,2026-07-01,classes_ativos,fundos_multimercado,38,0.056074766355140186,107
202002,0,2020-02-01,classes_ativos,investimentos_internacionais_dolar_fundos_etfs_etc,37,0.497,590
202002,1,2020-02-15,classes_ativos,investimentos_internacionais_dolar_fundos_etfs_etc,37,0.369,469
202003,0,2020-03-01,classes_ativos,investimentos_internacionais_dolar_fundos_etfs_etc,37,0.332,319
202004,0,2020-04-01,classes_ativos,investimentos_internacionais_dolar_fundos_etfs_etc,37,0.58,250
202005,0,2020-05-01,classes_ativos,investimentos_internacionais_dolar_fundos_etfs_etc,37,0.715,295
202006,0,2020-06-01,classes_ativos,investimentos_internacionais_dolar_fundos_etfs_etc,37,0.73,356
202007,0,2020-07-01,classes_ativos,investimentos_internacionais_dolar_fundos_etfs_etc,37,0.751,357
202008,0,2020-08-01,classes_ativos,investimentos_internacionais_dolar_fundos_etfs_etc,37,0.783,429
202009,0,2020-09-01,classes_ativos,investimentos_internacionais_dolar_fundos_etfs_etc,37,0.757,274
202010,0,2020-10-01,classes_ativos,investimentos_internacionais_dolar_fundos_etfs_etc,37,0.78,173
202011,0,2020-11-01,classes_ativos,investimentos_internacionais_dolar_fundos_etfs_etc,37,0.721,154
202101,0,2021-01-01,classes_ativos,investimentos_internacionais_dolar_fundos_etfs_etc,37,0.806,252
202102,0,2021-02-01,classes_ativos,investimentos_internacionais_dolar_fundos_etfs_etc,37,0.84,150
202103,0,2021-03-01,classes_ativos,investimentos_internacionais_dolar_fundos_etfs_etc,37,0.801,166
202104,0,2021-04-01,classes_ativos,investimentos_internacionais_dolar_fundos_etfs_etc,37,0.788,165
202105,0,2021-05-01,classes_ativos,investimentos_internacionais_dolar_fundos_etfs_etc,37,0.857,126
202106,0,2021-06-01,classes_ativos,investimentos_internacionais_dolar_fundos_etfs_etc,37,0.762,130
202107,0,2021-07-01,classes_ativos,investimentos_internacionais_dolar_fundos_etfs_etc,37,0.693,101
202108,0,2021-08-01,classes_ativos,investimentos_internacionais_dolar_fundos_etfs_etc,37,0.696,293
202109,0,2021-09-01,classes_ativos,investimentos_internacionais_dolar_fundos_etfs_etc,37,0.676,448
202110,0,2021-10-01,classes_ativos,investimentos_internacionais_dolar_fundos_etfs_etc,37,0.674,570
202111,0,2021-11-01,classes_ativos,investimentos_internacionais_dolar_fundos_etfs_etc,37,0.619,134
202201,0,2022-01-01,classes_ativos,investimentos_internacionais_dolar_fundos_etfs_etc,37,0.72,
202202,0,2022-02-01,classes_ativos,investimentos_internacionais_dolar_fundos_etfs_etc,37,0.489,
202203,0,2022-03-01,classes_ativos,investimentos_internacionais_dolar_fundos_etfs_etc,37,0.385,
202204,0,2022-04-01,classes_ativos,investimentos_internacionais_dolar_fundos_etfs_etc,37,0.44,
202205,0,2022-05-01,classes_ativos,investimentos_internacionais_dolar_fundos_etfs_etc,37,0.204,
202206,0,2022-06-01,classes_ativos,investimentos_internacionais_dolar_fundos_etfs_etc,37,0.189,
202207,0,2022-07-01,classes_ativos,investimentos_internacionais_dolar_fundos_etfs_etc,37,0.277,
202208,0,2022-08-01,classes_ativos,investimentos_internacionais_dolar_fundos_etfs_etc,37,0.195,
202209,0,2022-09-01,classes_ativos,investimentos_internacionais_dolar_fundos_etfs_etc,37,0.195,
202210,0,2022-10-01,classes_ativos,investimentos_internacionais_dolar_fundos_etfs_etc,37,0.245,
202211,0,2022-11-01,classes_ativos,investimentos_internacionais_dolar_fundos_etfs_etc,37,0.342,
202212,0,2022-12-01,classes_ativos,investimentos_internacionais_dolar_fundos_etfs_etc,37,0.5365853658536586,
202301,0,2023-01-01,classes_ativos,investimentos_internacionais_dolar_fundos_etfs_etc,37,0.5358851674641149,
202302,0,2023-02-01,classes_ativos,investimentos_internacionais_dolar_fundos_etfs_etc,37,0.5736842105263158,190
202303,0,2023-03-01,classes_ativos,investimentos_internacionais_dolar_fundos_etfs_etc,37,0.5736842105263158,
202304,0,2023-04-01,classes_ativos,investimentos_internacionais_dolar_fundos_etfs_etc,37,0.5192307692307693,156
202305,0,2023-05-01,classes_ativos,investimentos_internacionais_dolar_fundos_etfs_etc,37,0.43478260869565216,161
202306,0,2023-06-01,classes_ativos,investimentos_internacionais_dolar_fundos_etfs_etc,37,0.39325842696629215,178
202307,0,2023-07-01,classes_ativos,investimentos_internacionais_dolar_fundos_etfs_etc,37,0.4088669950738916,203
202308,0,2023-08-01,classes_ativos,investimentos_internacionais_dolar_fundos_etfs_etc,37,0.41975308641975306,162
202309,0,2023-09-01,classes_ativos,investimentos_internacionais_dolar_fundos_etfs_etc,37,0.4672131147540984,122
202310,0,2023-10-01,classes_ativos,investimentos_internacionais_dolar_fundos_etfs_etc,37,0.27766990291262134,515
202311,0,2023-11-01,classes_ativos,investimentos_internacionais_dolar_fundos_etfs_etc,37,0.26869806094182824,361
202312,0,2023-12-01,classes_ativos,investimentos_internacionais_dolar_fundos_etfs_etc,37,0.2490842490842491,273
202401,0,2024-01-01,classes_ativos,investimentos_internacionais_dolar_fundos_etfs_etc,37,0.2857142857142857,147
202402,0,2024-02-01,classes_ativos,investimentos_internacionais_dolar_fundos_etfs_etc,37,0.22535211267605634,142
202403,0,2024-03-01,classes_ativos,investimentos_internacionais_dolar_fundos_etfs_etc,37,0.32608695652173914,138
202404,0,2024-04-01,classes_ativos,investimentos_internacionais_dolar_fundos_etfs_etc,37,0.27755102040816326,245
202405,0,2024-05-01,classes_ativos,investimentos_internacionais_dolar_fundos_etfs_etc,37,0.30985915492957744,497
202406,0,2024-06-01,classes_ativos,investimentos_internacionais_dolar_fundos_etfs_etc,37,0.34513274336283184,226
202407,0,2024-07-01,classes_ativos,investimentos_internacionais_dolar_fundos_etfs_etc,37,0.38392857142857145,112
202408,0,2024-08-01,classes_ativos,investimentos_internacionais_dolar_fundos_etfs_etc,37,0.34558823529411764,408
202409,0,2024-09-01,classes_ativos,investimentos_internacionais_dolar_fundos_etfs_etc,37,0.4088050314465409,159
202410,0,2024-10-01,classes_ativos,investimentos_internacionais_dolar_fundos_etfs_etc,37,0.3708609271523179,151
202411,0,2024-11-01,classes_ativos,investimentos_internacionais_dolar_fundos_etfs_etc,37,0.36075949367088606,158
202412,0,2024-12-01,classes_ativos,investimentos_internacionais_dolar_fundos_etfs_etc,37,0.524822695035461,141
202501,0,2025-01-01,classes_ativos,investimentos_internacionais_dolar_fundos_etfs_etc,37,0.5400593471810089,337
202502,0,2025-02-01,classes_ativos,investimentos_internacionais_dolar_fundos_etfs_etc,37,0.4658385093167702,161
202503,0,2025-03-01,classes_ativos,investimentos_internacionais_dolar_fundos_etfs_etc,37,0.48333333333333334,180
202504,0,2025-04-01,classes_ativos,investimentos_internacionais_dolar_fundos_etfs_etc,37,0.41304347826086957,138
202505,0,2025-05-01,classes_ativos,investimentos_internacionais_dolar_fundos_etfs_etc,37,0.3898305084745763,118
202506,0,2025-06-01,classes_ativos,investimentos_internacionais_dolar_fundos_etfs_etc,37,0.3697478991596639,119
202507,0,2025-07-01,classes_ativos,investimentos_internacionais_dolar_fundos_etfs_etc,37,0.4186046511627907,129
202508,0,2025-08-01,classes_ativos,investimentos_internacionais_dolar_fundos_etfs_etc,37,0.4803921568627451,102
202509,0,2025-09-01,classes_ativos,investimentos_internacionais_dolar_fundos_etfs_etc,37,0.3853211009174312,109
202510,0,2025-10-01,classes_ativos,investimentos_internacionais_dolar_fundos_etfs_etc,37,0.42735042735042733,117
202511,0,2025-11-01,classes_ativos,investimentos_internacionais_dolar_fundos_etfs_etc,37,0.3644859813084112,107
202512,0,2025-12-01,classes_ativos,investimentos_internacionais_dolar_fundos_etfs_etc,37,0.3333333333333333,99
202601,0,2026-01-01,classes_ativos,investimentos_internacionais_dolar_fundos_etfs_etc,37,0.38,100
202602,0,2026-02-01,classes_ativos,investimentos_internacionais_dolar_fundos_etfs_etc,37,0.3925233644859813,107
202603,0,2026-03-01,classes_ativos,investimentos_internacionais_dolar_fundos_etfs_etc,37,0.24519230769230768,208
202604,0,2026-04-01,classes_ativos,investimentos_internacionais_dolar_fundos_etfs_etc,37,0.3360655737704918,122
202605,0,2026-05-01,classes_ativos,investimentos_internacionais_dolar_fundos_etfs_etc,37,0.41509433962264153,106
202606,0,2026-06-01,classes_ativos,investimentos_internacionais_dolar_fundos_etfs_etc,37,0.3577981651376147,109
202607,0,2026-07-01,classes_ativos,investimentos_internacionais_dolar_fundos_etfs_etc,37,0.21495327102803738,107
202002,0,2020-02-01,classes_ativos,ouro_e_commodities,40,0.4,590
202002,1,2020-02-15,classes_ativos,ouro_e_commodities,40,0.412,469
202003,0,2020-03-01,classes_ativos,ouro_e_commodities,40,0.323,319
202004,0,2020-04-01,classes_ativos,ouro_e_commodities,40,0.34,250
202005,0,2020-05-01,classes_ativos,ouro_e_commodities,40,0.359,295
202006,0,2020-06-01,classes_ativos,ouro_e_commodities,40,0.272,356
202007,0,2020-07-01,classes_ativos,ouro_e_commodities,40,0.392,357
202008,0,2020-08-01,classes_ativos,ouro_e_commodities,40,0.441,429
202009,0,2020-09-01,classes_ativos,ouro_e_commodities,40,0.404,274
202010,0,2020-10-01,classes_ativos,ouro_e_commodities,40,0.277,173
202011,0,2020-11-01,classes_ativos,ouro_e_commodities,40,0.234,154
202101,0,2021-01-01,classes_ativos,ouro_e_commodities,40,0.238,252
202102,0,2021-02-01,classes_ativos,ouro_e_commodities,40,0.207,150
202103,0,2021-03-01,classes_ativos,ouro_e_commodities,40,0.139,166
202104,0,2021-04-01,classes_ativos,ouro_e_commodities,40,0.073,165
202105,0,2021-05-01,classes_ativos,ouro_e_commodities,40,0.135,126
202106,0,2021-06-01,classes_ativos,ouro_e_commodities,40,0.123,130
202107,0,2021-07-01,classes_ativos,ouro_e_commodities,40,0.05,101
202108,0,2021-08-01,classes_ativos,ouro_e_commodities,40,0.092,293
202109,0,2021-09-01,classes_ativos,ouro_e_commodities,40,0.065,448
202110,0,2021-10-01,classes_ativos,ouro_e_commodities,40,0.074,570
202111,0,2021-11-01,classes_ativos,ouro_e_commodities,40,0.037,134
202201,0,2022-01-01,classes_ativos,ouro_e_commodities,40,0.05,
202202,0,2022-02-01,classes_ativos,ouro_e_commodities,40,0.07,
202203,0,2022-03-01,classes_ativos,ouro_e_commodities,40,0.081,
202204,0,2022-04-01,classes_ativos,ouro_e_commodities,40,0.1,
202205,0,2022-05-01,classes_ativos,ouro_e_commodities,40,0.047,
202206,0,2022-06-01,classes_ativos,ouro_e_commodities,40,0.029,
202207,0,2022-07-01,classes_ativos,ouro_e_commodities,40,0.068,
202208,0,2022-08-01,classes_ativos,ouro_e_commodities,40,0.03,
202209,0,2022-09-01,classes_ativos,ouro_e_commodities,40,0.03,
202210,0,2022-10-01,classes_ativos,ouro_e_commodities,40,0.04,
202211,0,2022-11-01,classes_ativos,ouro_e_commodities,40,0.034,
202212,0,2022-12-01,classes_ativos,ouro_e_commodities,40,0.04878048780487805,
202301,0,2023-01-01,classes_ativos,ouro_e_commodities,40,0.03349282296650718,
202302,0,2023-02-01,classes_ativos,ouro_e_commodities,40,0.06315789473684211,190
202303,0,2023-03-01,classes_ativos,ouro_e_commodities,40,0.06315789473684211,
202304,0,2023-04-01,classes_ativos,ouro_e_commodities,40,0.05128205128205128,156
202305,0,2023-05-01,classes_ativos,ouro_e_commodities,40,0.024844720496894408,161
202306,0,2023-06-01,classes_ativos,ouro_e_commodities,40,0.05056179775280899,178
202307,0,2023-07-01,classes_ativos,ouro_e_commodities,40,0,203
202308,0,2023-08-01,classes_ativos,ouro_e_commodities,40,0,162
202309,0,2023-09-01,classes_ativos,ouro_e_commodities,40,0,122
202310,0,2023-10-01,classes_ativos,ouro_e_commodities,40,0,515
202311,0,2023-11-01,classes_ativos,ouro_e_commodities,40,0,361
202312,0,2023-12-01,classes_ativos,ouro_e_commodities,40,0,273
202401,0,2024-01-01,classes_ativos,ouro_e_commodities,40,0,147
202402,0,2024-02-01,classes_ativos,ouro_e_commodities,40,0,142
202403,0,2024-03-01,classes_ativos,ouro_e_commodities,40,0,138
202404,0,2024-04-01,classes_ativos,ouro_e_commodities,40,0,245
202405,0,2024-05-01,classes_ativos,ouro_e_commodities,40,0,497
202406,0,2024-06-01,classes_ativos,ouro_e_commodities,40,0,226
202407,0,2024-07-01,classes_ativos,ouro_e_commodities,40,0,112
202408,0,2024-08-01,classes_ativos,ouro_e_commodities,40,0,408
202409,0,2024-09-01,classes_ativos,ouro_e_commodities,40,0,159
202410,0,2024-10-01,classes_ativos,ouro_e_commodities,40,0,151
202411,0,2024-11-01,classes_ativos,ouro_e_commodities,40,0,158
202412,0,2024-12-01,classes_ativos,ouro_e_commodities,40,0,141
202501,0,2025-01-01,classes_ativos,ouro_e_commodities,40,0,337
202502,0,2025-02-01,classes_ativos,ouro_e_commodities,40,0,161
202503,0,2025-03-01,classes_ativos,ouro_e_commodities,40,0,180
202504,0,2025-04-01,classes_ativos,ouro_e_commodities,40,0,138
202505,0,2025-05-01,classes_ativos,ouro_e_commodities,40,0,118
202506,0,2025-06-01,classes_ativos,ouro_e_commodities,40,0,119
202507,0,2025-07-01,classes_ativos,ouro_e_commodities,40,0,129
202508,0,2025-08-01,classes_ativos,ouro_e_commodities,40,0,102
202509,0,2025-09-01,classes_ativos,ouro_e_commodities,40,0,109
202510,0,2025-10-01,classes_ativos,ouro_e_commodities,40,0,117
202511,0,2025-11-01,classes_ativos,ouro_e_commodities,40,0,107
202512,0,2025-12-01,classes_ativos,ouro_e_commodities,40,0,99
202601,0,2026-01-01,classes_ativos,ouro_e_commodities,40,0,100
202602,0,2026-02-01,classes_ativos,ouro_e_commodities,40,0,107
202603,0,2026-03-01,classes_ativos,ouro_e_commodities,40,0,208
202604,0,2026-04-01,classes_ativos,ouro_e_commodities,40,0.1557377049180328,122
202605,0,2026-05-01,classes_ativos,ouro_e_commodities,40,0.08490566037735849,106
202606,0,2026-06-01,classes_ativos,ouro_e_commodities,40,0.06422018348623854,109
202607,0,2026-07-01,classes_ativos,ouro_e_commodities,40,0.018691588785046728,107
202002,0,2020-02-01,classes_ativos,outra,44,0.022,590
202002,1,2020-02-15,classes_ativos,outra,44,0.047,469
202003,0,2020-03-01,classes_ativos,outra,44,0.025,319
202004,0,2020-04-01,classes_ativos,outra,44,0,250
202005,0,2020-05-01,classes_ativos,outra,44,0.01,295
202006,0,2020-06-01,classes_ativos,outra,44,0.045,356
202007,0,2020-07-01,classes_ativos,outra,44,0.028,357
202008,0,2020-08-01,classes_ativos,outra,44,0.019,429
202009,0,2020-09-01,classes_ativos,outra,44,0.018,274
202010,0,2020-10-01,classes_ativos,outra,44,0.052,173
202011,0,2020-11-01,classes_ativos,outra,44,0.052,154
202101,0,2021-01-01,classes_ativos,outra,44,0.032,252
202102,0,2021-02-01,classes_ativos,outra,44,0.02,150
202103,0,2021-03-01,classes_ativos,outra,44,0.054,166
202104,0,2021-04-01,classes_ativos,outra,44,0.055,165
202105,0,2021-05-01,classes_ativos,outra,44,0.056,126
202106,0,2021-06-01,classes_ativos,outra,44,0.038,130
202107,0,2021-07-01,classes_ativos,outra,44,0.05,101
202108,0,2021-08-01,classes_ativos,outra,44,0.031,293
202109,0,2021-09-01,classes_ativos,outra,44,0.02,448
202110,0,2021-10-01,classes_ativos,outra,44,0.012,570
202111,0,2021-11-01,classes_ativos,outra,44,0.022,134
202201,0,2022-01-01,classes_ativos,outra,44,0.002,
202202,0,2022-02-01,classes_ativos,outra,44,0.017,
202203,0,2022-03-01,classes_ativos,outra,44,0.03,
202204,0,2022-04-01,classes_ativos,outra,44,0.01,
202205,0,2022-05-01,classes_ativos,outra,44,0.012,
202206,0,2022-06-01,classes_ativos,outra,44,0.035,
202207,0,2022-07-01,classes_ativos,outra,44,0.028,
202208,0,2022-08-01,classes_ativos,outra,44,0.026,
202209,0,2022-09-01,classes_ativos,outra,44,0.026,
202210,0,2022-10-01,classes_ativos,outra,44,0.03,
202211,0,2022-11-01,classes_ativos,outra,44,0,
202212,0,2022-12-01,classes_ativos,outra,44,0.04878048780487805,
202301,0,2023-01-01,classes_ativos,outra,44,0.04066985645933014,
202302,0,2023-02-01,classes_ativos,outra,44,0.05263157894736842,190
202303,0,2023-03-01,classes_ativos,outra,44,0.011961722488038277,
202304,0,2023-04-01,classes_ativos,outra,44,0.057692307692307696,156
202305,0,2023-05-01,classes_ativos,outra,44,0.055900621118012424,161
202306,0,2023-06-01,classes_ativos,outra,44,0.056179775280898875,178
202307,0,2023-07-01,classes_ativos,outra,44,0,203
202308,0,2023-08-01,classes_ativos,outra,44,0,162
202309,0,2023-09-01,classes_ativos,outra,44,0,122
202310,0,2023-10-01,classes_ativos,outra,44,0,515
202311,0,2023-11-01,classes_ativos,outra,44,0,361
202312,0,2023-12-01,classes_ativos,outra,44,0,273
202401,0,2024-01-01,classes_ativos,outra,44,0,147
202402,0,2024-02-01,classes_ativos,outra,44,0.02112676056338028,142
202403,0,2024-03-01,classes_ativos,outra,44,0.021739130434782608,138
202404,0,2024-04-01,classes_ativos,outra,44,0.012244897959183673,245
202405,0,2024-05-01,classes_ativos,outra,44,0.006036217303822937,497
202406,0,2024-06-01,classes_ativos,outra,44,0.01327433628318584,226
202407,0,2024-07-01,classes_ativos,outra,44,0.026785714285714284,112
202408,0,2024-08-01,classes_ativos,outra,44,0.007352941176470588,408
202409,0,2024-09-01,classes_ativos,outra,44,0.018867924528301886,159
202410,0,2024-10-01,classes_ativos,outra,44,0.006622516556291391,151
202411,0,2024-11-01,classes_ativos,outra,44,0.006329113924050633,158
202412,0,2024-12-01,classes_ativos,outra,44,0.0070921985815602835,141
202501,0,2025-01-01,classes_ativos,outra,44,0.002967359050445104,337
202502,0,2025-02-01,classes_ativos,outra,44,0.006211180124223602,161
202503,0,2025-03-01,classes_ativos,outra,44,0.005555555555555556,180
202504,0,2025-04-01,classes_ativos,outra,44,0.007246376811594203,138
202505,0,2025-05-01,classes_ativos,outra,44,0.00847457627118644,118
202506,0,2025-06-01,classes_ativos,outra,44,0.008403361344537815,119
202507,0,2025-07-01,classes_ativos,outra,44,0.007751937984496124,129
202508,0,2025-08-01,classes_ativos,outra,44,0.00980392156862745,102
202509,0,2025-09-01,classes_ativos,outra,44,0.009174311926605505,109
202510,0,2025-10-01,classes_ativos,outra,44,0.008547008547008548,117
202511,0,2025-11-01,classes_ativos,outra,44,0.009345794392523364,107
202512,0,2025-12-01,classes_ativos,outra,44,0.010101010101010102,99
202601,0,2026-01-01,classes_ativos,outra,44,0.01,100
202602,0,2026-02-01,classes_ativos,outra,44,0.009345794392523364,107
202603,0,2026-03-01,classes_ativos,outra,44,0.004807692307692308,208
202604,0,2026-04-01,classes_ativos,outra,44,0.00819672131147541,122
202605,0,2026-05-01,classes_ativos,outra,44,0.009433962264150943,106
202606,0,2026-06-01,classes_ativos,outra,44,0.009174311926605505,109
202607,0,2026-07-01,classes_ativos,outra,44,0.009345794392523364,107
202002,0,2020-02-01,classes_ativos,tesouro_direto_e_renda_fixa,42,0.156,590
202002,1,2020-02-15,classes_ativos,tesouro_direto_e_renda_fixa,42,0.343,469
202003,0,2020-03-01,classes_ativos,tesouro_direto_e_renda_fixa,42,0.527,319
202004,0,2020-04-01,classes_ativos,tesouro_direto_e_renda_fixa,42,0.52,250
202005,0,2020-05-01,classes_ativos,tesouro_direto_e_renda_fixa,42,0.447,295
202006,0,2020-06-01,classes_ativos,tesouro_direto_e_renda_fixa,42,0.219,356
202007,0,2020-07-01,classes_ativos,tesouro_direto_e_renda_fixa,42,0.199,357
202008,0,2020-08-01,classes_ativos,tesouro_direto_e_renda_fixa,42,0.175,429
202009,0,2020-09-01,classes_ativos,tesouro_direto_e_renda_fixa,42,0.312,274
202010,0,2020-10-01,classes_ativos,tesouro_direto_e_renda_fixa,42,0.266,173
202011,0,2020-11-01,classes_ativos,tesouro_direto_e_renda_fixa,42,0.24,154
202101,0,2021-01-01,classes_ativos,tesouro_direto_e_renda_fixa,42,0.218,252
202102,0,2021-02-01,classes_ativos,tesouro_direto_e_renda_fixa,42,0.313,150
202103,0,2021-03-01,classes_ativos,tesouro_direto_e_renda_fixa,42,0.367,166
202104,0,2021-04-01,classes_ativos,tesouro_direto_e_renda_fixa,42,0.394,165
202105,0,2021-05-01,classes_ativos,tesouro_direto_e_renda_fixa,42,0.325,126
202106,0,2021-06-01,classes_ativos,tesouro_direto_e_renda_fixa,42,0.354,130
202107,0,2021-07-01,classes_ativos,tesouro_direto_e_renda_fixa,42,0.376,101
202108,0,2021-08-01,classes_ativos,tesouro_direto_e_renda_fixa,42,0.648,293
202109,0,2021-09-01,classes_ativos,tesouro_direto_e_renda_fixa,42,0.692,448
202110,0,2021-10-01,classes_ativos,tesouro_direto_e_renda_fixa,42,0.737,570
202111,0,2021-11-01,classes_ativos,tesouro_direto_e_renda_fixa,42,0.754,134
202201,0,2022-01-01,classes_ativos,tesouro_direto_e_renda_fixa,42,0.75,
202202,0,2022-02-01,classes_ativos,tesouro_direto_e_renda_fixa,42,0.741,
202203,0,2022-03-01,classes_ativos,tesouro_direto_e_renda_fixa,42,0.789,
202204,0,2022-04-01,classes_ativos,tesouro_direto_e_renda_fixa,42,0.75,
202205,0,2022-05-01,classes_ativos,tesouro_direto_e_renda_fixa,42,0.77,
202206,0,2022-06-01,classes_ativos,tesouro_direto_e_renda_fixa,42,0.802,
202207,0,2022-07-01,classes_ativos,tesouro_direto_e_renda_fixa,42,0.809,
202208,0,2022-08-01,classes_ativos,tesouro_direto_e_renda_fixa,42,0.719,
202209,0,2022-09-01,classes_ativos,tesouro_direto_e_renda_fixa,42,0.719,
202210,0,2022-10-01,classes_ativos,tesouro_direto_e_renda_fixa,42,0.78,
202211,0,2022-11-01,classes_ativos,tesouro_direto_e_renda_fixa,42,0.761,
202212,0,2022-12-01,classes_ativos,tesouro_direto_e_renda_fixa,42,0.7967479674796748,
202301,0,2023-01-01,classes_ativos,tesouro_direto_e_renda_fixa,42,0.7703349282296651,
202302,0,2023-02-01,classes_ativos,tesouro_direto_e_renda_fixa,42,0.7947368421052632,190
202303,0,2023-03-01,classes_ativos,tesouro_direto_e_renda_fixa,42,0.7947368421052632,
202304,0,2023-04-01,classes_ativos,tesouro_direto_e_renda_fixa,42,0.8269230769230769,156
202305,0,2023-05-01,classes_ativos,tesouro_direto_e_renda_fixa,42,0.8012422360248447,161
202306,0,2023-06-01,classes_ativos,tesouro_direto_e_renda_fixa,42,0.7303370786516854,178
202307,0,2023-07-01,classes_ativos,tesouro_direto_e_renda_fixa,42,0.6995073891625616,203
202308,0,2023-08-01,classes_ativos,tesouro_direto_e_renda_fixa,42,0.6975308641975309,162
202309,0,2023-09-01,classes_ativos,tesouro_direto_e_renda_fixa,42,0.6967213114754098,122
202310,0,2023-10-01,classes_ativos,tesouro_direto_e_renda_fixa,42,0.6796116504854369,515
202311,0,2023-11-01,classes_ativos,tesouro_direto_e_renda_fixa,42,0.6426592797783933,361
202312,0,2023-12-01,classes_ativos,tesouro_direto_e_renda_fixa,42,0.6446886446886447,273
202401,0,2024-01-01,classes_ativos,tesouro_direto_e_renda_fixa,42,0.6258503401360545,147
202402,0,2024-02-01,classes_ativos,tesouro_direto_e_renda_fixa,42,0.6549295774647887,142
202403,0,2024-03-01,classes_ativos,tesouro_direto_e_renda_fixa,42,0.5869565217391305,138
202404,0,2024-04-01,classes_ativos,tesouro_direto_e_renda_fixa,42,0.5918367346938775,245
202405,0,2024-05-01,classes_ativos,tesouro_direto_e_renda_fixa,42,0.682092555331992,497
202406,0,2024-06-01,classes_ativos,tesouro_direto_e_renda_fixa,42,0.7566371681415929,226
202407,0,2024-07-01,classes_ativos,tesouro_direto_e_renda_fixa,42,0.8214285714285714,112
202408,0,2024-08-01,classes_ativos,tesouro_direto_e_renda_fixa,42,0.7034313725490197,408
202409,0,2024-09-01,classes_ativos,tesouro_direto_e_renda_fixa,42,0.710691823899371,159
202410,0,2024-10-01,classes_ativos,tesouro_direto_e_renda_fixa,42,0.7350993377483444,151
202411,0,2024-11-01,classes_ativos,tesouro_direto_e_renda_fixa,42,0.7784810126582279,158
202412,0,2024-12-01,classes_ativos,tesouro_direto_e_renda_fixa,42,0.851063829787234,141
202501,0,2025-01-01,classes_ativos,tesouro_direto_e_renda_fixa,42,0.8219584569732937,337
202502,0,2025-02-01,classes_ativos,tesouro_direto_e_renda_fixa,42,0.7577639751552795,161
202503,0,2025-03-01,classes_ativos,tesouro_direto_e_renda_fixa,42,0.7722222222222223,180
202504,0,2025-04-01,classes_ativos,tesouro_direto_e_renda_fixa,42,0.7536231884057971,138
202505,0,2025-05-01,classes_ativos,tesouro_direto_e_renda_fixa,42,0.7457627118644068,118
202506,0,2025-06-01,classes_ativos,tesouro_direto_e_renda_fixa,42,0.7394957983193278,119
202507,0,2025-07-01,classes_ativos,tesouro_direto_e_renda_fixa,42,0.7286821705426356,129
202508,0,2025-08-01,classes_ativos,tesouro_direto_e_renda_fixa,42,0.7745098039215687,102
202509,0,2025-09-01,classes_ativos,tesouro_direto_e_renda_fixa,42,0.7522935779816514,109
202510,0,2025-10-01,classes_ativos,tesouro_direto_e_renda_fixa,42,0.6239316239316239,117
202511,0,2025-11-01,classes_ativos,tesouro_direto_e_renda_fixa,42,0.7009345794392523,107
202512,0,2025-12-01,classes_ativos,tesouro_direto_e_renda_fixa,42,0.7272727272727273,99
202601,0,2026-01-01,classes_ativos,tesouro_direto_e_renda_fixa,42,0.69,100
202602,0,2026-02-01,classes_ativos,tesouro_direto_e_renda_fixa,42,0.7476635514018691,107
202603,0,2026-03-01,classes_ativos,tesouro_direto_e_renda_fixa,42,0.6009615384615384,208
202604,0,2026-04-01,classes_ativos,tesouro_direto_e_renda_fixa,42,0.6885245901639344,122
202605,0,2026-05-01,classes_ativos,tesouro_direto_e_renda_fixa,42,0.7358490566037735,106
202606,0,2026-06-01,classes_ativos,tesouro_direto_e_renda_fixa,42,0.7614678899082569,109
202607,0,2026-07-01,classes_ativos,tesouro_direto_e_renda_fixa,42,0.5794392523364486,107
202512,0,2025-12-01,ibovespa_alvo,__media__,455,16010.10101010101,99
202601,0,2026-01-01,ibovespa_alvo,__media__,455,22000,100
202602,0,2026-02-01,ibovespa_alvo,__media__,455,103130.84112149532,107
202603,0,2026-03-01,ibovespa_alvo,__media__,455,112788.46153846153,208
202604,0,2026-04-01,ibovespa_alvo,__media__,455,196762.29508196723,122
202605,0,2026-05-01,ibovespa_alvo,__media__,455,190613.2075471698,106
202606,0,2026-06-01,ibovespa_alvo,__media__,455,182247.70642201838,109
202607,0,2026-07-01,ibovespa_alvo,__media__,455,183925.2336448598,107
202512,0,2025-12-01,ibovespa_alvo,abaixo_de_150_mil_pontos,456,0,99
202601,0,2026-01-01,ibovespa_alvo,abaixo_de_150_mil_pontos,456,0,100
202602,0,2026-02-01,ibovespa_alvo,abaixo_de_150_mil_pontos,456,0,107
202603,0,2026-03-01,ibovespa_alvo,abaixo_de_150_mil_pontos,456,0,208
202604,0,2026-04-01,ibovespa_alvo,abaixo_de_150_mil_pontos,456,0.01639344262295082,122
202605,0,2026-05-01,ibovespa_alvo,abaixo_de_150_mil_pontos,456,0.018867924528301886,106
202606,0,2026-06-01,ibovespa_alvo,abaixo_de_150_mil_pontos,456,0.027522935779816515,109
202607,0,2026-07-01,ibovespa_alvo,abaixo_de_150_mil_pontos,456,0.018691588785046728,107
202512,0,2025-12-01,ibovespa_alvo,acima_de_210_mil_pontos,461,0.010101010101010102,99
202601,0,2026-01-01,ibovespa_alvo,acima_de_210_mil_pontos,461,0.03,100
202602,0,2026-02-01,ibovespa_alvo,acima_de_210_mil_pontos,461,0.07476635514018691,107
202603,0,2026-03-01,ibovespa_alvo,acima_de_210_mil_pontos,461,0.11057692307692307,208
202604,0,2026-04-01,ibovespa_alvo,acima_de_210_mil_pontos,461,0.22950819672131148,122
202605,0,2026-05-01,ibovespa_alvo,acima_de_210_mil_pontos,461,0.07547169811320754,106
202606,0,2026-06-01,ibovespa_alvo,acima_de_210_mil_pontos,461,0.045871559633027525,109
202607,0,2026-07-01,ibovespa_alvo,acima_de_210_mil_pontos,461,0.06542056074766354,107
202512,0,2025-12-01,ibovespa_alvo,entre_150_mil_e_170_mil_pontos,457,0,99
202601,0,2026-01-01,ibovespa_alvo,entre_150_mil_e_170_mil_pontos,457,0,100
202602,0,2026-02-01,ibovespa_alvo,entre_150_mil_e_170_mil_pontos,457,0,107
202603,0,2026-03-01,ibovespa_alvo,entre_150_mil_e_170_mil_pontos,457,0,208
202604,0,2026-04-01,ibovespa_alvo,entre_150_mil_e_170_mil_pontos,457,0.05737704918032787,122
202605,0,2026-05-01,ibovespa_alvo,entre_150_mil_e_170_mil_pontos,457,0.09433962264150944,106
202606,0,2026-06-01,ibovespa_alvo,entre_150_mil_e_170_mil_pontos,457,0.2018348623853211,109
202607,0,2026-07-01,ibovespa_alvo,entre_150_mil_e_170_mil_pontos,457,0.1588785046728972,107
202512,0,2025-12-01,ibovespa_alvo,entre_170_mil_e_190_mil_pontos,458,0,99
202601,0,2026-01-01,ibovespa_alvo,entre_170_mil_e_190_mil_pontos,458,0,100
202602,0,2026-02-01,ibovespa_alvo,entre_170_mil_e_190_mil_pontos,458,0,107
202603,0,2026-03-01,ibovespa_alvo,entre_170_mil_e_190_mil_pontos,458,0,208
202604,0,2026-04-01,ibovespa_alvo,entre_170_mil_e_190_mil_pontos,458,0.13114754098360656,122
202605,0,2026-05-01,ibovespa_alvo,entre_170_mil_e_190_mil_pontos,458,0.25471698113207547,106
202606,0,2026-06-01,ibovespa_alvo,entre_170_mil_e_190_mil_pontos,458,0.3853211009174312,109
202607,0,2026-07-01,ibovespa_alvo,entre_170_mil_e_190_mil_pontos,458,0.4205607476635514,107
202512,0,2025-12-01,ibovespa_alvo,entre_190_e_200_mil_pontos,459,0.06060606060606061,99
202601,0,2026-01-01,ibovespa_alvo,entre_190_e_200_mil_pontos,459,0.07,100
202602,0,2026-02-01,ibovespa_alvo,entre_190_e_200_mil_pontos,459,0.2616822429906542,107
202603,0,2026-03-01,ibovespa_alvo,entre_190_e_200_mil_pontos,459,0.3076923076923077,208
202604,0,2026-04-01,ibovespa_alvo,entre_190_e_200_mil_pontos,459,0.26229508196721313,122
202605,0,2026-05-01,ibovespa_alvo,entre_190_e_200_mil_pontos,459,0.3113207547169811,106
202606,0,2026-06-01,ibovespa_alvo,entre_190_e_200_mil_pontos,459,0.27522935779816515,109
202607,0,2026-07-01,ibovespa_alvo,entre_190_e_200_mil_pontos,459,0.27102803738317754,107
202512,0,2025-12-01,ibovespa_alvo,entre_200_e_210_mil_pontos,460,0.010101010101010102,99
202601,0,2026-01-01,ibovespa_alvo,entre_200_e_210_mil_pontos,460,0.01,100
202602,0,2026-02-01,ibovespa_alvo,entre_200_e_210_mil_pontos,460,0.17757009345794392,107
202603,0,2026-03-01,ibovespa_alvo,entre_200_e_210_mil_pontos,460,0.14423076923076922,208
202604,0,2026-04-01,ibovespa_alvo,entre_200_e_210_mil_pontos,460,0.30327868852459017,122
202605,0,2026-05-01,ibovespa_alvo,entre_200_e_210_mil_pontos,460,0.24528301886792453,106
202606,0,2026-06-01,ibovespa_alvo,entre_200_e_210_mil_pontos,460,0.06422018348623854,109
202607,0,2026-07-01,ibovespa_alvo,entre_200_e_210_mil_pontos,460,0.06542056074766354,107
202201,0,2022-01-01,interesse_internacional,acoes_internacionais,63,0.52,
202202,0,2022-02-01,interesse_internacional,acoes_internacionais,63,0.441,
202203,0,2022-03-01,interesse_internacional,acoes_internacionais,63,0.397,
202204,0,2022-04-01,interesse_internacional,acoes_internacionais,63,0.35,
202205,0,2022-05-01,interesse_internacional,acoes_internacionais,63,0.278,
202206,0,2022-06-01,interesse_internacional,acoes_internacionais,63,0.233,
202207,0,2022-07-01,interesse_internacional,acoes_internacionais,63,0.234,
202208,0,2022-08-01,interesse_internacional,acoes_internacionais,63,0.238,
202209,0,2022-09-01,interesse_internacional,acoes_internacionais,63,0.238,
202210,0,2022-10-01,interesse_internacional,acoes_internacionais,63,0.19,
202211,0,2022-11-01,interesse_internacional,acoes_internacionais,63,0.128,
202212,0,2022-12-01,interesse_internacional,acoes_internacionais,63,0.2764227642276423,
202301,0,2023-01-01,interesse_internacional,acoes_internacionais,63,0.3277511961722488,
202302,0,2023-02-01,interesse_internacional,acoes_internacionais,63,0.3105263157894737,190
202303,0,2023-03-01,interesse_internacional,acoes_internacionais,63,0.3,
202304,0,2023-04-01,interesse_internacional,acoes_internacionais,63,0.32051282051282054,156
202305,0,2023-05-01,interesse_internacional,acoes_internacionais,63,0.3105590062111801,161
202306,0,2023-06-01,interesse_internacional,acoes_internacionais,63,0.29775280898876405,178
202307,0,2023-07-01,interesse_internacional,acoes_internacionais,63,0.3645320197044335,203
202308,0,2023-08-01,interesse_internacional,acoes_internacionais,63,0.37037037037037035,162
202309,0,2023-09-01,interesse_internacional,acoes_internacionais,63,0.3524590163934426,122
202310,0,2023-10-01,interesse_internacional,acoes_internacionais,63,0.2757281553398058,515
202311,0,2023-11-01,interesse_internacional,acoes_internacionais,63,0.3074792243767313,361
202312,0,2023-12-01,interesse_internacional,acoes_internacionais,63,0.36996336996337,273
202401,0,2024-01-01,interesse_internacional,acoes_internacionais,63,0.3741496598639456,147
202402,0,2024-02-01,interesse_internacional,acoes_internacionais,63,0.3591549295774648,142
202403,0,2024-03-01,interesse_internacional,acoes_internacionais,63,0.4420289855072464,138
202404,0,2024-04-01,interesse_internacional,acoes_internacionais,63,0.3795918367346939,245
202405,0,2024-05-01,interesse_internacional,acoes_internacionais,63,0.3501006036217304,497
202406,0,2024-06-01,interesse_internacional,acoes_internacionais,63,0.3805309734513274,226
202407,0,2024-07-01,interesse_internacional,acoes_internacionais,63,0.375,112
202408,0,2024-08-01,interesse_internacional,acoes_internacionais,63,0.3553921568627451,408
202409,0,2024-09-01,interesse_internacional,acoes_internacionais,63,0.36477987421383645,159
202410,0,2024-10-01,interesse_internacional,acoes_internacionais,63,0.40397350993377484,151
202411,0,2024-11-01,interesse_internacional,acoes_internacionais,63,0.3860759493670886,158
202412,0,2024-12-01,interesse_internacional,acoes_internacionais,63,0.49645390070921985,141
202501,0,2025-01-01,interesse_internacional,acoes_internacionais,63,0.39762611275964393,337
202502,0,2025-02-01,interesse_internacional,acoes_internacionais,63,0.3416149068322981,161
202503,0,2025-03-01,interesse_internacional,acoes_internacionais,63,0.39444444444444443,180
202504,0,2025-04-01,interesse_internacional,acoes_internacionais,63,0.34782608695652173,138
202505,0,2025-05-01,interesse_internacional,acoes_internacionais,63,0.3898305084745763,118
202506,0,2025-06-01,interesse_internacional,acoes_internacionais,63,0.44537815126050423,119
202507,0,2025-07-01,interesse_internacional,acoes_internacionais,63,0.3798449612403101,129
202508,0,2025-08-01,interesse_internacional,acoes_internacionais,63,0.4215686274509804,102
202509,0,2025-09-01,interesse_internacional,acoes_internacionais,63,0.3761467889908257,109
202510,0,2025-10-01,interesse_internacional,acoes_internacionais,63,0.41025641025641024,117
202511,0,2025-11-01,interesse_internacional,acoes_internacionais,63,0.4485981308411215,107
202512,0,2025-12-01,interesse_internacional,acoes_internacionais,63,0.3333333333333333,99
202601,0,2026-01-01,interesse_internacional,acoes_internacionais,63,0.43,100
202602,0,2026-02-01,interesse_internacional,acoes_internacionais,63,0.411214953271028,107
202603,0,2026-03-01,interesse_internacional,acoes_internacionais,63,0.35096153846153844,208
202604,0,2026-04-01,interesse_internacional,acoes_internacionais,63,0.36065573770491804,122
202605,0,2026-05-01,interesse_internacional,acoes_internacionais,63,0.3113207547169811,106
202606,0,2026-06-01,interesse_internacional,acoes_internacionais,63,0.42201834862385323,109
202607,0,2026-07-01,interesse_internacional,acoes_internacionais,63,0.35514018691588783,107
202301,0,2023-01-01,interesse_internacional,bonds,66,0.4880382775119617,
202302,0,2023-02-01,interesse_internacional,bonds,66,0.49473684210526314,190
202303,0,2023-03-01,interesse_internacional,bonds,66,0.49,
202304,0,2023-04-01,interesse_internacional,bonds,66,0.5705128205128205,156
202305,0,2023-05-01,interesse_internacional,bonds,66,0.5093167701863354,161
202306,0,2023-06-01,interesse_internacional,bonds,66,0.449438202247191,178
202307,0,2023-07-01,interesse_internacional,bonds,66,0.4975369458128079,203
202308,0,2023-08-01,interesse_internacional,bonds,66,0.5185185185185185,162
202309,0,2023-09-01,interesse_internacional,bonds,66,0.4672131147540984,122
202310,0,2023-10-01,interesse_internacional,bonds,66,0.5106796116504855,515
202311,0,2023-11-01,interesse_internacional,bonds,66,0.5152354570637119,361
202312,0,2023-12-01,interesse_internacional,bonds,66,0.4432234432234432,273
202401,0,2024-01-01,interesse_internacional,bonds,66,0.4897959183673469,147
202402,0,2024-02-01,interesse_internacional,bonds,66,0.4154929577464789,142
202403,0,2024-03-01,interesse_internacional,bonds,66,0.4492753623188406,138
202404,0,2024-04-01,interesse_internacional,bonds,66,0.5755102040816327,245
202405,0,2024-05-01,interesse_internacional,bonds,66,0.5171026156941649,497
202406,0,2024-06-01,interesse_internacional,bonds,66,0.5265486725663717,226
202407,0,2024-07-01,interesse_internacional,bonds,66,0.5982142857142857,112
202408,0,2024-08-01,interesse_internacional,bonds,66,0.46568627450980393,408
202409,0,2024-09-01,interesse_internacional,bonds,66,0.5157232704402516,159
202410,0,2024-10-01,interesse_internacional,bonds,66,0.5099337748344371,151
202411,0,2024-11-01,interesse_internacional,bonds,66,0.5506329113924051,158
202412,0,2024-12-01,interesse_internacional,bonds,66,0.5319148936170213,141
202501,0,2025-01-01,interesse_internacional,bonds,66,0.516320474777448,337
202502,0,2025-02-01,interesse_internacional,bonds,66,0.484472049689441,161
202503,0,2025-03-01,interesse_internacional,bonds,66,0.5166666666666667,180
202504,0,2025-04-01,interesse_internacional,bonds,66,0.5434782608695652,138
202505,0,2025-05-01,interesse_internacional,bonds,66,0.5338983050847458,118
202506,0,2025-06-01,interesse_internacional,bonds,66,0.44537815126050423,119
202507,0,2025-07-01,interesse_internacional,bonds,66,0.5038759689922481,129
202508,0,2025-08-01,interesse_internacional,bonds,66,0.46078431372549017,102
202509,0,2025-09-01,interesse_internacional,bonds,66,0.4954128440366973,109
202510,0,2025-10-01,interesse_internacional,bonds,66,0.42735042735042733,117
202511,0,2025-11-01,interesse_internacional,bonds,66,0.42990654205607476,107
202512,0,2025-12-01,interesse_internacional,bonds,66,0.31313131313131315,99
202601,0,2026-01-01,interesse_internacional,bonds,66,0.27,100
202602,0,2026-02-01,interesse_internacional,bonds,66,0.34579439252336447,107
202603,0,2026-03-01,interesse_internacional,bonds,66,0.25,208
202604,0,2026-04-01,interesse_internacional,bonds,66,0.32786885245901637,122
202605,0,2026-05-01,interesse_internacional,bonds,66,0.3113207547169811,106
202606,0,2026-06-01,interesse_internacional,bonds,66,0.22935779816513763,109
202607,0,2026-07-01,interesse_internacional,bonds,66,0.2803738317757009,107
202201,0,2022-01-01,interesse_internacional,dolar,65,0.29,
202202,0,2022-02-01,interesse_internacional,dolar,65,0.264,
202203,0,2022-03-01,interesse_internacional,dolar,65,0.393,
202204,0,2022-04-01,interesse_internacional,dolar,65,0.41,
202205,0,2022-05-01,interesse_internacional,dolar,65,0.337,
202206,0,2022-06-01,interesse_internacional,dolar,65,0.319,
202207,0,2022-07-01,interesse_internacional,dolar,65,0.311,
202208,0,2022-08-01,interesse_internacional,dolar,65,0.32,
202209,0,2022-09-01,interesse_internacional,dolar,65,0.32,
202210,0,2022-10-01,interesse_internacional,dolar,65,0.345,
202211,0,2022-11-01,interesse_internacional,dolar,65,0.47,
202212,0,2022-12-01,interesse_internacional,dolar,65,0.4146341463414634,
202301,0,2023-01-01,interesse_internacional,dolar,65,0.47607655502392343,
202302,0,2023-02-01,interesse_internacional,dolar,65,0.47368421052631576,190
202303,0,2023-03-01,interesse_internacional,dolar,65,0.51,
202304,0,2023-04-01,interesse_internacional,dolar,65,0.4166666666666667,156
202305,0,2023-05-01,interesse_internacional,dolar,65,0.36645962732919257,161
202306,0,2023-06-01,interesse_internacional,dolar,65,0.3539325842696629,178
202307,0,2023-07-01,interesse_internacional,dolar,65,0.37438423645320196,203
202308,0,2023-08-01,interesse_internacional,dolar,65,0.43209876543209874,162
202309,0,2023-09-01,interesse_internacional,dolar,65,0.3360655737704918,122
202310,0,2023-10-01,interesse_internacional,dolar,65,0.3145631067961165,515
202311,0,2023-11-01,interesse_internacional,dolar,65,0.34349030470914127,361
202312,0,2023-12-01,interesse_internacional,dolar,65,0.27472527472527475,273
202401,0,2024-01-01,interesse_internacional,dolar,65,0.2789115646258503,147
202402,0,2024-02-01,interesse_internacional,dolar,65,0.20422535211267606,142
202403,0,2024-03-01,interesse_internacional,dolar,65,0.3115942028985507,138
202404,0,2024-04-01,interesse_internacional,dolar,65,0.24489795918367346,245
202405,0,2024-05-01,interesse_internacional,dolar,65,0.2515090543259557,497
202406,0,2024-06-01,interesse_internacional,dolar,65,0.24778761061946902,226
202407,0,2024-07-01,interesse_internacional,dolar,65,0.29464285714285715,112
202408,0,2024-08-01,interesse_internacional,dolar,65,0.3088235294117647,408
202409,0,2024-09-01,interesse_internacional,dolar,65,0.2389937106918239,159
202410,0,2024-10-01,interesse_internacional,dolar,65,0.25165562913907286,151
202411,0,2024-11-01,interesse_internacional,dolar,65,0.34177215189873417,158
202412,0,2024-12-01,interesse_internacional,dolar,65,0.3617021276595745,141
202501,0,2025-01-01,interesse_internacional,dolar,65,0.3857566765578635,337
202502,0,2025-02-01,interesse_internacional,dolar,65,0.4409937888198758,161
202503,0,2025-03-01,interesse_internacional,dolar,65,0.36666666666666664,180
202504,0,2025-04-01,interesse_internacional,dolar,65,0.3115942028985507,138
202505,0,2025-05-01,interesse_internacional,dolar,65,0.288135593220339,118
202506,0,2025-06-01,interesse_internacional,dolar,65,0.36134453781512604,119
202507,0,2025-07-01,interesse_internacional,dolar,65,0.31007751937984496,129
202508,0,2025-08-01,interesse_internacional,dolar,65,0.29411764705882354,102
202509,0,2025-09-01,interesse_internacional,dolar,65,0.22018348623853212,109
202510,0,2025-10-01,interesse_internacional,dolar,65,0.3162393162393162,117
202511,0,2025-11-01,interesse_internacional,dolar,65,0.2803738317757009,107
202512,0,2025-12-01,interesse_internacional,dolar,65,0.25252525252525254,99
202601,0,2026-01-01,interesse_internacional,dolar,65,0.19,100
202602,0,2026-02-01,interesse_internacional,dolar,65,0.2803738317757009,107
202603,0,2026-03-01,interesse_internacional,dolar,65,0.3125,208
202604,0,2026-04-01,interesse_internacional,dolar,65,0.36885245901639346,122
202605,0,2026-05-01,interesse_internacional,dolar,65,0.330188679245283,106
202606,0,2026-06-01,interesse_internacional,dolar,65,0.28440366972477066,109
202607,0,2026-07-01,interesse_internacional,dolar,65,0.2336448598130841,107
202201,0,2022-01-01,interesse_internacional,etfs,64,0.36,
202202,0,2022-02-01,interesse_internacional,etfs,64,0.347,
202203,0,2022-03-01,interesse_internacional,etfs,64,0.287,
202204,0,2022-04-01,interesse_internacional,etfs,64,0.33,
202205,0,2022-05-01,interesse_internacional,etfs,64,0.196,
202206,0,2022-06-01,interesse_internacional,etfs,64,0.227,
202207,0,2022-07-01,interesse_internacional,etfs,64,0.228,
202208,0,2022-08-01,interesse_internacional,etfs,64,0.203,
202209,0,2022-09-01,interesse_internacional,etfs,64,0.203,
202210,0,2022-10-01,interesse_internacional,etfs,64,0.275,
202211,0,2022-11-01,interesse_internacional,etfs,64,0.231,
202212,0,2022-12-01,interesse_internacional,etfs,64,0.2682926829268293,
202301,0,2023-01-01,interesse_internacional,etfs,64,0.33253588516746413,
202302,0,2023-02-01,interesse_internacional,etfs,64,0.3,190
202303,0,2023-03-01,interesse_internacional,etfs,64,0.31,
202304,0,2023-04-01,interesse_internacional,etfs,64,0.391025641025641,156
202305,0,2023-05-01,interesse_internacional,etfs,64,0.37888198757763975,161
202306,0,2023-06-01,interesse_internacional,etfs,64,0.3595505617977528,178
202307,0,2023-07-01,interesse_internacional,etfs,64,0.4039408866995074,203
202308,0,2023-08-01,interesse_internacional,etfs,64,0.3271604938271605,162
202309,0,2023-09-01,interesse_internacional,etfs,64,0.39344262295081966,122
202310,0,2023-10-01,interesse_internacional,etfs,64,0.3650485436893204,515
202311,0,2023-11-01,interesse_internacional,etfs,64,0.3601108033240997,361
202312,0,2023-12-01,interesse_internacional,etfs,64,0.3882783882783883,273
202401,0,2024-01-01,interesse_internacional,etfs,64,0.3401360544217687,147
202402,0,2024-02-01,interesse_internacional,etfs,64,0.43661971830985913,142
202403,0,2024-03-01,interesse_internacional,etfs,64,0.43478260869565216,138
202404,0,2024-04-01,interesse_internacional,etfs,64,0.40408163265306124,245
202405,0,2024-05-01,interesse_internacional,etfs,64,0.47283702213279677,497
202406,0,2024-06-01,interesse_internacional,etfs,64,0.4690265486725664,226
202407,0,2024-07-01,interesse_internacional,etfs,64,0.5178571428571429,112
202408,0,2024-08-01,interesse_internacional,etfs,64,0.4803921568627451,408
202409,0,2024-09-01,interesse_internacional,etfs,64,0.4968553459119497,159
202410,0,2024-10-01,interesse_internacional,etfs,64,0.4370860927152318,151
202411,0,2024-11-01,interesse_internacional,etfs,64,0.569620253164557,158
202412,0,2024-12-01,interesse_internacional,etfs,64,0.5177304964539007,141
202501,0,2025-01-01,interesse_internacional,etfs,64,0.5608308605341247,337
202502,0,2025-02-01,interesse_internacional,etfs,64,0.5838509316770186,161
202503,0,2025-03-01,interesse_internacional,etfs,64,0.6,180
202504,0,2025-04-01,interesse_internacional,etfs,64,0.572463768115942,138
202505,0,2025-05-01,interesse_internacional,etfs,64,0.5847457627118644,118
202506,0,2025-06-01,interesse_internacional,etfs,64,0.5966386554621849,119
202507,0,2025-07-01,interesse_internacional,etfs,64,0.5813953488372093,129
202508,0,2025-08-01,interesse_internacional,etfs,64,0.6176470588235294,102
202509,0,2025-09-01,interesse_internacional,etfs,64,0.6972477064220184,109
202510,0,2025-10-01,interesse_internacional,etfs,64,0.5897435897435898,117
202511,0,2025-11-01,interesse_internacional,etfs,64,0.5981308411214953,107
202512,0,2025-12-01,interesse_internacional,etfs,64,0.4444444444444444,99
202601,0,2026-01-01,interesse_internacional,etfs,64,0.58,100
202602,0,2026-02-01,interesse_internacional,etfs,64,0.7009345794392523,107
202603,0,2026-03-01,interesse_internacional,etfs,64,0.6201923076923077,208
202604,0,2026-04-01,interesse_internacional,etfs,64,0.639344262295082,122
202605,0,2026-05-01,interesse_internacional,etfs,64,0.5566037735849056,106
202606,0,2026-06-01,interesse_internacional,etfs,64,0.6972477064220184,109
202607,0,2026-07-01,interesse_internacional,etfs,64,0.6728971962616822,107
202201,0,2022-01-01,interesse_internacional,fundos_internacionais,62,0.77,
202202,0,2022-02-01,interesse_internacional,fundos_internacionais,62,0.666,
202203,0,2022-03-01,interesse_internacional,fundos_internacionais,62,0.563,
202204,0,2022-04-01,interesse_internacional,fundos_internacionais,62,0.58,
202205,0,2022-05-01,interesse_internacional,fundos_internacionais,62,0.45,
202206,0,2022-06-01,interesse_internacional,fundos_internacionais,62,0.363,
202207,0,2022-07-01,interesse_internacional,fundos_internacionais,62,0.41,
202208,0,2022-08-01,interesse_internacional,fundos_internacionais,62,0.45,
202209,0,2022-09-01,interesse_internacional,fundos_internacionais,62,0.45,
202210,0,2022-10-01,interesse_internacional,fundos_internacionais,62,0.385,
202211,0,2022-11-01,interesse_internacional,fundos_internacionais,62,0.393,
202212,0,2022-12-01,interesse_internacional,fundos_internacionais,62,0.2926829268292683,
202301,0,2023-01-01,interesse_internacional,fundos_internacionais,62,0.32057416267942584,
202302,0,2023-02-01,interesse_internacional,fundos_internacionais,62,0.29473684210526313,190
202303,0,2023-03-01,interesse_internacional,fundos_internacionais,62,0.27,
202304,0,2023-04-01,interesse_internacional,fundos_internacionais,62,0.3141025641025641,156
202305,0,2023-05-01,interesse_internacional,fundos_internacionais,62,0.30434782608695654,161
202306,0,2023-06-01,interesse_internacional,fundos_internacionais,62,0.30337078651685395,178
202307,0,2023-07-01,interesse_internacional,fundos_internacionais,62,0.3497536945812808,203
202308,0,2023-08-01,interesse_internacional,fundos_internacionais,62,0.35802469135802467,162
202309,0,2023-09-01,interesse_internacional,fundos_internacionais,62,0.4098360655737705,122
202310,0,2023-10-01,interesse_internacional,fundos_internacionais,62,0.27184466019417475,515
202311,0,2023-11-01,interesse_internacional,fundos_internacionais,62,0.24653739612188366,361
202312,0,2023-12-01,interesse_internacional,fundos_internacionais,62,0.32234432234432236,273
202401,0,2024-01-01,interesse_internacional,fundos_internacionais,62,0.3197278911564626,147
202402,0,2024-02-01,interesse_internacional,fundos_internacionais,62,0.2323943661971831,142
202403,0,2024-03-01,interesse_internacional,fundos_internacionais,62,0.2608695652173913,138
202404,0,2024-04-01,interesse_internacional,fundos_internacionais,62,0.2612244897959184,245
202405,0,2024-05-01,interesse_internacional,fundos_internacionais,62,0.2595573440643863,497
202406,0,2024-06-01,interesse_internacional,fundos_internacionais,62,0.26548672566371684,226
202407,0,2024-07-01,interesse_internacional,fundos_internacionais,62,0.25892857142857145,112
202408,0,2024-08-01,interesse_internacional,fundos_internacionais,62,0.3088235294117647,408
202409,0,2024-09-01,interesse_internacional,fundos_internacionais,62,0.33962264150943394,159
202410,0,2024-10-01,interesse_internacional,fundos_internacionais,62,0.2847682119205298,151
202411,0,2024-11-01,interesse_internacional,fundos_internacionais,62,0.379746835443038,158
202412,0,2024-12-01,interesse_internacional,fundos_internacionais,62,0.3546099290780142,141
202501,0,2025-01-01,interesse_internacional,fundos_internacionais,62,0.2789317507418398,337
202502,0,2025-02-01,interesse_internacional,fundos_internacionais,62,0.30434782608695654,161
202503,0,2025-03-01,interesse_internacional,fundos_internacionais,62,0.28888888888888886,180
202504,0,2025-04-01,interesse_internacional,fundos_internacionais,62,0.26811594202898553,138
202505,0,2025-05-01,interesse_internacional,fundos_internacionais,62,0.2966101694915254,118
202506,0,2025-06-01,interesse_internacional,fundos_internacionais,62,0.42016806722689076,119
202507,0,2025-07-01,interesse_internacional,fundos_internacionais,62,0.3798449612403101,129
202508,0,2025-08-01,interesse_internacional,fundos_internacionais,62,0.4117647058823529,102
202509,0,2025-09-01,interesse_internacional,fundos_internacionais,62,0.3302752293577982,109
202510,0,2025-10-01,interesse_internacional,fundos_internacionais,62,0.4017094017094017,117
202511,0,2025-11-01,interesse_internacional,fundos_internacionais,62,0.45794392523364486,107
202512,0,2025-12-01,interesse_internacional,fundos_internacionais,62,0.5959595959595959,99
202601,0,2026-01-01,interesse_internacional,fundos_internacionais,62,0.48,100
202602,0,2026-02-01,interesse_internacional,fundos_internacionais,62,0.32710280373831774,107
202603,0,2026-03-01,interesse_internacional,fundos_internacionais,62,0.3798076923076923,208
202604,0,2026-04-01,interesse_internacional,fundos_internacionais,62,0.4344262295081967,122
202605,0,2026-05-01,interesse_internacional,fundos_internacionais,62,0.49056603773584906,106
202606,0,2026-06-01,interesse_internacional,fundos_internacionais,62,0.5045871559633027,109
202607,0,2026-07-01,interesse_internacional,fundos_internacionais,62,0.4672897196261682,107
202201,0,2022-01-01,interesse_internacional,nao_estao_interessados_por_investimentos_internacion,67,0.02,
202202,0,2022-02-01,interesse_internacional,nao_estao_interessados_por_investimentos_internacion,67,0.067,
202203,0,2022-03-01,interesse_internacional,nao_estao_interessados_por_investimentos_internacion,67,0.138,
202204,0,2022-04-01,interesse_internacional,nao_estao_interessados_por_investimentos_internacion,67,0.1,
202205,0,2022-05-01,interesse_internacional,nao_estao_interessados_por_investimentos_internacion,67,0.247,
202206,0,2022-06-01,interesse_internacional,nao_estao_interessados_por_investimentos_internacion,67,0.342,
202207,0,2022-07-01,interesse_internacional,nao_estao_interessados_por_investimentos_internacion,67,0.308,
202208,0,2022-08-01,interesse_internacional,nao_estao_interessados_por_investimentos_internacion,67,0.32,
202209,0,2022-09-01,interesse_internacional,nao_estao_interessados_por_investimentos_internacion,67,0.32,
202210,0,2022-10-01,interesse_internacional,nao_estao_interessados_por_investimentos_internacion,67,0.27,
202211,0,2022-11-01,interesse_internacional,nao_estao_interessados_por_investimentos_internacion,67,0.222,
202212,0,2022-12-01,interesse_internacional,nao_estao_interessados_por_investimentos_internacion,67,0.11382113821138211,
202301,0,2023-01-01,interesse_internacional,nao_estao_interessados_por_investimentos_internacion,67,0.12440191387559808,
202302,0,2023-02-01,interesse_internacional,nao_estao_interessados_por_investimentos_internacion,67,0.15263157894736842,190
202303,0,2023-03-01,interesse_internacional,nao_estao_interessados_por_investimentos_internacion,67,0.16,
202304,0,2023-04-01,interesse_internacional,nao_estao_interessados_por_investimentos_internacion,67,0.14743589743589744,156
202305,0,2023-05-01,interesse_internacional,nao_estao_interessados_por_investimentos_internacion,67,0.13043478260869565,161
202306,0,2023-06-01,interesse_internacional,nao_estao_interessados_por_investimentos_internacion,67,0.14606741573033707,178
202307,0,2023-07-01,interesse_internacional,nao_estao_interessados_por_investimentos_internacion,67,0.11330049261083744,203
202308,0,2023-08-01,interesse_internacional,nao_estao_interessados_por_investimentos_internacion,67,0.08641975308641975,162
202309,0,2023-09-01,interesse_internacional,nao_estao_interessados_por_investimentos_internacion,67,0.11475409836065574,122
202310,0,2023-10-01,interesse_internacional,nao_estao_interessados_por_investimentos_internacion,67,0.11262135922330097,515
202311,0,2023-11-01,interesse_internacional,nao_estao_interessados_por_investimentos_internacion,67,0.11911357340720222,361
202312,0,2023-12-01,interesse_internacional,nao_estao_interessados_por_investimentos_internacion,67,0.13553113553113552,273
202401,0,2024-01-01,interesse_internacional,nao_estao_interessados_por_investimentos_internacion,67,0.1360544217687075,147
202402,0,2024-02-01,interesse_internacional,nao_estao_interessados_por_investimentos_internacion,67,0.14084507042253522,142
202403,0,2024-03-01,interesse_internacional,nao_estao_interessados_por_investimentos_internacion,67,0.13043478260869565,138
202404,0,2024-04-01,interesse_internacional,nao_estao_interessados_por_investimentos_internacion,67,0.09795918367346938,245
202405,0,2024-05-01,interesse_internacional,nao_estao_interessados_por_investimentos_internacion,67,0.10261569416498995,497
202406,0,2024-06-01,interesse_internacional,nao_estao_interessados_por_investimentos_internacion,67,0.10619469026548672,226
202407,0,2024-07-01,interesse_internacional,nao_estao_interessados_por_investimentos_internacion,67,0.08035714285714286,112
202408,0,2024-08-01,interesse_internacional,nao_estao_interessados_por_investimentos_internacion,67,0.12009803921568628,408
202409,0,2024-09-01,interesse_internacional,nao_estao_interessados_por_investimentos_internacion,67,0.12578616352201258,159
202410,0,2024-10-01,interesse_internacional,nao_estao_interessados_por_investimentos_internacion,67,0.1390728476821192,151
202411,0,2024-11-01,interesse_internacional,nao_estao_interessados_por_investimentos_internacion,67,0.10126582278481013,158
202412,0,2024-12-01,interesse_internacional,nao_estao_interessados_por_investimentos_internacion,67,0.04964539007092199,141
202501,0,2025-01-01,interesse_internacional,nao_estao_interessados_por_investimentos_internacion,67,0.07418397626112759,337
202502,0,2025-02-01,interesse_internacional,nao_estao_interessados_por_investimentos_internacion,67,0.062111801242236024,161
202503,0,2025-03-01,interesse_internacional,nao_estao_interessados_por_investimentos_internacion,67,0.08888888888888889,180
202504,0,2025-04-01,interesse_internacional,nao_estao_interessados_por_investimentos_internacion,67,0.09420289855072464,138
202505,0,2025-05-01,interesse_internacional,nao_estao_interessados_por_investimentos_internacion,67,0.0847457627118644,118
202506,0,2025-06-01,interesse_internacional,nao_estao_interessados_por_investimentos_internacion,67,0.08403361344537816,119
202507,0,2025-07-01,interesse_internacional,nao_estao_interessados_por_investimentos_internacion,67,0.10077519379844961,129
202508,0,2025-08-01,interesse_internacional,nao_estao_interessados_por_investimentos_internacion,67,0.0784313725490196,102
202509,0,2025-09-01,interesse_internacional,nao_estao_interessados_por_investimentos_internacion,67,0.09174311926605505,109
202510,0,2025-10-01,interesse_internacional,nao_estao_interessados_por_investimentos_internacion,67,0.07692307692307693,117
202511,0,2025-11-01,interesse_internacional,nao_estao_interessados_por_investimentos_internacion,67,0.102803738317757,107
202512,0,2025-12-01,interesse_internacional,nao_estao_interessados_por_investimentos_internacion,67,0.09090909090909091,99
202601,0,2026-01-01,interesse_internacional,nao_estao_interessados_por_investimentos_internacion,67,0.14,100
202602,0,2026-02-01,interesse_internacional,nao_estao_interessados_por_investimentos_internacion,67,0.056074766355140186,107
202603,0,2026-03-01,interesse_internacional,nao_estao_interessados_por_investimentos_internacion,67,0.125,208
202604,0,2026-04-01,interesse_internacional,nao_estao_interessados_por_investimentos_internacion,67,0,122
202605,0,2026-05-01,interesse_internacional,nao_estao_interessados_por_investimentos_internacion,67,0,106
202606,0,2026-06-01,interesse_internacional,nao_estao_interessados_por_investimentos_internacion,67,0,109
202607,0,2026-07-01,interesse_internacional,nao_estao_interessados_por_investimentos_internacion,67,0,107
202212,0,2022-12-01,interesse_internacional,outros,68,0.016260162601626018,
202301,0,2023-01-01,interesse_internacional,outros,68,0.0215311004784689,
202302,0,2023-02-01,interesse_internacional,outros,68,0.02631578947368421,190
202303,0,2023-03-01,interesse_internacional,outros,68,0.004784688995215308,
202304,0,2023-04-01,interesse_internacional,outros,68,0.00641025641025641,156
202305,0,2023-05-01,interesse_internacional,outros,68,0.031055900621118012,161
202306,0,2023-06-01,interesse_internacional,outros,68,0.028089887640449437,178
202307,0,2023-07-01,interesse_internacional,outros,68,0,203
202308,0,2023-08-01,interesse_internacional,outros,68,0,162
202309,0,2023-09-01,interesse_internacional,outros,68,0,122
202310,0,2023-10-01,interesse_internacional,outros,68,0,515
202311,0,2023-11-01,interesse_internacional,outros,68,0,361
202312,0,2023-12-01,interesse_internacional,outros,68,0,273
202401,0,2024-01-01,interesse_internacional,outros,68,0,147
202402,0,2024-02-01,interesse_internacional,outros,68,0.02112676056338028,142
202403,0,2024-03-01,interesse_internacional,outros,68,0.021739130434782608,138
202404,0,2024-04-01,interesse_internacional,outros,68,0.012244897959183673,245
202405,0,2024-05-01,interesse_internacional,outros,68,0.006036217303822937,497
202406,0,2024-06-01,interesse_internacional,outros,68,0.01327433628318584,226
202407,0,2024-07-01,interesse_internacional,outros,68,0.026785714285714284,112
202408,0,2024-08-01,interesse_internacional,outros,68,0.007352941176470588,408
202409,0,2024-09-01,interesse_internacional,outros,68,0.018867924528301886,159
202410,0,2024-10-01,interesse_internacional,outros,68,0.019867549668874173,151
202411,0,2024-11-01,interesse_internacional,outros,68,0.02531645569620253,158
202412,0,2024-12-01,interesse_internacional,outros,68,0.028368794326241134,141
202501,0,2025-01-01,interesse_internacional,outros,68,0.011869436201780416,337
202502,0,2025-02-01,interesse_internacional,outros,68,0.024844720496894408,161
202503,0,2025-03-01,interesse_internacional,outros,68,0.022222222222222223,180
202504,0,2025-04-01,interesse_internacional,outros,68,0.028985507246376812,138
202505,0,2025-05-01,interesse_internacional,outros,68,0.025423728813559324,118
202506,0,2025-06-01,interesse_internacional,outros,68,0.025210084033613446,119
202507,0,2025-07-01,interesse_internacional,outros,68,0.023255813953488372,129
202508,0,2025-08-01,interesse_internacional,outros,68,0.029411764705882353,102
202509,0,2025-09-01,interesse_internacional,outros,68,0.027522935779816515,109
202510,0,2025-10-01,interesse_internacional,outros,68,0.02564102564102564,117
202511,0,2025-11-01,interesse_internacional,outros,68,0.028037383177570093,107
202512,0,2025-12-01,interesse_internacional,outros,68,0.030303030303030304,99
202601,0,2026-01-01,interesse_internacional,outros,68,0.03,100
202602,0,2026-02-01,interesse_internacional,outros,68,0.028037383177570093,107
202603,0,2026-03-01,interesse_internacional,outros,68,0.014423076923076924,208
202604,0,2026-04-01,interesse_internacional,outros,68,0.02459016393442623,122
202605,0,2026-05-01,interesse_internacional,outros,68,0.02830188679245283,106
202606,0,2026-06-01,interesse_internacional,outros,68,0.027522935779816515,109
202607,0,2026-07-01,interesse_internacional,outros,68,0.028037383177570093,107
202307,0,2023-07-01,pct_internacional,0_a_5,54,0.6748768472906403,203
202308,0,2023-08-01,pct_internacional,0_a_5,54,0.6728395061728395,162
202309,0,2023-09-01,pct_internacional,0_a_5,54,0.6885245901639344,122
202310,0,2023-10-01,pct_internacional,0_a_5,54,0.7029126213592233,515
202311,0,2023-11-01,pct_internacional,0_a_5,54,0.6842105263157895,361
202312,0,2023-12-01,pct_internacional,0_a_5,54,0.7032967032967034,273
202401,0,2024-01-01,pct_internacional,0_a_5,54,0.6938775510204082,147
202402,0,2024-02-01,pct_internacional,0_a_5,54,0.6690140845070423,142
202403,0,2024-03-01,pct_internacional,0_a_5,54,0.7028985507246377,138
202404,0,2024-04-01,pct_internacional,0_a_5,54,0.6816326530612244,245
202405,0,2024-05-01,pct_internacional,0_a_5,54,0.6780684104627767,497
202406,0,2024-06-01,pct_internacional,0_a_5,54,0.6415929203539823,226
202407,0,2024-07-01,pct_internacional,0_a_5,54,0.6517857142857143,112
202408,0,2024-08-01,pct_internacional,0_a_5,54,0.7009803921568627,408
202409,0,2024-09-01,pct_internacional,0_a_5,54,0.6981132075471698,159
202410,0,2024-10-01,pct_internacional,0_a_5,54,0.7152317880794702,151
202411,0,2024-11-01,pct_internacional,0_a_5,54,0.6582278481012658,158
202412,0,2024-12-01,pct_internacional,0_a_5,54,0.5602836879432624,141
202501,0,2025-01-01,pct_internacional,0_a_5,54,0.5519287833827893,337
202502,0,2025-02-01,pct_internacional,0_a_5,54,0.6894409937888198,161
202503,0,2025-03-01,pct_internacional,0_a_5,54,0.5777777777777777,180
202504,0,2025-04-01,pct_internacional,0_a_5,54,0.6086956521739131,138
202505,0,2025-05-01,pct_internacional,0_a_5,54,0.652542372881356,118
202506,0,2025-06-01,pct_internacional,0_a_5,54,0.5546218487394958,119
202507,0,2025-07-01,pct_internacional,0_a_5,54,0.6124031007751938,129
202508,0,2025-08-01,pct_internacional,0_a_5,54,0.6274509803921569,102
202509,0,2025-09-01,pct_internacional,0_a_5,54,0.6238532110091743,109
202510,0,2025-10-01,pct_internacional,0_a_5,54,0.6153846153846154,117
202511,0,2025-11-01,pct_internacional,0_a_5,54,0.5607476635514018,107
202512,0,2025-12-01,pct_internacional,0_a_5,54,0.5050505050505051,99
202601,0,2026-01-01,pct_internacional,0_a_5,54,0.6,100
202602,0,2026-02-01,pct_internacional,0_a_5,54,0.5700934579439252,107
202603,0,2026-03-01,pct_internacional,0_a_5,54,0.5865384615384616,208
202604,0,2026-04-01,pct_internacional,0_a_5,54,0.5245901639344263,122
202605,0,2026-05-01,pct_internacional,0_a_5,54,0.5283018867924528,106
202606,0,2026-06-01,pct_internacional,0_a_5,54,0.5963302752293578,109
202607,0,2026-07-01,pct_internacional,0_a_5,54,0.5607476635514018,107
202307,0,2023-07-01,pct_internacional,10_a_20,56,0.034482758620689655,203
202308,0,2023-08-01,pct_internacional,10_a_20,56,0.09259259259259259,162
202309,0,2023-09-01,pct_internacional,10_a_20,56,0.09016393442622951,122
202310,0,2023-10-01,pct_internacional,10_a_20,56,0.07961165048543689,515
202311,0,2023-11-01,pct_internacional,10_a_20,56,0.06371191135734072,361
202312,0,2023-12-01,pct_internacional,10_a_20,56,0.0695970695970696,273
202401,0,2024-01-01,pct_internacional,10_a_20,56,0.08163265306122448,147
202402,0,2024-02-01,pct_internacional,10_a_20,56,0.04929577464788732,142
202403,0,2024-03-01,pct_internacional,10_a_20,56,0.07246376811594203,138
202404,0,2024-04-01,pct_internacional,10_a_20,56,0.07755102040816327,245
202405,0,2024-05-01,pct_internacional,10_a_20,56,0.06438631790744467,497
202406,0,2024-06-01,pct_internacional,10_a_20,56,0.0752212389380531,226
202407,0,2024-07-01,pct_internacional,10_a_20,56,0.08035714285714286,112
202408,0,2024-08-01,pct_internacional,10_a_20,56,0.061274509803921566,408
202409,0,2024-09-01,pct_internacional,10_a_20,56,0.05660377358490566,159
202410,0,2024-10-01,pct_internacional,10_a_20,56,0.059602649006622516,151
202411,0,2024-11-01,pct_internacional,10_a_20,56,0.06962025316455696,158
202412,0,2024-12-01,pct_internacional,10_a_20,56,0.11347517730496454,141
202501,0,2025-01-01,pct_internacional,10_a_20,56,0.11869436201780416,337
202502,0,2025-02-01,pct_internacional,10_a_20,56,0.08695652173913043,161
202503,0,2025-03-01,pct_internacional,10_a_20,56,0.1,180
202504,0,2025-04-01,pct_internacional,10_a_20,56,0.057971014492753624,138
202505,0,2025-05-01,pct_internacional,10_a_20,56,0.0847457627118644,118
202506,0,2025-06-01,pct_internacional,10_a_20,56,0.06722689075630252,119
202507,0,2025-07-01,pct_internacional,10_a_20,56,0.09302325581395349,129
202508,0,2025-08-01,pct_internacional,10_a_20,56,0.17647058823529413,102
202509,0,2025-09-01,pct_internacional,10_a_20,56,0.11926605504587157,109
202510,0,2025-10-01,pct_internacional,10_a_20,56,0.1282051282051282,117
202511,0,2025-11-01,pct_internacional,10_a_20,56,0.12149532710280374,107
202512,0,2025-12-01,pct_internacional,10_a_20,56,0.12121212121212122,99
202601,0,2026-01-01,pct_internacional,10_a_20,56,0.11,100
202602,0,2026-02-01,pct_internacional,10_a_20,56,0.1308411214953271,107
202603,0,2026-03-01,pct_internacional,10_a_20,56,0.11057692307692307,208
202604,0,2026-04-01,pct_internacional,10_a_20,56,0.09016393442622951,122
202605,0,2026-05-01,pct_internacional,10_a_20,56,0.10377358490566038,106
202606,0,2026-06-01,pct_internacional,10_a_20,56,0.1559633027522936,109
202607,0,2026-07-01,pct_internacional,10_a_20,56,0.14018691588785046,107
202307,0,2023-07-01,pct_internacional,20_a_50,57,0.029556650246305417,203
202308,0,2023-08-01,pct_internacional,20_a_50,57,0.030864197530864196,162
202309,0,2023-09-01,pct_internacional,20_a_50,57,0.01639344262295082,122
202310,0,2023-10-01,pct_internacional,20_a_50,57,0.02912621359223301,515
202311,0,2023-11-01,pct_internacional,20_a_50,57,0.04155124653739612,361
202312,0,2023-12-01,pct_internacional,20_a_50,57,0.03663003663003663,273
202401,0,2024-01-01,pct_internacional,20_a_50,57,0.047619047619047616,147
202402,0,2024-02-01,pct_internacional,20_a_50,57,0.028169014084507043,142
202403,0,2024-03-01,pct_internacional,20_a_50,57,0.014492753623188406,138
202404,0,2024-04-01,pct_internacional,20_a_50,57,0.0326530612244898,245
202405,0,2024-05-01,pct_internacional,20_a_50,57,0.03219315895372234,497
202406,0,2024-06-01,pct_internacional,20_a_50,57,0.04424778761061947,226
202407,0,2024-07-01,pct_internacional,20_a_50,57,0.008928571428571428,112
202408,0,2024-08-01,pct_internacional,20_a_50,57,0.04411764705882353,408
202409,0,2024-09-01,pct_internacional,20_a_50,57,0.050314465408805034,159
202410,0,2024-10-01,pct_internacional,20_a_50,57,0.039735099337748346,151
202411,0,2024-11-01,pct_internacional,20_a_50,57,0.0759493670886076,158
202412,0,2024-12-01,pct_internacional,20_a_50,57,0.03546099290780142,141
202501,0,2025-01-01,pct_internacional,20_a_50,57,0.05341246290801187,337
202502,0,2025-02-01,pct_internacional,20_a_50,57,0.062111801242236024,161
202503,0,2025-03-01,pct_internacional,20_a_50,57,0.08888888888888889,180
202504,0,2025-04-01,pct_internacional,20_a_50,57,0.06521739130434782,138
202505,0,2025-05-01,pct_internacional,20_a_50,57,0.025423728813559324,118
202506,0,2025-06-01,pct_internacional,20_a_50,57,0.058823529411764705,119
202507,0,2025-07-01,pct_internacional,20_a_50,57,0.06976744186046512,129
202508,0,2025-08-01,pct_internacional,20_a_50,57,0.029411764705882353,102
202509,0,2025-09-01,pct_internacional,20_a_50,57,0.045871559633027525,109
202510,0,2025-10-01,pct_internacional,20_a_50,57,0.03418803418803419,117
202511,0,2025-11-01,pct_internacional,20_a_50,57,0.08411214953271028,107
202512,0,2025-12-01,pct_internacional,20_a_50,57,0.050505050505050504,99
202601,0,2026-01-01,pct_internacional,20_a_50,57,0.09,100
202602,0,2026-02-01,pct_internacional,20_a_50,57,0.037383177570093455,107
202603,0,2026-03-01,pct_internacional,20_a_50,57,0.02403846153846154,208
202604,0,2026-04-01,pct_internacional,20_a_50,57,0.08196721311475409,122
202605,0,2026-05-01,pct_internacional,20_a_50,57,0.1320754716981132,106
202606,0,2026-06-01,pct_internacional,20_a_50,57,0.05504587155963303,109
202607,0,2026-07-01,pct_internacional,20_a_50,57,0.04672897196261682,107
202307,0,2023-07-01,pct_internacional,5_a_10,55,0.24630541871921183,203
202308,0,2023-08-01,pct_internacional,5_a_10,55,0.18518518518518517,162
202309,0,2023-09-01,pct_internacional,5_a_10,55,0.1885245901639344,122
202310,0,2023-10-01,pct_internacional,5_a_10,55,0.1766990291262136,515
202311,0,2023-11-01,pct_internacional,5_a_10,55,0.19390581717451524,361
202312,0,2023-12-01,pct_internacional,5_a_10,55,0.18315018315018314,273
202401,0,2024-01-01,pct_internacional,5_a_10,55,0.17687074829931973,147
202402,0,2024-02-01,pct_internacional,5_a_10,55,0.2112676056338028,142
202403,0,2024-03-01,pct_internacional,5_a_10,55,0.2028985507246377,138
202404,0,2024-04-01,pct_internacional,5_a_10,55,0.2,245
202405,0,2024-05-01,pct_internacional,5_a_10,55,0.2152917505030181,497
202406,0,2024-06-01,pct_internacional,5_a_10,55,0.2345132743362832,226
202407,0,2024-07-01,pct_internacional,5_a_10,55,0.24107142857142858,112
202408,0,2024-08-01,pct_internacional,5_a_10,55,0.18627450980392157,408
202409,0,2024-09-01,pct_internacional,5_a_10,55,0.18867924528301888,159
202410,0,2024-10-01,pct_internacional,5_a_10,55,0.17218543046357615,151
202411,0,2024-11-01,pct_internacional,5_a_10,55,0.18354430379746836,158
202412,0,2024-12-01,pct_internacional,5_a_10,55,0.28368794326241137,141
202501,0,2025-01-01,pct_internacional,5_a_10,55,0.2344213649851632,337
202502,0,2025-02-01,pct_internacional,5_a_10,55,0.14285714285714285,161
202503,0,2025-03-01,pct_internacional,5_a_10,55,0.20555555555555555,180
202504,0,2025-04-01,pct_internacional,5_a_10,55,0.21739130434782608,138
202505,0,2025-05-01,pct_internacional,5_a_10,55,0.211864406779661,118
202506,0,2025-06-01,pct_internacional,5_a_10,55,0.3025210084033613,119
202507,0,2025-07-01,pct_internacional,5_a_10,55,0.20930232558139536,129
202508,0,2025-08-01,pct_internacional,5_a_10,55,0.14705882352941177,102
202509,0,2025-09-01,pct_internacional,5_a_10,55,0.1926605504587156,109
202510,0,2025-10-01,pct_internacional,5_a_10,55,0.2222222222222222,117
202511,0,2025-11-01,pct_internacional,5_a_10,55,0.21495327102803738,107
202512,0,2025-12-01,pct_internacional,5_a_10,55,0.32323232323232326,99
202601,0,2026-01-01,pct_internacional,5_a_10,55,0.18,100
202602,0,2026-02-01,pct_internacional,5_a_10,55,0.2523364485981308,107
202603,0,2026-03-01,pct_internacional,5_a_10,55,0.2644230769230769,208
202604,0,2026-04-01,pct_internacional,5_a_10,55,0.2540983606557377,122
202605,0,2026-05-01,pct_internacional,5_a_10,55,0.2169811320754717,106
202606,0,2026-06-01,pct_internacional,5_a_10,55,0.1834862385321101,109
202607,0,2026-07-01,pct_internacional,5_a_10,55,0.21495327102803738,107
202307,0,2023-07-01,pct_internacional,acima_de_50,58,0.014778325123152709,203
202308,0,2023-08-01,pct_internacional,acima_de_50,58,0.018518518518518517,162
202309,0,2023-09-01,pct_internacional,acima_de_50,58,0.01639344262295082,122
202310,0,2023-10-01,pct_internacional,acima_de_50,58,0.011650485436893204,515
202311,0,2023-11-01,pct_internacional,acima_de_50,58,0.01662049861495845,361
202312,0,2023-12-01,pct_internacional,acima_de_50,58,0.007326007326007326,273
202401,0,2024-01-01,pct_internacional,acima_de_50,58,0,147
202402,0,2024-02-01,pct_internacional,acima_de_50,58,0.04225352112676056,142
202403,0,2024-03-01,pct_internacional,acima_de_50,58,0.007246376811594203,138
202404,0,2024-04-01,pct_internacional,acima_de_50,58,0.00816326530612245,245
202405,0,2024-05-01,pct_internacional,acima_de_50,58,0.01006036217303823,497
202406,0,2024-06-01,pct_internacional,acima_de_50,58,0.004424778761061947,226
202407,0,2024-07-01,pct_internacional,acima_de_50,58,0.017857142857142856,112
202408,0,2024-08-01,pct_internacional,acima_de_50,58,0.007352941176470588,408
202409,0,2024-09-01,pct_internacional,acima_de_50,58,0.006289308176100629,159
202410,0,2024-10-01,pct_internacional,acima_de_50,58,0.013245033112582781,151
202411,0,2024-11-01,pct_internacional,acima_de_50,58,0.012658227848101266,158
202412,0,2024-12-01,pct_internacional,acima_de_50,58,0.0070921985815602835,141
202501,0,2025-01-01,pct_internacional,acima_de_50,58,0.04154302670623145,337
202502,0,2025-02-01,pct_internacional,acima_de_50,58,0.018633540372670808,161
202503,0,2025-03-01,pct_internacional,acima_de_50,58,0.027777777777777776,180
202504,0,2025-04-01,pct_internacional,acima_de_50,58,0.050724637681159424,138
202505,0,2025-05-01,pct_internacional,acima_de_50,58,0.025423728813559324,118
202506,0,2025-06-01,pct_internacional,acima_de_50,58,0.01680672268907563,119
202507,0,2025-07-01,pct_internacional,acima_de_50,58,0.015503875968992248,129
202508,0,2025-08-01,pct_internacional,acima_de_50,58,0.0196078431372549,102
202509,0,2025-09-01,pct_internacional,acima_de_50,58,0.01834862385321101,109
202510,0,2025-10-01,pct_internacional,acima_de_50,58,0,117
202511,0,2025-11-01,pct_internacional,acima_de_50,58,0.018691588785046728,107
202512,0,2025-12-01,pct_internacional,acima_de_50,58,0,99
202601,0,2026-01-01,pct_internacional,acima_de_50,58,0.02,100
202602,0,2026-02-01,pct_internacional,acima_de_50,58,0.009345794392523364,107
202603,0,2026-03-01,pct_internacional,acima_de_50,58,0.014423076923076924,208
202604,0,2026-04-01,pct_internacional,acima_de_50,58,0.04918032786885246,122
202605,0,2026-05-01,pct_internacional,acima_de_50,58,0.018867924528301886,106
202606,0,2026-06-01,pct_internacional,acima_de_50,58,0.009174311926605505,109
202607,0,2026-07-01,pct_internacional,acima_de_50,58,0.037383177570093455,107
202002,0,2020-02-01,proximos_meses,nao_pretendem_alterar_seus_investimentos_em_renda_va,26,0.685,590
202002,1,2020-02-15,proximos_meses,nao_pretendem_alterar_seus_investimentos_em_renda_va,26,0.467,469
202003,0,2020-03-01,proximos_meses,nao_pretendem_alterar_seus_investimentos_em_renda_va,26,0.498,319
202004,0,2020-04-01,proximos_meses,nao_pretendem_alterar_seus_investimentos_em_renda_va,26,0.41,250
202005,0,2020-05-01,proximos_meses,nao_pretendem_alterar_seus_investimentos_em_renda_va,26,0.414,295
202006,0,2020-06-01,proximos_meses,nao_pretendem_alterar_seus_investimentos_em_renda_va,26,0.323,356
202007,0,2020-07-01,proximos_meses,nao_pretendem_alterar_seus_investimentos_em_renda_va,26,0.549,357
202008,0,2020-08-01,proximos_meses,nao_pretendem_alterar_seus_investimentos_em_renda_va,26,0.401,429
202009,0,2020-09-01,proximos_meses,nao_pretendem_alterar_seus_investimentos_em_renda_va,26,0.511,274
202010,0,2020-10-01,proximos_meses,nao_pretendem_alterar_seus_investimentos_em_renda_va,26,0.561,173
202011,0,2020-11-01,proximos_meses,nao_pretendem_alterar_seus_investimentos_em_renda_va,26,0.39,154
202101,0,2021-01-01,proximos_meses,nao_pretendem_alterar_seus_investimentos_em_renda_va,26,0.433,252
202102,0,2021-02-01,proximos_meses,nao_pretendem_alterar_seus_investimentos_em_renda_va,26,0.473,150
202103,0,2021-03-01,proximos_meses,nao_pretendem_alterar_seus_investimentos_em_renda_va,26,0.584,166
202104,0,2021-04-01,proximos_meses,nao_pretendem_alterar_seus_investimentos_em_renda_va,26,0.515,165
202105,0,2021-05-01,proximos_meses,nao_pretendem_alterar_seus_investimentos_em_renda_va,26,0.571,126
202106,0,2021-06-01,proximos_meses,nao_pretendem_alterar_seus_investimentos_em_renda_va,26,0.508,130
202107,0,2021-07-01,proximos_meses,nao_pretendem_alterar_seus_investimentos_em_renda_va,26,0.505,101
202108,0,2021-08-01,proximos_meses,nao_pretendem_alterar_seus_investimentos_em_renda_va,26,0.457,293
202109,0,2021-09-01,proximos_meses,nao_pretendem_alterar_seus_investimentos_em_renda_va,26,0.391,448
202110,0,2021-10-01,proximos_meses,nao_pretendem_alterar_seus_investimentos_em_renda_va,26,0.328,570
202111,0,2021-11-01,proximos_meses,nao_pretendem_alterar_seus_investimentos_em_renda_va,26,0.403,134
202201,0,2022-01-01,proximos_meses,nao_pretendem_alterar_seus_investimentos_em_renda_va,26,0.5,
202202,0,2022-02-01,proximos_meses,nao_pretendem_alterar_seus_investimentos_em_renda_va,26,0.588,
202203,0,2022-03-01,proximos_meses,nao_pretendem_alterar_seus_investimentos_em_renda_va,26,0.555,
202204,0,2022-04-01,proximos_meses,nao_pretendem_alterar_seus_investimentos_em_renda_va,26,0.62,
202205,0,2022-05-01,proximos_meses,nao_pretendem_alterar_seus_investimentos_em_renda_va,26,0.569,
202206,0,2022-06-01,proximos_meses,nao_pretendem_alterar_seus_investimentos_em_renda_va,26,0.5,
202207,0,2022-07-01,proximos_meses,nao_pretendem_alterar_seus_investimentos_em_renda_va,26,0.545,
202208,0,2022-08-01,proximos_meses,nao_pretendem_alterar_seus_investimentos_em_renda_va,26,0.602,
202209,0,2022-09-01,proximos_meses,nao_pretendem_alterar_seus_investimentos_em_renda_va,26,0.602,
202210,0,2022-10-01,proximos_meses,nao_pretendem_alterar_seus_investimentos_em_renda_va,26,0.565,
202211,0,2022-11-01,proximos_meses,nao_pretendem_alterar_seus_investimentos_em_renda_va,26,0.6837,
202212,0,2022-12-01,proximos_meses,nao_pretendem_alterar_seus_investimentos_em_renda_va,26,0.4634146341463415,
202301,0,2023-01-01,proximos_meses,nao_pretendem_alterar_seus_investimentos_em_renda_va,26,0.5119617224880383,
202302,0,2023-02-01,proximos_meses,nao_pretendem_alterar_seus_investimentos_em_renda_va,26,0.6105263157894737,190
202303,0,2023-03-01,proximos_meses,nao_pretendem_alterar_seus_investimentos_em_renda_va,26,0.52,
202304,0,2023-04-01,proximos_meses,nao_pretendem_alterar_seus_investimentos_em_renda_va,26,0.5961538461538461,156
202305,0,2023-05-01,proximos_meses,nao_pretendem_alterar_seus_investimentos_em_renda_va,26,0.5776,161
202306,0,2023-06-01,proximos_meses,nao_pretendem_alterar_seus_investimentos_em_renda_va,26,0.4692737430167598,178
202307,0,2023-07-01,proximos_meses,nao_pretendem_alterar_seus_investimentos_em_renda_va,26,0.3399014778325123,203
202308,0,2023-08-01,proximos_meses,nao_pretendem_alterar_seus_investimentos_em_renda_va,26,0.3395061728395062,162
202309,0,2023-09-01,proximos_meses,nao_pretendem_alterar_seus_investimentos_em_renda_va,26,0.45901639344262296,122
202310,0,2023-10-01,proximos_meses,nao_pretendem_alterar_seus_investimentos_em_renda_va,26,0.5029126213592233,515
202311,0,2023-11-01,proximos_meses,nao_pretendem_alterar_seus_investimentos_em_renda_va,26,0.4986149584487535,361
202312,0,2023-12-01,proximos_meses,nao_pretendem_alterar_seus_investimentos_em_renda_va,26,0.40293040293040294,273
202401,0,2024-01-01,proximos_meses,nao_pretendem_alterar_seus_investimentos_em_renda_va,26,0.32653061224489793,147
202402,0,2024-02-01,proximos_meses,nao_pretendem_alterar_seus_investimentos_em_renda_va,26,0.352112676056338,142
202403,0,2024-03-01,proximos_meses,nao_pretendem_alterar_seus_investimentos_em_renda_va,26,0.39855072463768115,138
202404,0,2024-04-01,proximos_meses,nao_pretendem_alterar_seus_investimentos_em_renda_va,26,0.5102040816326531,245
202405,0,2024-05-01,proximos_meses,nao_pretendem_alterar_seus_investimentos_em_renda_va,26,0.6116700201207244,497
202406,0,2024-06-01,proximos_meses,nao_pretendem_alterar_seus_investimentos_em_renda_va,26,0.6017699115044248,226
202407,0,2024-07-01,proximos_meses,nao_pretendem_alterar_seus_investimentos_em_renda_va,26,0.625,112
202408,0,2024-08-01,proximos_meses,nao_pretendem_alterar_seus_investimentos_em_renda_va,26,0.6470588235294118,408
202409,0,2024-09-01,proximos_meses,nao_pretendem_alterar_seus_investimentos_em_renda_va,26,0.6352201257861635,159
202410,0,2024-10-01,proximos_meses,nao_pretendem_alterar_seus_investimentos_em_renda_va,26,0.6688741721854304,151
202411,0,2024-11-01,proximos_meses,nao_pretendem_alterar_seus_investimentos_em_renda_va,26,0.6518987341772152,158
202412,0,2024-12-01,proximos_meses,nao_pretendem_alterar_seus_investimentos_em_renda_va,26,0.48226950354609927,141
202501,0,2025-01-01,proximos_meses,nao_pretendem_alterar_seus_investimentos_em_renda_va,26,0.5252225519287834,337
202502,0,2025-02-01,proximos_meses,nao_pretendem_alterar_seus_investimentos_em_renda_va,26,0.6335403726708074,161
202503,0,2025-03-01,proximos_meses,nao_pretendem_alterar_seus_investimentos_em_renda_va,26,0.6888888888888889,180
202504,0,2025-04-01,proximos_meses,nao_pretendem_alterar_seus_investimentos_em_renda_va,26,0.7028985507246377,138
202505,0,2025-05-01,proximos_meses,nao_pretendem_alterar_seus_investimentos_em_renda_va,26,0.6779661016949152,118
202506,0,2025-06-01,proximos_meses,nao_pretendem_alterar_seus_investimentos_em_renda_va,26,0.6722689075630253,119
202507,0,2025-07-01,proximos_meses,nao_pretendem_alterar_seus_investimentos_em_renda_va,26,0.5891472868217055,129
202508,0,2025-08-01,proximos_meses,nao_pretendem_alterar_seus_investimentos_em_renda_va,26,0.6372549019607843,102
202509,0,2025-09-01,proximos_meses,nao_pretendem_alterar_seus_investimentos_em_renda_va,26,0.6880733944954128,109
202510,0,2025-10-01,proximos_meses,nao_pretendem_alterar_seus_investimentos_em_renda_va,26,0.6068376068376068,117
202511,0,2025-11-01,proximos_meses,nao_pretendem_alterar_seus_investimentos_em_renda_va,26,0.616822429906542,107
202512,0,2025-12-01,proximos_meses,nao_pretendem_alterar_seus_investimentos_em_renda_va,26,0.5555555555555556,99
202601,0,2026-01-01,proximos_meses,nao_pretendem_alterar_seus_investimentos_em_renda_va,26,0.66,100
202602,0,2026-02-01,proximos_meses,nao_pretendem_alterar_seus_investimentos_em_renda_va,26,0.5794392523364486,107
202603,0,2026-03-01,proximos_meses,nao_pretendem_alterar_seus_investimentos_em_renda_va,26,0.5913461538461539,208
202604,0,2026-04-01,proximos_meses,nao_pretendem_alterar_seus_investimentos_em_renda_va,26,0.6311475409836066,122
202605,0,2026-05-01,proximos_meses,nao_pretendem_alterar_seus_investimentos_em_renda_va,26,0.7547169811320755,106
202606,0,2026-06-01,proximos_meses,nao_pretendem_alterar_seus_investimentos_em_renda_va,26,0.6880733944954128,109
202607,0,2026-07-01,proximos_meses,nao_pretendem_alterar_seus_investimentos_em_renda_va,26,0.6448598130841121,107
202002,0,2020-02-01,proximos_meses,planejam_aumentar_a_alocacao_em_renda_variavel,28,0.222,590
202002,1,2020-02-15,proximos_meses,planejam_aumentar_a_alocacao_em_renda_variavel,28,0.405,469
202003,0,2020-03-01,proximos_meses,planejam_aumentar_a_alocacao_em_renda_variavel,28,0.367,319
202004,0,2020-04-01,proximos_meses,planejam_aumentar_a_alocacao_em_renda_variavel,28,0.48,250
202005,0,2020-05-01,proximos_meses,planejam_aumentar_a_alocacao_em_renda_variavel,28,0.539,295
202006,0,2020-06-01,proximos_meses,planejam_aumentar_a_alocacao_em_renda_variavel,28,0.643,356
202007,0,2020-07-01,proximos_meses,planejam_aumentar_a_alocacao_em_renda_variavel,28,0.381,357
202008,0,2020-08-01,proximos_meses,planejam_aumentar_a_alocacao_em_renda_variavel,28,0.517,429
202009,0,2020-09-01,proximos_meses,planejam_aumentar_a_alocacao_em_renda_variavel,28,0.368,274
202010,0,2020-10-01,proximos_meses,planejam_aumentar_a_alocacao_em_renda_variavel,28,0.347,173
202011,0,2020-11-01,proximos_meses,planejam_aumentar_a_alocacao_em_renda_variavel,28,0.474,154
202101,0,2021-01-01,proximos_meses,planejam_aumentar_a_alocacao_em_renda_variavel,28,0.468,252
202102,0,2021-02-01,proximos_meses,planejam_aumentar_a_alocacao_em_renda_variavel,28,0.413,150
202103,0,2021-03-01,proximos_meses,planejam_aumentar_a_alocacao_em_renda_variavel,28,0.247,166
202104,0,2021-04-01,proximos_meses,planejam_aumentar_a_alocacao_em_renda_variavel,28,0.358,165
202105,0,2021-05-01,proximos_meses,planejam_aumentar_a_alocacao_em_renda_variavel,28,0.262,126
202106,0,2021-06-01,proximos_meses,planejam_aumentar_a_alocacao_em_renda_variavel,28,0.385,130
202107,0,2021-07-01,proximos_meses,planejam_aumentar_a_alocacao_em_renda_variavel,28,0.366,101
202108,0,2021-08-01,proximos_meses,planejam_aumentar_a_alocacao_em_renda_variavel,28,0.164,293
202109,0,2021-09-01,proximos_meses,planejam_aumentar_a_alocacao_em_renda_variavel,28,0.1,448
202110,0,2021-10-01,proximos_meses,planejam_aumentar_a_alocacao_em_renda_variavel,28,0.095,570
202111,0,2021-11-01,proximos_meses,planejam_aumentar_a_alocacao_em_renda_variavel,28,0.112,134
202201,0,2022-01-01,proximos_meses,planejam_aumentar_a_alocacao_em_renda_variavel,28,0.1,
202202,0,2022-02-01,proximos_meses,planejam_aumentar_a_alocacao_em_renda_variavel,28,0.13,
202203,0,2022-03-01,proximos_meses,planejam_aumentar_a_alocacao_em_renda_variavel,28,0.121,
202204,0,2022-04-01,proximos_meses,planejam_aumentar_a_alocacao_em_renda_variavel,28,0.1,
202205,0,2022-05-01,proximos_meses,planejam_aumentar_a_alocacao_em_renda_variavel,28,0.122,
202206,0,2022-06-01,proximos_meses,planejam_aumentar_a_alocacao_em_renda_variavel,28,0.12,
202207,0,2022-07-01,proximos_meses,planejam_aumentar_a_alocacao_em_renda_variavel,28,0.169,
202208,0,2022-08-01,proximos_meses,planejam_aumentar_a_alocacao_em_renda_variavel,28,0.165,
202209,0,2022-09-01,proximos_meses,planejam_aumentar_a_alocacao_em_renda_variavel,28,0.165,
202210,0,2022-10-01,proximos_meses,planejam_aumentar_a_alocacao_em_renda_variavel,28,0.335,
202211,0,2022-11-01,proximos_meses,planejam_aumentar_a_alocacao_em_renda_variavel,28,0.188,
202212,0,2022-12-01,proximos_meses,planejam_aumentar_a_alocacao_em_renda_variavel,28,0.13821138211382114,
202301,0,2023-01-01,proximos_meses,planejam_aumentar_a_alocacao_em_renda_variavel,28,0.15550239234449761,
202302,0,2023-02-01,proximos_meses,planejam_aumentar_a_alocacao_em_renda_variavel,28,0.1631578947368421,190
202303,0,2023-03-01,proximos_meses,planejam_aumentar_a_alocacao_em_renda_variavel,28,0.16,
202304,0,2023-04-01,proximos_meses,planejam_aumentar_a_alocacao_em_renda_variavel,28,0.1858974358974359,156
202305,0,2023-05-01,proximos_meses,planejam_aumentar_a_alocacao_em_renda_variavel,28,0.09316770186335403,161
202306,0,2023-06-01,proximos_meses,planejam_aumentar_a_alocacao_em_renda_variavel,28,0.49162011173184356,178
202307,0,2023-07-01,proximos_meses,planejam_aumentar_a_alocacao_em_renda_variavel,28,0.645320197044335,203
202308,0,2023-08-01,proximos_meses,planejam_aumentar_a_alocacao_em_renda_variavel,28,0.6419753086419753,162
202309,0,2023-09-01,proximos_meses,planejam_aumentar_a_alocacao_em_renda_variavel,28,0.5163934426229508,122
202310,0,2023-10-01,proximos_meses,planejam_aumentar_a_alocacao_em_renda_variavel,28,0.37475728155339805,515
202311,0,2023-11-01,proximos_meses,planejam_aumentar_a_alocacao_em_renda_variavel,28,0.40166204986149584,361
202312,0,2023-12-01,proximos_meses,planejam_aumentar_a_alocacao_em_renda_variavel,28,0.5787545787545788,273
202401,0,2024-01-01,proximos_meses,planejam_aumentar_a_alocacao_em_renda_variavel,28,0.6462585034013606,147
202402,0,2024-02-01,proximos_meses,planejam_aumentar_a_alocacao_em_renda_variavel,28,0.5563380281690141,142
202403,0,2024-03-01,proximos_meses,planejam_aumentar_a_alocacao_em_renda_variavel,28,0.572463768115942,138
202404,0,2024-04-01,proximos_meses,planejam_aumentar_a_alocacao_em_renda_variavel,28,0.45714285714285713,245
202405,0,2024-05-01,proximos_meses,planejam_aumentar_a_alocacao_em_renda_variavel,28,0.2655935613682093,497
202406,0,2024-06-01,proximos_meses,planejam_aumentar_a_alocacao_em_renda_variavel,28,0.1902654867256637,226
202407,0,2024-07-01,proximos_meses,planejam_aumentar_a_alocacao_em_renda_variavel,28,0.26785714285714285,112
202408,0,2024-08-01,proximos_meses,planejam_aumentar_a_alocacao_em_renda_variavel,28,0.25,408
202409,0,2024-09-01,proximos_meses,planejam_aumentar_a_alocacao_em_renda_variavel,28,0.2893081761006289,159
202410,0,2024-10-01,proximos_meses,planejam_aumentar_a_alocacao_em_renda_variavel,28,0.18543046357615894,151
202411,0,2024-11-01,proximos_meses,planejam_aumentar_a_alocacao_em_renda_variavel,28,0.16455696202531644,158
202412,0,2024-12-01,proximos_meses,planejam_aumentar_a_alocacao_em_renda_variavel,28,0.11347517730496454,141
202501,0,2025-01-01,proximos_meses,planejam_aumentar_a_alocacao_em_renda_variavel,28,0.17507418397626112,337
202502,0,2025-02-01,proximos_meses,planejam_aumentar_a_alocacao_em_renda_variavel,28,0.19875776397515527,161
202503,0,2025-03-01,proximos_meses,planejam_aumentar_a_alocacao_em_renda_variavel,28,0.16111111111111112,180
202504,0,2025-04-01,proximos_meses,planejam_aumentar_a_alocacao_em_renda_variavel,28,0.18115942028985507,138
202505,0,2025-05-01,proximos_meses,planejam_aumentar_a_alocacao_em_renda_variavel,28,0.2711864406779661,118
202506,0,2025-06-01,proximos_meses,planejam_aumentar_a_alocacao_em_renda_variavel,28,0.3025210084033613,119
202507,0,2025-07-01,proximos_meses,planejam_aumentar_a_alocacao_em_renda_variavel,28,0.34108527131782945,129
202508,0,2025-08-01,proximos_meses,planejam_aumentar_a_alocacao_em_renda_variavel,28,0.20588235294117646,102
202509,0,2025-09-01,proximos_meses,planejam_aumentar_a_alocacao_em_renda_variavel,28,0.22935779816513763,109
202510,0,2025-10-01,proximos_meses,planejam_aumentar_a_alocacao_em_renda_variavel,28,0.3162393162393162,117
202511,0,2025-11-01,proximos_meses,planejam_aumentar_a_alocacao_em_renda_variavel,28,0.2897196261682243,107
202512,0,2025-12-01,proximos_meses,planejam_aumentar_a_alocacao_em_renda_variavel,28,0.40404040404040403,99
202601,0,2026-01-01,proximos_meses,planejam_aumentar_a_alocacao_em_renda_variavel,28,0.31,100
202602,0,2026-02-01,proximos_meses,planejam_aumentar_a_alocacao_em_renda_variavel,28,0.32710280373831774,107
202603,0,2026-03-01,proximos_meses,planejam_aumentar_a_alocacao_em_renda_variavel,28,0.32211538461538464,208
202604,0,2026-04-01,proximos_meses,planejam_aumentar_a_alocacao_em_renda_variavel,28,0.28688524590163933,122
202605,0,2026-05-01,proximos_meses,planejam_aumentar_a_alocacao_em_renda_variavel,28,0.19811320754716982,106
202606,0,2026-06-01,proximos_meses,planejam_aumentar_a_alocacao_em_renda_variavel,28,0.2018348623853211,109
202607,0,2026-07-01,proximos_meses,planejam_aumentar_a_alocacao_em_renda_variavel,28,0.21495327102803738,107
202002,0,2020-02-01,proximos_meses,planejam_diminuir_a_alocacao_em_renda_variavel,27,0.093,590
202002,1,2020-02-15,proximos_meses,planejam_diminuir_a_alocacao_em_renda_variavel,27,0.128,469
202003,0,2020-03-01,proximos_meses,planejam_diminuir_a_alocacao_em_renda_variavel,27,0.135,319
202004,0,2020-04-01,proximos_meses,planejam_diminuir_a_alocacao_em_renda_variavel,27,0.1,250
202005,0,2020-05-01,proximos_meses,planejam_diminuir_a_alocacao_em_renda_variavel,27,0.047,295
202006,0,2020-06-01,proximos_meses,planejam_diminuir_a_alocacao_em_renda_variavel,27,0.034,356
202007,0,2020-07-01,proximos_meses,planejam_diminuir_a_alocacao_em_renda_variavel,27,0.07,357
202008,0,2020-08-01,proximos_meses,planejam_diminuir_a_alocacao_em_renda_variavel,27,0.082,429
202009,0,2020-09-01,proximos_meses,planejam_diminuir_a_alocacao_em_renda_variavel,27,0.121,274
202010,0,2020-10-01,proximos_meses,planejam_diminuir_a_alocacao_em_renda_variavel,27,0.092,173
202011,0,2020-11-01,proximos_meses,planejam_diminuir_a_alocacao_em_renda_variavel,27,0.136,154
202101,0,2021-01-01,proximos_meses,planejam_diminuir_a_alocacao_em_renda_variavel,27,0.099,252
202102,0,2021-02-01,proximos_meses,planejam_diminuir_a_alocacao_em_renda_variavel,27,0.113,150
202103,0,2021-03-01,proximos_meses,planejam_diminuir_a_alocacao_em_renda_variavel,27,0.169,166
202104,0,2021-04-01,proximos_meses,planejam_diminuir_a_alocacao_em_renda_variavel,27,0.127,165
202105,0,2021-05-01,proximos_meses,planejam_diminuir_a_alocacao_em_renda_variavel,27,0.167,126
202106,0,2021-06-01,proximos_meses,planejam_diminuir_a_alocacao_em_renda_variavel,27,0.108,130
202107,0,2021-07-01,proximos_meses,planejam_diminuir_a_alocacao_em_renda_variavel,27,0.129,101
202108,0,2021-08-01,proximos_meses,planejam_diminuir_a_alocacao_em_renda_variavel,27,0.379,293
202109,0,2021-09-01,proximos_meses,planejam_diminuir_a_alocacao_em_renda_variavel,27,0.507,448
202110,0,2021-10-01,proximos_meses,planejam_diminuir_a_alocacao_em_renda_variavel,27,0.577,570
202111,0,2021-11-01,proximos_meses,planejam_diminuir_a_alocacao_em_renda_variavel,27,0.485,134
202201,0,2022-01-01,proximos_meses,planejam_diminuir_a_alocacao_em_renda_variavel,27,0.4,
202202,0,2022-02-01,proximos_meses,planejam_diminuir_a_alocacao_em_renda_variavel,27,0.284,
202203,0,2022-03-01,proximos_meses,planejam_diminuir_a_alocacao_em_renda_variavel,27,0.324,
202204,0,2022-04-01,proximos_meses,planejam_diminuir_a_alocacao_em_renda_variavel,27,0.28,
202205,0,2022-05-01,proximos_meses,planejam_diminuir_a_alocacao_em_renda_variavel,27,0.31,
202206,0,2022-06-01,proximos_meses,planejam_diminuir_a_alocacao_em_renda_variavel,27,0.38,
202207,0,2022-07-01,proximos_meses,planejam_diminuir_a_alocacao_em_renda_variavel,27,0.286,
202208,0,2022-08-01,proximos_meses,planejam_diminuir_a_alocacao_em_renda_variavel,27,0.234,
202209,0,2022-09-01,proximos_meses,planejam_diminuir_a_alocacao_em_renda_variavel,27,0.234,
202210,0,2022-10-01,proximos_meses,planejam_diminuir_a_alocacao_em_renda_variavel,27,0.1,
202211,0,2022-11-01,proximos_meses,planejam_diminuir_a_alocacao_em_renda_variavel,27,0.1282,
202212,0,2022-12-01,proximos_meses,planejam_diminuir_a_alocacao_em_renda_variavel,27,0.3983739837398374,
202301,0,2023-01-01,proximos_meses,planejam_diminuir_a_alocacao_em_renda_variavel,27,0.33253588516746413,
202302,0,2023-02-01,proximos_meses,planejam_diminuir_a_alocacao_em_renda_variavel,27,0.22631578947368422,190
202303,0,2023-03-01,proximos_meses,planejam_diminuir_a_alocacao_em_renda_variavel,27,0.32,
202304,0,2023-04-01,proximos_meses,planejam_diminuir_a_alocacao_em_renda_variavel,27,0.21794871794871795,156
202305,0,2023-05-01,proximos_meses,planejam_diminuir_a_alocacao_em_renda_variavel,27,0.32919254658385094,161
202306,0,2023-06-01,proximos_meses,planejam_diminuir_a_alocacao_em_renda_variavel,27,0.03910614525139665,178
202307,0,2023-07-01,proximos_meses,planejam_diminuir_a_alocacao_em_renda_variavel,27,0.014778325123152709,203
202308,0,2023-08-01,proximos_meses,planejam_diminuir_a_alocacao_em_renda_variavel,27,0.018518518518518517,162
202309,0,2023-09-01,proximos_meses,planejam_diminuir_a_alocacao_em_renda_variavel,27,0.02459016393442623,122
202310,0,2023-10-01,proximos_meses,planejam_diminuir_a_alocacao_em_renda_variavel,27,0.12233009708737864,515
202311,0,2023-11-01,proximos_meses,planejam_diminuir_a_alocacao_em_renda_variavel,27,0.0997229916897507,361
202312,0,2023-12-01,proximos_meses,planejam_diminuir_a_alocacao_em_renda_variavel,27,0.018315018315018316,273
202401,0,2024-01-01,proximos_meses,planejam_diminuir_a_alocacao_em_renda_variavel,27,0.027210884353741496,147
202402,0,2024-02-01,proximos_meses,planejam_diminuir_a_alocacao_em_renda_variavel,27,0.09154929577464789,142
202403,0,2024-03-01,proximos_meses,planejam_diminuir_a_alocacao_em_renda_variavel,27,0.028985507246376812,138
202404,0,2024-04-01,proximos_meses,planejam_diminuir_a_alocacao_em_renda_variavel,27,0.0326530612244898,245
202405,0,2024-05-01,proximos_meses,planejam_diminuir_a_alocacao_em_renda_variavel,27,0.1227364185110664,497
202406,0,2024-06-01,proximos_meses,planejam_diminuir_a_alocacao_em_renda_variavel,27,0.2079646017699115,226
202407,0,2024-07-01,proximos_meses,planejam_diminuir_a_alocacao_em_renda_variavel,27,0.10714285714285714,112
202408,0,2024-08-01,proximos_meses,planejam_diminuir_a_alocacao_em_renda_variavel,27,0.10294117647058823,408
202409,0,2024-09-01,proximos_meses,planejam_diminuir_a_alocacao_em_renda_variavel,27,0.07547169811320754,159
202410,0,2024-10-01,proximos_meses,planejam_diminuir_a_alocacao_em_renda_variavel,27,0.1456953642384106,151
202411,0,2024-11-01,proximos_meses,planejam_diminuir_a_alocacao_em_renda_variavel,27,0.18354430379746836,158
202412,0,2024-12-01,proximos_meses,planejam_diminuir_a_alocacao_em_renda_variavel,27,0.40425531914893614,141
202501,0,2025-01-01,proximos_meses,planejam_diminuir_a_alocacao_em_renda_variavel,27,0.2997032640949555,337
202502,0,2025-02-01,proximos_meses,planejam_diminuir_a_alocacao_em_renda_variavel,27,0.16770186335403728,161
202503,0,2025-03-01,proximos_meses,planejam_diminuir_a_alocacao_em_renda_variavel,27,0.15,180
202504,0,2025-04-01,proximos_meses,planejam_diminuir_a_alocacao_em_renda_variavel,27,0.11594202898550725,138
202505,0,2025-05-01,proximos_meses,planejam_diminuir_a_alocacao_em_renda_variavel,27,0.05084745762711865,118
202506,0,2025-06-01,proximos_meses,planejam_diminuir_a_alocacao_em_renda_variavel,27,0.025210084033613446,119
202507,0,2025-07-01,proximos_meses,planejam_diminuir_a_alocacao_em_renda_variavel,27,0.06976744186046512,129
202508,0,2025-08-01,proximos_meses,planejam_diminuir_a_alocacao_em_renda_variavel,27,0.1568627450980392,102
202509,0,2025-09-01,proximos_meses,planejam_diminuir_a_alocacao_em_renda_variavel,27,0.08256880733944955,109
202510,0,2025-10-01,proximos_meses,planejam_diminuir_a_alocacao_em_renda_variavel,27,0.07692307692307693,117
202511,0,2025-11-01,proximos_meses,planejam_diminuir_a_alocacao_em_renda_variavel,27,0.09345794392523364,107
202512,0,2025-12-01,proximos_meses,planejam_diminuir_a_alocacao_em_renda_variavel,27,0.04040404040404041,99
202601,0,2026-01-01,proximos_meses,planejam_diminuir_a_alocacao_em_renda_variavel,27,0.03,100
202602,0,2026-02-01,proximos_meses,planejam_diminuir_a_alocacao_em_renda_variavel,27,0.09345794392523364,107
202603,0,2026-03-01,proximos_meses,planejam_diminuir_a_alocacao_em_renda_variavel,27,0.08653846153846154,208
202604,0,2026-04-01,proximos_meses,planejam_diminuir_a_alocacao_em_renda_variavel,27,0.08196721311475409,122
202605,0,2026-05-01,proximos_meses,planejam_diminuir_a_alocacao_em_renda_variavel,27,0.04716981132075472,106
202606,0,2026-06-01,proximos_meses,planejam_diminuir_a_alocacao_em_renda_variavel,27,0.11009174311926606,109
202607,0,2026-07-01,proximos_meses,planejam_diminuir_a_alocacao_em_renda_variavel,27,0.14018691588785046,107
202306,0,2023-06-01,regiao,centro_oeste,8,0.04,178
202307,0,2023-07-01,regiao,centro_oeste,8,0.034482758620689655,203
202308,0,2023-08-01,regiao,centro_oeste,8,0.05555555555555555,162
202309,0,2023-09-01,regiao,centro_oeste,8,0.08196721311475409,122
202310,0,2023-10-01,regiao,centro_oeste,8,0.06407766990291262,515
202311,0,2023-11-01,regiao,centro_oeste,8,0.06371191135734072,361
202312,0,2023-12-01,regiao,centro_oeste,8,0.04395604395604396,273
202401,0,2024-01-01,regiao,centro_oeste,8,0.05442176870748299,147
202402,0,2024-02-01,regiao,centro_oeste,8,0.09154929577464789,142
202403,0,2024-03-01,regiao,centro_oeste,8,0.057971014492753624,138
202404,0,2024-04-01,regiao,centro_oeste,8,0.08163265306122448,245
202405,0,2024-05-01,regiao,centro_oeste,8,0.05432595573440644,497
202406,0,2024-06-01,regiao,centro_oeste,8,0.030973451327433628,226
202407,0,2024-07-01,regiao,centro_oeste,8,0.026785714285714284,112
202408,0,2024-08-01,regiao,centro_oeste,8,0.051470588235294115,408
202409,0,2024-09-01,regiao,centro_oeste,8,0.03773584905660377,159
202410,0,2024-10-01,regiao,centro_oeste,8,0.019867549668874173,151
202411,0,2024-11-01,regiao,centro_oeste,8,0.05063291139240506,158
202412,0,2024-12-01,regiao,centro_oeste,8,0.05673758865248227,141
202501,0,2025-01-01,regiao,centro_oeste,8,0.04747774480712166,337
202502,0,2025-02-01,regiao,centro_oeste,8,0.031055900621118012,161
202503,0,2025-03-01,regiao,centro_oeste,8,0.06111111111111111,180
202504,0,2025-04-01,regiao,centro_oeste,8,0.021739130434782608,138
202505,0,2025-05-01,regiao,centro_oeste,8,0.01694915254237288,118
202506,0,2025-06-01,regiao,centro_oeste,8,0.03361344537815126,119
202507,0,2025-07-01,regiao,centro_oeste,8,0.03875968992248062,129
202508,0,2025-08-01,regiao,centro_oeste,8,0.049019607843137254,102
202509,0,2025-09-01,regiao,centro_oeste,8,0.027522935779816515,109
202510,0,2025-10-01,regiao,centro_oeste,8,0.05982905982905983,117
202511,0,2025-11-01,regiao,centro_oeste,8,0.028037383177570093,107
202512,0,2025-12-01,regiao,centro_oeste,8,0.09090909090909091,99
202601,0,2026-01-01,regiao,centro_oeste,8,0.03,100
202602,0,2026-02-01,regiao,centro_oeste,8,0.028037383177570093,107
202603,0,2026-03-01,regiao,centro_oeste,8,0.057692307692307696,208
202604,0,2026-04-01,regiao,centro_oeste,8,0.06557377049180328,122
202605,0,2026-05-01,regiao,centro_oeste,8,0.04716981132075472,106
202606,0,2026-06-01,regiao,centro_oeste,8,0.01834862385321101,109
202607,0,2026-07-01,regiao,centro_oeste,8,0.028037383177570093,107
202306,0,2023-06-01,regiao,nordeste,9,0.05,178
202307,0,2023-07-01,regiao,nordeste,9,0.034482758620689655,203
202308,0,2023-08-01,regiao,nordeste,9,0.030864197530864196,162
202309,0,2023-09-01,regiao,nordeste,9,0.040983606557377046,122
202310,0,2023-10-01,regiao,nordeste,9,0.06990291262135923,515
202311,0,2023-11-01,regiao,nordeste,9,0.04986149584487535,361
202312,0,2023-12-01,regiao,nordeste,9,0.06593406593406594,273
202401,0,2024-01-01,regiao,nordeste,9,0.09523809523809523,147
202402,0,2024-02-01,regiao,nordeste,9,0.06338028169014084,142
202403,0,2024-03-01,regiao,nordeste,9,0.07971014492753623,138
202404,0,2024-04-01,regiao,nordeste,9,0.08979591836734693,245
202405,0,2024-05-01,regiao,nordeste,9,0.07847082494969819,497
202406,0,2024-06-01,regiao,nordeste,9,0.07964601769911504,226
202407,0,2024-07-01,regiao,nordeste,9,0.05357142857142857,112
202408,0,2024-08-01,regiao,nordeste,9,0.06862745098039216,408
202409,0,2024-09-01,regiao,nordeste,9,0.03773584905660377,159
202410,0,2024-10-01,regiao,nordeste,9,0.10596026490066225,151
202411,0,2024-11-01,regiao,nordeste,9,0.10126582278481013,158
202412,0,2024-12-01,regiao,nordeste,9,0.05673758865248227,141
202501,0,2025-01-01,regiao,nordeste,9,0.10682492581602374,337
202502,0,2025-02-01,regiao,nordeste,9,0.11180124223602485,161
202503,0,2025-03-01,regiao,nordeste,9,0.07222222222222222,180
202504,0,2025-04-01,regiao,nordeste,9,0.07246376811594203,138
202505,0,2025-05-01,regiao,nordeste,9,0.11016949152542373,118
202506,0,2025-06-01,regiao,nordeste,9,0.08403361344537816,119
202507,0,2025-07-01,regiao,nordeste,9,0.09302325581395349,129
202508,0,2025-08-01,regiao,nordeste,9,0.08823529411764706,102
202509,0,2025-09-01,regiao,nordeste,9,0.10091743119266056,109
202510,0,2025-10-01,regiao,nordeste,9,0.08547008547008547,117
202511,0,2025-11-01,regiao,nordeste,9,0.08411214953271028,107
202512,0,2025-12-01,regiao,nordeste,9,0.09090909090909091,99
202601,0,2026-01-01,regiao,nordeste,9,0.08,100
202602,0,2026-02-01,regiao,nordeste,9,0.07476635514018691,107
202603,0,2026-03-01,regiao,nordeste,9,0.08653846153846154,208
202604,0,2026-04-01,regiao,nordeste,9,0.11475409836065574,122
202605,0,2026-05-01,regiao,nordeste,9,0.1320754716981132,106
202606,0,2026-06-01,regiao,nordeste,9,0.14678899082568808,109
202607,0,2026-07-01,regiao,nordeste,9,0.1308411214953271,107
202306,0,2023-06-01,regiao,norte,10,0.0056179775280898875,178
202307,0,2023-07-01,regiao,norte,10,0.019704433497536946,203
202308,0,2023-08-01,regiao,norte,10,0.024691358024691357,162
202309,0,2023-09-01,regiao,norte,10,0.00819672131147541,122
202310,0,2023-10-01,regiao,norte,10,0.005825242718446602,515
202311,0,2023-11-01,regiao,norte,10,0.013850415512465374,361
202312,0,2023-12-01,regiao,norte,10,0.01098901098901099,273
202401,0,2024-01-01,regiao,norte,10,0,147
202402,0,2024-02-01,regiao,norte,10,0,142
202403,0,2024-03-01,regiao,norte,10,0,138
202404,0,2024-04-01,regiao,norte,10,0.012244897959183673,245
202405,0,2024-05-01,regiao,norte,10,0.014084507042253521,497
202406,0,2024-06-01,regiao,norte,10,0.004424778761061947,226
202407,0,2024-07-01,regiao,norte,10,0.017857142857142856,112
202408,0,2024-08-01,regiao,norte,10,0.00980392156862745,408
202409,0,2024-09-01,regiao,norte,10,0.012578616352201259,159
202410,0,2024-10-01,regiao,norte,10,0.006622516556291391,151
202411,0,2024-11-01,regiao,norte,10,0.006329113924050633,158
202412,0,2024-12-01,regiao,norte,10,0.0070921985815602835,141
202501,0,2025-01-01,regiao,norte,10,0.02373887240356083,337
202502,0,2025-02-01,regiao,norte,10,0.006211180124223602,161
202503,0,2025-03-01,regiao,norte,10,0.005555555555555556,180
202504,0,2025-04-01,regiao,norte,10,0.014492753623188406,138
202505,0,2025-05-01,regiao,norte,10,0,118
202506,0,2025-06-01,regiao,norte,10,0,119
202507,0,2025-07-01,regiao,norte,10,0.007751937984496124,129
202508,0,2025-08-01,regiao,norte,10,0,102
202509,0,2025-09-01,regiao,norte,10,0.009174311926605505,109
202510,0,2025-10-01,regiao,norte,10,0,117
202511,0,2025-11-01,regiao,norte,10,0.009345794392523364,107
202512,0,2025-12-01,regiao,norte,10,0,99
202601,0,2026-01-01,regiao,norte,10,0,100
202602,0,2026-02-01,regiao,norte,10,0.028037383177570093,107
202603,0,2026-03-01,regiao,norte,10,0,208
202604,0,2026-04-01,regiao,norte,10,0,122
202605,0,2026-05-01,regiao,norte,10,0,106
202606,0,2026-06-01,regiao,norte,10,0,109
202607,0,2026-07-01,regiao,norte,10,0,107
202306,0,2023-06-01,regiao,sudeste,11,0.69,178
202307,0,2023-07-01,regiao,sudeste,11,0.7192118226600985,203
202308,0,2023-08-01,regiao,sudeste,11,0.7222222222222222,162
202309,0,2023-09-01,regiao,sudeste,11,0.7295081967213115,122
202310,0,2023-10-01,regiao,sudeste,11,0.6446601941747573,515
202311,0,2023-11-01,regiao,sudeste,11,0.6980609418282548,361
202312,0,2023-12-01,regiao,sudeste,11,0.6410256410256411,273
202401,0,2024-01-01,regiao,sudeste,11,0.673469387755102,147
202402,0,2024-02-01,regiao,sudeste,11,0.647887323943662,142
202403,0,2024-03-01,regiao,sudeste,11,0.6376811594202898,138
202404,0,2024-04-01,regiao,sudeste,11,0.6612244897959184,245
202405,0,2024-05-01,regiao,sudeste,11,0.6639839034205232,497
202406,0,2024-06-01,regiao,sudeste,11,0.6504424778761062,226
202407,0,2024-07-01,regiao,sudeste,11,0.7232142857142857,112
202408,0,2024-08-01,regiao,sudeste,11,0.6715686274509803,408
202409,0,2024-09-01,regiao,sudeste,11,0.7421383647798742,159
202410,0,2024-10-01,regiao,sudeste,11,0.7218543046357616,151
202411,0,2024-11-01,regiao,sudeste,11,0.7025316455696202,158
202412,0,2024-12-01,regiao,sudeste,11,0.723404255319149,141
202501,0,2025-01-01,regiao,sudeste,11,0.6083086053412463,337
202502,0,2025-02-01,regiao,sudeste,11,0.6956521739130435,161
202503,0,2025-03-01,regiao,sudeste,11,0.6555555555555556,180
202504,0,2025-04-01,regiao,sudeste,11,0.7028985507246377,138
202505,0,2025-05-01,regiao,sudeste,11,0.7288135593220338,118
202506,0,2025-06-01,regiao,sudeste,11,0.6974789915966386,119
202507,0,2025-07-01,regiao,sudeste,11,0.6589147286821705,129
202508,0,2025-08-01,regiao,sudeste,11,0.6372549019607843,102
202509,0,2025-09-01,regiao,sudeste,11,0.5963302752293578,109
202510,0,2025-10-01,regiao,sudeste,11,0.6923076923076923,117
202511,0,2025-11-01,regiao,sudeste,11,0.7009345794392523,107
202512,0,2025-12-01,regiao,sudeste,11,0.6666666666666666,99
202601,0,2026-01-01,regiao,sudeste,11,0.75,100
202602,0,2026-02-01,regiao,sudeste,11,0.7102803738317757,107
202603,0,2026-03-01,regiao,sudeste,11,0.6442307692307693,208
202604,0,2026-04-01,regiao,sudeste,11,0.6475409836065574,122
202605,0,2026-05-01,regiao,sudeste,11,0.5849056603773585,106
202606,0,2026-06-01,regiao,sudeste,11,0.6972477064220184,109
202607,0,2026-07-01,regiao,sudeste,11,0.5700934579439252,107
202306,0,2023-06-01,regiao,sul,12,0.21,178
202307,0,2023-07-01,regiao,sul,12,0.1921182266009852,203
202308,0,2023-08-01,regiao,sul,12,0.16666666666666666,162
202309,0,2023-09-01,regiao,sul,12,0.13934426229508196,122
202310,0,2023-10-01,regiao,sul,12,0.21553398058252426,515
202311,0,2023-11-01,regiao,sul,12,0.1745152354570637,361
202312,0,2023-12-01,regiao,sul,12,0.23809523809523808,273
202401,0,2024-01-01,regiao,sul,12,0.17687074829931973,147
202402,0,2024-02-01,regiao,sul,12,0.19718309859154928,142
202403,0,2024-03-01,regiao,sul,12,0.2246376811594203,138
202404,0,2024-04-01,regiao,sul,12,0.15510204081632653,245
202405,0,2024-05-01,regiao,sul,12,0.18108651911468812,497
202406,0,2024-06-01,regiao,sul,12,0.22123893805309736,226
202407,0,2024-07-01,regiao,sul,12,0.17857142857142858,112
202408,0,2024-08-01,regiao,sul,12,0.19362745098039216,408
202409,0,2024-09-01,regiao,sul,12,0.16981132075471697,159
202410,0,2024-10-01,regiao,sul,12,0.1390728476821192,151
202411,0,2024-11-01,regiao,sul,12,0.13924050632911392,158
202412,0,2024-12-01,regiao,sul,12,0.14893617021276595,141
202501,0,2025-01-01,regiao,sul,12,0.20474777448071216,337
202502,0,2025-02-01,regiao,sul,12,0.14906832298136646,161
202503,0,2025-03-01,regiao,sul,12,0.18888888888888888,180
202504,0,2025-04-01,regiao,sul,12,0.18840579710144928,138
202505,0,2025-05-01,regiao,sul,12,0.1440677966101695,118
202506,0,2025-06-01,regiao,sul,12,0.16806722689075632,119
202507,0,2025-07-01,regiao,sul,12,0.20155038759689922,129
202508,0,2025-08-01,regiao,sul,12,0.21568627450980393,102
202509,0,2025-09-01,regiao,sul,12,0.24770642201834864,109
202510,0,2025-10-01,regiao,sul,12,0.15384615384615385,117
202511,0,2025-11-01,regiao,sul,12,0.17757009345794392,107
202512,0,2025-12-01,regiao,sul,12,0.1414141414141414,99
202601,0,2026-01-01,regiao,sul,12,0.14,100
202602,0,2026-02-01,regiao,sul,12,0.1588785046728972,107
202603,0,2026-03-01,regiao,sul,12,0.21153846153846154,208
202604,0,2026-04-01,regiao,sul,12,0.1721311475409836,122
202605,0,2026-05-01,regiao,sul,12,0.2358490566037736,106
202606,0,2026-06-01,regiao,sul,12,0.13761467889908258,109
202607,0,2026-07-01,regiao,sul,12,0.14018691588785046,107
202604,0,2026-04-01,riscos_bolsa,choque_do_petroleo,187,0.3114754098360656,122
202605,0,2026-05-01,riscos_bolsa,choque_do_petroleo,187,0.1320754716981132,106
202606,0,2026-06-01,riscos_bolsa,choque_do_petroleo,187,0.09174311926605505,109
202607,0,2026-07-01,riscos_bolsa,choque_do_petroleo,187,0.1588785046728972,107
202307,0,2023-07-01,riscos_bolsa,crescimento_economico_fraco_na_china,169,0.12315270935960591,203
202308,0,2023-08-01,riscos_bolsa,crescimento_economico_fraco_na_china,169,0.13580246913580246,162
202309,0,2023-09-01,riscos_bolsa,crescimento_economico_fraco_na_china,169,0.13114754098360656,122
202310,0,2023-10-01,riscos_bolsa,crescimento_economico_fraco_na_china,169,0.03300970873786408,515
202311,0,2023-11-01,riscos_bolsa,crescimento_economico_fraco_na_china,169,0.04709141274238227,361
202312,0,2023-12-01,riscos_bolsa,crescimento_economico_fraco_na_china,169,0.040293040293040296,273
202401,0,2024-01-01,riscos_bolsa,crescimento_economico_fraco_na_china,169,0.034013605442176874,147
202402,0,2024-02-01,riscos_bolsa,crescimento_economico_fraco_na_china,169,0.056338028169014086,142
202403,0,2024-03-01,riscos_bolsa,crescimento_economico_fraco_na_china,169,0.06521739130434782,138
202404,0,2024-04-01,riscos_bolsa,crescimento_economico_fraco_na_china,169,0.0653061224489796,245
202405,0,2024-05-01,riscos_bolsa,crescimento_economico_fraco_na_china,169,0.014084507042253521,497
202406,0,2024-06-01,riscos_bolsa,crescimento_economico_fraco_na_china,169,0.004424778761061947,226
202407,0,2024-07-01,riscos_bolsa,crescimento_economico_fraco_na_china,169,0,112
202408,0,2024-08-01,riscos_bolsa,crescimento_economico_fraco_na_china,169,0.0024509803921568627,408
202409,0,2024-09-01,riscos_bolsa,crescimento_economico_fraco_na_china,169,0.03773584905660377,159
202410,0,2024-10-01,riscos_bolsa,crescimento_economico_fraco_na_china,169,0.019867549668874173,151
202411,0,2024-11-01,riscos_bolsa,crescimento_economico_fraco_na_china,169,0.012658227848101266,158
202412,0,2024-12-01,riscos_bolsa,crescimento_economico_fraco_na_china,169,0.0070921985815602835,141
202501,0,2025-01-01,riscos_bolsa,crescimento_economico_fraco_na_china,169,0.008902077151335312,337
202502,0,2025-02-01,riscos_bolsa,crescimento_economico_fraco_na_china,169,0,161
202503,0,2025-03-01,riscos_bolsa,crescimento_economico_fraco_na_china,169,0,180
202504,0,2025-04-01,riscos_bolsa,crescimento_economico_fraco_na_china,169,0.021739130434782608,138
202505,0,2025-05-01,riscos_bolsa,crescimento_economico_fraco_na_china,169,0.025423728813559324,118
202506,0,2025-06-01,riscos_bolsa,crescimento_economico_fraco_na_china,169,0.008403361344537815,119
202507,0,2025-07-01,riscos_bolsa,crescimento_economico_fraco_na_china,169,0.023255813953488372,129
202508,0,2025-08-01,riscos_bolsa,crescimento_economico_fraco_na_china,169,0,102
202509,0,2025-09-01,riscos_bolsa,crescimento_economico_fraco_na_china,169,0,109
202510,0,2025-10-01,riscos_bolsa,crescimento_economico_fraco_na_china,169,0.008547008547008548,117
202511,0,2025-11-01,riscos_bolsa,crescimento_economico_fraco_na_china,169,0.009345794392523364,107
202512,0,2025-12-01,riscos_bolsa,crescimento_economico_fraco_na_china,169,0.010101010101010102,99
202601,0,2026-01-01,riscos_bolsa,crescimento_economico_fraco_na_china,169,0,100
202602,0,2026-02-01,riscos_bolsa,crescimento_economico_fraco_na_china,169,0,107
202603,0,2026-03-01,riscos_bolsa,crescimento_economico_fraco_na_china,169,0.004807692307692308,208
202604,0,2026-04-01,riscos_bolsa,crescimento_economico_fraco_na_china,169,0,122
202605,0,2026-05-01,riscos_bolsa,crescimento_economico_fraco_na_china,169,0,106
202606,0,2026-06-01,riscos_bolsa,crescimento_economico_fraco_na_china,169,0,109
202607,0,2026-07-01,riscos_bolsa,crescimento_economico_fraco_na_china,169,0,107
202604,0,2026-04-01,riscos_bolsa,desaceleracao_economica_global,180,0.22950819672131148,122
202605,0,2026-05-01,riscos_bolsa,desaceleracao_economica_global,180,0.18867924528301888,106
202606,0,2026-06-01,riscos_bolsa,desaceleracao_economica_global,180,0.13761467889908258,109
202607,0,2026-07-01,riscos_bolsa,desaceleracao_economica_global,180,0.1588785046728972,107
202307,0,2023-07-01,riscos_bolsa,dolar_mais_alto,175,0.0049261083743842365,203
202308,0,2023-08-01,riscos_bolsa,dolar_mais_alto,175,0.006172839506172839,162
202309,0,2023-09-01,riscos_bolsa,dolar_mais_alto,175,0,122
202310,0,2023-10-01,riscos_bolsa,dolar_mais_alto,175,0.017475728155339806,515
202311,0,2023-11-01,riscos_bolsa,dolar_mais_alto,175,0.00554016620498615,361
202312,0,2023-12-01,riscos_bolsa,dolar_mais_alto,175,0.003663003663003663,273
202401,0,2024-01-01,riscos_bolsa,dolar_mais_alto,175,0,147
202402,0,2024-02-01,riscos_bolsa,dolar_mais_alto,175,0.007042253521126761,142
202403,0,2024-03-01,riscos_bolsa,dolar_mais_alto,175,0.021739130434782608,138
202404,0,2024-04-01,riscos_bolsa,dolar_mais_alto,175,0.00816326530612245,245
202405,0,2024-05-01,riscos_bolsa,dolar_mais_alto,175,0.008048289738430584,497
202406,0,2024-06-01,riscos_bolsa,dolar_mais_alto,175,0.008849557522123894,226
202407,0,2024-07-01,riscos_bolsa,dolar_mais_alto,175,0.03571428571428571,112
202408,0,2024-08-01,riscos_bolsa,dolar_mais_alto,175,0.01715686274509804,408
202409,0,2024-09-01,riscos_bolsa,dolar_mais_alto,175,0.018867924528301886,159
202410,0,2024-10-01,riscos_bolsa,dolar_mais_alto,175,0.006622516556291391,151
202411,0,2024-11-01,riscos_bolsa,dolar_mais_alto,175,0.012658227848101266,158
202412,0,2024-12-01,riscos_bolsa,dolar_mais_alto,175,0.02127659574468085,141
202501,0,2025-01-01,riscos_bolsa,dolar_mais_alto,175,0.011869436201780416,337
202502,0,2025-02-01,riscos_bolsa,dolar_mais_alto,175,0.006211180124223602,161
202503,0,2025-03-01,riscos_bolsa,dolar_mais_alto,175,0.005555555555555556,180
202504,0,2025-04-01,riscos_bolsa,dolar_mais_alto,175,0,138
202505,0,2025-05-01,riscos_bolsa,dolar_mais_alto,175,0,118
202506,0,2025-06-01,riscos_bolsa,dolar_mais_alto,175,0,119
202507,0,2025-07-01,riscos_bolsa,dolar_mais_alto,175,0,129
202508,0,2025-08-01,riscos_bolsa,dolar_mais_alto,175,0,102
202509,0,2025-09-01,riscos_bolsa,dolar_mais_alto,175,0.009174311926605505,109
202510,0,2025-10-01,riscos_bolsa,dolar_mais_alto,175,0,117
202511,0,2025-11-01,riscos_bolsa,dolar_mais_alto,175,0,107
202512,0,2025-12-01,riscos_bolsa,dolar_mais_alto,175,0,99
202601,0,2026-01-01,riscos_bolsa,dolar_mais_alto,175,0.02,100
202602,0,2026-02-01,riscos_bolsa,dolar_mais_alto,175,0,107
202603,0,2026-03-01,riscos_bolsa,dolar_mais_alto,175,0,208
202604,0,2026-04-01,riscos_bolsa,dolar_mais_alto,175,0.08196721311475409,122
202605,0,2026-05-01,riscos_bolsa,dolar_mais_alto,175,0.04716981132075472,106
202606,0,2026-06-01,riscos_bolsa,dolar_mais_alto,175,0.08256880733944955,109
202607,0,2026-07-01,riscos_bolsa,dolar_mais_alto,175,0.07476635514018691,107
202307,0,2023-07-01,riscos_bolsa,inflacao_em_alta_no_brasil,173,0,203
202308,0,2023-08-01,riscos_bolsa,inflacao_em_alta_no_brasil,173,0,162
202309,0,2023-09-01,riscos_bolsa,inflacao_em_alta_no_brasil,173,0.02459016393442623,122
202310,0,2023-10-01,riscos_bolsa,inflacao_em_alta_no_brasil,173,0.021359223300970873,515
202311,0,2023-11-01,riscos_bolsa,inflacao_em_alta_no_brasil,173,0.0221606648199446,361
202312,0,2023-12-01,riscos_bolsa,inflacao_em_alta_no_brasil,173,0.014652014652014652,273
202401,0,2024-01-01,riscos_bolsa,inflacao_em_alta_no_brasil,173,0.027210884353741496,147
202402,0,2024-02-01,riscos_bolsa,inflacao_em_alta_no_brasil,173,0.028169014084507043,142
202403,0,2024-03-01,riscos_bolsa,inflacao_em_alta_no_brasil,173,0.014492753623188406,138
202404,0,2024-04-01,riscos_bolsa,inflacao_em_alta_no_brasil,173,0.04081632653061224,245
202405,0,2024-05-01,riscos_bolsa,inflacao_em_alta_no_brasil,173,0.03219315895372234,497
202406,0,2024-06-01,riscos_bolsa,inflacao_em_alta_no_brasil,173,0.030973451327433628,226
202407,0,2024-07-01,riscos_bolsa,inflacao_em_alta_no_brasil,173,0.026785714285714284,112
202408,0,2024-08-01,riscos_bolsa,inflacao_em_alta_no_brasil,173,0.03676470588235294,408
202409,0,2024-09-01,riscos_bolsa,inflacao_em_alta_no_brasil,173,0.05660377358490566,159
202410,0,2024-10-01,riscos_bolsa,inflacao_em_alta_no_brasil,173,0.039735099337748346,151
202411,0,2024-11-01,riscos_bolsa,inflacao_em_alta_no_brasil,173,0.056962025316455694,158
202412,0,2024-12-01,riscos_bolsa,inflacao_em_alta_no_brasil,173,0.04964539007092199,141
202501,0,2025-01-01,riscos_bolsa,inflacao_em_alta_no_brasil,173,0.04747774480712166,337
202502,0,2025-02-01,riscos_bolsa,inflacao_em_alta_no_brasil,173,0.049689440993788817,161
202503,0,2025-03-01,riscos_bolsa,inflacao_em_alta_no_brasil,173,0.05,180
202504,0,2025-04-01,riscos_bolsa,inflacao_em_alta_no_brasil,173,0.06521739130434782,138
202505,0,2025-05-01,riscos_bolsa,inflacao_em_alta_no_brasil,173,0.05084745762711865,118
202506,0,2025-06-01,riscos_bolsa,inflacao_em_alta_no_brasil,173,0.03361344537815126,119
202507,0,2025-07-01,riscos_bolsa,inflacao_em_alta_no_brasil,173,0.031007751937984496,129
202508,0,2025-08-01,riscos_bolsa,inflacao_em_alta_no_brasil,173,0.0196078431372549,102
202509,0,2025-09-01,riscos_bolsa,inflacao_em_alta_no_brasil,173,0.009174311926605505,109
202510,0,2025-10-01,riscos_bolsa,inflacao_em_alta_no_brasil,173,0.017094017094017096,117
202511,0,2025-11-01,riscos_bolsa,inflacao_em_alta_no_brasil,173,0.009345794392523364,107
202512,0,2025-12-01,riscos_bolsa,inflacao_em_alta_no_brasil,173,0.04040404040404041,99
202601,0,2026-01-01,riscos_bolsa,inflacao_em_alta_no_brasil,173,0.02,100
202602,0,2026-02-01,riscos_bolsa,inflacao_em_alta_no_brasil,173,0.009345794392523364,107
202603,0,2026-03-01,riscos_bolsa,inflacao_em_alta_no_brasil,173,0.009615384615384616,208
202604,0,2026-04-01,riscos_bolsa,inflacao_em_alta_no_brasil,173,0.4016393442622951,122
202605,0,2026-05-01,riscos_bolsa,inflacao_em_alta_no_brasil,173,0.41509433962264153,106
202606,0,2026-06-01,riscos_bolsa,inflacao_em_alta_no_brasil,173,0.43119266055045874,109
202607,0,2026-07-01,riscos_bolsa,inflacao_em_alta_no_brasil,173,0.3925233644859813,107
202307,0,2023-07-01,riscos_bolsa,instabilidade_politica,176,0.14285714285714285,203
202308,0,2023-08-01,riscos_bolsa,instabilidade_politica,176,0.08641975308641975,162
202309,0,2023-09-01,riscos_bolsa,instabilidade_politica,176,0.11475409836065574,122
202310,0,2023-10-01,riscos_bolsa,instabilidade_politica,176,0.07766990291262135,515
202311,0,2023-11-01,riscos_bolsa,instabilidade_politica,176,0.0886426592797784,361
202312,0,2023-12-01,riscos_bolsa,instabilidade_politica,176,0.12087912087912088,273
202401,0,2024-01-01,riscos_bolsa,instabilidade_politica,176,0.12244897959183673,147
202402,0,2024-02-01,riscos_bolsa,instabilidade_politica,176,0.09859154929577464,142
202403,0,2024-03-01,riscos_bolsa,instabilidade_politica,176,0.10869565217391304,138
202404,0,2024-04-01,riscos_bolsa,instabilidade_politica,176,0.10612244897959183,245
202405,0,2024-05-01,riscos_bolsa,instabilidade_politica,176,0.10462776659959759,497
202406,0,2024-06-01,riscos_bolsa,instabilidade_politica,176,0.08849557522123894,226
202407,0,2024-07-01,riscos_bolsa,instabilidade_politica,176,0.09821428571428571,112
202408,0,2024-08-01,riscos_bolsa,instabilidade_politica,176,0.0784313725490196,408
202409,0,2024-09-01,riscos_bolsa,instabilidade_politica,176,0.06918238993710692,159
202410,0,2024-10-01,riscos_bolsa,instabilidade_politica,176,0.06622516556291391,151
202411,0,2024-11-01,riscos_bolsa,instabilidade_politica,176,0.03164556962025317,158
202412,0,2024-12-01,riscos_bolsa,instabilidade_politica,176,0.04964539007092199,141
202501,0,2025-01-01,riscos_bolsa,instabilidade_politica,176,0.08902077151335312,337
202502,0,2025-02-01,riscos_bolsa,instabilidade_politica,176,0.06832298136645963,161
202503,0,2025-03-01,riscos_bolsa,instabilidade_politica,176,0.10555555555555556,180
202504,0,2025-04-01,riscos_bolsa,instabilidade_politica,176,0.08695652173913043,138
202505,0,2025-05-01,riscos_bolsa,instabilidade_politica,176,0.13559322033898305,118
202506,0,2025-06-01,riscos_bolsa,instabilidade_politica,176,0.14285714285714285,119
202507,0,2025-07-01,riscos_bolsa,instabilidade_politica,176,0.21705426356589147,129
202508,0,2025-08-01,riscos_bolsa,instabilidade_politica,176,0.28431372549019607,102
202509,0,2025-09-01,riscos_bolsa,instabilidade_politica,176,0.29357798165137616,109
202510,0,2025-10-01,riscos_bolsa,instabilidade_politica,176,0.15384615384615385,117
202511,0,2025-11-01,riscos_bolsa,instabilidade_politica,176,0.12149532710280374,107
202512,0,2025-12-01,riscos_bolsa,instabilidade_politica,176,0.3434343434343434,99
202601,0,2026-01-01,riscos_bolsa,instabilidade_politica,176,0.3,100
202602,0,2026-02-01,riscos_bolsa,instabilidade_politica,176,0.29906542056074764,107
202603,0,2026-03-01,riscos_bolsa,instabilidade_politica,176,0.2644230769230769,208
202604,0,2026-04-01,riscos_bolsa,instabilidade_politica,176,0,122
202605,0,2026-05-01,riscos_bolsa,instabilidade_politica,176,0,106
202606,0,2026-06-01,riscos_bolsa,instabilidade_politica,176,0,109
202607,0,2026-07-01,riscos_bolsa,instabilidade_politica,176,0,107
202604,0,2026-04-01,riscos_bolsa,instabilidade_politica_eleicoes,183,0.6557377049180327,122
202605,0,2026-05-01,riscos_bolsa,instabilidade_politica_eleicoes,183,0.6792452830188679,106
202606,0,2026-06-01,riscos_bolsa,instabilidade_politica_eleicoes,183,0.6238532110091743,109
202607,0,2026-07-01,riscos_bolsa,instabilidade_politica_eleicoes,183,0.6261682242990654,107
202307,0,2023-07-01,riscos_bolsa,interferencia_em_empresas_estatais,178,0.03940886699507389,203
202308,0,2023-08-01,riscos_bolsa,interferencia_em_empresas_estatais,178,0.05555555555555555,162
202309,0,2023-09-01,riscos_bolsa,interferencia_em_empresas_estatais,178,0.01639344262295082,122
202310,0,2023-10-01,riscos_bolsa,interferencia_em_empresas_estatais,178,0.003883495145631068,515
202311,0,2023-11-01,riscos_bolsa,interferencia_em_empresas_estatais,178,0.01662049861495845,361
202312,0,2023-12-01,riscos_bolsa,interferencia_em_empresas_estatais,178,0.05128205128205128,273
202401,0,2024-01-01,riscos_bolsa,interferencia_em_empresas_estatais,178,0.034013605442176874,147
202402,0,2024-02-01,riscos_bolsa,interferencia_em_empresas_estatais,178,0.014084507042253521,142
202403,0,2024-03-01,riscos_bolsa,interferencia_em_empresas_estatais,178,0.07246376811594203,138
202404,0,2024-04-01,riscos_bolsa,interferencia_em_empresas_estatais,178,0.09387755102040816,245
202405,0,2024-05-01,riscos_bolsa,interferencia_em_empresas_estatais,178,0.018108651911468814,497
202406,0,2024-06-01,riscos_bolsa,interferencia_em_empresas_estatais,178,0,226
202407,0,2024-07-01,riscos_bolsa,interferencia_em_empresas_estatais,178,0,112
202408,0,2024-08-01,riscos_bolsa,interferencia_em_empresas_estatais,178,0.01715686274509804,408
202409,0,2024-09-01,riscos_bolsa,interferencia_em_empresas_estatais,178,0.012578616352201259,159
202410,0,2024-10-01,riscos_bolsa,interferencia_em_empresas_estatais,178,0,151
202411,0,2024-11-01,riscos_bolsa,interferencia_em_empresas_estatais,178,0,158
202412,0,2024-12-01,riscos_bolsa,interferencia_em_empresas_estatais,178,0.0070921985815602835,141
202501,0,2025-01-01,riscos_bolsa,interferencia_em_empresas_estatais,178,0.002967359050445104,337
202502,0,2025-02-01,riscos_bolsa,interferencia_em_empresas_estatais,178,0.012422360248447204,161
202503,0,2025-03-01,riscos_bolsa,interferencia_em_empresas_estatais,178,0.005555555555555556,180
202504,0,2025-04-01,riscos_bolsa,interferencia_em_empresas_estatais,178,0,138
202505,0,2025-05-01,riscos_bolsa,interferencia_em_empresas_estatais,178,0.00847457627118644,118
202506,0,2025-06-01,riscos_bolsa,interferencia_em_empresas_estatais,178,0.008403361344537815,119
202507,0,2025-07-01,riscos_bolsa,interferencia_em_empresas_estatais,178,0.007751937984496124,129
202508,0,2025-08-01,riscos_bolsa,interferencia_em_empresas_estatais,178,0,102
202509,0,2025-09-01,riscos_bolsa,interferencia_em_empresas_estatais,178,0.01834862385321101,109
202510,0,2025-10-01,riscos_bolsa,interferencia_em_empresas_estatais,178,0,117
202511,0,2025-11-01,riscos_bolsa,interferencia_em_empresas_estatais,178,0,107
202512,0,2025-12-01,riscos_bolsa,interferencia_em_empresas_estatais,178,0,99
202601,0,2026-01-01,riscos_bolsa,interferencia_em_empresas_estatais,178,0,100
202602,0,2026-02-01,riscos_bolsa,interferencia_em_empresas_estatais,178,0,107
202603,0,2026-03-01,riscos_bolsa,interferencia_em_empresas_estatais,178,0.009615384615384616,208
202604,0,2026-04-01,riscos_bolsa,interferencia_em_empresas_estatais,178,0,122
202605,0,2026-05-01,riscos_bolsa,interferencia_em_empresas_estatais,178,0,106
202606,0,2026-06-01,riscos_bolsa,interferencia_em_empresas_estatais,178,0,109
202607,0,2026-07-01,riscos_bolsa,interferencia_em_empresas_estatais,178,0,107
202307,0,2023-07-01,riscos_bolsa,juros_mais_altos_no_brasil,174,0.06403940886699508,203
202308,0,2023-08-01,riscos_bolsa,juros_mais_altos_no_brasil,174,0.006172839506172839,162
202309,0,2023-09-01,riscos_bolsa,juros_mais_altos_no_brasil,174,0.01639344262295082,122
202310,0,2023-10-01,riscos_bolsa,juros_mais_altos_no_brasil,174,0.021359223300970873,515
202311,0,2023-11-01,riscos_bolsa,juros_mais_altos_no_brasil,174,0.024930747922437674,361
202312,0,2023-12-01,riscos_bolsa,juros_mais_altos_no_brasil,174,0.01098901098901099,273
202401,0,2024-01-01,riscos_bolsa,juros_mais_altos_no_brasil,174,0,147
202402,0,2024-02-01,riscos_bolsa,juros_mais_altos_no_brasil,174,0.007042253521126761,142
202403,0,2024-03-01,riscos_bolsa,juros_mais_altos_no_brasil,174,0,138
202404,0,2024-04-01,riscos_bolsa,juros_mais_altos_no_brasil,174,0.00816326530612245,245
202405,0,2024-05-01,riscos_bolsa,juros_mais_altos_no_brasil,174,0.04627766599597585,497
202406,0,2024-06-01,riscos_bolsa,juros_mais_altos_no_brasil,174,0.0752212389380531,226
202407,0,2024-07-01,riscos_bolsa,juros_mais_altos_no_brasil,174,0.05357142857142857,112
202408,0,2024-08-01,riscos_bolsa,juros_mais_altos_no_brasil,174,0.09558823529411764,408
202409,0,2024-09-01,riscos_bolsa,juros_mais_altos_no_brasil,174,0.1069182389937107,159
202410,0,2024-10-01,riscos_bolsa,juros_mais_altos_no_brasil,174,0.19205298013245034,151
202411,0,2024-11-01,riscos_bolsa,juros_mais_altos_no_brasil,174,0.08860759493670886,158
202412,0,2024-12-01,riscos_bolsa,juros_mais_altos_no_brasil,174,0.16312056737588654,141
202501,0,2025-01-01,riscos_bolsa,juros_mais_altos_no_brasil,174,0.18694362017804153,337
202502,0,2025-02-01,riscos_bolsa,juros_mais_altos_no_brasil,174,0.13664596273291926,161
202503,0,2025-03-01,riscos_bolsa,juros_mais_altos_no_brasil,174,0.12222222222222222,180
202504,0,2025-04-01,riscos_bolsa,juros_mais_altos_no_brasil,174,0.057971014492753624,138
202505,0,2025-05-01,riscos_bolsa,juros_mais_altos_no_brasil,174,0.0847457627118644,118
202506,0,2025-06-01,riscos_bolsa,juros_mais_altos_no_brasil,174,0.025210084033613446,119
202507,0,2025-07-01,riscos_bolsa,juros_mais_altos_no_brasil,174,0.08527131782945736,129
202508,0,2025-08-01,riscos_bolsa,juros_mais_altos_no_brasil,174,0.049019607843137254,102
202509,0,2025-09-01,riscos_bolsa,juros_mais_altos_no_brasil,174,0.09174311926605505,109
202510,0,2025-10-01,riscos_bolsa,juros_mais_altos_no_brasil,174,0.05128205128205128,117
202511,0,2025-11-01,riscos_bolsa,juros_mais_altos_no_brasil,174,0.14018691588785046,107
202512,0,2025-12-01,riscos_bolsa,juros_mais_altos_no_brasil,174,0.08080808080808081,99
202601,0,2026-01-01,riscos_bolsa,juros_mais_altos_no_brasil,174,0.03,100
202602,0,2026-02-01,riscos_bolsa,juros_mais_altos_no_brasil,174,0.018691588785046728,107
202603,0,2026-03-01,riscos_bolsa,juros_mais_altos_no_brasil,174,0.09615384615384616,208
202604,0,2026-04-01,riscos_bolsa,juros_mais_altos_no_brasil,174,0,122
202605,0,2026-05-01,riscos_bolsa,juros_mais_altos_no_brasil,174,0,106
202606,0,2026-06-01,riscos_bolsa,juros_mais_altos_no_brasil,174,0,109
202607,0,2026-07-01,riscos_bolsa,juros_mais_altos_no_brasil,174,0,107
202604,0,2026-04-01,riscos_bolsa,juros_mais_altos_nos_mercados_desenvolvidos,181,0.21311475409836064,122
202605,0,2026-05-01,riscos_bolsa,juros_mais_altos_nos_mercados_desenvolvidos,181,0.27358490566037735,106
202606,0,2026-06-01,riscos_bolsa,juros_mais_altos_nos_mercados_desenvolvidos,181,0.29357798165137616,109
202607,0,2026-07-01,riscos_bolsa,juros_mais_altos_nos_mercados_desenvolvidos,181,0.27102803738317754,107
202604,0,2026-04-01,riscos_bolsa,juros_mais_altos_que_o_esperado_o_brasil,182,0.48360655737704916,122
202605,0,2026-05-01,riscos_bolsa,juros_mais_altos_que_o_esperado_o_brasil,182,0.36792452830188677,106
202606,0,2026-06-01,riscos_bolsa,juros_mais_altos_que_o_esperado_o_brasil,182,0.44954128440366975,109
202607,0,2026-07-01,riscos_bolsa,juros_mais_altos_que_o_esperado_o_brasil,182,0.4205607476635514,107
202307,0,2023-07-01,riscos_bolsa,outra,188,0,203
202308,0,2023-08-01,riscos_bolsa,outra,188,0.024691358024691246,162
202309,0,2023-09-01,riscos_bolsa,outra,188,0.016393442622950616,122
202310,0,2023-10-01,riscos_bolsa,outra,188,0.023300970873786575,515
202311,0,2023-11-01,riscos_bolsa,outra,188,0.027700831024930817,361
202401,0,2024-01-01,riscos_bolsa,outra,188,0.020408163265306034,147
202402,0,2024-02-01,riscos_bolsa,outra,188,0.014084507042253613,142
202403,0,2024-03-01,riscos_bolsa,outra,188,0,138
202404,0,2024-04-01,riscos_bolsa,outra,188,0.01632653061224487,245
202405,0,2024-05-01,riscos_bolsa,outra,188,0.008048289738430636,497
202406,0,2024-06-01,riscos_bolsa,outra,188,0.008849557522123797,226
202407,0,2024-07-01,riscos_bolsa,outra,188,0.017857142857142794,112
202408,0,2024-08-01,riscos_bolsa,outra,188,0.002450980392156854,408
202409,0,2024-09-01,riscos_bolsa,outra,188,0.0062893081761007386,159
202410,0,2024-10-01,riscos_bolsa,outra,188,0.01986754966887405,151
202411,0,2024-11-01,riscos_bolsa,outra,188,0.006329113924050778,158
202412,0,2024-12-01,riscos_bolsa,outra,188,0,141
202501,0,2025-01-01,riscos_bolsa,outra,188,0.011869436201780492,337
202502,0,2025-02-01,riscos_bolsa,outra,188,0.012422360248447006,161
202503,0,2025-03-01,riscos_bolsa,outra,188,0.01666666666666672,180
202504,0,2025-04-01,riscos_bolsa,outra,188,0.0652173913043479,138
202505,0,2025-05-01,riscos_bolsa,outra,188,0.033898305084745894,118
202506,0,2025-06-01,riscos_bolsa,outra,188,0.01680672268907568,119
202507,0,2025-07-01,riscos_bolsa,outra,188,0.02325581395348819,129
202508,0,2025-08-01,riscos_bolsa,outra,188,0.009803921568627527,102
202509,0,2025-09-01,riscos_bolsa,outra,188,0.0183486238532109,109
202510,0,2025-10-01,riscos_bolsa,outra,188,0.02564102564102566,117
202511,0,2025-11-01,riscos_bolsa,outra,188,0.009345794392523366,107
202512,0,2025-12-01,riscos_bolsa,outra,188,0.030303030303030387,99
202601,0,2026-01-01,riscos_bolsa,outra,188,0.04999999999999993,100
202602,0,2026-02-01,riscos_bolsa,outra,188,0.04672897196261683,107
202603,0,2026-03-01,riscos_bolsa,outra,188,0.009615384615384581,208
202604,0,2026-04-01,riscos_bolsa,outra,188,0,122
202605,0,2026-05-01,riscos_bolsa,outra,188,1,106
202606,0,2026-06-01,riscos_bolsa,outra,188,1,109
202607,0,2026-07-01,riscos_bolsa,outra,188,1,107
202307,0,2023-07-01,riscos_bolsa,politica_monetaria_mais_dura_nos_mercados_desenvolvi,171,0.09852216748768473,203
202308,0,2023-08-01,riscos_bolsa,politica_monetaria_mais_dura_nos_mercados_desenvolvi,171,0.08024691358024691,162
202309,0,2023-09-01,riscos_bolsa,politica_monetaria_mais_dura_nos_mercados_desenvolvi,171,0.11475409836065574,122
202310,0,2023-10-01,riscos_bolsa,politica_monetaria_mais_dura_nos_mercados_desenvolvi,171,0.19805825242718447,515
202311,0,2023-11-01,riscos_bolsa,politica_monetaria_mais_dura_nos_mercados_desenvolvi,171,0.0886426592797784,361
202312,0,2023-12-01,riscos_bolsa,politica_monetaria_mais_dura_nos_mercados_desenvolvi,171,0.03663003663003663,273
202401,0,2024-01-01,riscos_bolsa,politica_monetaria_mais_dura_nos_mercados_desenvolvi,171,0.08843537414965986,147
202402,0,2024-02-01,riscos_bolsa,politica_monetaria_mais_dura_nos_mercados_desenvolvi,171,0.1056338028169014,142
202403,0,2024-03-01,riscos_bolsa,politica_monetaria_mais_dura_nos_mercados_desenvolvi,171,0.06521739130434782,138
202404,0,2024-04-01,riscos_bolsa,politica_monetaria_mais_dura_nos_mercados_desenvolvi,171,0.1346938775510204,245
202405,0,2024-05-01,riscos_bolsa,politica_monetaria_mais_dura_nos_mercados_desenvolvi,171,0.11267605633802817,497
202406,0,2024-06-01,riscos_bolsa,politica_monetaria_mais_dura_nos_mercados_desenvolvi,171,0.11061946902654868,226
202407,0,2024-07-01,riscos_bolsa,politica_monetaria_mais_dura_nos_mercados_desenvolvi,171,0.026785714285714284,112
202408,0,2024-08-01,riscos_bolsa,politica_monetaria_mais_dura_nos_mercados_desenvolvi,171,0.014705882352941176,408
202409,0,2024-09-01,riscos_bolsa,politica_monetaria_mais_dura_nos_mercados_desenvolvi,171,0.025157232704402517,159
202410,0,2024-10-01,riscos_bolsa,politica_monetaria_mais_dura_nos_mercados_desenvolvi,171,0.006622516556291391,151
202411,0,2024-11-01,riscos_bolsa,politica_monetaria_mais_dura_nos_mercados_desenvolvi,171,0.0189873417721519,158
202412,0,2024-12-01,riscos_bolsa,politica_monetaria_mais_dura_nos_mercados_desenvolvi,171,0.014184397163120567,141
202501,0,2025-01-01,riscos_bolsa,politica_monetaria_mais_dura_nos_mercados_desenvolvi,171,0.011869436201780416,337
202502,0,2025-02-01,riscos_bolsa,politica_monetaria_mais_dura_nos_mercados_desenvolvi,171,0.024844720496894408,161
202503,0,2025-03-01,riscos_bolsa,politica_monetaria_mais_dura_nos_mercados_desenvolvi,171,0.016666666666666666,180
202504,0,2025-04-01,riscos_bolsa,politica_monetaria_mais_dura_nos_mercados_desenvolvi,171,0.014492753623188406,138
202505,0,2025-05-01,riscos_bolsa,politica_monetaria_mais_dura_nos_mercados_desenvolvi,171,0.01694915254237288,118
202506,0,2025-06-01,riscos_bolsa,politica_monetaria_mais_dura_nos_mercados_desenvolvi,171,0,119
202507,0,2025-07-01,riscos_bolsa,politica_monetaria_mais_dura_nos_mercados_desenvolvi,171,0.007751937984496124,129
202508,0,2025-08-01,riscos_bolsa,politica_monetaria_mais_dura_nos_mercados_desenvolvi,171,0.00980392156862745,102
202509,0,2025-09-01,riscos_bolsa,politica_monetaria_mais_dura_nos_mercados_desenvolvi,171,0.009174311926605505,109
202510,0,2025-10-01,riscos_bolsa,politica_monetaria_mais_dura_nos_mercados_desenvolvi,171,0,117
202511,0,2025-11-01,riscos_bolsa,politica_monetaria_mais_dura_nos_mercados_desenvolvi,171,0.009345794392523364,107
202512,0,2025-12-01,riscos_bolsa,politica_monetaria_mais_dura_nos_mercados_desenvolvi,171,0.010101010101010102,99
202601,0,2026-01-01,riscos_bolsa,politica_monetaria_mais_dura_nos_mercados_desenvolvi,171,0,100
202602,0,2026-02-01,riscos_bolsa,politica_monetaria_mais_dura_nos_mercados_desenvolvi,171,0.028037383177570093,107
202603,0,2026-03-01,riscos_bolsa,politica_monetaria_mais_dura_nos_mercados_desenvolvi,171,0.019230769230769232,208
202604,0,2026-04-01,riscos_bolsa,politica_monetaria_mais_dura_nos_mercados_desenvolvi,171,0,122
202605,0,2026-05-01,riscos_bolsa,politica_monetaria_mais_dura_nos_mercados_desenvolvi,171,0,106
202606,0,2026-06-01,riscos_bolsa,politica_monetaria_mais_dura_nos_mercados_desenvolvi,171,0,109
202607,0,2026-07-01,riscos_bolsa,politica_monetaria_mais_dura_nos_mercados_desenvolvi,171,0,107
202408,0,2024-08-01,riscos_bolsa,politica_tarifaria_americana,179,0.01715686274509804,408
202409,0,2024-09-01,riscos_bolsa,politica_tarifaria_americana,179,0.012578616352201259,159
202410,0,2024-10-01,riscos_bolsa,politica_tarifaria_americana,179,0,151
202411,0,2024-11-01,riscos_bolsa,politica_tarifaria_americana,179,0,158
202412,0,2024-12-01,riscos_bolsa,politica_tarifaria_americana,179,0.0070921985815602835,141
202501,0,2025-01-01,riscos_bolsa,politica_tarifaria_americana,179,0.002967359050445104,337
202502,0,2025-02-01,riscos_bolsa,politica_tarifaria_americana,179,0.012422360248447204,161
202503,0,2025-03-01,riscos_bolsa,politica_tarifaria_americana,179,0.005555555555555556,180
202504,0,2025-04-01,riscos_bolsa,politica_tarifaria_americana,179,0,138
202505,0,2025-05-01,riscos_bolsa,politica_tarifaria_americana,179,0.00847457627118644,118
202506,0,2025-06-01,riscos_bolsa,politica_tarifaria_americana,179,0.03361344537815126,119
202507,0,2025-07-01,riscos_bolsa,politica_tarifaria_americana,179,0.08527131782945736,129
202508,0,2025-08-01,riscos_bolsa,politica_tarifaria_americana,179,0.06862745098039216,102
202509,0,2025-09-01,riscos_bolsa,politica_tarifaria_americana,179,0.06422018348623854,109
202510,0,2025-10-01,riscos_bolsa,politica_tarifaria_americana,179,0.008547008547008548,117
202511,0,2025-11-01,riscos_bolsa,politica_tarifaria_americana,179,0.018691588785046728,107
202512,0,2025-12-01,riscos_bolsa,politica_tarifaria_americana,179,0.010101010101010102,99
202601,0,2026-01-01,riscos_bolsa,politica_tarifaria_americana,179,0.01,100
202602,0,2026-02-01,riscos_bolsa,politica_tarifaria_americana,179,0,107
202603,0,2026-03-01,riscos_bolsa,politica_tarifaria_americana,179,0.004807692307692308,208
202604,0,2026-04-01,riscos_bolsa,politica_tarifaria_americana,179,0,122
202605,0,2026-05-01,riscos_bolsa,politica_tarifaria_americana,179,0,106
202606,0,2026-06-01,riscos_bolsa,politica_tarifaria_americana,179,0,109
202607,0,2026-07-01,riscos_bolsa,politica_tarifaria_americana,179,0,107
202307,0,2023-07-01,riscos_bolsa,recessao_nos_eua,170,0.22660098522167488,203
202308,0,2023-08-01,riscos_bolsa,recessao_nos_eua,170,0.17901234567901234,162
202309,0,2023-09-01,riscos_bolsa,recessao_nos_eua,170,0.12295081967213115,122
202310,0,2023-10-01,riscos_bolsa,recessao_nos_eua,170,0.3067961165048544,515
202311,0,2023-11-01,riscos_bolsa,recessao_nos_eua,170,0.1440443213296399,361
202312,0,2023-12-01,riscos_bolsa,recessao_nos_eua,170,0.15384615384615385,273
202401,0,2024-01-01,riscos_bolsa,recessao_nos_eua,170,0.14965986394557823,147
202402,0,2024-02-01,riscos_bolsa,recessao_nos_eua,170,0.09154929577464789,142
202403,0,2024-03-01,riscos_bolsa,recessao_nos_eua,170,0.10144927536231885,138
202404,0,2024-04-01,riscos_bolsa,recessao_nos_eua,170,0.061224489795918366,245
202405,0,2024-05-01,riscos_bolsa,recessao_nos_eua,170,0.10261569416498995,497
202406,0,2024-06-01,riscos_bolsa,recessao_nos_eua,170,0.03982300884955752,226
202407,0,2024-07-01,riscos_bolsa,recessao_nos_eua,170,0.03571428571428571,112
202408,0,2024-08-01,riscos_bolsa,recessao_nos_eua,170,0.15196078431372548,408
202409,0,2024-09-01,riscos_bolsa,recessao_nos_eua,170,0.0880503144654088,159
202410,0,2024-10-01,riscos_bolsa,recessao_nos_eua,170,0.019867549668874173,151
202411,0,2024-11-01,riscos_bolsa,recessao_nos_eua,170,0.006329113924050633,158
202412,0,2024-12-01,riscos_bolsa,recessao_nos_eua,170,0.0070921985815602835,141
202501,0,2025-01-01,riscos_bolsa,recessao_nos_eua,170,0.011869436201780416,337
202502,0,2025-02-01,riscos_bolsa,recessao_nos_eua,170,0,161
202503,0,2025-03-01,riscos_bolsa,recessao_nos_eua,170,0.03888888888888889,180
202504,0,2025-04-01,riscos_bolsa,recessao_nos_eua,170,0.15217391304347827,138
202505,0,2025-05-01,riscos_bolsa,recessao_nos_eua,170,0.07627118644067797,118
202506,0,2025-06-01,riscos_bolsa,recessao_nos_eua,170,0.01680672268907563,119
202507,0,2025-07-01,riscos_bolsa,recessao_nos_eua,170,0.015503875968992248,129
202508,0,2025-08-01,riscos_bolsa,recessao_nos_eua,170,0.029411764705882353,102
202509,0,2025-09-01,riscos_bolsa,recessao_nos_eua,170,0.027522935779816515,109
202510,0,2025-10-01,riscos_bolsa,recessao_nos_eua,170,0.02564102564102564,117
202511,0,2025-11-01,riscos_bolsa,recessao_nos_eua,170,0.04672897196261682,107
202512,0,2025-12-01,riscos_bolsa,recessao_nos_eua,170,0.030303030303030304,99
202601,0,2026-01-01,riscos_bolsa,recessao_nos_eua,170,0.02,100
202602,0,2026-02-01,riscos_bolsa,recessao_nos_eua,170,0.028037383177570093,107
202603,0,2026-03-01,riscos_bolsa,recessao_nos_eua,170,0.02403846153846154,208
202604,0,2026-04-01,riscos_bolsa,recessao_nos_eua,170,0,122
202605,0,2026-05-01,riscos_bolsa,recessao_nos_eua,170,0,106
202606,0,2026-06-01,riscos_bolsa,recessao_nos_eua,170,0,109
202607,0,2026-07-01,riscos_bolsa,recessao_nos_eua,170,0,107
202307,0,2023-07-01,riscos_bolsa,riscos_fiscais_no_brasil,172,0.2561576354679803,203
202308,0,2023-08-01,riscos_bolsa,riscos_fiscais_no_brasil,172,0.3765432098765432,162
202309,0,2023-09-01,riscos_bolsa,riscos_fiscais_no_brasil,172,0.39344262295081966,122
202310,0,2023-10-01,riscos_bolsa,riscos_fiscais_no_brasil,172,0.2757281553398058,515
202311,0,2023-11-01,riscos_bolsa,riscos_fiscais_no_brasil,172,0.4626038781163435,361
202312,0,2023-12-01,riscos_bolsa,riscos_fiscais_no_brasil,172,0.4981684981684982,273
202401,0,2024-01-01,riscos_bolsa,riscos_fiscais_no_brasil,172,0.43537414965986393,147
202402,0,2024-02-01,riscos_bolsa,riscos_fiscais_no_brasil,172,0.5211267605633803,142
202403,0,2024-03-01,riscos_bolsa,riscos_fiscais_no_brasil,172,0.47101449275362317,138
202404,0,2024-04-01,riscos_bolsa,riscos_fiscais_no_brasil,172,0.39183673469387753,245
202405,0,2024-05-01,riscos_bolsa,riscos_fiscais_no_brasil,172,0.5110663983903421,497
202406,0,2024-06-01,riscos_bolsa,riscos_fiscais_no_brasil,172,0.6106194690265486,226
202407,0,2024-07-01,riscos_bolsa,riscos_fiscais_no_brasil,172,0.6785714285714286,112
202408,0,2024-08-01,riscos_bolsa,riscos_fiscais_no_brasil,172,0.5416666666666666,408
202409,0,2024-09-01,riscos_bolsa,riscos_fiscais_no_brasil,172,0.5786163522012578,159
202410,0,2024-10-01,riscos_bolsa,riscos_fiscais_no_brasil,172,0.5960264900662252,151
202411,0,2024-11-01,riscos_bolsa,riscos_fiscais_no_brasil,172,0.7531645569620253,158
202412,0,2024-12-01,riscos_bolsa,riscos_fiscais_no_brasil,172,0.6524822695035462,141
202501,0,2025-01-01,riscos_bolsa,riscos_fiscais_no_brasil,172,0.6083086053412463,337
202502,0,2025-02-01,riscos_bolsa,riscos_fiscais_no_brasil,172,0.6645962732919255,161
202503,0,2025-03-01,riscos_bolsa,riscos_fiscais_no_brasil,172,0.6,180
202504,0,2025-04-01,riscos_bolsa,riscos_fiscais_no_brasil,172,0.4420289855072464,138
202505,0,2025-05-01,riscos_bolsa,riscos_fiscais_no_brasil,172,0.5508474576271186,118
202506,0,2025-06-01,riscos_bolsa,riscos_fiscais_no_brasil,172,0.6554621848739496,119
202507,0,2025-07-01,riscos_bolsa,riscos_fiscais_no_brasil,172,0.46511627906976744,129
202508,0,2025-08-01,riscos_bolsa,riscos_fiscais_no_brasil,172,0.4117647058823529,102
202509,0,2025-09-01,riscos_bolsa,riscos_fiscais_no_brasil,172,0.4036697247706422,109
202510,0,2025-10-01,riscos_bolsa,riscos_fiscais_no_brasil,172,0.6666666666666666,117
202511,0,2025-11-01,riscos_bolsa,riscos_fiscais_no_brasil,172,0.5607476635514018,107
202512,0,2025-12-01,riscos_bolsa,riscos_fiscais_no_brasil,172,0.40404040404040403,99
202601,0,2026-01-01,riscos_bolsa,riscos_fiscais_no_brasil,172,0.41,100
202602,0,2026-02-01,riscos_bolsa,riscos_fiscais_no_brasil,172,0.4672897196261682,107
202603,0,2026-03-01,riscos_bolsa,riscos_fiscais_no_brasil,172,0.2980769230769231,208
202604,0,2026-04-01,riscos_bolsa,riscos_fiscais_no_brasil,172,0.5491803278688525,122
202605,0,2026-05-01,riscos_bolsa,riscos_fiscais_no_brasil,172,0.5943396226415094,106
202606,0,2026-06-01,riscos_bolsa,riscos_fiscais_no_brasil,172,0.6972477064220184,109
202607,0,2026-07-01,riscos_bolsa,riscos_fiscais_no_brasil,172,0.7289719626168224,107
202307,0,2023-07-01,riscos_bolsa,riscos_geopoliticos,177,0.034482758620689655,203
202308,0,2023-08-01,riscos_bolsa,riscos_geopoliticos,177,0.04938271604938271,162
202309,0,2023-09-01,riscos_bolsa,riscos_geopoliticos,177,0.04918032786885246,122
202310,0,2023-10-01,riscos_bolsa,riscos_geopoliticos,177,0.021359223300970873,515
202311,0,2023-11-01,riscos_bolsa,riscos_geopoliticos,177,0.07202216066481995,361
202312,0,2023-12-01,riscos_bolsa,riscos_geopoliticos,177,0.06593406593406594,273
202401,0,2024-01-01,riscos_bolsa,riscos_geopoliticos,177,0.08843537414965986,147
202402,0,2024-02-01,riscos_bolsa,riscos_geopoliticos,177,0.056338028169014086,142
202403,0,2024-03-01,riscos_bolsa,riscos_geopoliticos,177,0.07971014492753623,138
202404,0,2024-04-01,riscos_bolsa,riscos_geopoliticos,177,0.07346938775510205,245
202405,0,2024-05-01,riscos_bolsa,riscos_geopoliticos,177,0.04225352112676056,497
202406,0,2024-06-01,riscos_bolsa,riscos_geopoliticos,177,0.022123893805309734,226
202407,0,2024-07-01,riscos_bolsa,riscos_geopoliticos,177,0.026785714285714284,112
202408,0,2024-08-01,riscos_bolsa,riscos_geopoliticos,177,0.041666666666666664,408
202409,0,2024-09-01,riscos_bolsa,riscos_geopoliticos,177,0,159
202410,0,2024-10-01,riscos_bolsa,riscos_geopoliticos,177,0.033112582781456956,151
202411,0,2024-11-01,riscos_bolsa,riscos_geopoliticos,177,0.012658227848101266,158
202412,0,2024-12-01,riscos_bolsa,riscos_geopoliticos,177,0.028368794326241134,141
202501,0,2025-01-01,riscos_bolsa,riscos_geopoliticos,177,0.005934718100890208,337
202502,0,2025-02-01,riscos_bolsa,riscos_geopoliticos,177,0.012422360248447204,161
202503,0,2025-03-01,riscos_bolsa,riscos_geopoliticos,177,0.03333333333333333,180
202504,0,2025-04-01,riscos_bolsa,riscos_geopoliticos,177,0.09420289855072464,138
202505,0,2025-05-01,riscos_bolsa,riscos_geopoliticos,177,0.00847457627118644,118
202506,0,2025-06-01,riscos_bolsa,riscos_geopoliticos,177,0.058823529411764705,119
202507,0,2025-07-01,riscos_bolsa,riscos_geopoliticos,177,0.03875968992248062,129
202508,0,2025-08-01,riscos_bolsa,riscos_geopoliticos,177,0.11764705882352941,102
202509,0,2025-09-01,riscos_bolsa,riscos_geopoliticos,177,0.05504587155963303,109
202510,0,2025-10-01,riscos_bolsa,riscos_geopoliticos,177,0.042735042735042736,117
202511,0,2025-11-01,riscos_bolsa,riscos_geopoliticos,177,0.07476635514018691,107
202512,0,2025-12-01,riscos_bolsa,riscos_geopoliticos,177,0.04040404040404041,99
202601,0,2026-01-01,riscos_bolsa,riscos_geopoliticos,177,0.14,100
202602,0,2026-02-01,riscos_bolsa,riscos_geopoliticos,177,0.102803738317757,107
202603,0,2026-03-01,riscos_bolsa,riscos_geopoliticos,177,0.25961538461538464,208
202604,0,2026-04-01,riscos_bolsa,riscos_geopoliticos,177,0.5655737704918032,122
202605,0,2026-05-01,riscos_bolsa,riscos_geopoliticos,177,0.44339622641509435,106
202606,0,2026-06-01,riscos_bolsa,riscos_geopoliticos,177,0.3669724770642202,109
202607,0,2026-07-01,riscos_bolsa,riscos_geopoliticos,177,0.308411214953271,107
202604,0,2026-04-01,riscos_bolsa,riscos_geopoliticos_guerra,186,0.5655737704918032,122
202605,0,2026-05-01,riscos_bolsa,riscos_geopoliticos_guerra,186,0.44339622641509435,106
202606,0,2026-06-01,riscos_bolsa,riscos_geopoliticos_guerra,186,0.3669724770642202,109
202607,0,2026-07-01,riscos_bolsa,riscos_geopoliticos_guerra,186,0.308411214953271,107
202308,0,2023-08-01,sentimento,0,234,0,162
202309,0,2023-09-01,sentimento,0,234,0.00819672131147541,122
202310,0,2023-10-01,sentimento,0,234,0.011650485436893204,515
202311,0,2023-11-01,sentimento,0,234,0.019390581717451522,361
202312,0,2023-12-01,sentimento,0,234,0.003663003663003663,273
202401,0,2024-01-01,sentimento,0,234,0,147
202402,0,2024-02-01,sentimento,0,234,0.04225352112676056,142
202403,0,2024-03-01,sentimento,0,234,0.007246376811594203,138
202404,0,2024-04-01,sentimento,0,234,0.004081632653061225,245
202405,0,2024-05-01,sentimento,0,234,0.014084507042253521,497
202406,0,2024-06-01,sentimento,0,234,0.022123893805309734,226
202407,0,2024-07-01,sentimento,0,234,0.008928571428571428,112
202408,0,2024-08-01,sentimento,0,234,0.007352941176470588,408
202409,0,2024-09-01,sentimento,0,234,0.012578616352201259,159
202410,0,2024-10-01,sentimento,0,234,0.006622516556291391,151
202411,0,2024-11-01,sentimento,0,234,0.04430379746835443,158
202412,0,2024-12-01,sentimento,0,234,0.028368794326241134,141
202501,0,2025-01-01,sentimento,0,234,0.020771513353115726,337
202502,0,2025-02-01,sentimento,0,234,0.037267080745341616,161
202503,0,2025-03-01,sentimento,0,234,0.027777777777777776,180
202504,0,2025-04-01,sentimento,0,234,0.007246376811594203,138
202505,0,2025-05-01,sentimento,0,234,0,118
202506,0,2025-06-01,sentimento,0,234,0.01680672268907563,119
202507,0,2025-07-01,sentimento,0,234,0,129
202508,0,2025-08-01,sentimento,0,234,0.0392156862745098,102
202509,0,2025-09-01,sentimento,0,234,0.01834862385321101,109
202510,0,2025-10-01,sentimento,0,234,0,117
202511,0,2025-11-01,sentimento,0,234,0.018691588785046728,107
202512,0,2025-12-01,sentimento,0,234,0,99
202601,0,2026-01-01,sentimento,0,234,0,100
202602,0,2026-02-01,sentimento,0,234,0,107
202603,0,2026-03-01,sentimento,0,234,0.004807692307692308,208
202604,0,2026-04-01,sentimento,0,234,0.01639344262295082,122
202605,0,2026-05-01,sentimento,0,234,0,106
202606,0,2026-06-01,sentimento,0,234,0.009174311926605505,109
202607,0,2026-07-01,sentimento,0,234,0,107
202308,0,2023-08-01,sentimento,1,235,0,162
202309,0,2023-09-01,sentimento,1,235,0,122
202310,0,2023-10-01,sentimento,1,235,0.02330097087378641,515
202311,0,2023-11-01,sentimento,1,235,0.0110803324099723,361
202312,0,2023-12-01,sentimento,1,235,0,273
202401,0,2024-01-01,sentimento,1,235,0,147
202402,0,2024-02-01,sentimento,1,235,0.007042253521126761,142
202403,0,2024-03-01,sentimento,1,235,0,138
202404,0,2024-04-01,sentimento,1,235,0.004081632653061225,245
202405,0,2024-05-01,sentimento,1,235,0.014084507042253521,497
202406,0,2024-06-01,sentimento,1,235,0.02654867256637168,226
202407,0,2024-07-01,sentimento,1,235,0.008928571428571428,112
202408,0,2024-08-01,sentimento,1,235,0.00980392156862745,408
202409,0,2024-09-01,sentimento,1,235,0.012578616352201259,159
202410,0,2024-10-01,sentimento,1,235,0.013245033112582781,151
202411,0,2024-11-01,sentimento,1,235,0.03164556962025317,158
202412,0,2024-12-01,sentimento,1,235,0.05673758865248227,141
202501,0,2025-01-01,sentimento,1,235,0.020771513353115726,337
202502,0,2025-02-01,sentimento,1,235,0.006211180124223602,161
202503,0,2025-03-01,sentimento,1,235,0.011111111111111112,180
202504,0,2025-04-01,sentimento,1,235,0,138
202505,0,2025-05-01,sentimento,1,235,0.00847457627118644,118
202506,0,2025-06-01,sentimento,1,235,0,119
202507,0,2025-07-01,sentimento,1,235,0.007751937984496124,129
202508,0,2025-08-01,sentimento,1,235,0,102
202509,0,2025-09-01,sentimento,1,235,0.009174311926605505,109
202510,0,2025-10-01,sentimento,1,235,0.017094017094017096,117
202511,0,2025-11-01,sentimento,1,235,0.009345794392523364,107
202512,0,2025-12-01,sentimento,1,235,0,99
202601,0,2026-01-01,sentimento,1,235,0.01,100
202602,0,2026-02-01,sentimento,1,235,0,107
202603,0,2026-03-01,sentimento,1,235,0.009615384615384616,208
202604,0,2026-04-01,sentimento,1,235,0,122
202605,0,2026-05-01,sentimento,1,235,0,106
202606,0,2026-06-01,sentimento,1,235,0,109
202607,0,2026-07-01,sentimento,1,235,0,107
202308,0,2023-08-01,sentimento,10,244,0.11728395061728394,162
202309,0,2023-09-01,sentimento,10,244,0.07377049180327869,122
202310,0,2023-10-01,sentimento,10,244,0.05825242718446602,515
202311,0,2023-11-01,sentimento,10,244,0.06371191135734072,361
202312,0,2023-12-01,sentimento,10,244,0.08791208791208792,273
202401,0,2024-01-01,sentimento,10,244,0.09523809523809523,147
202402,0,2024-02-01,sentimento,10,244,0.06338028169014084,142
202403,0,2024-03-01,sentimento,10,244,0.09420289855072464,138
202404,0,2024-04-01,sentimento,10,244,0.04081632653061224,245
202405,0,2024-05-01,sentimento,10,244,0.04225352112676056,497
202406,0,2024-06-01,sentimento,10,244,0.035398230088495575,226
202407,0,2024-07-01,sentimento,10,244,0.08035714285714286,112
202408,0,2024-08-01,sentimento,10,244,0.03431372549019608,408
202409,0,2024-09-01,sentimento,10,244,0.031446540880503145,159
202410,0,2024-10-01,sentimento,10,244,0.019867549668874173,151
202411,0,2024-11-01,sentimento,10,244,0.0189873417721519,158
202412,0,2024-12-01,sentimento,10,244,0.0425531914893617,141
202501,0,2025-01-01,sentimento,10,244,0.03560830860534125,337
202502,0,2025-02-01,sentimento,10,244,0.043478260869565216,161
202503,0,2025-03-01,sentimento,10,244,0.06666666666666667,180
202504,0,2025-04-01,sentimento,10,244,0.06521739130434782,138
202505,0,2025-05-01,sentimento,10,244,0.05084745762711865,118
202506,0,2025-06-01,sentimento,10,244,0.04201680672268908,119
202507,0,2025-07-01,sentimento,10,244,0.06201550387596899,129
202508,0,2025-08-01,sentimento,10,244,0.029411764705882353,102
202509,0,2025-09-01,sentimento,10,244,0.045871559633027525,109
202510,0,2025-10-01,sentimento,10,244,0.03418803418803419,117
202511,0,2025-11-01,sentimento,10,244,0.102803738317757,107
202512,0,2025-12-01,sentimento,10,244,0.030303030303030304,99
202601,0,2026-01-01,sentimento,10,244,0.09,100
202602,0,2026-02-01,sentimento,10,244,0.04672897196261682,107
202603,0,2026-03-01,sentimento,10,244,0.038461538461538464,208
202604,0,2026-04-01,sentimento,10,244,0.09836065573770492,122
202605,0,2026-05-01,sentimento,10,244,0.0660377358490566,106
202606,0,2026-06-01,sentimento,10,244,0.05504587155963303,109
202607,0,2026-07-01,sentimento,10,244,0.028037383177570093,107
202308,0,2023-08-01,sentimento,2,236,0,162
202309,0,2023-09-01,sentimento,2,236,0.00819672131147541,122
202310,0,2023-10-01,sentimento,2,236,0.021359223300970873,515
202311,0,2023-11-01,sentimento,2,236,0.00554016620498615,361
202312,0,2023-12-01,sentimento,2,236,0.02564102564102564,273
202401,0,2024-01-01,sentimento,2,236,0.006802721088435374,147
202402,0,2024-02-01,sentimento,2,236,0.014084507042253521,142
202403,0,2024-03-01,sentimento,2,236,0.007246376811594203,138
202404,0,2024-04-01,sentimento,2,236,0.00816326530612245,245
202405,0,2024-05-01,sentimento,2,236,0.030181086519114688,497
202406,0,2024-06-01,sentimento,2,236,0.03982300884955752,226
202407,0,2024-07-01,sentimento,2,236,0.026785714285714284,112
202408,0,2024-08-01,sentimento,2,236,0.01715686274509804,408
202409,0,2024-09-01,sentimento,2,236,0,159
202410,0,2024-10-01,sentimento,2,236,0.019867549668874173,151
202411,0,2024-11-01,sentimento,2,236,0.0189873417721519,158
202412,0,2024-12-01,sentimento,2,236,0.04964539007092199,141
202501,0,2025-01-01,sentimento,2,236,0.09495548961424333,337
202502,0,2025-02-01,sentimento,2,236,0.018633540372670808,161
202503,0,2025-03-01,sentimento,2,236,0.011111111111111112,180
202504,0,2025-04-01,sentimento,2,236,0.021739130434782608,138
202505,0,2025-05-01,sentimento,2,236,0.00847457627118644,118
202506,0,2025-06-01,sentimento,2,236,0.01680672268907563,119
202507,0,2025-07-01,sentimento,2,236,0.007751937984496124,129
202508,0,2025-08-01,sentimento,2,236,0.049019607843137254,102
202509,0,2025-09-01,sentimento,2,236,0.03669724770642202,109
202510,0,2025-10-01,sentimento,2,236,0.03418803418803419,117
202511,0,2025-11-01,sentimento,2,236,0.018691588785046728,107
202512,0,2025-12-01,sentimento,2,236,0.010101010101010102,99
202601,0,2026-01-01,sentimento,2,236,0.05,100
202602,0,2026-02-01,sentimento,2,236,0.037383177570093455,107
202603,0,2026-03-01,sentimento,2,236,0.02403846153846154,208
202604,0,2026-04-01,sentimento,2,236,0.00819672131147541,122
202605,0,2026-05-01,sentimento,2,236,0,106
202606,0,2026-06-01,sentimento,2,236,0.045871559633027525,109
202607,0,2026-07-01,sentimento,2,236,0.009345794392523364,107
202308,0,2023-08-01,sentimento,3,237,0.006172839506172839,162
202309,0,2023-09-01,sentimento,3,237,0.02459016393442623,122
202310,0,2023-10-01,sentimento,3,237,0.06407766990291262,515
202311,0,2023-11-01,sentimento,3,237,0.0443213296398892,361
202312,0,2023-12-01,sentimento,3,237,0.007326007326007326,273
202401,0,2024-01-01,sentimento,3,237,0.013605442176870748,147
202402,0,2024-02-01,sentimento,3,237,0.02112676056338028,142
202403,0,2024-03-01,sentimento,3,237,0.028985507246376812,138
202404,0,2024-04-01,sentimento,3,237,0.02040816326530612,245
202405,0,2024-05-01,sentimento,3,237,0.04426559356136821,497
202406,0,2024-06-01,sentimento,3,237,0.08849557522123894,226
202407,0,2024-07-01,sentimento,3,237,0.044642857142857144,112
202408,0,2024-08-01,sentimento,3,237,0.02696078431372549,408
202409,0,2024-09-01,sentimento,3,237,0.031446540880503145,159
202410,0,2024-10-01,sentimento,3,237,0.033112582781456956,151
202411,0,2024-11-01,sentimento,3,237,0.08227848101265822,158
202412,0,2024-12-01,sentimento,3,237,0.14893617021276595,141
202501,0,2025-01-01,sentimento,3,237,0.1513353115727003,337
202502,0,2025-02-01,sentimento,3,237,0.07453416149068323,161
202503,0,2025-03-01,sentimento,3,237,0.03333333333333333,180
202504,0,2025-04-01,sentimento,3,237,0.043478260869565216,138
202505,0,2025-05-01,sentimento,3,237,0.025423728813559324,118
202506,0,2025-06-01,sentimento,3,237,0.058823529411764705,119
202507,0,2025-07-01,sentimento,3,237,0.046511627906976744,129
202508,0,2025-08-01,sentimento,3,237,0.06862745098039216,102
202509,0,2025-09-01,sentimento,3,237,0.027522935779816515,109
202510,0,2025-10-01,sentimento,3,237,0.008547008547008548,117
202511,0,2025-11-01,sentimento,3,237,0.018691588785046728,107
202512,0,2025-12-01,sentimento,3,237,0.020202020202020204,99
202601,0,2026-01-01,sentimento,3,237,0.03,100
202602,0,2026-02-01,sentimento,3,237,0.037383177570093455,107
202603,0,2026-03-01,sentimento,3,237,0.02403846153846154,208
202604,0,2026-04-01,sentimento,3,237,0.00819672131147541,122
202605,0,2026-05-01,sentimento,3,237,0.009433962264150943,106
202606,0,2026-06-01,sentimento,3,237,0.03669724770642202,109
202607,0,2026-07-01,sentimento,3,237,0.028037383177570093,107
202308,0,2023-08-01,sentimento,4,238,0.030864197530864196,162
202309,0,2023-09-01,sentimento,4,238,0.02459016393442623,122
202310,0,2023-10-01,sentimento,4,238,0.07766990291262135,515
202311,0,2023-11-01,sentimento,4,238,0.0332409972299169,361
202312,0,2023-12-01,sentimento,4,238,0.01098901098901099,273
202401,0,2024-01-01,sentimento,4,238,0.006802721088435374,147
202402,0,2024-02-01,sentimento,4,238,0.014084507042253521,142
202403,0,2024-03-01,sentimento,4,238,0.021739130434782608,138
202404,0,2024-04-01,sentimento,4,238,0.036734693877551024,245
202405,0,2024-05-01,sentimento,4,238,0.08853118712273642,497
202406,0,2024-06-01,sentimento,4,238,0.11061946902654868,226
202407,0,2024-07-01,sentimento,4,238,0.05357142857142857,112
202408,0,2024-08-01,sentimento,4,238,0.0392156862745098,408
202409,0,2024-09-01,sentimento,4,238,0.0440251572327044,159
202410,0,2024-10-01,sentimento,4,238,0.11258278145695365,151
202411,0,2024-11-01,sentimento,4,238,0.08860759493670886,158
202412,0,2024-12-01,sentimento,4,238,0.1773049645390071,141
202501,0,2025-01-01,sentimento,4,238,0.13056379821958458,337
202502,0,2025-02-01,sentimento,4,238,0.10559006211180125,161
202503,0,2025-03-01,sentimento,4,238,0.14444444444444443,180
202504,0,2025-04-01,sentimento,4,238,0.07971014492753623,138
202505,0,2025-05-01,sentimento,4,238,0.05084745762711865,118
202506,0,2025-06-01,sentimento,4,238,0.008403361344537815,119
202507,0,2025-07-01,sentimento,4,238,0.023255813953488372,129
202508,0,2025-08-01,sentimento,4,238,0.058823529411764705,102
202509,0,2025-09-01,sentimento,4,238,0,109
202510,0,2025-10-01,sentimento,4,238,0.07692307692307693,117
202511,0,2025-11-01,sentimento,4,238,0.018691588785046728,107
202512,0,2025-12-01,sentimento,4,238,0.010101010101010102,99
202601,0,2026-01-01,sentimento,4,238,0.03,100
202602,0,2026-02-01,sentimento,4,238,0.028037383177570093,107
202603,0,2026-03-01,sentimento,4,238,0.02403846153846154,208
202604,0,2026-04-01,sentimento,4,238,0,122
202605,0,2026-05-01,sentimento,4,238,0.07547169811320754,106
202606,0,2026-06-01,sentimento,4,238,0.05504587155963303,109
202607,0,2026-07-01,sentimento,4,238,0.04672897196261682,107
202308,0,2023-08-01,sentimento,5,239,0.018518518518518517,162
202309,0,2023-09-01,sentimento,5,239,0.12295081967213115,122
202310,0,2023-10-01,sentimento,5,239,0.1262135922330097,515
202311,0,2023-11-01,sentimento,5,239,0.11634349030470914,361
202312,0,2023-12-01,sentimento,5,239,0.09157509157509157,273
202401,0,2024-01-01,sentimento,5,239,0.06802721088435375,147
202402,0,2024-02-01,sentimento,5,239,0.06338028169014084,142
202403,0,2024-03-01,sentimento,5,239,0.07971014492753623,138
202404,0,2024-04-01,sentimento,5,239,0.10204081632653061,245
202405,0,2024-05-01,sentimento,5,239,0.12877263581488935,497
202406,0,2024-06-01,sentimento,5,239,0.1415929203539823,226
202407,0,2024-07-01,sentimento,5,239,0.13392857142857142,112
202408,0,2024-08-01,sentimento,5,239,0.14215686274509803,408
202409,0,2024-09-01,sentimento,5,239,0.1761006289308176,159
202410,0,2024-10-01,sentimento,5,239,0.152317880794702,151
202411,0,2024-11-01,sentimento,5,239,0.17721518987341772,158
202412,0,2024-12-01,sentimento,5,239,0.1773049645390071,141
202501,0,2025-01-01,sentimento,5,239,0.17804154302670624,337
202502,0,2025-02-01,sentimento,5,239,0.18633540372670807,161
202503,0,2025-03-01,sentimento,5,239,0.22777777777777777,180
202504,0,2025-04-01,sentimento,5,239,0.13043478260869565,138
202505,0,2025-05-01,sentimento,5,239,0.07627118644067797,118
202506,0,2025-06-01,sentimento,5,239,0.10084033613445378,119
202507,0,2025-07-01,sentimento,5,239,0.13178294573643412,129
202508,0,2025-08-01,sentimento,5,239,0.058823529411764705,102
202509,0,2025-09-01,sentimento,5,239,0.10091743119266056,109
202510,0,2025-10-01,sentimento,5,239,0.15384615384615385,117
202511,0,2025-11-01,sentimento,5,239,0.11214953271028037,107
202512,0,2025-12-01,sentimento,5,239,0.09090909090909091,99
202601,0,2026-01-01,sentimento,5,239,0.09,100
202602,0,2026-02-01,sentimento,5,239,0.056074766355140186,107
202603,0,2026-03-01,sentimento,5,239,0.09134615384615384,208
202604,0,2026-04-01,sentimento,5,239,0.07377049180327869,122
202605,0,2026-05-01,sentimento,5,239,0.08490566037735849,106
202606,0,2026-06-01,sentimento,5,239,0.1651376146788991,109
202607,0,2026-07-01,sentimento,5,239,0.1588785046728972,107
202308,0,2023-08-01,sentimento,6,240,0.09876543209876543,162
202309,0,2023-09-01,sentimento,6,240,0.09836065573770492,122
202310,0,2023-10-01,sentimento,6,240,0.17281553398058253,515
202311,0,2023-11-01,sentimento,6,240,0.14127423822714683,361
202312,0,2023-12-01,sentimento,6,240,0.15384615384615385,273
202401,0,2024-01-01,sentimento,6,240,0.09523809523809523,147
202402,0,2024-02-01,sentimento,6,240,0.06338028169014084,142
202403,0,2024-03-01,sentimento,6,240,0.09420289855072464,138
202404,0,2024-04-01,sentimento,6,240,0.17959183673469387,245
202405,0,2024-05-01,sentimento,6,240,0.16096579476861167,497
202406,0,2024-06-01,sentimento,6,240,0.18141592920353983,226
202407,0,2024-07-01,sentimento,6,240,0.1875,112
202408,0,2024-08-01,sentimento,6,240,0.19607843137254902,408
202409,0,2024-09-01,sentimento,6,240,0.13836477987421383,159
202410,0,2024-10-01,sentimento,6,240,0.1390728476821192,151
202411,0,2024-11-01,sentimento,6,240,0.1962025316455696,158
202412,0,2024-12-01,sentimento,6,240,0.1276595744680851,141
202501,0,2025-01-01,sentimento,6,240,0.12462908011869436,337
202502,0,2025-02-01,sentimento,6,240,0.19875776397515527,161
202503,0,2025-03-01,sentimento,6,240,0.14444444444444443,180
202504,0,2025-04-01,sentimento,6,240,0.16666666666666666,138
202505,0,2025-05-01,sentimento,6,240,0.1271186440677966,118
202506,0,2025-06-01,sentimento,6,240,0.14285714285714285,119
202507,0,2025-07-01,sentimento,6,240,0.13178294573643412,129
202508,0,2025-08-01,sentimento,6,240,0.18627450980392157,102
202509,0,2025-09-01,sentimento,6,240,0.10091743119266056,109
202510,0,2025-10-01,sentimento,6,240,0.10256410256410256,117
202511,0,2025-11-01,sentimento,6,240,0.14018691588785046,107
202512,0,2025-12-01,sentimento,6,240,0.16161616161616163,99
202601,0,2026-01-01,sentimento,6,240,0.1,100
202602,0,2026-02-01,sentimento,6,240,0.09345794392523364,107
202603,0,2026-03-01,sentimento,6,240,0.18269230769230768,208
202604,0,2026-04-01,sentimento,6,240,0.11475409836065574,122
202605,0,2026-05-01,sentimento,6,240,0.1792452830188679,106
202606,0,2026-06-01,sentimento,6,240,0.11926605504587157,109
202607,0,2026-07-01,sentimento,6,240,0.16822429906542055,107
202308,0,2023-08-01,sentimento,7,241,0.3271604938271605,162
202309,0,2023-09-01,sentimento,7,241,0.319672131147541,122
202310,0,2023-10-01,sentimento,7,241,0.23106796116504855,515
202311,0,2023-11-01,sentimento,7,241,0.29362880886426596,361
202312,0,2023-12-01,sentimento,7,241,0.26373626373626374,273
202401,0,2024-01-01,sentimento,7,241,0.24489795918367346,147
202402,0,2024-02-01,sentimento,7,241,0.3591549295774648,142
202403,0,2024-03-01,sentimento,7,241,0.2463768115942029,138
202404,0,2024-04-01,sentimento,7,241,0.27346938775510204,245
202405,0,2024-05-01,sentimento,7,241,0.2655935613682093,497
202406,0,2024-06-01,sentimento,7,241,0.2079646017699115,226
202407,0,2024-07-01,sentimento,7,241,0.23214285714285715,112
202408,0,2024-08-01,sentimento,7,241,0.29411764705882354,408
202409,0,2024-09-01,sentimento,7,241,0.27672955974842767,159
202410,0,2024-10-01,sentimento,7,241,0.2847682119205298,151
202411,0,2024-11-01,sentimento,7,241,0.1518987341772152,158
202412,0,2024-12-01,sentimento,7,241,0.0851063829787234,141
202501,0,2025-01-01,sentimento,7,241,0.12759643916913946,337
202502,0,2025-02-01,sentimento,7,241,0.14906832298136646,161
202503,0,2025-03-01,sentimento,7,241,0.16111111111111112,180
202504,0,2025-04-01,sentimento,7,241,0.32608695652173914,138
202505,0,2025-05-01,sentimento,7,241,0.2457627118644068,118
202506,0,2025-06-01,sentimento,7,241,0.29411764705882354,119
202507,0,2025-07-01,sentimento,7,241,0.29457364341085274,129
202508,0,2025-08-01,sentimento,7,241,0.20588235294117646,102
202509,0,2025-09-01,sentimento,7,241,0.28440366972477066,109
202510,0,2025-10-01,sentimento,7,241,0.28205128205128205,117
202511,0,2025-11-01,sentimento,7,241,0.2523364485981308,107
202512,0,2025-12-01,sentimento,7,241,0.2727272727272727,99
202601,0,2026-01-01,sentimento,7,241,0.18,100
202602,0,2026-02-01,sentimento,7,241,0.2336448598130841,107
202603,0,2026-03-01,sentimento,7,241,0.2932692307692308,208
202604,0,2026-04-01,sentimento,7,241,0.22950819672131148,122
202605,0,2026-05-01,sentimento,7,241,0.29245283018867924,106
202606,0,2026-06-01,sentimento,7,241,0.24770642201834864,109
202607,0,2026-07-01,sentimento,7,241,0.308411214953271,107
202308,0,2023-08-01,sentimento,8,242,0.3148148148148148,162
202309,0,2023-09-01,sentimento,8,242,0.27049180327868855,122
202310,0,2023-10-01,sentimento,8,242,0.18446601941747573,515
202311,0,2023-11-01,sentimento,8,242,0.21329639889196675,361
202312,0,2023-12-01,sentimento,8,242,0.27472527472527475,273
202401,0,2024-01-01,sentimento,8,242,0.3333333333333333,147
202402,0,2024-02-01,sentimento,8,242,0.29577464788732394,142
202403,0,2024-03-01,sentimento,8,242,0.2971014492753623,138
202404,0,2024-04-01,sentimento,8,242,0.2530612244897959,245
202405,0,2024-05-01,sentimento,8,242,0.16297786720321933,497
202406,0,2024-06-01,sentimento,8,242,0.10176991150442478,226
202407,0,2024-07-01,sentimento,8,242,0.17857142857142858,112
202408,0,2024-08-01,sentimento,8,242,0.17647058823529413,408
202409,0,2024-09-01,sentimento,8,242,0.2138364779874214,159
202410,0,2024-10-01,sentimento,8,242,0.1986754966887417,151
202411,0,2024-11-01,sentimento,8,242,0.16455696202531644,158
202412,0,2024-12-01,sentimento,8,242,0.05673758865248227,141
202501,0,2025-01-01,sentimento,8,242,0.08011869436201781,337
202502,0,2025-02-01,sentimento,8,242,0.13043478260869565,161
202503,0,2025-03-01,sentimento,8,242,0.1388888888888889,180
202504,0,2025-04-01,sentimento,8,242,0.13768115942028986,138
202505,0,2025-05-01,sentimento,8,242,0.3559322033898305,118
202506,0,2025-06-01,sentimento,8,242,0.21008403361344538,119
202507,0,2025-07-01,sentimento,8,242,0.2248062015503876,129
202508,0,2025-08-01,sentimento,8,242,0.18627450980392157,102
202509,0,2025-09-01,sentimento,8,242,0.25688073394495414,109
202510,0,2025-10-01,sentimento,8,242,0.20512820512820512,117
202511,0,2025-11-01,sentimento,8,242,0.21495327102803738,107
202512,0,2025-12-01,sentimento,8,242,0.2828282828282828,99
202601,0,2026-01-01,sentimento,8,242,0.29,100
202602,0,2026-02-01,sentimento,8,242,0.29906542056074764,107
202603,0,2026-03-01,sentimento,8,242,0.22596153846153846,208
202604,0,2026-04-01,sentimento,8,242,0.3524590163934426,122
202605,0,2026-05-01,sentimento,8,242,0.20754716981132076,106
202606,0,2026-06-01,sentimento,8,242,0.23853211009174313,109
202607,0,2026-07-01,sentimento,8,242,0.205607476635514,107
202308,0,2023-08-01,sentimento,9,243,0.08641975308641975,162
202309,0,2023-09-01,sentimento,9,243,0.04918032786885246,122
202310,0,2023-10-01,sentimento,9,243,0.02912621359223301,515
202311,0,2023-11-01,sentimento,9,243,0.05817174515235457,361
202312,0,2023-12-01,sentimento,9,243,0.08058608058608059,273
202401,0,2024-01-01,sentimento,9,243,0.1360544217687075,147
202402,0,2024-02-01,sentimento,9,243,0.056338028169014086,142
202403,0,2024-03-01,sentimento,9,243,0.12318840579710146,138
202404,0,2024-04-01,sentimento,9,243,0.07755102040816327,245
202405,0,2024-05-01,sentimento,9,243,0.0482897384305835,497
202406,0,2024-06-01,sentimento,9,243,0.04424778761061947,226
202407,0,2024-07-01,sentimento,9,243,0.044642857142857144,112
202408,0,2024-08-01,sentimento,9,243,0.056372549019607844,408
202409,0,2024-09-01,sentimento,9,243,0.06289308176100629,159
202410,0,2024-10-01,sentimento,9,243,0.019867549668874173,151
202411,0,2024-11-01,sentimento,9,243,0.02531645569620253,158
202412,0,2024-12-01,sentimento,9,243,0.04964539007092199,141
202501,0,2025-01-01,sentimento,9,243,0.03560830860534125,337
202502,0,2025-02-01,sentimento,9,243,0.049689440993788817,161
202503,0,2025-03-01,sentimento,9,243,0.03333333333333333,180
202504,0,2025-04-01,sentimento,9,243,0.021739130434782608,138
202505,0,2025-05-01,sentimento,9,243,0.05084745762711865,118
202506,0,2025-06-01,sentimento,9,243,0.1092436974789916,119
202507,0,2025-07-01,sentimento,9,243,0.06976744186046512,129
202508,0,2025-08-01,sentimento,9,243,0.11764705882352941,102
202509,0,2025-09-01,sentimento,9,243,0.11926605504587157,109
202510,0,2025-10-01,sentimento,9,243,0.08547008547008547,117
202511,0,2025-11-01,sentimento,9,243,0.09345794392523364,107
202512,0,2025-12-01,sentimento,9,243,0.12121212121212122,99
202601,0,2026-01-01,sentimento,9,243,0.13,100
202602,0,2026-02-01,sentimento,9,243,0.16822429906542055,107
202603,0,2026-03-01,sentimento,9,243,0.08173076923076923,208
202604,0,2026-04-01,sentimento,9,243,0.09836065573770492,122
202605,0,2026-05-01,sentimento,9,243,0.08490566037735849,106
202606,0,2026-06-01,sentimento,9,243,0.027522935779816515,109
202607,0,2026-07-01,sentimento,9,243,0.04672897196261682,107
202308,0,2023-08-01,sentimento,__media__,232,7.58641975308642,162
202309,0,2023-09-01,sentimento,__media__,232,6.975409836065574,122
202310,0,2023-10-01,sentimento,__media__,232,6.174757281553398,515
202311,0,2023-11-01,sentimento,__media__,232,6.639889196675901,361
202312,0,2023-12-01,sentimento,__media__,232,7.146520146520147,273
202401,0,2024-01-01,sentimento,__media__,232,7.551020408163265,147
202402,0,2024-02-01,sentimento,__media__,232,6.873239436619718,142
202403,0,2024-03-01,sentimento,__media__,232,7.304347826086956,138
202404,0,2024-04-01,sentimento,__media__,232,6.8612244897959185,245
202405,0,2024-05-01,sentimento,__media__,232,6.191146881287726,497
202406,0,2024-06-01,sentimento,__media__,232,5.632743362831858,226
202407,0,2024-07-01,sentimento,__media__,232,6.464285714285714,112
202408,0,2024-08-01,sentimento,__media__,232,6.490196078431373,408
202409,0,2024-09-01,sentimento,__media__,232,6.522012578616352,159
202410,0,2024-10-01,sentimento,__media__,232,6.158940397350993,151
202411,0,2024-11-01,sentimento,__media__,232,5.531645569620253,158
202412,0,2024-12-01,sentimento,__media__,232,4.886524822695035,141
202501,0,2025-01-01,sentimento,__media__,232,5.035608308605341,337
202502,0,2025-02-01,sentimento,__media__,232,5.782608695652174,161
202503,0,2025-03-01,sentimento,__media__,232,5.9222222222222225,180
202504,0,2025-04-01,sentimento,__media__,232,6.3768115942028984,138
202505,0,2025-05-01,sentimento,__media__,232,6.983050847457627,118
202506,0,2025-06-01,sentimento,__media__,232,6.7478991596638656,119
202507,0,2025-07-01,sentimento,__media__,232,6.813953488372093,129
202508,0,2025-08-01,sentimento,__media__,232,6.235294117647059,102
202509,0,2025-09-01,sentimento,__media__,232,6.853211009174312,109
202510,0,2025-10-01,sentimento,__media__,232,6.52991452991453,117
202511,0,2025-11-01,sentimento,__media__,232,6.934579439252336,107
202512,0,2025-12-01,sentimento,__media__,232,7.111111111111111,99
202601,0,2026-01-01,sentimento,__media__,232,7.02,100
202602,0,2026-02-01,sentimento,__media__,232,7.149532710280374,107
202603,0,2026-03-01,sentimento,__media__,232,6.759615384615385,208
202604,0,2026-04-01,sentimento,__media__,232,7.39344262295082,122
202605,0,2026-05-01,sentimento,__media__,232,6.962264150943396,106
202606,0,2026-06-01,sentimento,__media__,232,6.4036697247706424,109
202607,0,2026-07-01,sentimento,__media__,232,6.598130841121495,107
202306,0,2023-06-01,setores,agro,204,5,178
202307,0,2023-07-01,setores,agro,204,0.42857142857142855,203
202308,0,2023-08-01,setores,agro,204,0.3888888888888889,162
202309,0,2023-09-01,setores,agro,204,0.36065573770491804,122
202310,0,2023-10-01,setores,agro,204,0.37475728155339805,515
202311,0,2023-11-01,setores,agro,204,0.3878116343490305,361
202312,0,2023-12-01,setores,agro,204,0.42857142857142855,273
202401,0,2024-01-01,setores,agro,204,0.3469387755102041,147
202402,0,2024-02-01,setores,agro,204,0.2112676056338028,142
202403,0,2024-03-01,setores,agro,204,0.3333333333333333,138
202404,0,2024-04-01,setores,agro,204,0.2979591836734694,245
202405,0,2024-05-01,setores,agro,204,0.2635814889336016,497
202406,0,2024-06-01,setores,agro,204,0.22123893805309736,226
202407,0,2024-07-01,setores,agro,204,0.19642857142857142,112
202408,0,2024-08-01,setores,agro,204,0.24019607843137256,408
202409,0,2024-09-01,setores,agro,204,0.23270440251572327,159
202410,0,2024-10-01,setores,agro,204,0.12582781456953643,151
202411,0,2024-11-01,setores,agro,204,0.1962025316455696,158
202412,0,2024-12-01,setores,agro,204,0.10638297872340426,141
202501,0,2025-01-01,setores,agro,204,0.16023738872403562,337
202502,0,2025-02-01,setores,agro,204,0.2236024844720497,161
202503,0,2025-03-01,setores,agro,204,0.15555555555555556,180
202504,0,2025-04-01,setores,agro,204,0.2028985507246377,138
202505,0,2025-05-01,setores,agro,204,0.16101694915254236,118
202506,0,2025-06-01,setores,agro,204,0.2184873949579832,119
202507,0,2025-07-01,setores,agro,204,0.21705426356589147,129
202508,0,2025-08-01,setores,agro,204,0.13725490196078433,102
202509,0,2025-09-01,setores,agro,204,0.14678899082568808,109
202510,0,2025-10-01,setores,agro,204,0.11965811965811966,117
202511,0,2025-11-01,setores,agro,204,0.102803738317757,107
202512,0,2025-12-01,setores,agro,204,0.13131313131313133,99
202601,0,2026-01-01,setores,agro,204,0.15,100
202602,0,2026-02-01,setores,agro,204,0.102803738317757,107
202603,0,2026-03-01,setores,agro,204,0.12980769230769232,208
202604,0,2026-04-01,setores,agro,204,0.19672131147540983,122
202605,0,2026-05-01,setores,agro,204,0.1792452830188679,106
202606,0,2026-06-01,setores,agro,204,0.11009174311926606,109
202607,0,2026-07-01,setores,agro,204,0.037383177570093455,107
202306,0,2023-06-01,setores,alimentos_bebidas,208,13,178
202307,0,2023-07-01,setores,alimentos_bebidas,208,0.054187192118226604,203
202308,0,2023-08-01,setores,alimentos_bebidas,208,0.07407407407407407,162
202309,0,2023-09-01,setores,alimentos_bebidas,208,0.06557377049180328,122
202310,0,2023-10-01,setores,alimentos_bebidas,208,0.05631067961165048,515
202311,0,2023-11-01,setores,alimentos_bebidas,208,0.06371191135734072,361
202312,0,2023-12-01,setores,alimentos_bebidas,208,0.03663003663003663,273
202401,0,2024-01-01,setores,alimentos_bebidas,208,0.06802721088435375,147
202402,0,2024-02-01,setores,alimentos_bebidas,208,0.06338028169014084,142
202403,0,2024-03-01,setores,alimentos_bebidas,208,0.050724637681159424,138
202404,0,2024-04-01,setores,alimentos_bebidas,208,0.06938775510204082,245
202405,0,2024-05-01,setores,alimentos_bebidas,208,0.04225352112676056,497
202406,0,2024-06-01,setores,alimentos_bebidas,208,0.04424778761061947,226
202407,0,2024-07-01,setores,alimentos_bebidas,208,0.05357142857142857,112
202408,0,2024-08-01,setores,alimentos_bebidas,208,0.06372549019607843,408
202409,0,2024-09-01,setores,alimentos_bebidas,208,0.05660377358490566,159
202410,0,2024-10-01,setores,alimentos_bebidas,208,0.07947019867549669,151
202411,0,2024-11-01,setores,alimentos_bebidas,208,0.056962025316455694,158
202412,0,2024-12-01,setores,alimentos_bebidas,208,0.03546099290780142,141
202501,0,2025-01-01,setores,alimentos_bebidas,208,0.08011869436201781,337
202502,0,2025-02-01,setores,alimentos_bebidas,208,0.08074534161490683,161
202503,0,2025-03-01,setores,alimentos_bebidas,208,0.05,180
202504,0,2025-04-01,setores,alimentos_bebidas,208,0.06521739130434782,138
202505,0,2025-05-01,setores,alimentos_bebidas,208,0.0847457627118644,118
202506,0,2025-06-01,setores,alimentos_bebidas,208,0.04201680672268908,119
202507,0,2025-07-01,setores,alimentos_bebidas,208,0.07751937984496124,129
202508,0,2025-08-01,setores,alimentos_bebidas,208,0.0392156862745098,102
202509,0,2025-09-01,setores,alimentos_bebidas,208,0.05504587155963303,109
202510,0,2025-10-01,setores,alimentos_bebidas,208,0.03418803418803419,117
202511,0,2025-11-01,setores,alimentos_bebidas,208,0.08411214953271028,107
202512,0,2025-12-01,setores,alimentos_bebidas,208,0.030303030303030304,99
202601,0,2026-01-01,setores,alimentos_bebidas,208,0.09,100
202602,0,2026-02-01,setores,alimentos_bebidas,208,0.028037383177570093,107
202603,0,2026-03-01,setores,alimentos_bebidas,208,0.0673076923076923,208
202604,0,2026-04-01,setores,alimentos_bebidas,208,0.13114754098360656,122
202605,0,2026-05-01,setores,alimentos_bebidas,208,0.0660377358490566,106
202606,0,2026-06-01,setores,alimentos_bebidas,208,0.05504587155963303,109
202607,0,2026-07-01,setores,alimentos_bebidas,208,0.028037383177570093,107
202306,0,2023-06-01,setores,bens_de_capital,205,9,178
202307,0,2023-07-01,setores,bens_de_capital,205,0.09359605911330049,203
202308,0,2023-08-01,setores,bens_de_capital,205,0.12345679012345678,162
202309,0,2023-09-01,setores,bens_de_capital,205,0.13934426229508196,122
202310,0,2023-10-01,setores,bens_de_capital,205,0.05631067961165048,515
202311,0,2023-11-01,setores,bens_de_capital,205,0.05263157894736842,361
202312,0,2023-12-01,setores,bens_de_capital,205,0.08058608058608059,273
202401,0,2024-01-01,setores,bens_de_capital,205,0.11564625850340136,147
202402,0,2024-02-01,setores,bens_de_capital,205,0.09154929577464789,142
202403,0,2024-03-01,setores,bens_de_capital,205,0.08695652173913043,138
202404,0,2024-04-01,setores,bens_de_capital,205,0.07346938775510205,245
202405,0,2024-05-01,setores,bens_de_capital,205,0.04225352112676056,497
202406,0,2024-06-01,setores,bens_de_capital,205,0.07079646017699115,226
202407,0,2024-07-01,setores,bens_de_capital,205,0.125,112
202408,0,2024-08-01,setores,bens_de_capital,205,0.06372549019607843,408
202409,0,2024-09-01,setores,bens_de_capital,205,0.0880503144654088,159
202410,0,2024-10-01,setores,bens_de_capital,205,0.07947019867549669,151
202411,0,2024-11-01,setores,bens_de_capital,205,0.0759493670886076,158
202412,0,2024-12-01,setores,bens_de_capital,205,0.12056737588652482,141
202501,0,2025-01-01,setores,bens_de_capital,205,0.05934718100890208,337
202502,0,2025-02-01,setores,bens_de_capital,205,0.08695652173913043,161
202503,0,2025-03-01,setores,bens_de_capital,205,0.09444444444444444,180
202504,0,2025-04-01,setores,bens_de_capital,205,0.09420289855072464,138
202505,0,2025-05-01,setores,bens_de_capital,205,0.1016949152542373,118
202506,0,2025-06-01,setores,bens_de_capital,205,0.12605042016806722,119
202507,0,2025-07-01,setores,bens_de_capital,205,0.06201550387596899,129
202508,0,2025-08-01,setores,bens_de_capital,205,0.10784313725490197,102
202509,0,2025-09-01,setores,bens_de_capital,205,0.10091743119266056,109
202510,0,2025-10-01,setores,bens_de_capital,205,0.08547008547008547,117
202511,0,2025-11-01,setores,bens_de_capital,205,0.102803738317757,107
202512,0,2025-12-01,setores,bens_de_capital,205,0.08080808080808081,99
202601,0,2026-01-01,setores,bens_de_capital,205,0.11,100
202602,0,2026-02-01,setores,bens_de_capital,205,0.102803738317757,107
202603,0,2026-03-01,setores,bens_de_capital,205,0.07211538461538461,208
202604,0,2026-04-01,setores,bens_de_capital,205,0.09836065573770492,122
202605,0,2026-05-01,setores,bens_de_capital,205,0.08490566037735849,106
202606,0,2026-06-01,setores,bens_de_capital,205,0.08256880733944955,109
202607,0,2026-07-01,setores,bens_de_capital,205,0.12149532710280374,107
202306,0,2023-06-01,setores,educacao,206,10,178
202307,0,2023-07-01,setores,educacao,206,0.03940886699507389,203
202308,0,2023-08-01,setores,educacao,206,0.09876543209876543,162
202309,0,2023-09-01,setores,educacao,206,0.040983606557377046,122
202310,0,2023-10-01,setores,educacao,206,0.02524271844660194,515
202311,0,2023-11-01,setores,educacao,206,0.036011080332409975,361
202312,0,2023-12-01,setores,educacao,206,0.02564102564102564,273
202401,0,2024-01-01,setores,educacao,206,0.06802721088435375,147
202402,0,2024-02-01,setores,educacao,206,0.02112676056338028,142
202403,0,2024-03-01,setores,educacao,206,0.043478260869565216,138
202404,0,2024-04-01,setores,educacao,206,0.04081632653061224,245
202405,0,2024-05-01,setores,educacao,206,0.01609657947686117,497
202406,0,2024-06-01,setores,educacao,206,0.02654867256637168,226
202407,0,2024-07-01,setores,educacao,206,0.03571428571428571,112
202408,0,2024-08-01,setores,educacao,206,0.007352941176470588,408
202409,0,2024-09-01,setores,educacao,206,0.006289308176100629,159
202410,0,2024-10-01,setores,educacao,206,0,151
202411,0,2024-11-01,setores,educacao,206,0.012658227848101266,158
202412,0,2024-12-01,setores,educacao,206,0,141
202501,0,2025-01-01,setores,educacao,206,0.008902077151335312,337
202502,0,2025-02-01,setores,educacao,206,0.031055900621118012,161
202503,0,2025-03-01,setores,educacao,206,0.027777777777777776,180
202504,0,2025-04-01,setores,educacao,206,0.014492753623188406,138
202505,0,2025-05-01,setores,educacao,206,0,118
202506,0,2025-06-01,setores,educacao,206,0.008403361344537815,119
202507,0,2025-07-01,setores,educacao,206,0.031007751937984496,129
202508,0,2025-08-01,setores,educacao,206,0.029411764705882353,102
202509,0,2025-09-01,setores,educacao,206,0.009174311926605505,109
202510,0,2025-10-01,setores,educacao,206,0.008547008547008548,117
202511,0,2025-11-01,setores,educacao,206,0.037383177570093455,107
202512,0,2025-12-01,setores,educacao,206,0.020202020202020204,99
202601,0,2026-01-01,setores,educacao,206,0.03,100
202602,0,2026-02-01,setores,educacao,206,0,107
202603,0,2026-03-01,setores,educacao,206,0.02403846153846154,208
202604,0,2026-04-01,setores,educacao,206,0.040983606557377046,122
202605,0,2026-05-01,setores,educacao,206,0.04716981132075472,106
202606,0,2026-06-01,setores,educacao,206,0.03669724770642202,109
202607,0,2026-07-01,setores,educacao,206,0.018691588785046728,107
202306,0,2023-06-01,setores,eletricas_saneamento,216,2,178
202307,0,2023-07-01,setores,eletricas_saneamento,216,0.4827586206896552,203
202308,0,2023-08-01,setores,eletricas_saneamento,216,0.5246913580246914,162
202309,0,2023-09-01,setores,eletricas_saneamento,216,0.6311475409836066,122
202310,0,2023-10-01,setores,eletricas_saneamento,216,0.5650485436893203,515
202311,0,2023-11-01,setores,eletricas_saneamento,216,0.5207756232686981,361
202312,0,2023-12-01,setores,eletricas_saneamento,216,0.6117216117216118,273
202401,0,2024-01-01,setores,eletricas_saneamento,216,0.6530612244897959,147
202402,0,2024-02-01,setores,eletricas_saneamento,216,0.6549295774647887,142
202403,0,2024-03-01,setores,eletricas_saneamento,216,0.6521739130434783,138
202404,0,2024-04-01,setores,eletricas_saneamento,216,0.5510204081632653,245
202405,0,2024-05-01,setores,eletricas_saneamento,216,0.5734406438631791,497
202406,0,2024-06-01,setores,eletricas_saneamento,216,0.6061946902654868,226
202407,0,2024-07-01,setores,eletricas_saneamento,216,0.6339285714285714,112
202408,0,2024-08-01,setores,eletricas_saneamento,216,0.5588235294117647,408
202409,0,2024-09-01,setores,eletricas_saneamento,216,0.6289308176100629,159
202410,0,2024-10-01,setores,eletricas_saneamento,216,0.5695364238410596,151
202411,0,2024-11-01,setores,eletricas_saneamento,216,0.569620253164557,158
202412,0,2024-12-01,setores,eletricas_saneamento,216,0.5319148936170213,141
202501,0,2025-01-01,setores,eletricas_saneamento,216,0.6053412462908012,337
202502,0,2025-02-01,setores,eletricas_saneamento,216,0.5900621118012422,161
202503,0,2025-03-01,setores,eletricas_saneamento,216,0.6222222222222222,180
202504,0,2025-04-01,setores,eletricas_saneamento,216,0.6159420289855072,138
202505,0,2025-05-01,setores,eletricas_saneamento,216,0.5847457627118644,118
202506,0,2025-06-01,setores,eletricas_saneamento,216,0.6302521008403361,119
202507,0,2025-07-01,setores,eletricas_saneamento,216,0.5891472868217055,129
202508,0,2025-08-01,setores,eletricas_saneamento,216,0.6176470588235294,102
202509,0,2025-09-01,setores,eletricas_saneamento,216,0.6146788990825688,109
202510,0,2025-10-01,setores,eletricas_saneamento,216,0.5726495726495726,117
202511,0,2025-11-01,setores,eletricas_saneamento,216,0.6074766355140186,107
202512,0,2025-12-01,setores,eletricas_saneamento,216,0.5858585858585859,99
202601,0,2026-01-01,setores,eletricas_saneamento,216,0.54,100
202602,0,2026-02-01,setores,eletricas_saneamento,216,0.5700934579439252,107
202603,0,2026-03-01,setores,eletricas_saneamento,216,0.4951923076923077,208
202604,0,2026-04-01,setores,eletricas_saneamento,216,0.5491803278688525,122
202605,0,2026-05-01,setores,eletricas_saneamento,216,0.6226415094339622,106
202606,0,2026-06-01,setores,eletricas_saneamento,216,0.5596330275229358,109
202607,0,2026-07-01,setores,eletricas_saneamento,216,0.6355140186915887,107
202306,0,2023-06-01,setores,financeiro,207,1,178
202307,0,2023-07-01,setores,financeiro,207,0.5024630541871922,203
202308,0,2023-08-01,setores,financeiro,207,0.5493827160493827,162
202309,0,2023-09-01,setores,financeiro,207,0.4180327868852459,122
202310,0,2023-10-01,setores,financeiro,207,0.44271844660194176,515
202311,0,2023-11-01,setores,financeiro,207,0.47645429362880887,361
202312,0,2023-12-01,setores,financeiro,207,0.6190476190476191,273
202401,0,2024-01-01,setores,financeiro,207,0.6054421768707483,147
202402,0,2024-02-01,setores,financeiro,207,0.5633802816901409,142
202403,0,2024-03-01,setores,financeiro,207,0.6086956521739131,138
202404,0,2024-04-01,setores,financeiro,207,0.563265306122449,245
202405,0,2024-05-01,setores,financeiro,207,0.6056338028169014,497
202406,0,2024-06-01,setores,financeiro,207,0.6017699115044248,226
202407,0,2024-07-01,setores,financeiro,207,0.6696428571428571,112
202408,0,2024-08-01,setores,financeiro,207,0.6617647058823529,408
202409,0,2024-09-01,setores,financeiro,207,0.7295597484276729,159
202410,0,2024-10-01,setores,financeiro,207,0.6291390728476821,151
202411,0,2024-11-01,setores,financeiro,207,0.6329113924050633,158
202412,0,2024-12-01,setores,financeiro,207,0.6737588652482269,141
202501,0,2025-01-01,setores,financeiro,207,0.6646884272997032,337
202502,0,2025-02-01,setores,financeiro,207,0.7080745341614907,161
202503,0,2025-03-01,setores,financeiro,207,0.65,180
202504,0,2025-04-01,setores,financeiro,207,0.7463768115942029,138
202505,0,2025-05-01,setores,financeiro,207,0.7711864406779662,118
202506,0,2025-06-01,setores,financeiro,207,0.773109243697479,119
202507,0,2025-07-01,setores,financeiro,207,0.7286821705426356,129
202508,0,2025-08-01,setores,financeiro,207,0.7450980392156863,102
202509,0,2025-09-01,setores,financeiro,207,0.7247706422018348,109
202510,0,2025-10-01,setores,financeiro,207,0.7435897435897436,117
202511,0,2025-11-01,setores,financeiro,207,0.7383177570093458,107
202512,0,2025-12-01,setores,financeiro,207,0.7575757575757576,99
202601,0,2026-01-01,setores,financeiro,207,0.73,100
202602,0,2026-02-01,setores,financeiro,207,0.7663551401869159,107
202603,0,2026-03-01,setores,financeiro,207,0.7019230769230769,208
202604,0,2026-04-01,setores,financeiro,207,0.680327868852459,122
202605,0,2026-05-01,setores,financeiro,207,0.8018867924528302,106
202606,0,2026-06-01,setores,financeiro,207,0.6238532110091743,109
202607,0,2026-07-01,setores,financeiro,207,0.616822429906542,107
202306,0,2023-06-01,setores,imobiliario,213,6,178
202307,0,2023-07-01,setores,imobiliario,213,0.2955665024630542,203
202308,0,2023-08-01,setores,imobiliario,213,0.2962962962962963,162
202309,0,2023-09-01,setores,imobiliario,213,0.23770491803278687,122
202310,0,2023-10-01,setores,imobiliario,213,0.22330097087378642,515
202311,0,2023-11-01,setores,imobiliario,213,0.2659279778393352,361
202312,0,2023-12-01,setores,imobiliario,213,0.31135531135531136,273
202401,0,2024-01-01,setores,imobiliario,213,0.3129251700680272,147
202402,0,2024-02-01,setores,imobiliario,213,0.2887323943661972,142
202403,0,2024-03-01,setores,imobiliario,213,0.2826086956521739,138
202404,0,2024-04-01,setores,imobiliario,213,0.27755102040816326,245
202405,0,2024-05-01,setores,imobiliario,213,0.23340040241448692,497
202406,0,2024-06-01,setores,imobiliario,213,0.22123893805309736,226
202407,0,2024-07-01,setores,imobiliario,213,0.16964285714285715,112
202408,0,2024-08-01,setores,imobiliario,213,0.2647058823529412,408
202409,0,2024-09-01,setores,imobiliario,213,0.22012578616352202,159
202410,0,2024-10-01,setores,imobiliario,213,0.1986754966887417,151
202411,0,2024-11-01,setores,imobiliario,213,0.14556962025316456,158
202412,0,2024-12-01,setores,imobiliario,213,0.09929078014184398,141
202501,0,2025-01-01,setores,imobiliario,213,0.13353115727002968,337
202502,0,2025-02-01,setores,imobiliario,213,0.12422360248447205,161
202503,0,2025-03-01,setores,imobiliario,213,0.14444444444444443,180
202504,0,2025-04-01,setores,imobiliario,213,0.13768115942028986,138
202505,0,2025-05-01,setores,imobiliario,213,0.1694915254237288,118
202506,0,2025-06-01,setores,imobiliario,213,0.226890756302521,119
202507,0,2025-07-01,setores,imobiliario,213,0.14728682170542637,129
202508,0,2025-08-01,setores,imobiliario,213,0.20588235294117646,102
202509,0,2025-09-01,setores,imobiliario,213,0.1559633027522936,109
202510,0,2025-10-01,setores,imobiliario,213,0.1794871794871795,117
202511,0,2025-11-01,setores,imobiliario,213,0.22429906542056074,107
202512,0,2025-12-01,setores,imobiliario,213,0.1717171717171717,99
202601,0,2026-01-01,setores,imobiliario,213,0.27,100
202602,0,2026-02-01,setores,imobiliario,213,0.18691588785046728,107
202603,0,2026-03-01,setores,imobiliario,213,0.21153846153846154,208
202604,0,2026-04-01,setores,imobiliario,213,0.28688524590163933,122
202605,0,2026-05-01,setores,imobiliario,213,0.19811320754716982,106
202606,0,2026-06-01,setores,imobiliario,213,0.1834862385321101,109
202607,0,2026-07-01,setores,imobiliario,213,0.14018691588785046,107
202306,0,2023-06-01,setores,mineracao_siderurgia,210,4,178
202307,0,2023-07-01,setores,mineracao_siderurgia,210,0.42857142857142855,203
202308,0,2023-08-01,setores,mineracao_siderurgia,210,0.4012345679012346,162
202309,0,2023-09-01,setores,mineracao_siderurgia,210,0.3770491803278688,122
202310,0,2023-10-01,setores,mineracao_siderurgia,210,0.42135922330097086,515
202311,0,2023-11-01,setores,mineracao_siderurgia,210,0.4376731301939058,361
202312,0,2023-12-01,setores,mineracao_siderurgia,210,0.4945054945054945,273
202401,0,2024-01-01,setores,mineracao_siderurgia,210,0.5170068027210885,147
202402,0,2024-02-01,setores,mineracao_siderurgia,210,0.352112676056338,142
202403,0,2024-03-01,setores,mineracao_siderurgia,210,0.3695652173913043,138
202404,0,2024-04-01,setores,mineracao_siderurgia,210,0.49795918367346936,245
202405,0,2024-05-01,setores,mineracao_siderurgia,210,0.43661971830985913,497
202406,0,2024-06-01,setores,mineracao_siderurgia,210,0.45132743362831856,226
202407,0,2024-07-01,setores,mineracao_siderurgia,210,0.48214285714285715,112
202408,0,2024-08-01,setores,mineracao_siderurgia,210,0.39705882352941174,408
202409,0,2024-09-01,setores,mineracao_siderurgia,210,0.4716981132075472,159
202410,0,2024-10-01,setores,mineracao_siderurgia,210,0.5364238410596026,151
202411,0,2024-11-01,setores,mineracao_siderurgia,210,0.4240506329113924,158
202412,0,2024-12-01,setores,mineracao_siderurgia,210,0.40425531914893614,141
202501,0,2025-01-01,setores,mineracao_siderurgia,210,0.32047477744807124,337
202502,0,2025-02-01,setores,mineracao_siderurgia,210,0.38509316770186336,161
202503,0,2025-03-01,setores,mineracao_siderurgia,210,0.3611111111111111,180
202504,0,2025-04-01,setores,mineracao_siderurgia,210,0.2971014492753623,138
202505,0,2025-05-01,setores,mineracao_siderurgia,210,0.4152542372881356,118
202506,0,2025-06-01,setores,mineracao_siderurgia,210,0.36134453781512604,119
202507,0,2025-07-01,setores,mineracao_siderurgia,210,0.3333333333333333,129
202508,0,2025-08-01,setores,mineracao_siderurgia,210,0.3431372549019608,102
202509,0,2025-09-01,setores,mineracao_siderurgia,210,0.3944954128440367,109
202510,0,2025-10-01,setores,mineracao_siderurgia,210,0.2564102564102564,117
202511,0,2025-11-01,setores,mineracao_siderurgia,210,0.34579439252336447,107
202512,0,2025-12-01,setores,mineracao_siderurgia,210,0.45454545454545453,99
202601,0,2026-01-01,setores,mineracao_siderurgia,210,0.48,100
202602,0,2026-02-01,setores,mineracao_siderurgia,210,0.411214953271028,107
202603,0,2026-03-01,setores,mineracao_siderurgia,210,0.40384615384615385,208
202604,0,2026-04-01,setores,mineracao_siderurgia,210,0.4180327868852459,122
202605,0,2026-05-01,setores,mineracao_siderurgia,210,0.33962264150943394,106
202606,0,2026-06-01,setores,mineracao_siderurgia,210,0.3761467889908257,109
202607,0,2026-07-01,setores,mineracao_siderurgia,210,0.27102803738317754,107
202306,0,2023-06-01,setores,papel_celulose,212,7,178
202307,0,2023-07-01,setores,papel_celulose,212,0.16748768472906403,203
202308,0,2023-08-01,setores,papel_celulose,212,0.2037037037037037,162
202309,0,2023-09-01,setores,papel_celulose,212,0.27049180327868855,122
202310,0,2023-10-01,setores,papel_celulose,212,0.18640776699029127,515
202311,0,2023-11-01,setores,papel_celulose,212,0.13019390581717452,361
202312,0,2023-12-01,setores,papel_celulose,212,0.21978021978021978,273
202401,0,2024-01-01,setores,papel_celulose,212,0.1564625850340136,147
202402,0,2024-02-01,setores,papel_celulose,212,0.1056338028169014,142
202403,0,2024-03-01,setores,papel_celulose,212,0.13043478260869565,138
202404,0,2024-04-01,setores,papel_celulose,212,0.19591836734693877,245
202405,0,2024-05-01,setores,papel_celulose,212,0.15694164989939638,497
202406,0,2024-06-01,setores,papel_celulose,212,0.14601769911504425,226
202407,0,2024-07-01,setores,papel_celulose,212,0.22321428571428573,112
202408,0,2024-08-01,setores,papel_celulose,212,0.13725490196078433,408
202409,0,2024-09-01,setores,papel_celulose,212,0.2138364779874214,159
202410,0,2024-10-01,setores,papel_celulose,212,0.19205298013245034,151
202411,0,2024-11-01,setores,papel_celulose,212,0.22151898734177214,158
202412,0,2024-12-01,setores,papel_celulose,212,0.2198581560283688,141
202501,0,2025-01-01,setores,papel_celulose,212,0.19584569732937684,337
202502,0,2025-02-01,setores,papel_celulose,212,0.18633540372670807,161
202503,0,2025-03-01,setores,papel_celulose,212,0.18333333333333332,180
202504,0,2025-04-01,setores,papel_celulose,212,0.10869565217391304,138
202505,0,2025-05-01,setores,papel_celulose,212,0.1271186440677966,118
202506,0,2025-06-01,setores,papel_celulose,212,0.16806722689075632,119
202507,0,2025-07-01,setores,papel_celulose,212,0.10852713178294573,129
202508,0,2025-08-01,setores,papel_celulose,212,0.12745098039215685,102
202509,0,2025-09-01,setores,papel_celulose,212,0.13761467889908258,109
202510,0,2025-10-01,setores,papel_celulose,212,0.2564102564102564,117
202511,0,2025-11-01,setores,papel_celulose,212,0.14953271028037382,107
202512,0,2025-12-01,setores,papel_celulose,212,0.13131313131313133,99
202601,0,2026-01-01,setores,papel_celulose,212,0.16,100
202602,0,2026-02-01,setores,papel_celulose,212,0.22429906542056074,107
202603,0,2026-03-01,setores,papel_celulose,212,0.16826923076923078,208
202604,0,2026-04-01,setores,papel_celulose,212,0.16393442622950818,122
202605,0,2026-05-01,setores,papel_celulose,212,0.14150943396226415,106
202606,0,2026-06-01,setores,papel_celulose,212,0.10091743119266056,109
202607,0,2026-07-01,setores,papel_celulose,212,0.09345794392523364,107
202306,0,2023-06-01,setores,petroleo_gas,211,3,178
202307,0,2023-07-01,setores,petroleo_gas,211,0.42857142857142855,203
202308,0,2023-08-01,setores,petroleo_gas,211,0.41358024691358025,162
202309,0,2023-09-01,setores,petroleo_gas,211,0.4344262295081967,122
202310,0,2023-10-01,setores,petroleo_gas,211,0.4,515
202311,0,2023-11-01,setores,petroleo_gas,211,0.46814404432132967,361
202312,0,2023-12-01,setores,petroleo_gas,211,0.4725274725274725,273
202401,0,2024-01-01,setores,petroleo_gas,211,0.6598639455782312,147
202402,0,2024-02-01,setores,petroleo_gas,211,0.5563380281690141,142
202403,0,2024-03-01,setores,petroleo_gas,211,0.5217391304347826,138
202404,0,2024-04-01,setores,petroleo_gas,211,0.5510204081632653,245
202405,0,2024-05-01,setores,petroleo_gas,211,0.5492957746478874,497
202406,0,2024-06-01,setores,petroleo_gas,211,0.504424778761062,226
202407,0,2024-07-01,setores,petroleo_gas,211,0.5178571428571429,112
202408,0,2024-08-01,setores,petroleo_gas,211,0.5196078431372549,408
202409,0,2024-09-01,setores,petroleo_gas,211,0.5345911949685535,159
202410,0,2024-10-01,setores,petroleo_gas,211,0.6622516556291391,151
202411,0,2024-11-01,setores,petroleo_gas,211,0.43037974683544306,158
202412,0,2024-12-01,setores,petroleo_gas,211,0.5886524822695035,141
202501,0,2025-01-01,setores,petroleo_gas,211,0.49851632047477745,337
202502,0,2025-02-01,setores,petroleo_gas,211,0.5341614906832298,161
202503,0,2025-03-01,setores,petroleo_gas,211,0.4888888888888889,180
202504,0,2025-04-01,setores,petroleo_gas,211,0.5144927536231884,138
202505,0,2025-05-01,setores,petroleo_gas,211,0.6016949152542372,118
202506,0,2025-06-01,setores,petroleo_gas,211,0.5378151260504201,119
202507,0,2025-07-01,setores,petroleo_gas,211,0.5038759689922481,129
202508,0,2025-08-01,setores,petroleo_gas,211,0.47058823529411764,102
202509,0,2025-09-01,setores,petroleo_gas,211,0.5229357798165137,109
202510,0,2025-10-01,setores,petroleo_gas,211,0.46153846153846156,117
202511,0,2025-11-01,setores,petroleo_gas,211,0.4766355140186916,107
202512,0,2025-12-01,setores,petroleo_gas,211,0.5454545454545454,99
202601,0,2026-01-01,setores,petroleo_gas,211,0.56,100
202602,0,2026-02-01,setores,petroleo_gas,211,0.5887850467289719,107
202603,0,2026-03-01,setores,petroleo_gas,211,0.6634615384615384,208
202604,0,2026-04-01,setores,petroleo_gas,211,0.6475409836065574,122
202605,0,2026-05-01,setores,petroleo_gas,211,0.5754716981132075,106
202606,0,2026-06-01,setores,petroleo_gas,211,0.4954128440366973,109
202607,0,2026-07-01,setores,petroleo_gas,211,0.38317757009345793,107
202306,0,2023-06-01,setores,saude,209,11,178
202307,0,2023-07-01,setores,saude,209,0.07389162561576355,203
202308,0,2023-08-01,setores,saude,209,0.09876543209876543,162
202309,0,2023-09-01,setores,saude,209,0.09836065573770492,122
202310,0,2023-10-01,setores,saude,209,0.06407766990291262,515
202311,0,2023-11-01,setores,saude,209,0.09141274238227147,361
202312,0,2023-12-01,setores,saude,209,0.06593406593406594,273
202401,0,2024-01-01,setores,saude,209,0.10884353741496598,147
202402,0,2024-02-01,setores,saude,209,0.09154929577464789,142
202403,0,2024-03-01,setores,saude,209,0.043478260869565216,138
202404,0,2024-04-01,setores,saude,209,0.0326530612244898,245
202405,0,2024-05-01,setores,saude,209,0.052313883299798795,497
202406,0,2024-06-01,setores,saude,209,0.05309734513274336,226
202407,0,2024-07-01,setores,saude,209,0.044642857142857144,112
202408,0,2024-08-01,setores,saude,209,0.056372549019607844,408
202409,0,2024-09-01,setores,saude,209,0.06918238993710692,159
202410,0,2024-10-01,setores,saude,209,0.033112582781456956,151
202411,0,2024-11-01,setores,saude,209,0.056962025316455694,158
202412,0,2024-12-01,setores,saude,209,0.03546099290780142,141
202501,0,2025-01-01,setores,saude,209,0.05341246290801187,337
202502,0,2025-02-01,setores,saude,209,0.024844720496894408,161
202503,0,2025-03-01,setores,saude,209,0.07777777777777778,180
202504,0,2025-04-01,setores,saude,209,0.057971014492753624,138
202505,0,2025-05-01,setores,saude,209,0.059322033898305086,118
202506,0,2025-06-01,setores,saude,209,0.058823529411764705,119
202507,0,2025-07-01,setores,saude,209,0.06976744186046512,129
202508,0,2025-08-01,setores,saude,209,0.058823529411764705,102
202509,0,2025-09-01,setores,saude,209,0.045871559633027525,109
202510,0,2025-10-01,setores,saude,209,0.017094017094017096,117
202511,0,2025-11-01,setores,saude,209,0.06542056074766354,107
202512,0,2025-12-01,setores,saude,209,0.06060606060606061,99
202601,0,2026-01-01,setores,saude,209,0.04,100
202602,0,2026-02-01,setores,saude,209,0.056074766355140186,107
202603,0,2026-03-01,setores,saude,209,0.057692307692307696,208
202604,0,2026-04-01,setores,saude,209,0.09836065573770492,122
202605,0,2026-05-01,setores,saude,209,0.07547169811320754,106
202606,0,2026-06-01,setores,saude,209,0.045871559633027525,109
202607,0,2026-07-01,setores,saude,209,0.056074766355140186,107
202306,0,2023-06-01,setores,telecomunicacoes_midia_e_tecnologia,215,12,178
202307,0,2023-07-01,setores,telecomunicacoes_midia_e_tecnologia,215,0.09852216748768473,203
202308,0,2023-08-01,setores,telecomunicacoes_midia_e_tecnologia,215,0.08024691358024691,162
202309,0,2023-09-01,setores,telecomunicacoes_midia_e_tecnologia,215,0.09016393442622951,122
202310,0,2023-10-01,setores,telecomunicacoes_midia_e_tecnologia,215,0.10485436893203884,515
202311,0,2023-11-01,setores,telecomunicacoes_midia_e_tecnologia,215,0.12742382271468145,361
202312,0,2023-12-01,setores,telecomunicacoes_midia_e_tecnologia,215,0.1684981684981685,273
202401,0,2024-01-01,setores,telecomunicacoes_midia_e_tecnologia,215,0.14285714285714285,147
202402,0,2024-02-01,setores,telecomunicacoes_midia_e_tecnologia,215,0.176056338028169,142
202403,0,2024-03-01,setores,telecomunicacoes_midia_e_tecnologia,215,0.2536231884057971,138
202404,0,2024-04-01,setores,telecomunicacoes_midia_e_tecnologia,215,0.17551020408163265,245
202405,0,2024-05-01,setores,telecomunicacoes_midia_e_tecnologia,215,0.13279678068410464,497
202406,0,2024-06-01,setores,telecomunicacoes_midia_e_tecnologia,215,0.10619469026548672,226
202407,0,2024-07-01,setores,telecomunicacoes_midia_e_tecnologia,215,0.09821428571428571,112
202408,0,2024-08-01,setores,telecomunicacoes_midia_e_tecnologia,215,0.17401960784313725,408
202409,0,2024-09-01,setores,telecomunicacoes_midia_e_tecnologia,215,0.14465408805031446,159
202410,0,2024-10-01,setores,telecomunicacoes_midia_e_tecnologia,215,0.18543046357615894,151
202411,0,2024-11-01,setores,telecomunicacoes_midia_e_tecnologia,215,0.17088607594936708,158
202412,0,2024-12-01,setores,telecomunicacoes_midia_e_tecnologia,215,0.1276595744680851,141
202501,0,2025-01-01,setores,telecomunicacoes_midia_e_tecnologia,215,0.1632047477744807,337
202502,0,2025-02-01,setores,telecomunicacoes_midia_e_tecnologia,215,0.16149068322981366,161
202503,0,2025-03-01,setores,telecomunicacoes_midia_e_tecnologia,215,0.16111111111111112,180
202504,0,2025-04-01,setores,telecomunicacoes_midia_e_tecnologia,215,0.1956521739130435,138
202505,0,2025-05-01,setores,telecomunicacoes_midia_e_tecnologia,215,0.211864406779661,118
202506,0,2025-06-01,setores,telecomunicacoes_midia_e_tecnologia,215,0.20168067226890757,119
202507,0,2025-07-01,setores,telecomunicacoes_midia_e_tecnologia,215,0.2868217054263566,129
202508,0,2025-08-01,setores,telecomunicacoes_midia_e_tecnologia,215,0.20588235294117646,102
202509,0,2025-09-01,setores,telecomunicacoes_midia_e_tecnologia,215,0.21100917431192662,109
202510,0,2025-10-01,setores,telecomunicacoes_midia_e_tecnologia,215,0.1794871794871795,117
202511,0,2025-11-01,setores,telecomunicacoes_midia_e_tecnologia,215,0.17757009345794392,107
202512,0,2025-12-01,setores,telecomunicacoes_midia_e_tecnologia,215,0.25252525252525254,99
202601,0,2026-01-01,setores,telecomunicacoes_midia_e_tecnologia,215,0.25,100
202602,0,2026-02-01,setores,telecomunicacoes_midia_e_tecnologia,215,0.1588785046728972,107
202603,0,2026-03-01,setores,telecomunicacoes_midia_e_tecnologia,215,0.1971153846153846,208
202604,0,2026-04-01,setores,telecomunicacoes_midia_e_tecnologia,215,0.2540983606557377,122
202605,0,2026-05-01,setores,telecomunicacoes_midia_e_tecnologia,215,0.18867924528301888,106
202606,0,2026-06-01,setores,telecomunicacoes_midia_e_tecnologia,215,0.26605504587155965,109
202607,0,2026-07-01,setores,telecomunicacoes_midia_e_tecnologia,215,0.205607476635514,107
202306,0,2023-06-01,setores,transportes,217,14,178
202307,0,2023-07-01,setores,transportes,217,0.054187192118226604,203
202308,0,2023-08-01,setores,transportes,217,0.05555555555555555,162
202309,0,2023-09-01,setores,transportes,217,0.02459016393442623,122
202310,0,2023-10-01,setores,transportes,217,0.017475728155339806,515
202311,0,2023-11-01,setores,transportes,217,0.038781163434903045,361
202312,0,2023-12-01,setores,transportes,217,0.02564102564102564,273
202401,0,2024-01-01,setores,transportes,217,0.027210884353741496,147
202402,0,2024-02-01,setores,transportes,217,0.04225352112676056,142
202403,0,2024-03-01,setores,transportes,217,0.057971014492753624,138
202404,0,2024-04-01,setores,transportes,217,0.04081632653061224,245
202405,0,2024-05-01,setores,transportes,217,0.026156941649899398,497
202406,0,2024-06-01,setores,transportes,217,0.017699115044247787,226
202407,0,2024-07-01,setores,transportes,217,0.044642857142857144,112
202408,0,2024-08-01,setores,transportes,217,0.03431372549019608,408
202409,0,2024-09-01,setores,transportes,217,0.06918238993710692,159
202410,0,2024-10-01,setores,transportes,217,0.026490066225165563,151
202411,0,2024-11-01,setores,transportes,217,0.0189873417721519,158
202412,0,2024-12-01,setores,transportes,217,0.02127659574468085,141
202501,0,2025-01-01,setores,transportes,217,0.03560830860534125,337
202502,0,2025-02-01,setores,transportes,217,0.037267080745341616,161
202503,0,2025-03-01,setores,transportes,217,0.03888888888888889,180
202504,0,2025-04-01,setores,transportes,217,0.007246376811594203,138
202505,0,2025-05-01,setores,transportes,217,0.025423728813559324,118
202506,0,2025-06-01,setores,transportes,217,0.03361344537815126,119
202507,0,2025-07-01,setores,transportes,217,0.03875968992248062,129
202508,0,2025-08-01,setores,transportes,217,0.0196078431372549,102
202509,0,2025-09-01,setores,transportes,217,0.01834862385321101,109
202510,0,2025-10-01,setores,transportes,217,0.02564102564102564,117
202511,0,2025-11-01,setores,transportes,217,0.028037383177570093,107
202512,0,2025-12-01,setores,transportes,217,0.020202020202020204,99
202601,0,2026-01-01,setores,transportes,217,0.06,100
202602,0,2026-02-01,setores,transportes,217,0.056074766355140186,107
202603,0,2026-03-01,setores,transportes,217,0.03365384615384615,208
202604,0,2026-04-01,setores,transportes,217,0.06557377049180328,122
202605,0,2026-05-01,setores,transportes,217,0.05660377358490566,106
202606,0,2026-06-01,setores,transportes,217,0.009174311926605505,109
202607,0,2026-07-01,setores,transportes,217,0.04672897196261682,107
202306,0,2023-06-01,setores,varejo,214,8,178
202307,0,2023-07-01,setores,varejo,214,0.12315270935960591,203
202308,0,2023-08-01,setores,varejo,214,0.1419753086419753,162
202309,0,2023-09-01,setores,varejo,214,0.07377049180327869,122
202310,0,2023-10-01,setores,varejo,214,0.03300970873786408,515
202311,0,2023-11-01,setores,varejo,214,0.038781163434903045,361
202312,0,2023-12-01,setores,varejo,214,0.054945054945054944,273
202401,0,2024-01-01,setores,varejo,214,0.06802721088435375,147
202402,0,2024-02-01,setores,varejo,214,0.06338028169014084,142
202403,0,2024-03-01,setores,varejo,214,0.07246376811594203,138
202404,0,2024-04-01,setores,varejo,214,0.04897959183673469,245
202405,0,2024-05-01,setores,varejo,214,0.05432595573440644,497
202406,0,2024-06-01,setores,varejo,214,0.035398230088495575,226
202407,0,2024-07-01,setores,varejo,214,0.0625,112
202408,0,2024-08-01,setores,varejo,214,0.03676470588235294,408
202409,0,2024-09-01,setores,varejo,214,0.03773584905660377,159
202410,0,2024-10-01,setores,varejo,214,0.013245033112582781,151
202411,0,2024-11-01,setores,varejo,214,0.02531645569620253,158
202412,0,2024-12-01,setores,varejo,214,0.014184397163120567,141
202501,0,2025-01-01,setores,varejo,214,0.02967359050445104,337
202502,0,2025-02-01,setores,varejo,214,0.012422360248447204,161
202503,0,2025-03-01,setores,varejo,214,0.07222222222222222,180
202504,0,2025-04-01,setores,varejo,214,0.014492753623188406,138
202505,0,2025-05-01,setores,varejo,214,0.03389830508474576,118
202506,0,2025-06-01,setores,varejo,214,0.058823529411764705,119
202507,0,2025-07-01,setores,varejo,214,0.015503875968992248,129
202508,0,2025-08-01,setores,varejo,214,0.029411764705882353,102
202509,0,2025-09-01,setores,varejo,214,0.03669724770642202,109
202510,0,2025-10-01,setores,varejo,214,0.02564102564102564,117
202511,0,2025-11-01,setores,varejo,214,0.07476635514018691,107
202512,0,2025-12-01,setores,varejo,214,0.050505050505050504,99
202601,0,2026-01-01,setores,varejo,214,0.07,100
202602,0,2026-02-01,setores,varejo,214,0.056074766355140186,107
202603,0,2026-03-01,setores,varejo,214,0.03365384615384615,208
202604,0,2026-04-01,setores,varejo,214,0.04918032786885246,122
202605,0,2026-05-01,setores,varejo,214,0.04716981132075472,106
202606,0,2026-06-01,setores,varejo,214,0.01834862385321101,109
202607,0,2026-07-01,setores,varejo,214,0.009345794392523364,107
