data_referencia,previdencia_total_dpmfi_r_bilhoes,previdencia_ntnb_r_bilhoes,alocacao_previdencia_em_ntnb_pct,previdencia_outros_titulos_publicos_r_bilhoes,alocacao_previdencia_em_outros_titulos_publicos_pct,escopo_denominador,definicao_previdencia_tesouro,fonte_anexo_2_7,fonte_anexo_2_8,metodologia
2011-02-28,232.656373223,139.722858861,60.055461592,92.933514362,39.944538408,Carteira de DPMFi da categoria Previdência; não representa os ativos totais das EFPC,"Previdência aberta e fechada, RPPS e aplicações dessas entidades em fundos de investimento",https://cdn.tesouro.gov.br/sistemas-internos/apex/producao/sistemas/thot/arquivos/publicacoes/54943_1730238/anexos/28577_919203/Anexo%20RMD_Maio_26.zip,https://cdn.tesouro.gov.br/sistemas-internos/apex/producao/sistemas/thot/arquivos/publicacoes/54943_1730238/anexos/28577_919203/Anexo%20RMD_Maio_26.zip,Estoque de NTN-B da Previdência no Anexo 2.8 dividido pelo estoque total de DPMFi da Previdência no Anexo 2.7
2011-03-31,256.882259777,146.695439988,57.106099937,110.186819789,42.893900063,Carteira de DPMFi da categoria Previdência; não representa os ativos totais das EFPC,"Previdência aberta e fechada, RPPS e aplicações dessas entidades em fundos de investimento",https://cdn.tesouro.gov.br/sistemas-internos/apex/producao/sistemas/thot/arquivos/publicacoes/54943_1730238/anexos/28577_919203/Anexo%20RMD_Maio_26.zip,https://cdn.tesouro.gov.br/sistemas-internos/apex/producao/sistemas/thot/arquivos/publicacoes/54943_1730238/anexos/28577_919203/Anexo%20RMD_Maio_26.zip,Estoque de NTN-B da Previdência no Anexo 2.8 dividido pelo estoque total de DPMFi da Previdência no Anexo 2.7
2011-04-30,263.45879724,152.214400988,57.775410266,111.244396252,42.224589734,Carteira de DPMFi da categoria Previdência; não representa os ativos totais das EFPC,"Previdência aberta e fechada, RPPS e aplicações dessas entidades em fundos de investimento",https://cdn.tesouro.gov.br/sistemas-internos/apex/producao/sistemas/thot/arquivos/publicacoes/54943_1730238/anexos/28577_919203/Anexo%20RMD_Maio_26.zip,https://cdn.tesouro.gov.br/sistemas-internos/apex/producao/sistemas/thot/arquivos/publicacoes/54943_1730238/anexos/28577_919203/Anexo%20RMD_Maio_26.zip,Estoque de NTN-B da Previdência no Anexo 2.8 dividido pelo estoque total de DPMFi da Previdência no Anexo 2.7
2011-05-31,261.944771599,148.217891695,56.58364196,113.726879904,43.41635804,Carteira de DPMFi da categoria Previdência; não representa os ativos totais das EFPC,"Previdência aberta e fechada, RPPS e aplicações dessas entidades em fundos de investimento",https://cdn.tesouro.gov.br/sistemas-internos/apex/producao/sistemas/thot/arquivos/publicacoes/54943_1730238/anexos/28577_919203/Anexo%20RMD_Maio_26.zip,https://cdn.tesouro.gov.br/sistemas-internos/apex/producao/sistemas/thot/arquivos/publicacoes/54943_1730238/anexos/28577_919203/Anexo%20RMD_Maio_26.zip,Estoque de NTN-B da Previdência no Anexo 2.8 dividido pelo estoque total de DPMFi da Previdência no Anexo 2.7
2011-06-30,264.451797017,150.501610123,56.910791237,113.950186894,43.089208763,Carteira de DPMFi da categoria Previdência; não representa os ativos totais das EFPC,"Previdência aberta e fechada, RPPS e aplicações dessas entidades em fundos de investimento",https://cdn.tesouro.gov.br/sistemas-internos/apex/producao/sistemas/thot/arquivos/publicacoes/54943_1730238/anexos/28577_919203/Anexo%20RMD_Maio_26.zip,https://cdn.tesouro.gov.br/sistemas-internos/apex/producao/sistemas/thot/arquivos/publicacoes/54943_1730238/anexos/28577_919203/Anexo%20RMD_Maio_26.zip,Estoque de NTN-B da Previdência no Anexo 2.8 dividido pelo estoque total de DPMFi da Previdência no Anexo 2.7
2011-07-31,266.547470497,154.671866331,58.027887506,111.875604166,41.972112494,Carteira de DPMFi da categoria Previdência; não representa os ativos totais das EFPC,"Previdência aberta e fechada, RPPS e aplicações dessas entidades em fundos de investimento",https://cdn.tesouro.gov.br/sistemas-internos/apex/producao/sistemas/thot/arquivos/publicacoes/54943_1730238/anexos/28577_919203/Anexo%20RMD_Maio_26.zip,https://cdn.tesouro.gov.br/sistemas-internos/apex/producao/sistemas/thot/arquivos/publicacoes/54943_1730238/anexos/28577_919203/Anexo%20RMD_Maio_26.zip,Estoque de NTN-B da Previdência no Anexo 2.8 dividido pelo estoque total de DPMFi da Previdência no Anexo 2.7
2011-08-31,247.19634571,149.709251832,60.562890362,97.487093878,39.437109638,Carteira de DPMFi da categoria Previdência; não representa os ativos totais das EFPC,"Previdência aberta e fechada, RPPS e aplicações dessas entidades em fundos de investimento",https://cdn.tesouro.gov.br/sistemas-internos/apex/producao/sistemas/thot/arquivos/publicacoes/54943_1730238/anexos/28577_919203/Anexo%20RMD_Maio_26.zip,https://cdn.tesouro.gov.br/sistemas-internos/apex/producao/sistemas/thot/arquivos/publicacoes/54943_1730238/anexos/28577_919203/Anexo%20RMD_Maio_26.zip,Estoque de NTN-B da Previdência no Anexo 2.8 dividido pelo estoque total de DPMFi da Previdência no Anexo 2.7
2011-09-30,267.355042016,146.883747596,54.939583891,120.47129442,45.060416109,Carteira de DPMFi da categoria Previdência; não representa os ativos totais das EFPC,"Previdência aberta e fechada, RPPS e aplicações dessas entidades em fundos de investimento",https://cdn.tesouro.gov.br/sistemas-internos/apex/producao/sistemas/thot/arquivos/publicacoes/54943_1730238/anexos/28577_919203/Anexo%20RMD_Maio_26.zip,https://cdn.tesouro.gov.br/sistemas-internos/apex/producao/sistemas/thot/arquivos/publicacoes/54943_1730238/anexos/28577_919203/Anexo%20RMD_Maio_26.zip,Estoque de NTN-B da Previdência no Anexo 2.8 dividido pelo estoque total de DPMFi da Previdência no Anexo 2.7
2011-10-31,276.840904955,157.612165059,56.932397719,119.228739896,43.067602281,Carteira de DPMFi da categoria Previdência; não representa os ativos totais das EFPC,"Previdência aberta e fechada, RPPS e aplicações dessas entidades em fundos de investimento",https://cdn.tesouro.gov.br/sistemas-internos/apex/producao/sistemas/thot/arquivos/publicacoes/54943_1730238/anexos/28577_919203/Anexo%20RMD_Maio_26.zip,https://cdn.tesouro.gov.br/sistemas-internos/apex/producao/sistemas/thot/arquivos/publicacoes/54943_1730238/anexos/28577_919203/Anexo%20RMD_Maio_26.zip,Estoque de NTN-B da Previdência no Anexo 2.8 dividido pelo estoque total de DPMFi da Previdência no Anexo 2.7
2011-11-30,274.300279019,154.195092201,56.213975703,120.105186818,43.786024297,Carteira de DPMFi da categoria Previdência; não representa os ativos totais das EFPC,"Previdência aberta e fechada, RPPS e aplicações dessas entidades em fundos de investimento",https://cdn.tesouro.gov.br/sistemas-internos/apex/producao/sistemas/thot/arquivos/publicacoes/54943_1730238/anexos/28577_919203/Anexo%20RMD_Maio_26.zip,https://cdn.tesouro.gov.br/sistemas-internos/apex/producao/sistemas/thot/arquivos/publicacoes/54943_1730238/anexos/28577_919203/Anexo%20RMD_Maio_26.zip,Estoque de NTN-B da Previdência no Anexo 2.8 dividido pelo estoque total de DPMFi da Previdência no Anexo 2.7
2011-12-31,274.842011942,156.041837871,56.775103911,118.800174071,43.224896089,Carteira de DPMFi da categoria Previdência; não representa os ativos totais das EFPC,"Previdência aberta e fechada, RPPS e aplicações dessas entidades em fundos de investimento",https://cdn.tesouro.gov.br/sistemas-internos/apex/producao/sistemas/thot/arquivos/publicacoes/54943_1730238/anexos/28577_919203/Anexo%20RMD_Maio_26.zip,https://cdn.tesouro.gov.br/sistemas-internos/apex/producao/sistemas/thot/arquivos/publicacoes/54943_1730238/anexos/28577_919203/Anexo%20RMD_Maio_26.zip,Estoque de NTN-B da Previdência no Anexo 2.8 dividido pelo estoque total de DPMFi da Previdência no Anexo 2.7
2012-01-31,246.609987363,153.521527512,62.252761599,93.088459851,37.747238401,Carteira de DPMFi da categoria Previdência; não representa os ativos totais das EFPC,"Previdência aberta e fechada, RPPS e aplicações dessas entidades em fundos de investimento",https://cdn.tesouro.gov.br/sistemas-internos/apex/producao/sistemas/thot/arquivos/publicacoes/54943_1730238/anexos/28577_919203/Anexo%20RMD_Maio_26.zip,https://cdn.tesouro.gov.br/sistemas-internos/apex/producao/sistemas/thot/arquivos/publicacoes/54943_1730238/anexos/28577_919203/Anexo%20RMD_Maio_26.zip,Estoque de NTN-B da Previdência no Anexo 2.8 dividido pelo estoque total de DPMFi da Previdência no Anexo 2.7
2012-02-29,249.369471122,155.65672234,62.420119688,93.712748782,37.579880312,Carteira de DPMFi da categoria Previdência; não representa os ativos totais das EFPC,"Previdência aberta e fechada, RPPS e aplicações dessas entidades em fundos de investimento",https://cdn.tesouro.gov.br/sistemas-internos/apex/producao/sistemas/thot/arquivos/publicacoes/54943_1730238/anexos/28577_919203/Anexo%20RMD_Maio_26.zip,https://cdn.tesouro.gov.br/sistemas-internos/apex/producao/sistemas/thot/arquivos/publicacoes/54943_1730238/anexos/28577_919203/Anexo%20RMD_Maio_26.zip,Estoque de NTN-B da Previdência no Anexo 2.8 dividido pelo estoque total de DPMFi da Previdência no Anexo 2.7
2012-03-31,250.975839103,158.128884892,63.005620564,92.846954211,36.994379436,Carteira de DPMFi da categoria Previdência; não representa os ativos totais das EFPC,"Previdência aberta e fechada, RPPS e aplicações dessas entidades em fundos de investimento",https://cdn.tesouro.gov.br/sistemas-internos/apex/producao/sistemas/thot/arquivos/publicacoes/54943_1730238/anexos/28577_919203/Anexo%20RMD_Maio_26.zip,https://cdn.tesouro.gov.br/sistemas-internos/apex/producao/sistemas/thot/arquivos/publicacoes/54943_1730238/anexos/28577_919203/Anexo%20RMD_Maio_26.zip,Estoque de NTN-B da Previdência no Anexo 2.8 dividido pelo estoque total de DPMFi da Previdência no Anexo 2.7
2012-04-30,250.376754588,159.631129414,63.756369746,90.745625174,36.243630254,Carteira de DPMFi da categoria Previdência; não representa os ativos totais das EFPC,"Previdência aberta e fechada, RPPS e aplicações dessas entidades em fundos de investimento",https://cdn.tesouro.gov.br/sistemas-internos/apex/producao/sistemas/thot/arquivos/publicacoes/54943_1730238/anexos/28577_919203/Anexo%20RMD_Maio_26.zip,https://cdn.tesouro.gov.br/sistemas-internos/apex/producao/sistemas/thot/arquivos/publicacoes/54943_1730238/anexos/28577_919203/Anexo%20RMD_Maio_26.zip,Estoque de NTN-B da Previdência no Anexo 2.8 dividido pelo estoque total de DPMFi da Previdência no Anexo 2.7
2012-05-31,253.09280059,160.116982555,63.26413955,92.975818035,36.73586045,Carteira de DPMFi da categoria Previdência; não representa os ativos totais das EFPC,"Previdência aberta e fechada, RPPS e aplicações dessas entidades em fundos de investimento",https://cdn.tesouro.gov.br/sistemas-internos/apex/producao/sistemas/thot/arquivos/publicacoes/54943_1730238/anexos/28577_919203/Anexo%20RMD_Maio_26.zip,https://cdn.tesouro.gov.br/sistemas-internos/apex/producao/sistemas/thot/arquivos/publicacoes/54943_1730238/anexos/28577_919203/Anexo%20RMD_Maio_26.zip,Estoque de NTN-B da Previdência no Anexo 2.8 dividido pelo estoque total de DPMFi da Previdência no Anexo 2.7
2012-06-30,306.419001654,180.481816423,58.900334329,125.937185231,41.099665671,Carteira de DPMFi da categoria Previdência; não representa os ativos totais das EFPC,"Previdência aberta e fechada, RPPS e aplicações dessas entidades em fundos de investimento",https://cdn.tesouro.gov.br/sistemas-internos/apex/producao/sistemas/thot/arquivos/publicacoes/54943_1730238/anexos/28577_919203/Anexo%20RMD_Maio_26.zip,https://cdn.tesouro.gov.br/sistemas-internos/apex/producao/sistemas/thot/arquivos/publicacoes/54943_1730238/anexos/28577_919203/Anexo%20RMD_Maio_26.zip,Estoque de NTN-B da Previdência no Anexo 2.8 dividido pelo estoque total de DPMFi da Previdência no Anexo 2.7
2012-07-31,293.741529657,178.501215873,60.768123623,115.240313784,39.231876377,Carteira de DPMFi da categoria Previdência; não representa os ativos totais das EFPC,"Previdência aberta e fechada, RPPS e aplicações dessas entidades em fundos de investimento",https://cdn.tesouro.gov.br/sistemas-internos/apex/producao/sistemas/thot/arquivos/publicacoes/54943_1730238/anexos/28577_919203/Anexo%20RMD_Maio_26.zip,https://cdn.tesouro.gov.br/sistemas-internos/apex/producao/sistemas/thot/arquivos/publicacoes/54943_1730238/anexos/28577_919203/Anexo%20RMD_Maio_26.zip,Estoque de NTN-B da Previdência no Anexo 2.8 dividido pelo estoque total de DPMFi da Previdência no Anexo 2.7
2012-08-31,296.878849584,176.662832333,59.50670874,120.216017251,40.49329126,Carteira de DPMFi da categoria Previdência; não representa os ativos totais das EFPC,"Previdência aberta e fechada, RPPS e aplicações dessas entidades em fundos de investimento",https://cdn.tesouro.gov.br/sistemas-internos/apex/producao/sistemas/thot/arquivos/publicacoes/54943_1730238/anexos/28577_919203/Anexo%20RMD_Maio_26.zip,https://cdn.tesouro.gov.br/sistemas-internos/apex/producao/sistemas/thot/arquivos/publicacoes/54943_1730238/anexos/28577_919203/Anexo%20RMD_Maio_26.zip,Estoque de NTN-B da Previdência no Anexo 2.8 dividido pelo estoque total de DPMFi da Previdência no Anexo 2.7
2012-09-30,294.182932746,177.093407259,60.19839615,117.089525487,39.80160385,Carteira de DPMFi da categoria Previdência; não representa os ativos totais das EFPC,"Previdência aberta e fechada, RPPS e aplicações dessas entidades em fundos de investimento",https://cdn.tesouro.gov.br/sistemas-internos/apex/producao/sistemas/thot/arquivos/publicacoes/54943_1730238/anexos/28577_919203/Anexo%20RMD_Maio_26.zip,https://cdn.tesouro.gov.br/sistemas-internos/apex/producao/sistemas/thot/arquivos/publicacoes/54943_1730238/anexos/28577_919203/Anexo%20RMD_Maio_26.zip,Estoque de NTN-B da Previdência no Anexo 2.8 dividido pelo estoque total de DPMFi da Previdência no Anexo 2.7
2012-10-31,298.02842023,179.606380609,60.264850067,118.422039621,39.735149933,Carteira de DPMFi da categoria Previdência; não representa os ativos totais das EFPC,"Previdência aberta e fechada, RPPS e aplicações dessas entidades em fundos de investimento",https://cdn.tesouro.gov.br/sistemas-internos/apex/producao/sistemas/thot/arquivos/publicacoes/54943_1730238/anexos/28577_919203/Anexo%20RMD_Maio_26.zip,https://cdn.tesouro.gov.br/sistemas-internos/apex/producao/sistemas/thot/arquivos/publicacoes/54943_1730238/anexos/28577_919203/Anexo%20RMD_Maio_26.zip,Estoque de NTN-B da Previdência no Anexo 2.8 dividido pelo estoque total de DPMFi da Previdência no Anexo 2.7
2012-11-30,299.308090025,177.024952893,59.144727053,122.283137132,40.855272947,Carteira de DPMFi da categoria Previdência; não representa os ativos totais das EFPC,"Previdência aberta e fechada, RPPS e aplicações dessas entidades em fundos de investimento",https://cdn.tesouro.gov.br/sistemas-internos/apex/producao/sistemas/thot/arquivos/publicacoes/54943_1730238/anexos/28577_919203/Anexo%20RMD_Maio_26.zip,https://cdn.tesouro.gov.br/sistemas-internos/apex/producao/sistemas/thot/arquivos/publicacoes/54943_1730238/anexos/28577_919203/Anexo%20RMD_Maio_26.zip,Estoque de NTN-B da Previdência no Anexo 2.8 dividido pelo estoque total de DPMFi da Previdência no Anexo 2.7
2012-12-31,306.270218147,183.68032394,59.97328929,122.589894207,40.02671071,Carteira de DPMFi da categoria Previdência; não representa os ativos totais das EFPC,"Previdência aberta e fechada, RPPS e aplicações dessas entidades em fundos de investimento",https://cdn.tesouro.gov.br/sistemas-internos/apex/producao/sistemas/thot/arquivos/publicacoes/54943_1730238/anexos/28577_919203/Anexo%20RMD_Maio_26.zip,https://cdn.tesouro.gov.br/sistemas-internos/apex/producao/sistemas/thot/arquivos/publicacoes/54943_1730238/anexos/28577_919203/Anexo%20RMD_Maio_26.zip,Estoque de NTN-B da Previdência no Anexo 2.8 dividido pelo estoque total de DPMFi da Previdência no Anexo 2.7
2013-01-31,315.011485286,191.517136833,60.79687433,123.494348453,39.20312567,Carteira de DPMFi da categoria Previdência; não representa os ativos totais das EFPC,"Previdência aberta e fechada, RPPS e aplicações dessas entidades em fundos de investimento",https://cdn.tesouro.gov.br/sistemas-internos/apex/producao/sistemas/thot/arquivos/publicacoes/54943_1730238/anexos/28577_919203/Anexo%20RMD_Maio_26.zip,https://cdn.tesouro.gov.br/sistemas-internos/apex/producao/sistemas/thot/arquivos/publicacoes/54943_1730238/anexos/28577_919203/Anexo%20RMD_Maio_26.zip,Estoque de NTN-B da Previdência no Anexo 2.8 dividido pelo estoque total de DPMFi da Previdência no Anexo 2.7
2013-02-28,316.491357721,191.675063557,60.562495272,124.816294164,39.437504728,Carteira de DPMFi da categoria Previdência; não representa os ativos totais das EFPC,"Previdência aberta e fechada, RPPS e aplicações dessas entidades em fundos de investimento",https://cdn.tesouro.gov.br/sistemas-internos/apex/producao/sistemas/thot/arquivos/publicacoes/54943_1730238/anexos/28577_919203/Anexo%20RMD_Maio_26.zip,https://cdn.tesouro.gov.br/sistemas-internos/apex/producao/sistemas/thot/arquivos/publicacoes/54943_1730238/anexos/28577_919203/Anexo%20RMD_Maio_26.zip,Estoque de NTN-B da Previdência no Anexo 2.8 dividido pelo estoque total de DPMFi da Previdência no Anexo 2.7
2013-03-31,319.270524602,193.618850008,60.644135643,125.651674594,39.355864357,Carteira de DPMFi da categoria Previdência; não representa os ativos totais das EFPC,"Previdência aberta e fechada, RPPS e aplicações dessas entidades em fundos de investimento",https://cdn.tesouro.gov.br/sistemas-internos/apex/producao/sistemas/thot/arquivos/publicacoes/54943_1730238/anexos/28577_919203/Anexo%20RMD_Maio_26.zip,https://cdn.tesouro.gov.br/sistemas-internos/apex/producao/sistemas/thot/arquivos/publicacoes/54943_1730238/anexos/28577_919203/Anexo%20RMD_Maio_26.zip,Estoque de NTN-B da Previdência no Anexo 2.8 dividido pelo estoque total de DPMFi da Previdência no Anexo 2.7
2013-04-30,320.397231559,193.793618834,60.48542239,126.603612725,39.51457761,Carteira de DPMFi da categoria Previdência; não representa os ativos totais das EFPC,"Previdência aberta e fechada, RPPS e aplicações dessas entidades em fundos de investimento",https://cdn.tesouro.gov.br/sistemas-internos/apex/producao/sistemas/thot/arquivos/publicacoes/54943_1730238/anexos/28577_919203/Anexo%20RMD_Maio_26.zip,https://cdn.tesouro.gov.br/sistemas-internos/apex/producao/sistemas/thot/arquivos/publicacoes/54943_1730238/anexos/28577_919203/Anexo%20RMD_Maio_26.zip,Estoque de NTN-B da Previdência no Anexo 2.8 dividido pelo estoque total de DPMFi da Previdência no Anexo 2.7
2013-05-31,322.425782082,192.542801735,59.716937179,129.882980347,40.283062821,Carteira de DPMFi da categoria Previdência; não representa os ativos totais das EFPC,"Previdência aberta e fechada, RPPS e aplicações dessas entidades em fundos de investimento",https://cdn.tesouro.gov.br/sistemas-internos/apex/producao/sistemas/thot/arquivos/publicacoes/54943_1730238/anexos/28577_919203/Anexo%20RMD_Maio_26.zip,https://cdn.tesouro.gov.br/sistemas-internos/apex/producao/sistemas/thot/arquivos/publicacoes/54943_1730238/anexos/28577_919203/Anexo%20RMD_Maio_26.zip,Estoque de NTN-B da Previdência no Anexo 2.8 dividido pelo estoque total de DPMFi da Previdência no Anexo 2.7
2013-06-30,326.667026239,197.560921906,60.477766667,129.106104333,39.522233333,Carteira de DPMFi da categoria Previdência; não representa os ativos totais das EFPC,"Previdência aberta e fechada, RPPS e aplicações dessas entidades em fundos de investimento",https://cdn.tesouro.gov.br/sistemas-internos/apex/producao/sistemas/thot/arquivos/publicacoes/54943_1730238/anexos/28577_919203/Anexo%20RMD_Maio_26.zip,https://cdn.tesouro.gov.br/sistemas-internos/apex/producao/sistemas/thot/arquivos/publicacoes/54943_1730238/anexos/28577_919203/Anexo%20RMD_Maio_26.zip,Estoque de NTN-B da Previdência no Anexo 2.8 dividido pelo estoque total de DPMFi da Previdência no Anexo 2.7
2013-07-31,327.976432002,199.576428242,60.85084438,128.40000376,39.14915562,Carteira de DPMFi da categoria Previdência; não representa os ativos totais das EFPC,"Previdência aberta e fechada, RPPS e aplicações dessas entidades em fundos de investimento",https://cdn.tesouro.gov.br/sistemas-internos/apex/producao/sistemas/thot/arquivos/publicacoes/54943_1730238/anexos/28577_919203/Anexo%20RMD_Maio_26.zip,https://cdn.tesouro.gov.br/sistemas-internos/apex/producao/sistemas/thot/arquivos/publicacoes/54943_1730238/anexos/28577_919203/Anexo%20RMD_Maio_26.zip,Estoque de NTN-B da Previdência no Anexo 2.8 dividido pelo estoque total de DPMFi da Previdência no Anexo 2.7
2013-08-31,331.434767936,196.724116494,59.355304731,134.710651442,40.644695269,Carteira de DPMFi da categoria Previdência; não representa os ativos totais das EFPC,"Previdência aberta e fechada, RPPS e aplicações dessas entidades em fundos de investimento",https://cdn.tesouro.gov.br/sistemas-internos/apex/producao/sistemas/thot/arquivos/publicacoes/54943_1730238/anexos/28577_919203/Anexo%20RMD_Maio_26.zip,https://cdn.tesouro.gov.br/sistemas-internos/apex/producao/sistemas/thot/arquivos/publicacoes/54943_1730238/anexos/28577_919203/Anexo%20RMD_Maio_26.zip,Estoque de NTN-B da Previdência no Anexo 2.8 dividido pelo estoque total de DPMFi da Previdência no Anexo 2.7
2013-09-30,332.145928678,196.805252059,59.252646222,135.340676619,40.747353778,Carteira de DPMFi da categoria Previdência; não representa os ativos totais das EFPC,"Previdência aberta e fechada, RPPS e aplicações dessas entidades em fundos de investimento",https://cdn.tesouro.gov.br/sistemas-internos/apex/producao/sistemas/thot/arquivos/publicacoes/54943_1730238/anexos/28577_919203/Anexo%20RMD_Maio_26.zip,https://cdn.tesouro.gov.br/sistemas-internos/apex/producao/sistemas/thot/arquivos/publicacoes/54943_1730238/anexos/28577_919203/Anexo%20RMD_Maio_26.zip,Estoque de NTN-B da Previdência no Anexo 2.8 dividido pelo estoque total de DPMFi da Previdência no Anexo 2.7
2013-10-31,335.01237209,199.620492249,59.586006034,135.391879841,40.413993966,Carteira de DPMFi da categoria Previdência; não representa os ativos totais das EFPC,"Previdência aberta e fechada, RPPS e aplicações dessas entidades em fundos de investimento",https://cdn.tesouro.gov.br/sistemas-internos/apex/producao/sistemas/thot/arquivos/publicacoes/54943_1730238/anexos/28577_919203/Anexo%20RMD_Maio_26.zip,https://cdn.tesouro.gov.br/sistemas-internos/apex/producao/sistemas/thot/arquivos/publicacoes/54943_1730238/anexos/28577_919203/Anexo%20RMD_Maio_26.zip,Estoque de NTN-B da Previdência no Anexo 2.8 dividido pelo estoque total de DPMFi da Previdência no Anexo 2.7
2013-11-30,340.30650693,200.273679789,58.850969849,140.032827141,41.149030151,Carteira de DPMFi da categoria Previdência; não representa os ativos totais das EFPC,"Previdência aberta e fechada, RPPS e aplicações dessas entidades em fundos de investimento",https://cdn.tesouro.gov.br/sistemas-internos/apex/producao/sistemas/thot/arquivos/publicacoes/54943_1730238/anexos/28577_919203/Anexo%20RMD_Maio_26.zip,https://cdn.tesouro.gov.br/sistemas-internos/apex/producao/sistemas/thot/arquivos/publicacoes/54943_1730238/anexos/28577_919203/Anexo%20RMD_Maio_26.zip,Estoque de NTN-B da Previdência no Anexo 2.8 dividido pelo estoque total de DPMFi da Previdência no Anexo 2.7
2013-12-31,346.95737074,205.542121489,59.241318624,141.415249251,40.758681376,Carteira de DPMFi da categoria Previdência; não representa os ativos totais das EFPC,"Previdência aberta e fechada, RPPS e aplicações dessas entidades em fundos de investimento",https://cdn.tesouro.gov.br/sistemas-internos/apex/producao/sistemas/thot/arquivos/publicacoes/54943_1730238/anexos/28577_919203/Anexo%20RMD_Maio_26.zip,https://cdn.tesouro.gov.br/sistemas-internos/apex/producao/sistemas/thot/arquivos/publicacoes/54943_1730238/anexos/28577_919203/Anexo%20RMD_Maio_26.zip,Estoque de NTN-B da Previdência no Anexo 2.8 dividido pelo estoque total de DPMFi da Previdência no Anexo 2.7
2014-01-31,344.385412687,210.318829801,61.070771889,134.066582886,38.929228111,Carteira de DPMFi da categoria Previdência; não representa os ativos totais das EFPC,"Previdência aberta e fechada, RPPS e aplicações dessas entidades em fundos de investimento",https://cdn.tesouro.gov.br/sistemas-internos/apex/producao/sistemas/thot/arquivos/publicacoes/54943_1730238/anexos/28577_919203/Anexo%20RMD_Maio_26.zip,https://cdn.tesouro.gov.br/sistemas-internos/apex/producao/sistemas/thot/arquivos/publicacoes/54943_1730238/anexos/28577_919203/Anexo%20RMD_Maio_26.zip,Estoque de NTN-B da Previdência no Anexo 2.8 dividido pelo estoque total de DPMFi da Previdência no Anexo 2.7
2014-02-28,335.445228305,204.413688979,60.938022583,131.031539326,39.061977417,Carteira de DPMFi da categoria Previdência; não representa os ativos totais das EFPC,"Previdência aberta e fechada, RPPS e aplicações dessas entidades em fundos de investimento",https://cdn.tesouro.gov.br/sistemas-internos/apex/producao/sistemas/thot/arquivos/publicacoes/54943_1730238/anexos/28577_919203/Anexo%20RMD_Maio_26.zip,https://cdn.tesouro.gov.br/sistemas-internos/apex/producao/sistemas/thot/arquivos/publicacoes/54943_1730238/anexos/28577_919203/Anexo%20RMD_Maio_26.zip,Estoque de NTN-B da Previdência no Anexo 2.8 dividido pelo estoque total de DPMFi da Previdência no Anexo 2.7
2014-03-31,340.256931642,206.447498285,60.674002228,133.809433357,39.325997772,Carteira de DPMFi da categoria Previdência; não representa os ativos totais das EFPC,"Previdência aberta e fechada, RPPS e aplicações dessas entidades em fundos de investimento",https://cdn.tesouro.gov.br/sistemas-internos/apex/producao/sistemas/thot/arquivos/publicacoes/54943_1730238/anexos/28577_919203/Anexo%20RMD_Maio_26.zip,https://cdn.tesouro.gov.br/sistemas-internos/apex/producao/sistemas/thot/arquivos/publicacoes/54943_1730238/anexos/28577_919203/Anexo%20RMD_Maio_26.zip,Estoque de NTN-B da Previdência no Anexo 2.8 dividido pelo estoque total de DPMFi da Previdência no Anexo 2.7
2014-04-30,341.312125193,210.049941867,61.541892702,131.262183326,38.458107298,Carteira de DPMFi da categoria Previdência; não representa os ativos totais das EFPC,"Previdência aberta e fechada, RPPS e aplicações dessas entidades em fundos de investimento",https://cdn.tesouro.gov.br/sistemas-internos/apex/producao/sistemas/thot/arquivos/publicacoes/54943_1730238/anexos/28577_919203/Anexo%20RMD_Maio_26.zip,https://cdn.tesouro.gov.br/sistemas-internos/apex/producao/sistemas/thot/arquivos/publicacoes/54943_1730238/anexos/28577_919203/Anexo%20RMD_Maio_26.zip,Estoque de NTN-B da Previdência no Anexo 2.8 dividido pelo estoque total de DPMFi da Previdência no Anexo 2.7
2014-05-31,351.603658481,212.534701205,60.447238269,139.068957276,39.552761731,Carteira de DPMFi da categoria Previdência; não representa os ativos totais das EFPC,"Previdência aberta e fechada, RPPS e aplicações dessas entidades em fundos de investimento",https://cdn.tesouro.gov.br/sistemas-internos/apex/producao/sistemas/thot/arquivos/publicacoes/54943_1730238/anexos/28577_919203/Anexo%20RMD_Maio_26.zip,https://cdn.tesouro.gov.br/sistemas-internos/apex/producao/sistemas/thot/arquivos/publicacoes/54943_1730238/anexos/28577_919203/Anexo%20RMD_Maio_26.zip,Estoque de NTN-B da Previdência no Anexo 2.8 dividido pelo estoque total de DPMFi da Previdência no Anexo 2.7
2014-06-30,360.694085659,216.053362501,59.899336055,144.640723158,40.100663945,Carteira de DPMFi da categoria Previdência; não representa os ativos totais das EFPC,"Previdência aberta e fechada, RPPS e aplicações dessas entidades em fundos de investimento",https://cdn.tesouro.gov.br/sistemas-internos/apex/producao/sistemas/thot/arquivos/publicacoes/54943_1730238/anexos/28577_919203/Anexo%20RMD_Maio_26.zip,https://cdn.tesouro.gov.br/sistemas-internos/apex/producao/sistemas/thot/arquivos/publicacoes/54943_1730238/anexos/28577_919203/Anexo%20RMD_Maio_26.zip,Estoque de NTN-B da Previdência no Anexo 2.8 dividido pelo estoque total de DPMFi da Previdência no Anexo 2.7
2014-07-31,362.754296598,217.547192693,59.970948582,145.207103905,40.029051418,Carteira de DPMFi da categoria Previdência; não representa os ativos totais das EFPC,"Previdência aberta e fechada, RPPS e aplicações dessas entidades em fundos de investimento",https://cdn.tesouro.gov.br/sistemas-internos/apex/producao/sistemas/thot/arquivos/publicacoes/54943_1730238/anexos/28577_919203/Anexo%20RMD_Maio_26.zip,https://cdn.tesouro.gov.br/sistemas-internos/apex/producao/sistemas/thot/arquivos/publicacoes/54943_1730238/anexos/28577_919203/Anexo%20RMD_Maio_26.zip,Estoque de NTN-B da Previdência no Anexo 2.8 dividido pelo estoque total de DPMFi da Previdência no Anexo 2.7
2014-08-31,358.133359144,208.433406113,58.199941667,149.699953031,41.800058333,Carteira de DPMFi da categoria Previdência; não representa os ativos totais das EFPC,"Previdência aberta e fechada, RPPS e aplicações dessas entidades em fundos de investimento",https://cdn.tesouro.gov.br/sistemas-internos/apex/producao/sistemas/thot/arquivos/publicacoes/54943_1730238/anexos/28577_919203/Anexo%20RMD_Maio_26.zip,https://cdn.tesouro.gov.br/sistemas-internos/apex/producao/sistemas/thot/arquivos/publicacoes/54943_1730238/anexos/28577_919203/Anexo%20RMD_Maio_26.zip,Estoque de NTN-B da Previdência no Anexo 2.8 dividido pelo estoque total de DPMFi da Previdência no Anexo 2.7
2014-09-30,364.124313748,212.403661973,58.332732518,151.720651775,41.667267482,Carteira de DPMFi da categoria Previdência; não representa os ativos totais das EFPC,"Previdência aberta e fechada, RPPS e aplicações dessas entidades em fundos de investimento",https://cdn.tesouro.gov.br/sistemas-internos/apex/producao/sistemas/thot/arquivos/publicacoes/54943_1730238/anexos/28577_919203/Anexo%20RMD_Maio_26.zip,https://cdn.tesouro.gov.br/sistemas-internos/apex/producao/sistemas/thot/arquivos/publicacoes/54943_1730238/anexos/28577_919203/Anexo%20RMD_Maio_26.zip,Estoque de NTN-B da Previdência no Anexo 2.8 dividido pelo estoque total de DPMFi da Previdência no Anexo 2.7
2014-10-31,358.995820372,215.722460947,60.09052159,143.273359425,39.90947841,Carteira de DPMFi da categoria Previdência; não representa os ativos totais das EFPC,"Previdência aberta e fechada, RPPS e aplicações dessas entidades em fundos de investimento",https://cdn.tesouro.gov.br/sistemas-internos/apex/producao/sistemas/thot/arquivos/publicacoes/54943_1730238/anexos/28577_919203/Anexo%20RMD_Maio_26.zip,https://cdn.tesouro.gov.br/sistemas-internos/apex/producao/sistemas/thot/arquivos/publicacoes/54943_1730238/anexos/28577_919203/Anexo%20RMD_Maio_26.zip,Estoque de NTN-B da Previdência no Anexo 2.8 dividido pelo estoque total de DPMFi da Previdência no Anexo 2.7
2014-11-30,364.547295666,217.459258513,59.651864408,147.088037153,40.348135592,Carteira de DPMFi da categoria Previdência; não representa os ativos totais das EFPC,"Previdência aberta e fechada, RPPS e aplicações dessas entidades em fundos de investimento",https://cdn.tesouro.gov.br/sistemas-internos/apex/producao/sistemas/thot/arquivos/publicacoes/54943_1730238/anexos/28577_919203/Anexo%20RMD_Maio_26.zip,https://cdn.tesouro.gov.br/sistemas-internos/apex/producao/sistemas/thot/arquivos/publicacoes/54943_1730238/anexos/28577_919203/Anexo%20RMD_Maio_26.zip,Estoque de NTN-B da Previdência no Anexo 2.8 dividido pelo estoque total de DPMFi da Previdência no Anexo 2.7
2014-12-31,372.734396512,219.792119274,58.967490345,152.942277238,41.032509655,Carteira de DPMFi da categoria Previdência; não representa os ativos totais das EFPC,"Previdência aberta e fechada, RPPS e aplicações dessas entidades em fundos de investimento",https://cdn.tesouro.gov.br/sistemas-internos/apex/producao/sistemas/thot/arquivos/publicacoes/54943_1730238/anexos/28577_919203/Anexo%20RMD_Maio_26.zip,https://cdn.tesouro.gov.br/sistemas-internos/apex/producao/sistemas/thot/arquivos/publicacoes/54943_1730238/anexos/28577_919203/Anexo%20RMD_Maio_26.zip,Estoque de NTN-B da Previdência no Anexo 2.8 dividido pelo estoque total de DPMFi da Previdência no Anexo 2.7
2015-01-31,368.426078529,223.584967026,60.686520324,144.841111503,39.313479676,Carteira de DPMFi da categoria Previdência; não representa os ativos totais das EFPC,"Previdência aberta e fechada, RPPS e aplicações dessas entidades em fundos de investimento",https://cdn.tesouro.gov.br/sistemas-internos/apex/producao/sistemas/thot/arquivos/publicacoes/54943_1730238/anexos/28577_919203/Anexo%20RMD_Maio_26.zip,https://cdn.tesouro.gov.br/sistemas-internos/apex/producao/sistemas/thot/arquivos/publicacoes/54943_1730238/anexos/28577_919203/Anexo%20RMD_Maio_26.zip,Estoque de NTN-B da Previdência no Anexo 2.8 dividido pelo estoque total de DPMFi da Previdência no Anexo 2.7
2015-02-28,384.519919586,228.677264103,59.470849872,155.842655483,40.529150128,Carteira de DPMFi da categoria Previdência; não representa os ativos totais das EFPC,"Previdência aberta e fechada, RPPS e aplicações dessas entidades em fundos de investimento",https://cdn.tesouro.gov.br/sistemas-internos/apex/producao/sistemas/thot/arquivos/publicacoes/54943_1730238/anexos/28577_919203/Anexo%20RMD_Maio_26.zip,https://cdn.tesouro.gov.br/sistemas-internos/apex/producao/sistemas/thot/arquivos/publicacoes/54943_1730238/anexos/28577_919203/Anexo%20RMD_Maio_26.zip,Estoque de NTN-B da Previdência no Anexo 2.8 dividido pelo estoque total de DPMFi da Previdência no Anexo 2.7
2015-03-31,425.094401147,235.980440241,55.512479017,189.113960906,44.487520983,Carteira de DPMFi da categoria Previdência; não representa os ativos totais das EFPC,"Previdência aberta e fechada, RPPS e aplicações dessas entidades em fundos de investimento",https://cdn.tesouro.gov.br/sistemas-internos/apex/producao/sistemas/thot/arquivos/publicacoes/54943_1730238/anexos/28577_919203/Anexo%20RMD_Maio_26.zip,https://cdn.tesouro.gov.br/sistemas-internos/apex/producao/sistemas/thot/arquivos/publicacoes/54943_1730238/anexos/28577_919203/Anexo%20RMD_Maio_26.zip,Estoque de NTN-B da Previdência no Anexo 2.8 dividido pelo estoque total de DPMFi da Previdência no Anexo 2.7
2015-04-30,434.69574005,240.493185527,55.324486387,194.202554523,44.675513613,Carteira de DPMFi da categoria Previdência; não representa os ativos totais das EFPC,"Previdência aberta e fechada, RPPS e aplicações dessas entidades em fundos de investimento",https://cdn.tesouro.gov.br/sistemas-internos/apex/producao/sistemas/thot/arquivos/publicacoes/54943_1730238/anexos/28577_919203/Anexo%20RMD_Maio_26.zip,https://cdn.tesouro.gov.br/sistemas-internos/apex/producao/sistemas/thot/arquivos/publicacoes/54943_1730238/anexos/28577_919203/Anexo%20RMD_Maio_26.zip,Estoque de NTN-B da Previdência no Anexo 2.8 dividido pelo estoque total de DPMFi da Previdência no Anexo 2.7
2015-05-31,450.257846453,243.553064066,54.091908888,206.704782387,45.908091112,Carteira de DPMFi da categoria Previdência; não representa os ativos totais das EFPC,"Previdência aberta e fechada, RPPS e aplicações dessas entidades em fundos de investimento",https://cdn.tesouro.gov.br/sistemas-internos/apex/producao/sistemas/thot/arquivos/publicacoes/54943_1730238/anexos/28577_919203/Anexo%20RMD_Maio_26.zip,https://cdn.tesouro.gov.br/sistemas-internos/apex/producao/sistemas/thot/arquivos/publicacoes/54943_1730238/anexos/28577_919203/Anexo%20RMD_Maio_26.zip,Estoque de NTN-B da Previdência no Anexo 2.8 dividido pelo estoque total de DPMFi da Previdência no Anexo 2.7
2015-06-30,468.644782342,249.698164171,53.280901352,218.946618171,46.719098648,Carteira de DPMFi da categoria Previdência; não representa os ativos totais das EFPC,"Previdência aberta e fechada, RPPS e aplicações dessas entidades em fundos de investimento",https://cdn.tesouro.gov.br/sistemas-internos/apex/producao/sistemas/thot/arquivos/publicacoes/54943_1730238/anexos/28577_919203/Anexo%20RMD_Maio_26.zip,https://cdn.tesouro.gov.br/sistemas-internos/apex/producao/sistemas/thot/arquivos/publicacoes/54943_1730238/anexos/28577_919203/Anexo%20RMD_Maio_26.zip,Estoque de NTN-B da Previdência no Anexo 2.8 dividido pelo estoque total de DPMFi da Previdência no Anexo 2.7
2015-07-31,489.030894413,256.951596444,52.543019138,232.079297969,47.456980862,Carteira de DPMFi da categoria Previdência; não representa os ativos totais das EFPC,"Previdência aberta e fechada, RPPS e aplicações dessas entidades em fundos de investimento",https://cdn.tesouro.gov.br/sistemas-internos/apex/producao/sistemas/thot/arquivos/publicacoes/54943_1730238/anexos/28577_919203/Anexo%20RMD_Maio_26.zip,https://cdn.tesouro.gov.br/sistemas-internos/apex/producao/sistemas/thot/arquivos/publicacoes/54943_1730238/anexos/28577_919203/Anexo%20RMD_Maio_26.zip,Estoque de NTN-B da Previdência no Anexo 2.8 dividido pelo estoque total de DPMFi da Previdência no Anexo 2.7
2015-08-31,513.206752841,262.895690423,51.226077788,250.311062418,48.773922212,Carteira de DPMFi da categoria Previdência; não representa os ativos totais das EFPC,"Previdência aberta e fechada, RPPS e aplicações dessas entidades em fundos de investimento",https://cdn.tesouro.gov.br/sistemas-internos/apex/producao/sistemas/thot/arquivos/publicacoes/54943_1730238/anexos/28577_919203/Anexo%20RMD_Maio_26.zip,https://cdn.tesouro.gov.br/sistemas-internos/apex/producao/sistemas/thot/arquivos/publicacoes/54943_1730238/anexos/28577_919203/Anexo%20RMD_Maio_26.zip,Estoque de NTN-B da Previdência no Anexo 2.8 dividido pelo estoque total de DPMFi da Previdência no Anexo 2.7
2015-09-30,540.622164951,268.222544999,49.613678903,272.399619952,50.386321097,Carteira de DPMFi da categoria Previdência; não representa os ativos totais das EFPC,"Previdência aberta e fechada, RPPS e aplicações dessas entidades em fundos de investimento",https://cdn.tesouro.gov.br/sistemas-internos/apex/producao/sistemas/thot/arquivos/publicacoes/54943_1730238/anexos/28577_919203/Anexo%20RMD_Maio_26.zip,https://cdn.tesouro.gov.br/sistemas-internos/apex/producao/sistemas/thot/arquivos/publicacoes/54943_1730238/anexos/28577_919203/Anexo%20RMD_Maio_26.zip,Estoque de NTN-B da Previdência no Anexo 2.8 dividido pelo estoque total de DPMFi da Previdência no Anexo 2.7
2015-10-31,541.403763181,270.369526416,49.938612327,271.034236765,50.061387673,Carteira de DPMFi da categoria Previdência; não representa os ativos totais das EFPC,"Previdência aberta e fechada, RPPS e aplicações dessas entidades em fundos de investimento",https://cdn.tesouro.gov.br/sistemas-internos/apex/producao/sistemas/thot/arquivos/publicacoes/54943_1730238/anexos/28577_919203/Anexo%20RMD_Maio_26.zip,https://cdn.tesouro.gov.br/sistemas-internos/apex/producao/sistemas/thot/arquivos/publicacoes/54943_1730238/anexos/28577_919203/Anexo%20RMD_Maio_26.zip,Estoque de NTN-B da Previdência no Anexo 2.8 dividido pelo estoque total de DPMFi da Previdência no Anexo 2.7
2015-11-30,552.020213229,275.778926685,49.958121112,276.241286544,50.041878888,Carteira de DPMFi da categoria Previdência; não representa os ativos totais das EFPC,"Previdência aberta e fechada, RPPS e aplicações dessas entidades em fundos de investimento",https://cdn.tesouro.gov.br/sistemas-internos/apex/producao/sistemas/thot/arquivos/publicacoes/54943_1730238/anexos/28577_919203/Anexo%20RMD_Maio_26.zip,https://cdn.tesouro.gov.br/sistemas-internos/apex/producao/sistemas/thot/arquivos/publicacoes/54943_1730238/anexos/28577_919203/Anexo%20RMD_Maio_26.zip,Estoque de NTN-B da Previdência no Anexo 2.8 dividido pelo estoque total de DPMFi da Previdência no Anexo 2.7
2015-12-31,566.406502504,281.793253788,49.751062628,284.613248716,50.248937372,Carteira de DPMFi da categoria Previdência; não representa os ativos totais das EFPC,"Previdência aberta e fechada, RPPS e aplicações dessas entidades em fundos de investimento",https://cdn.tesouro.gov.br/sistemas-internos/apex/producao/sistemas/thot/arquivos/publicacoes/54943_1730238/anexos/28577_919203/Anexo%20RMD_Maio_26.zip,https://cdn.tesouro.gov.br/sistemas-internos/apex/producao/sistemas/thot/arquivos/publicacoes/54943_1730238/anexos/28577_919203/Anexo%20RMD_Maio_26.zip,Estoque de NTN-B da Previdência no Anexo 2.8 dividido pelo estoque total de DPMFi da Previdência no Anexo 2.7
2016-01-31,586.210552991,286.550138631,48.881777574,299.66041436,51.118222426,Carteira de DPMFi da categoria Previdência; não representa os ativos totais das EFPC,"Previdência aberta e fechada, RPPS e aplicações dessas entidades em fundos de investimento",https://cdn.tesouro.gov.br/sistemas-internos/apex/producao/sistemas/thot/arquivos/publicacoes/54943_1730238/anexos/28577_919203/Anexo%20RMD_Maio_26.zip,https://cdn.tesouro.gov.br/sistemas-internos/apex/producao/sistemas/thot/arquivos/publicacoes/54943_1730238/anexos/28577_919203/Anexo%20RMD_Maio_26.zip,Estoque de NTN-B da Previdência no Anexo 2.8 dividido pelo estoque total de DPMFi da Previdência no Anexo 2.7
2016-02-29,608.194444342,291.482533008,47.925878922,316.711911334,52.074121078,Carteira de DPMFi da categoria Previdência; não representa os ativos totais das EFPC,"Previdência aberta e fechada, RPPS e aplicações dessas entidades em fundos de investimento",https://cdn.tesouro.gov.br/sistemas-internos/apex/producao/sistemas/thot/arquivos/publicacoes/54943_1730238/anexos/28577_919203/Anexo%20RMD_Maio_26.zip,https://cdn.tesouro.gov.br/sistemas-internos/apex/producao/sistemas/thot/arquivos/publicacoes/54943_1730238/anexos/28577_919203/Anexo%20RMD_Maio_26.zip,Estoque de NTN-B da Previdência no Anexo 2.8 dividido pelo estoque total de DPMFi da Previdência no Anexo 2.7
2016-03-31,622.824486894,298.615570119,47.945380505,324.208916775,52.054619495,Carteira de DPMFi da categoria Previdência; não representa os ativos totais das EFPC,"Previdência aberta e fechada, RPPS e aplicações dessas entidades em fundos de investimento",https://cdn.tesouro.gov.br/sistemas-internos/apex/producao/sistemas/thot/arquivos/publicacoes/54943_1730238/anexos/28577_919203/Anexo%20RMD_Maio_26.zip,https://cdn.tesouro.gov.br/sistemas-internos/apex/producao/sistemas/thot/arquivos/publicacoes/54943_1730238/anexos/28577_919203/Anexo%20RMD_Maio_26.zip,Estoque de NTN-B da Previdência no Anexo 2.8 dividido pelo estoque total de DPMFi da Previdência no Anexo 2.7
2016-04-30,644.533873434,306.990954638,47.629917882,337.542918796,52.370082118,Carteira de DPMFi da categoria Previdência; não representa os ativos totais das EFPC,"Previdência aberta e fechada, RPPS e aplicações dessas entidades em fundos de investimento",https://cdn.tesouro.gov.br/sistemas-internos/apex/producao/sistemas/thot/arquivos/publicacoes/54943_1730238/anexos/28577_919203/Anexo%20RMD_Maio_26.zip,https://cdn.tesouro.gov.br/sistemas-internos/apex/producao/sistemas/thot/arquivos/publicacoes/54943_1730238/anexos/28577_919203/Anexo%20RMD_Maio_26.zip,Estoque de NTN-B da Previdência no Anexo 2.8 dividido pelo estoque total de DPMFi da Previdência no Anexo 2.7
2016-05-31,651.040721866,310.382176564,47.674771506,340.658545302,52.325228494,Carteira de DPMFi da categoria Previdência; não representa os ativos totais das EFPC,"Previdência aberta e fechada, RPPS e aplicações dessas entidades em fundos de investimento",https://cdn.tesouro.gov.br/sistemas-internos/apex/producao/sistemas/thot/arquivos/publicacoes/54943_1730238/anexos/28577_919203/Anexo%20RMD_Maio_26.zip,https://cdn.tesouro.gov.br/sistemas-internos/apex/producao/sistemas/thot/arquivos/publicacoes/54943_1730238/anexos/28577_919203/Anexo%20RMD_Maio_26.zip,Estoque de NTN-B da Previdência no Anexo 2.8 dividido pelo estoque total de DPMFi da Previdência no Anexo 2.7
2016-06-30,668.861825084,314.358278453,46.998986437,354.503546631,53.001013563,Carteira de DPMFi da categoria Previdência; não representa os ativos totais das EFPC,"Previdência aberta e fechada, RPPS e aplicações dessas entidades em fundos de investimento",https://cdn.tesouro.gov.br/sistemas-internos/apex/producao/sistemas/thot/arquivos/publicacoes/54943_1730238/anexos/28577_919203/Anexo%20RMD_Maio_26.zip,https://cdn.tesouro.gov.br/sistemas-internos/apex/producao/sistemas/thot/arquivos/publicacoes/54943_1730238/anexos/28577_919203/Anexo%20RMD_Maio_26.zip,Estoque de NTN-B da Previdência no Anexo 2.8 dividido pelo estoque total de DPMFi da Previdência no Anexo 2.7
2016-07-31,689.784041903,327.749848877,47.514849426,362.034193026,52.485150574,Carteira de DPMFi da categoria Previdência; não representa os ativos totais das EFPC,"Previdência aberta e fechada, RPPS e aplicações dessas entidades em fundos de investimento",https://cdn.tesouro.gov.br/sistemas-internos/apex/producao/sistemas/thot/arquivos/publicacoes/54943_1730238/anexos/28577_919203/Anexo%20RMD_Maio_26.zip,https://cdn.tesouro.gov.br/sistemas-internos/apex/producao/sistemas/thot/arquivos/publicacoes/54943_1730238/anexos/28577_919203/Anexo%20RMD_Maio_26.zip,Estoque de NTN-B da Previdência no Anexo 2.8 dividido pelo estoque total de DPMFi da Previdência no Anexo 2.7
2016-08-31,696.416503324,318.753562565,45.770535454,377.662940759,54.229464546,Carteira de DPMFi da categoria Previdência; não representa os ativos totais das EFPC,"Previdência aberta e fechada, RPPS e aplicações dessas entidades em fundos de investimento",https://cdn.tesouro.gov.br/sistemas-internos/apex/producao/sistemas/thot/arquivos/publicacoes/54943_1730238/anexos/28577_919203/Anexo%20RMD_Maio_26.zip,https://cdn.tesouro.gov.br/sistemas-internos/apex/producao/sistemas/thot/arquivos/publicacoes/54943_1730238/anexos/28577_919203/Anexo%20RMD_Maio_26.zip,Estoque de NTN-B da Previdência no Anexo 2.8 dividido pelo estoque total de DPMFi da Previdência no Anexo 2.7
2016-09-30,708.535491755,325.460852467,45.93430481,383.074639288,54.06569519,Carteira de DPMFi da categoria Previdência; não representa os ativos totais das EFPC,"Previdência aberta e fechada, RPPS e aplicações dessas entidades em fundos de investimento",https://cdn.tesouro.gov.br/sistemas-internos/apex/producao/sistemas/thot/arquivos/publicacoes/54943_1730238/anexos/28577_919203/Anexo%20RMD_Maio_26.zip,https://cdn.tesouro.gov.br/sistemas-internos/apex/producao/sistemas/thot/arquivos/publicacoes/54943_1730238/anexos/28577_919203/Anexo%20RMD_Maio_26.zip,Estoque de NTN-B da Previdência no Anexo 2.8 dividido pelo estoque total de DPMFi da Previdência no Anexo 2.7
2016-10-31,716.945162899,332.337889728,46.354715385,384.607273171,53.645284615,Carteira de DPMFi da categoria Previdência; não representa os ativos totais das EFPC,"Previdência aberta e fechada, RPPS e aplicações dessas entidades em fundos de investimento",https://cdn.tesouro.gov.br/sistemas-internos/apex/producao/sistemas/thot/arquivos/publicacoes/54943_1730238/anexos/28577_919203/Anexo%20RMD_Maio_26.zip,https://cdn.tesouro.gov.br/sistemas-internos/apex/producao/sistemas/thot/arquivos/publicacoes/54943_1730238/anexos/28577_919203/Anexo%20RMD_Maio_26.zip,Estoque de NTN-B da Previdência no Anexo 2.8 dividido pelo estoque total de DPMFi da Previdência no Anexo 2.7
2016-11-30,726.414449719,340.990782702,46.941629924,385.423667017,53.058370076,Carteira de DPMFi da categoria Previdência; não representa os ativos totais das EFPC,"Previdência aberta e fechada, RPPS e aplicações dessas entidades em fundos de investimento",https://cdn.tesouro.gov.br/sistemas-internos/apex/producao/sistemas/thot/arquivos/publicacoes/54943_1730238/anexos/28577_919203/Anexo%20RMD_Maio_26.zip,https://cdn.tesouro.gov.br/sistemas-internos/apex/producao/sistemas/thot/arquivos/publicacoes/54943_1730238/anexos/28577_919203/Anexo%20RMD_Maio_26.zip,Estoque de NTN-B da Previdência no Anexo 2.8 dividido pelo estoque total de DPMFi da Previdência no Anexo 2.7
2016-12-31,748.126852326,344.412571491,46.036654134,403.714280835,53.963345866,Carteira de DPMFi da categoria Previdência; não representa os ativos totais das EFPC,"Previdência aberta e fechada, RPPS e aplicações dessas entidades em fundos de investimento",https://cdn.tesouro.gov.br/sistemas-internos/apex/producao/sistemas/thot/arquivos/publicacoes/54943_1730238/anexos/28577_919203/Anexo%20RMD_Maio_26.zip,https://cdn.tesouro.gov.br/sistemas-internos/apex/producao/sistemas/thot/arquivos/publicacoes/54943_1730238/anexos/28577_919203/Anexo%20RMD_Maio_26.zip,Estoque de NTN-B da Previdência no Anexo 2.8 dividido pelo estoque total de DPMFi da Previdência no Anexo 2.7
2017-01-31,751.649308883,353.08898288,46.975228834,398.560326003,53.024771166,Carteira de DPMFi da categoria Previdência; não representa os ativos totais das EFPC,"Previdência aberta e fechada, RPPS e aplicações dessas entidades em fundos de investimento",https://cdn.tesouro.gov.br/sistemas-internos/apex/producao/sistemas/thot/arquivos/publicacoes/54943_1730238/anexos/28577_919203/Anexo%20RMD_Maio_26.zip,https://cdn.tesouro.gov.br/sistemas-internos/apex/producao/sistemas/thot/arquivos/publicacoes/54943_1730238/anexos/28577_919203/Anexo%20RMD_Maio_26.zip,Estoque de NTN-B da Previdência no Anexo 2.8 dividido pelo estoque total de DPMFi da Previdência no Anexo 2.7
2017-02-28,788.965793573,376.047632841,47.663363343,412.918160732,52.336636657,Carteira de DPMFi da categoria Previdência; não representa os ativos totais das EFPC,"Previdência aberta e fechada, RPPS e aplicações dessas entidades em fundos de investimento",https://cdn.tesouro.gov.br/sistemas-internos/apex/producao/sistemas/thot/arquivos/publicacoes/54943_1730238/anexos/28577_919203/Anexo%20RMD_Maio_26.zip,https://cdn.tesouro.gov.br/sistemas-internos/apex/producao/sistemas/thot/arquivos/publicacoes/54943_1730238/anexos/28577_919203/Anexo%20RMD_Maio_26.zip,Estoque de NTN-B da Previdência no Anexo 2.8 dividido pelo estoque total de DPMFi da Previdência no Anexo 2.7
2017-03-31,808.949449503,385.94103842,47.7089191,423.008411083,52.2910809,Carteira de DPMFi da categoria Previdência; não representa os ativos totais das EFPC,"Previdência aberta e fechada, RPPS e aplicações dessas entidades em fundos de investimento",https://cdn.tesouro.gov.br/sistemas-internos/apex/producao/sistemas/thot/arquivos/publicacoes/54943_1730238/anexos/28577_919203/Anexo%20RMD_Maio_26.zip,https://cdn.tesouro.gov.br/sistemas-internos/apex/producao/sistemas/thot/arquivos/publicacoes/54943_1730238/anexos/28577_919203/Anexo%20RMD_Maio_26.zip,Estoque de NTN-B da Previdência no Anexo 2.8 dividido pelo estoque total de DPMFi da Previdência no Anexo 2.7
2017-04-30,812.79175402,388.28109602,47.771288783,424.510658,52.228711217,Carteira de DPMFi da categoria Previdência; não representa os ativos totais das EFPC,"Previdência aberta e fechada, RPPS e aplicações dessas entidades em fundos de investimento",https://cdn.tesouro.gov.br/sistemas-internos/apex/producao/sistemas/thot/arquivos/publicacoes/54943_1730238/anexos/28577_919203/Anexo%20RMD_Maio_26.zip,https://cdn.tesouro.gov.br/sistemas-internos/apex/producao/sistemas/thot/arquivos/publicacoes/54943_1730238/anexos/28577_919203/Anexo%20RMD_Maio_26.zip,Estoque de NTN-B da Previdência no Anexo 2.8 dividido pelo estoque total de DPMFi da Previdência no Anexo 2.7
2017-05-31,820.336546664,391.416220307,47.71410245,428.920326357,52.28589755,Carteira de DPMFi da categoria Previdência; não representa os ativos totais das EFPC,"Previdência aberta e fechada, RPPS e aplicações dessas entidades em fundos de investimento",https://cdn.tesouro.gov.br/sistemas-internos/apex/producao/sistemas/thot/arquivos/publicacoes/54943_1730238/anexos/28577_919203/Anexo%20RMD_Maio_26.zip,https://cdn.tesouro.gov.br/sistemas-internos/apex/producao/sistemas/thot/arquivos/publicacoes/54943_1730238/anexos/28577_919203/Anexo%20RMD_Maio_26.zip,Estoque de NTN-B da Previdência no Anexo 2.8 dividido pelo estoque total de DPMFi da Previdência no Anexo 2.7
2017-06-30,825.382713955,395.308065665,47.893911392,430.07464829,52.106088608,Carteira de DPMFi da categoria Previdência; não representa os ativos totais das EFPC,"Previdência aberta e fechada, RPPS e aplicações dessas entidades em fundos de investimento",https://cdn.tesouro.gov.br/sistemas-internos/apex/producao/sistemas/thot/arquivos/publicacoes/54943_1730238/anexos/28577_919203/Anexo%20RMD_Maio_26.zip,https://cdn.tesouro.gov.br/sistemas-internos/apex/producao/sistemas/thot/arquivos/publicacoes/54943_1730238/anexos/28577_919203/Anexo%20RMD_Maio_26.zip,Estoque de NTN-B da Previdência no Anexo 2.8 dividido pelo estoque total de DPMFi da Previdência no Anexo 2.7
2017-07-31,815.134450265,394.069568095,48.344118932,421.06488217,51.655881068,Carteira de DPMFi da categoria Previdência; não representa os ativos totais das EFPC,"Previdência aberta e fechada, RPPS e aplicações dessas entidades em fundos de investimento",https://cdn.tesouro.gov.br/sistemas-internos/apex/producao/sistemas/thot/arquivos/publicacoes/54943_1730238/anexos/28577_919203/Anexo%20RMD_Maio_26.zip,https://cdn.tesouro.gov.br/sistemas-internos/apex/producao/sistemas/thot/arquivos/publicacoes/54943_1730238/anexos/28577_919203/Anexo%20RMD_Maio_26.zip,Estoque de NTN-B da Previdência no Anexo 2.8 dividido pelo estoque total de DPMFi da Previdência no Anexo 2.7
2017-08-31,815.869057789,386.741960592,47.402454708,429.127097197,52.597545292,Carteira de DPMFi da categoria Previdência; não representa os ativos totais das EFPC,"Previdência aberta e fechada, RPPS e aplicações dessas entidades em fundos de investimento",https://cdn.tesouro.gov.br/sistemas-internos/apex/producao/sistemas/thot/arquivos/publicacoes/54943_1730238/anexos/28577_919203/Anexo%20RMD_Maio_26.zip,https://cdn.tesouro.gov.br/sistemas-internos/apex/producao/sistemas/thot/arquivos/publicacoes/54943_1730238/anexos/28577_919203/Anexo%20RMD_Maio_26.zip,Estoque de NTN-B da Previdência no Anexo 2.8 dividido pelo estoque total de DPMFi da Previdência no Anexo 2.7
2017-09-30,834.761522968,389.768141828,46.692154718,444.99338114,53.307845282,Carteira de DPMFi da categoria Previdência; não representa os ativos totais das EFPC,"Previdência aberta e fechada, RPPS e aplicações dessas entidades em fundos de investimento",https://cdn.tesouro.gov.br/sistemas-internos/apex/producao/sistemas/thot/arquivos/publicacoes/54943_1730238/anexos/28577_919203/Anexo%20RMD_Maio_26.zip,https://cdn.tesouro.gov.br/sistemas-internos/apex/producao/sistemas/thot/arquivos/publicacoes/54943_1730238/anexos/28577_919203/Anexo%20RMD_Maio_26.zip,Estoque de NTN-B da Previdência no Anexo 2.8 dividido pelo estoque total de DPMFi da Previdência no Anexo 2.7
2017-10-31,840.168351187,393.188432894,46.798767454,446.979918293,53.201232546,Carteira de DPMFi da categoria Previdência; não representa os ativos totais das EFPC,"Previdência aberta e fechada, RPPS e aplicações dessas entidades em fundos de investimento",https://cdn.tesouro.gov.br/sistemas-internos/apex/producao/sistemas/thot/arquivos/publicacoes/54943_1730238/anexos/28577_919203/Anexo%20RMD_Maio_26.zip,https://cdn.tesouro.gov.br/sistemas-internos/apex/producao/sistemas/thot/arquivos/publicacoes/54943_1730238/anexos/28577_919203/Anexo%20RMD_Maio_26.zip,Estoque de NTN-B da Previdência no Anexo 2.8 dividido pelo estoque total de DPMFi da Previdência no Anexo 2.7
2017-11-30,855.604955736,396.940865264,46.393006796,458.664090472,53.606993204,Carteira de DPMFi da categoria Previdência; não representa os ativos totais das EFPC,"Previdência aberta e fechada, RPPS e aplicações dessas entidades em fundos de investimento",https://cdn.tesouro.gov.br/sistemas-internos/apex/producao/sistemas/thot/arquivos/publicacoes/54943_1730238/anexos/28577_919203/Anexo%20RMD_Maio_26.zip,https://cdn.tesouro.gov.br/sistemas-internos/apex/producao/sistemas/thot/arquivos/publicacoes/54943_1730238/anexos/28577_919203/Anexo%20RMD_Maio_26.zip,Estoque de NTN-B da Previdência no Anexo 2.8 dividido pelo estoque total de DPMFi da Previdência no Anexo 2.7
2017-12-31,874.55869522,403.336907738,46.118906592,471.221787482,53.881093408,Carteira de DPMFi da categoria Previdência; não representa os ativos totais das EFPC,"Previdência aberta e fechada, RPPS e aplicações dessas entidades em fundos de investimento",https://cdn.tesouro.gov.br/sistemas-internos/apex/producao/sistemas/thot/arquivos/publicacoes/54943_1730238/anexos/28577_919203/Anexo%20RMD_Maio_26.zip,https://cdn.tesouro.gov.br/sistemas-internos/apex/producao/sistemas/thot/arquivos/publicacoes/54943_1730238/anexos/28577_919203/Anexo%20RMD_Maio_26.zip,Estoque de NTN-B da Previdência no Anexo 2.8 dividido pelo estoque total de DPMFi da Previdência no Anexo 2.7
2018-01-31,850.539611114,413.689365404,48.638459632,436.85024571,51.361540368,Carteira de DPMFi da categoria Previdência; não representa os ativos totais das EFPC,"Previdência aberta e fechada, RPPS e aplicações dessas entidades em fundos de investimento",https://cdn.tesouro.gov.br/sistemas-internos/apex/producao/sistemas/thot/arquivos/publicacoes/54943_1730238/anexos/28577_919203/Anexo%20RMD_Maio_26.zip,https://cdn.tesouro.gov.br/sistemas-internos/apex/producao/sistemas/thot/arquivos/publicacoes/54943_1730238/anexos/28577_919203/Anexo%20RMD_Maio_26.zip,Estoque de NTN-B da Previdência no Anexo 2.8 dividido pelo estoque total de DPMFi da Previdência no Anexo 2.7
2018-02-28,844.441516875,407.524985748,48.259705096,436.916531127,51.740294904,Carteira de DPMFi da categoria Previdência; não representa os ativos totais das EFPC,"Previdência aberta e fechada, RPPS e aplicações dessas entidades em fundos de investimento",https://cdn.tesouro.gov.br/sistemas-internos/apex/producao/sistemas/thot/arquivos/publicacoes/54943_1730238/anexos/28577_919203/Anexo%20RMD_Maio_26.zip,https://cdn.tesouro.gov.br/sistemas-internos/apex/producao/sistemas/thot/arquivos/publicacoes/54943_1730238/anexos/28577_919203/Anexo%20RMD_Maio_26.zip,Estoque de NTN-B da Previdência no Anexo 2.8 dividido pelo estoque total de DPMFi da Previdência no Anexo 2.7
2018-03-31,863.20050926,414.398382501,48.007198566,448.802126759,51.992801434,Carteira de DPMFi da categoria Previdência; não representa os ativos totais das EFPC,"Previdência aberta e fechada, RPPS e aplicações dessas entidades em fundos de investimento",https://cdn.tesouro.gov.br/sistemas-internos/apex/producao/sistemas/thot/arquivos/publicacoes/54943_1730238/anexos/28577_919203/Anexo%20RMD_Maio_26.zip,https://cdn.tesouro.gov.br/sistemas-internos/apex/producao/sistemas/thot/arquivos/publicacoes/54943_1730238/anexos/28577_919203/Anexo%20RMD_Maio_26.zip,Estoque de NTN-B da Previdência no Anexo 2.8 dividido pelo estoque total de DPMFi da Previdência no Anexo 2.7
2018-04-30,876.794880542,419.69895903,47.86740529,457.095921512,52.13259471,Carteira de DPMFi da categoria Previdência; não representa os ativos totais das EFPC,"Previdência aberta e fechada, RPPS e aplicações dessas entidades em fundos de investimento",https://cdn.tesouro.gov.br/sistemas-internos/apex/producao/sistemas/thot/arquivos/publicacoes/54943_1730238/anexos/28577_919203/Anexo%20RMD_Maio_26.zip,https://cdn.tesouro.gov.br/sistemas-internos/apex/producao/sistemas/thot/arquivos/publicacoes/54943_1730238/anexos/28577_919203/Anexo%20RMD_Maio_26.zip,Estoque de NTN-B da Previdência no Anexo 2.8 dividido pelo estoque total de DPMFi da Previdência no Anexo 2.7
2018-05-31,892.349038168,423.900363798,47.503874119,468.44867437,52.496125881,Carteira de DPMFi da categoria Previdência; não representa os ativos totais das EFPC,"Previdência aberta e fechada, RPPS e aplicações dessas entidades em fundos de investimento",https://cdn.tesouro.gov.br/sistemas-internos/apex/producao/sistemas/thot/arquivos/publicacoes/54943_1730238/anexos/28577_919203/Anexo%20RMD_Maio_26.zip,https://cdn.tesouro.gov.br/sistemas-internos/apex/producao/sistemas/thot/arquivos/publicacoes/54943_1730238/anexos/28577_919203/Anexo%20RMD_Maio_26.zip,Estoque de NTN-B da Previdência no Anexo 2.8 dividido pelo estoque total de DPMFi da Previdência no Anexo 2.7
2018-06-30,900.59390057,434.20745869,48.213457632,466.38644188,51.786542368,Carteira de DPMFi da categoria Previdência; não representa os ativos totais das EFPC,"Previdência aberta e fechada, RPPS e aplicações dessas entidades em fundos de investimento",https://cdn.tesouro.gov.br/sistemas-internos/apex/producao/sistemas/thot/arquivos/publicacoes/54943_1730238/anexos/28577_919203/Anexo%20RMD_Maio_26.zip,https://cdn.tesouro.gov.br/sistemas-internos/apex/producao/sistemas/thot/arquivos/publicacoes/54943_1730238/anexos/28577_919203/Anexo%20RMD_Maio_26.zip,Estoque de NTN-B da Previdência no Anexo 2.8 dividido pelo estoque total de DPMFi da Previdência no Anexo 2.7
2018-07-31,886.6,437.87,49.387547936,448.73,50.612452064,Carteira de DPMFi da categoria Previdência; não representa os ativos totais das EFPC,"Previdência aberta e fechada, RPPS e aplicações dessas entidades em fundos de investimento",https://cdn.tesouro.gov.br/sistemas-internos/apex/producao/sistemas/thot/arquivos/publicacoes/54943_1730238/anexos/28577_919203/Anexo%20RMD_Maio_26.zip,https://cdn.tesouro.gov.br/sistemas-internos/apex/producao/sistemas/thot/arquivos/publicacoes/54943_1730238/anexos/28577_919203/Anexo%20RMD_Maio_26.zip,Estoque de NTN-B da Previdência no Anexo 2.8 dividido pelo estoque total de DPMFi da Previdência no Anexo 2.7
2018-08-31,911.867101297,430.007644857,47.156832859,481.85945644,52.843167141,Carteira de DPMFi da categoria Previdência; não representa os ativos totais das EFPC,"Previdência aberta e fechada, RPPS e aplicações dessas entidades em fundos de investimento",https://cdn.tesouro.gov.br/sistemas-internos/apex/producao/sistemas/thot/arquivos/publicacoes/54943_1730238/anexos/28577_919203/Anexo%20RMD_Maio_26.zip,https://cdn.tesouro.gov.br/sistemas-internos/apex/producao/sistemas/thot/arquivos/publicacoes/54943_1730238/anexos/28577_919203/Anexo%20RMD_Maio_26.zip,Estoque de NTN-B da Previdência no Anexo 2.8 dividido pelo estoque total de DPMFi da Previdência no Anexo 2.7
2018-09-30,919.90285126,428.52429166,46.583646422,491.3785596,53.416353578,Carteira de DPMFi da categoria Previdência; não representa os ativos totais das EFPC,"Previdência aberta e fechada, RPPS e aplicações dessas entidades em fundos de investimento",https://cdn.tesouro.gov.br/sistemas-internos/apex/producao/sistemas/thot/arquivos/publicacoes/54943_1730238/anexos/28577_919203/Anexo%20RMD_Maio_26.zip,https://cdn.tesouro.gov.br/sistemas-internos/apex/producao/sistemas/thot/arquivos/publicacoes/54943_1730238/anexos/28577_919203/Anexo%20RMD_Maio_26.zip,Estoque de NTN-B da Previdência no Anexo 2.8 dividido pelo estoque total de DPMFi da Previdência no Anexo 2.7
2018-10-31,915.89711859,436.577791353,47.666684663,479.319327237,52.333315337,Carteira de DPMFi da categoria Previdência; não representa os ativos totais das EFPC,"Previdência aberta e fechada, RPPS e aplicações dessas entidades em fundos de investimento",https://cdn.tesouro.gov.br/sistemas-internos/apex/producao/sistemas/thot/arquivos/publicacoes/54943_1730238/anexos/28577_919203/Anexo%20RMD_Maio_26.zip,https://cdn.tesouro.gov.br/sistemas-internos/apex/producao/sistemas/thot/arquivos/publicacoes/54943_1730238/anexos/28577_919203/Anexo%20RMD_Maio_26.zip,Estoque de NTN-B da Previdência no Anexo 2.8 dividido pelo estoque total de DPMFi da Previdência no Anexo 2.7
2018-11-30,908.765217221,434.649019266,47.828527218,474.116197955,52.171472782,Carteira de DPMFi da categoria Previdência; não representa os ativos totais das EFPC,"Previdência aberta e fechada, RPPS e aplicações dessas entidades em fundos de investimento",https://cdn.tesouro.gov.br/sistemas-internos/apex/producao/sistemas/thot/arquivos/publicacoes/54943_1730238/anexos/28577_919203/Anexo%20RMD_Maio_26.zip,https://cdn.tesouro.gov.br/sistemas-internos/apex/producao/sistemas/thot/arquivos/publicacoes/54943_1730238/anexos/28577_919203/Anexo%20RMD_Maio_26.zip,Estoque de NTN-B da Previdência no Anexo 2.8 dividido pelo estoque total de DPMFi da Previdência no Anexo 2.7
2018-12-31,930.849089651,442.37383802,47.523690246,488.475251631,52.476309754,Carteira de DPMFi da categoria Previdência; não representa os ativos totais das EFPC,"Previdência aberta e fechada, RPPS e aplicações dessas entidades em fundos de investimento",https://cdn.tesouro.gov.br/sistemas-internos/apex/producao/sistemas/thot/arquivos/publicacoes/54943_1730238/anexos/28577_919203/Anexo%20RMD_Maio_26.zip,https://cdn.tesouro.gov.br/sistemas-internos/apex/producao/sistemas/thot/arquivos/publicacoes/54943_1730238/anexos/28577_919203/Anexo%20RMD_Maio_26.zip,Estoque de NTN-B da Previdência no Anexo 2.8 dividido pelo estoque total de DPMFi da Previdência no Anexo 2.7
2019-01-31,917.995638525,454.056135549,49.46168767,463.939502976,50.53831233,Carteira de DPMFi da categoria Previdência; não representa os ativos totais das EFPC,"Previdência aberta e fechada, RPPS e aplicações dessas entidades em fundos de investimento",https://cdn.tesouro.gov.br/sistemas-internos/apex/producao/sistemas/thot/arquivos/publicacoes/54943_1730238/anexos/28577_919203/Anexo%20RMD_Maio_26.zip,https://cdn.tesouro.gov.br/sistemas-internos/apex/producao/sistemas/thot/arquivos/publicacoes/54943_1730238/anexos/28577_919203/Anexo%20RMD_Maio_26.zip,Estoque de NTN-B da Previdência no Anexo 2.8 dividido pelo estoque total de DPMFi da Previdência no Anexo 2.7
2019-02-28,916.375733774,453.250380788,49.461194146,463.125352986,50.538805854,Carteira de DPMFi da categoria Previdência; não representa os ativos totais das EFPC,"Previdência aberta e fechada, RPPS e aplicações dessas entidades em fundos de investimento",https://cdn.tesouro.gov.br/sistemas-internos/apex/producao/sistemas/thot/arquivos/publicacoes/54943_1730238/anexos/28577_919203/Anexo%20RMD_Maio_26.zip,https://cdn.tesouro.gov.br/sistemas-internos/apex/producao/sistemas/thot/arquivos/publicacoes/54943_1730238/anexos/28577_919203/Anexo%20RMD_Maio_26.zip,Estoque de NTN-B da Previdência no Anexo 2.8 dividido pelo estoque total de DPMFi da Previdência no Anexo 2.7
2019-03-31,908.950148632,457.124317111,50.291461836,451.825831521,49.708538164,Carteira de DPMFi da categoria Previdência; não representa os ativos totais das EFPC,"Previdência aberta e fechada, RPPS e aplicações dessas entidades em fundos de investimento",https://cdn.tesouro.gov.br/sistemas-internos/apex/producao/sistemas/thot/arquivos/publicacoes/54943_1730238/anexos/28577_919203/Anexo%20RMD_Maio_26.zip,https://cdn.tesouro.gov.br/sistemas-internos/apex/producao/sistemas/thot/arquivos/publicacoes/54943_1730238/anexos/28577_919203/Anexo%20RMD_Maio_26.zip,Estoque de NTN-B da Previdência no Anexo 2.8 dividido pelo estoque total de DPMFi da Previdência no Anexo 2.7
2019-04-30,951.518170174,469.588533826,49.351504632,481.929636348,50.648495368,Carteira de DPMFi da categoria Previdência; não representa os ativos totais das EFPC,"Previdência aberta e fechada, RPPS e aplicações dessas entidades em fundos de investimento",https://cdn.tesouro.gov.br/sistemas-internos/apex/producao/sistemas/thot/arquivos/publicacoes/54943_1730238/anexos/28577_919203/Anexo%20RMD_Maio_26.zip,https://cdn.tesouro.gov.br/sistemas-internos/apex/producao/sistemas/thot/arquivos/publicacoes/54943_1730238/anexos/28577_919203/Anexo%20RMD_Maio_26.zip,Estoque de NTN-B da Previdência no Anexo 2.8 dividido pelo estoque total de DPMFi da Previdência no Anexo 2.7
2019-05-31,927.452598311,460.880509161,49.693160599,466.57208915,50.306839401,Carteira de DPMFi da categoria Previdência; não representa os ativos totais das EFPC,"Previdência aberta e fechada, RPPS e aplicações dessas entidades em fundos de investimento",https://cdn.tesouro.gov.br/sistemas-internos/apex/producao/sistemas/thot/arquivos/publicacoes/54943_1730238/anexos/28577_919203/Anexo%20RMD_Maio_26.zip,https://cdn.tesouro.gov.br/sistemas-internos/apex/producao/sistemas/thot/arquivos/publicacoes/54943_1730238/anexos/28577_919203/Anexo%20RMD_Maio_26.zip,Estoque de NTN-B da Previdência no Anexo 2.8 dividido pelo estoque total de DPMFi da Previdência no Anexo 2.7
2019-06-30,914.85638169,455.571569056,49.797058661,459.284812634,50.202941339,Carteira de DPMFi da categoria Previdência; não representa os ativos totais das EFPC,"Previdência aberta e fechada, RPPS e aplicações dessas entidades em fundos de investimento",https://cdn.tesouro.gov.br/sistemas-internos/apex/producao/sistemas/thot/arquivos/publicacoes/54943_1730238/anexos/28577_919203/Anexo%20RMD_Maio_26.zip,https://cdn.tesouro.gov.br/sistemas-internos/apex/producao/sistemas/thot/arquivos/publicacoes/54943_1730238/anexos/28577_919203/Anexo%20RMD_Maio_26.zip,Estoque de NTN-B da Previdência no Anexo 2.8 dividido pelo estoque total de DPMFi da Previdência no Anexo 2.7
2019-07-31,998.889698648,484.900628715,48.543961297,513.989069933,51.456038703,Carteira de DPMFi da categoria Previdência; não representa os ativos totais das EFPC,"Previdência aberta e fechada, RPPS e aplicações dessas entidades em fundos de investimento",https://cdn.tesouro.gov.br/sistemas-internos/apex/producao/sistemas/thot/arquivos/publicacoes/54943_1730238/anexos/28577_919203/Anexo%20RMD_Maio_26.zip,https://cdn.tesouro.gov.br/sistemas-internos/apex/producao/sistemas/thot/arquivos/publicacoes/54943_1730238/anexos/28577_919203/Anexo%20RMD_Maio_26.zip,Estoque de NTN-B da Previdência no Anexo 2.8 dividido pelo estoque total de DPMFi da Previdência no Anexo 2.7
2019-08-31,945.511559775,472.392350364,49.961562657,473.119209411,50.038437343,Carteira de DPMFi da categoria Previdência; não representa os ativos totais das EFPC,"Previdência aberta e fechada, RPPS e aplicações dessas entidades em fundos de investimento",https://cdn.tesouro.gov.br/sistemas-internos/apex/producao/sistemas/thot/arquivos/publicacoes/54943_1730238/anexos/28577_919203/Anexo%20RMD_Maio_26.zip,https://cdn.tesouro.gov.br/sistemas-internos/apex/producao/sistemas/thot/arquivos/publicacoes/54943_1730238/anexos/28577_919203/Anexo%20RMD_Maio_26.zip,Estoque de NTN-B da Previdência no Anexo 2.8 dividido pelo estoque total de DPMFi da Previdência no Anexo 2.7
2019-09-30,1008.368771348,489.548749509,48.548582961,518.820021839,51.451417039,Carteira de DPMFi da categoria Previdência; não representa os ativos totais das EFPC,"Previdência aberta e fechada, RPPS e aplicações dessas entidades em fundos de investimento",https://cdn.tesouro.gov.br/sistemas-internos/apex/producao/sistemas/thot/arquivos/publicacoes/54943_1730238/anexos/28577_919203/Anexo%20RMD_Maio_26.zip,https://cdn.tesouro.gov.br/sistemas-internos/apex/producao/sistemas/thot/arquivos/publicacoes/54943_1730238/anexos/28577_919203/Anexo%20RMD_Maio_26.zip,Estoque de NTN-B da Previdência no Anexo 2.8 dividido pelo estoque total de DPMFi da Previdência no Anexo 2.7
2019-10-31,1016.08653282,488.208947712,48.047969532,527.877585108,51.952030468,Carteira de DPMFi da categoria Previdência; não representa os ativos totais das EFPC,"Previdência aberta e fechada, RPPS e aplicações dessas entidades em fundos de investimento",https://cdn.tesouro.gov.br/sistemas-internos/apex/producao/sistemas/thot/arquivos/publicacoes/54943_1730238/anexos/28577_919203/Anexo%20RMD_Maio_26.zip,https://cdn.tesouro.gov.br/sistemas-internos/apex/producao/sistemas/thot/arquivos/publicacoes/54943_1730238/anexos/28577_919203/Anexo%20RMD_Maio_26.zip,Estoque de NTN-B da Previdência no Anexo 2.8 dividido pelo estoque total de DPMFi da Previdência no Anexo 2.7
2019-11-30,1025.606745336,495.204691894,48.284071273,530.402053442,51.715928727,Carteira de DPMFi da categoria Previdência; não representa os ativos totais das EFPC,"Previdência aberta e fechada, RPPS e aplicações dessas entidades em fundos de investimento",https://cdn.tesouro.gov.br/sistemas-internos/apex/producao/sistemas/thot/arquivos/publicacoes/54943_1730238/anexos/28577_919203/Anexo%20RMD_Maio_26.zip,https://cdn.tesouro.gov.br/sistemas-internos/apex/producao/sistemas/thot/arquivos/publicacoes/54943_1730238/anexos/28577_919203/Anexo%20RMD_Maio_26.zip,Estoque de NTN-B da Previdência no Anexo 2.8 dividido pelo estoque total de DPMFi da Previdência no Anexo 2.7
2019-12-31,1016.18728563,501.979424254,49.398317746,514.207861376,50.601682254,Carteira de DPMFi da categoria Previdência; não representa os ativos totais das EFPC,"Previdência aberta e fechada, RPPS e aplicações dessas entidades em fundos de investimento",https://cdn.tesouro.gov.br/sistemas-internos/apex/producao/sistemas/thot/arquivos/publicacoes/54943_1730238/anexos/28577_919203/Anexo%20RMD_Maio_26.zip,https://cdn.tesouro.gov.br/sistemas-internos/apex/producao/sistemas/thot/arquivos/publicacoes/54943_1730238/anexos/28577_919203/Anexo%20RMD_Maio_26.zip,Estoque de NTN-B da Previdência no Anexo 2.8 dividido pelo estoque total de DPMFi da Previdência no Anexo 2.7
2020-01-31,1014.242394689,506.86252633,49.974496135,507.379868359,50.025503865,Carteira de DPMFi da categoria Previdência; não representa os ativos totais das EFPC,"Previdência aberta e fechada, RPPS e aplicações dessas entidades em fundos de investimento",https://cdn.tesouro.gov.br/sistemas-internos/apex/producao/sistemas/thot/arquivos/publicacoes/54943_1730238/anexos/28577_919203/Anexo%20RMD_Maio_26.zip,https://cdn.tesouro.gov.br/sistemas-internos/apex/producao/sistemas/thot/arquivos/publicacoes/54943_1730238/anexos/28577_919203/Anexo%20RMD_Maio_26.zip,Estoque de NTN-B da Previdência no Anexo 2.8 dividido pelo estoque total de DPMFi da Previdência no Anexo 2.7
2020-02-29,1009.512187664,502.338131036,49.76048206,507.174056628,50.23951794,Carteira de DPMFi da categoria Previdência; não representa os ativos totais das EFPC,"Previdência aberta e fechada, RPPS e aplicações dessas entidades em fundos de investimento",https://cdn.tesouro.gov.br/sistemas-internos/apex/producao/sistemas/thot/arquivos/publicacoes/54943_1730238/anexos/28577_919203/Anexo%20RMD_Maio_26.zip,https://cdn.tesouro.gov.br/sistemas-internos/apex/producao/sistemas/thot/arquivos/publicacoes/54943_1730238/anexos/28577_919203/Anexo%20RMD_Maio_26.zip,Estoque de NTN-B da Previdência no Anexo 2.8 dividido pelo estoque total de DPMFi da Previdência no Anexo 2.7
2020-03-31,1007.479266308,505.350976817,50.159938146,502.128289491,49.840061854,Carteira de DPMFi da categoria Previdência; não representa os ativos totais das EFPC,"Previdência aberta e fechada, RPPS e aplicações dessas entidades em fundos de investimento",https://cdn.tesouro.gov.br/sistemas-internos/apex/producao/sistemas/thot/arquivos/publicacoes/54943_1730238/anexos/28577_919203/Anexo%20RMD_Maio_26.zip,https://cdn.tesouro.gov.br/sistemas-internos/apex/producao/sistemas/thot/arquivos/publicacoes/54943_1730238/anexos/28577_919203/Anexo%20RMD_Maio_26.zip,Estoque de NTN-B da Previdência no Anexo 2.8 dividido pelo estoque total de DPMFi da Previdência no Anexo 2.7
2020-04-30,1011.380190461,504.700594435,49.902163321,506.679596026,50.097836679,Carteira de DPMFi da categoria Previdência; não representa os ativos totais das EFPC,"Previdência aberta e fechada, RPPS e aplicações dessas entidades em fundos de investimento",https://cdn.tesouro.gov.br/sistemas-internos/apex/producao/sistemas/thot/arquivos/publicacoes/54943_1730238/anexos/28577_919203/Anexo%20RMD_Maio_26.zip,https://cdn.tesouro.gov.br/sistemas-internos/apex/producao/sistemas/thot/arquivos/publicacoes/54943_1730238/anexos/28577_919203/Anexo%20RMD_Maio_26.zip,Estoque de NTN-B da Previdência no Anexo 2.8 dividido pelo estoque total de DPMFi da Previdência no Anexo 2.7
2020-05-31,1003.378075389,491.746865719,49.009130036,511.63120967,50.990869964,Carteira de DPMFi da categoria Previdência; não representa os ativos totais das EFPC,"Previdência aberta e fechada, RPPS e aplicações dessas entidades em fundos de investimento",https://cdn.tesouro.gov.br/sistemas-internos/apex/producao/sistemas/thot/arquivos/publicacoes/54943_1730238/anexos/28577_919203/Anexo%20RMD_Maio_26.zip,https://cdn.tesouro.gov.br/sistemas-internos/apex/producao/sistemas/thot/arquivos/publicacoes/54943_1730238/anexos/28577_919203/Anexo%20RMD_Maio_26.zip,Estoque de NTN-B da Previdência no Anexo 2.8 dividido pelo estoque total de DPMFi da Previdência no Anexo 2.7
2020-06-30,1015.575533249,496.544142054,48.892881504,519.031391195,51.107118496,Carteira de DPMFi da categoria Previdência; não representa os ativos totais das EFPC,"Previdência aberta e fechada, RPPS e aplicações dessas entidades em fundos de investimento",https://cdn.tesouro.gov.br/sistemas-internos/apex/producao/sistemas/thot/arquivos/publicacoes/54943_1730238/anexos/28577_919203/Anexo%20RMD_Maio_26.zip,https://cdn.tesouro.gov.br/sistemas-internos/apex/producao/sistemas/thot/arquivos/publicacoes/54943_1730238/anexos/28577_919203/Anexo%20RMD_Maio_26.zip,Estoque de NTN-B da Previdência no Anexo 2.8 dividido pelo estoque total de DPMFi da Previdência no Anexo 2.7
2020-07-31,1023.331647768,516.802199233,50.501926757,506.529448535,49.498073243,Carteira de DPMFi da categoria Previdência; não representa os ativos totais das EFPC,"Previdência aberta e fechada, RPPS e aplicações dessas entidades em fundos de investimento",https://cdn.tesouro.gov.br/sistemas-internos/apex/producao/sistemas/thot/arquivos/publicacoes/54943_1730238/anexos/28577_919203/Anexo%20RMD_Maio_26.zip,https://cdn.tesouro.gov.br/sistemas-internos/apex/producao/sistemas/thot/arquivos/publicacoes/54943_1730238/anexos/28577_919203/Anexo%20RMD_Maio_26.zip,Estoque de NTN-B da Previdência no Anexo 2.8 dividido pelo estoque total de DPMFi da Previdência no Anexo 2.7
2020-08-31,999.452470074,502.142824283,50.241791313,497.309645791,49.758208687,Carteira de DPMFi da categoria Previdência; não representa os ativos totais das EFPC,"Previdência aberta e fechada, RPPS e aplicações dessas entidades em fundos de investimento",https://cdn.tesouro.gov.br/sistemas-internos/apex/producao/sistemas/thot/arquivos/publicacoes/54943_1730238/anexos/28577_919203/Anexo%20RMD_Maio_26.zip,https://cdn.tesouro.gov.br/sistemas-internos/apex/producao/sistemas/thot/arquivos/publicacoes/54943_1730238/anexos/28577_919203/Anexo%20RMD_Maio_26.zip,Estoque de NTN-B da Previdência no Anexo 2.8 dividido pelo estoque total de DPMFi da Previdência no Anexo 2.7
2020-09-30,1014.919574984,513.360899159,50.581436383,501.558675825,49.418563617,Carteira de DPMFi da categoria Previdência; não representa os ativos totais das EFPC,"Previdência aberta e fechada, RPPS e aplicações dessas entidades em fundos de investimento",https://cdn.tesouro.gov.br/sistemas-internos/apex/producao/sistemas/thot/arquivos/publicacoes/54943_1730238/anexos/28577_919203/Anexo%20RMD_Maio_26.zip,https://cdn.tesouro.gov.br/sistemas-internos/apex/producao/sistemas/thot/arquivos/publicacoes/54943_1730238/anexos/28577_919203/Anexo%20RMD_Maio_26.zip,Estoque de NTN-B da Previdência no Anexo 2.8 dividido pelo estoque total de DPMFi da Previdência no Anexo 2.7
2020-10-31,1026.752370538,524.647852885,51.097798061,502.104517653,48.902201939,Carteira de DPMFi da categoria Previdência; não representa os ativos totais das EFPC,"Previdência aberta e fechada, RPPS e aplicações dessas entidades em fundos de investimento",https://cdn.tesouro.gov.br/sistemas-internos/apex/producao/sistemas/thot/arquivos/publicacoes/54943_1730238/anexos/28577_919203/Anexo%20RMD_Maio_26.zip,https://cdn.tesouro.gov.br/sistemas-internos/apex/producao/sistemas/thot/arquivos/publicacoes/54943_1730238/anexos/28577_919203/Anexo%20RMD_Maio_26.zip,Estoque de NTN-B da Previdência no Anexo 2.8 dividido pelo estoque total de DPMFi da Previdência no Anexo 2.7
2020-11-30,1035.241191311,529.078111918,51.106748491,506.163079393,48.893251509,Carteira de DPMFi da categoria Previdência; não representa os ativos totais das EFPC,"Previdência aberta e fechada, RPPS e aplicações dessas entidades em fundos de investimento",https://cdn.tesouro.gov.br/sistemas-internos/apex/producao/sistemas/thot/arquivos/publicacoes/54943_1730238/anexos/28577_919203/Anexo%20RMD_Maio_26.zip,https://cdn.tesouro.gov.br/sistemas-internos/apex/producao/sistemas/thot/arquivos/publicacoes/54943_1730238/anexos/28577_919203/Anexo%20RMD_Maio_26.zip,Estoque de NTN-B da Previdência no Anexo 2.8 dividido pelo estoque total de DPMFi da Previdência no Anexo 2.7
2020-12-31,1079.409947697,544.383750095,50.43345684,535.026197602,49.56654316,Carteira de DPMFi da categoria Previdência; não representa os ativos totais das EFPC,"Previdência aberta e fechada, RPPS e aplicações dessas entidades em fundos de investimento",https://cdn.tesouro.gov.br/sistemas-internos/apex/producao/sistemas/thot/arquivos/publicacoes/54943_1730238/anexos/28577_919203/Anexo%20RMD_Maio_26.zip,https://cdn.tesouro.gov.br/sistemas-internos/apex/producao/sistemas/thot/arquivos/publicacoes/54943_1730238/anexos/28577_919203/Anexo%20RMD_Maio_26.zip,Estoque de NTN-B da Previdência no Anexo 2.8 dividido pelo estoque total de DPMFi da Previdência no Anexo 2.7
2021-01-31,1100.866773591,552.791949774,50.214245996,548.074823817,49.785754004,Carteira de DPMFi da categoria Previdência; não representa os ativos totais das EFPC,"Previdência aberta e fechada, RPPS e aplicações dessas entidades em fundos de investimento",https://cdn.tesouro.gov.br/sistemas-internos/apex/producao/sistemas/thot/arquivos/publicacoes/54943_1730238/anexos/28577_919203/Anexo%20RMD_Maio_26.zip,https://cdn.tesouro.gov.br/sistemas-internos/apex/producao/sistemas/thot/arquivos/publicacoes/54943_1730238/anexos/28577_919203/Anexo%20RMD_Maio_26.zip,Estoque de NTN-B da Previdência no Anexo 2.8 dividido pelo estoque total de DPMFi da Previdência no Anexo 2.7
2021-02-28,1122.698901002,570.888997893,50.849697758,551.809903109,49.150302242,Carteira de DPMFi da categoria Previdência; não representa os ativos totais das EFPC,"Previdência aberta e fechada, RPPS e aplicações dessas entidades em fundos de investimento",https://cdn.tesouro.gov.br/sistemas-internos/apex/producao/sistemas/thot/arquivos/publicacoes/54943_1730238/anexos/28577_919203/Anexo%20RMD_Maio_26.zip,https://cdn.tesouro.gov.br/sistemas-internos/apex/producao/sistemas/thot/arquivos/publicacoes/54943_1730238/anexos/28577_919203/Anexo%20RMD_Maio_26.zip,Estoque de NTN-B da Previdência no Anexo 2.8 dividido pelo estoque total de DPMFi da Previdência no Anexo 2.7
2021-03-31,1131.979207801,594.69075417,52.535483874,537.288453631,47.464516126,Carteira de DPMFi da categoria Previdência; não representa os ativos totais das EFPC,"Previdência aberta e fechada, RPPS e aplicações dessas entidades em fundos de investimento",https://cdn.tesouro.gov.br/sistemas-internos/apex/producao/sistemas/thot/arquivos/publicacoes/54943_1730238/anexos/28577_919203/Anexo%20RMD_Maio_26.zip,https://cdn.tesouro.gov.br/sistemas-internos/apex/producao/sistemas/thot/arquivos/publicacoes/54943_1730238/anexos/28577_919203/Anexo%20RMD_Maio_26.zip,Estoque de NTN-B da Previdência no Anexo 2.8 dividido pelo estoque total de DPMFi da Previdência no Anexo 2.7
2021-04-30,1142.943659191,617.51284442,54.028283849,525.430814771,45.971716151,Carteira de DPMFi da categoria Previdência; não representa os ativos totais das EFPC,"Previdência aberta e fechada, RPPS e aplicações dessas entidades em fundos de investimento",https://cdn.tesouro.gov.br/sistemas-internos/apex/producao/sistemas/thot/arquivos/publicacoes/54943_1730238/anexos/28577_919203/Anexo%20RMD_Maio_26.zip,https://cdn.tesouro.gov.br/sistemas-internos/apex/producao/sistemas/thot/arquivos/publicacoes/54943_1730238/anexos/28577_919203/Anexo%20RMD_Maio_26.zip,Estoque de NTN-B da Previdência no Anexo 2.8 dividido pelo estoque total de DPMFi da Previdência no Anexo 2.7
2021-05-31,1144.444719216,626.110253479,54.70864979,518.334465737,45.29135021,Carteira de DPMFi da categoria Previdência; não representa os ativos totais das EFPC,"Previdência aberta e fechada, RPPS e aplicações dessas entidades em fundos de investimento",https://cdn.tesouro.gov.br/sistemas-internos/apex/producao/sistemas/thot/arquivos/publicacoes/54943_1730238/anexos/28577_919203/Anexo%20RMD_Maio_26.zip,https://cdn.tesouro.gov.br/sistemas-internos/apex/producao/sistemas/thot/arquivos/publicacoes/54943_1730238/anexos/28577_919203/Anexo%20RMD_Maio_26.zip,Estoque de NTN-B da Previdência no Anexo 2.8 dividido pelo estoque total de DPMFi da Previdência no Anexo 2.7
2021-06-30,1171.761320771,642.04747854,54.793366802,529.713842231,45.206633198,Carteira de DPMFi da categoria Previdência; não representa os ativos totais das EFPC,"Previdência aberta e fechada, RPPS e aplicações dessas entidades em fundos de investimento",https://cdn.tesouro.gov.br/sistemas-internos/apex/producao/sistemas/thot/arquivos/publicacoes/54943_1730238/anexos/28577_919203/Anexo%20RMD_Maio_26.zip,https://cdn.tesouro.gov.br/sistemas-internos/apex/producao/sistemas/thot/arquivos/publicacoes/54943_1730238/anexos/28577_919203/Anexo%20RMD_Maio_26.zip,Estoque de NTN-B da Previdência no Anexo 2.8 dividido pelo estoque total de DPMFi da Previdência no Anexo 2.7
2021-07-31,1151.211101846,643.22481169,55.873749885,507.986290156,44.126250115,Carteira de DPMFi da categoria Previdência; não representa os ativos totais das EFPC,"Previdência aberta e fechada, RPPS e aplicações dessas entidades em fundos de investimento",https://cdn.tesouro.gov.br/sistemas-internos/apex/producao/sistemas/thot/arquivos/publicacoes/54943_1730238/anexos/28577_919203/Anexo%20RMD_Maio_26.zip,https://cdn.tesouro.gov.br/sistemas-internos/apex/producao/sistemas/thot/arquivos/publicacoes/54943_1730238/anexos/28577_919203/Anexo%20RMD_Maio_26.zip,Estoque de NTN-B da Previdência no Anexo 2.8 dividido pelo estoque total de DPMFi da Previdência no Anexo 2.7
2021-08-31,1150.21766967,641.078456158,55.735403225,509.139213512,44.264596775,Carteira de DPMFi da categoria Previdência; não representa os ativos totais das EFPC,"Previdência aberta e fechada, RPPS e aplicações dessas entidades em fundos de investimento",https://cdn.tesouro.gov.br/sistemas-internos/apex/producao/sistemas/thot/arquivos/publicacoes/54943_1730238/anexos/28577_919203/Anexo%20RMD_Maio_26.zip,https://cdn.tesouro.gov.br/sistemas-internos/apex/producao/sistemas/thot/arquivos/publicacoes/54943_1730238/anexos/28577_919203/Anexo%20RMD_Maio_26.zip,Estoque de NTN-B da Previdência no Anexo 2.8 dividido pelo estoque total de DPMFi da Previdência no Anexo 2.7
2021-09-30,1128.646206237,646.593435127,57.289293275,482.05277111,42.710706725,Carteira de DPMFi da categoria Previdência; não representa os ativos totais das EFPC,"Previdência aberta e fechada, RPPS e aplicações dessas entidades em fundos de investimento",https://cdn.tesouro.gov.br/sistemas-internos/apex/producao/sistemas/thot/arquivos/publicacoes/54943_1730238/anexos/28577_919203/Anexo%20RMD_Maio_26.zip,https://cdn.tesouro.gov.br/sistemas-internos/apex/producao/sistemas/thot/arquivos/publicacoes/54943_1730238/anexos/28577_919203/Anexo%20RMD_Maio_26.zip,Estoque de NTN-B da Previdência no Anexo 2.8 dividido pelo estoque total de DPMFi da Previdência no Anexo 2.7
2021-10-31,1159.426934191,671.17312059,57.888349908,488.253813601,42.111650092,Carteira de DPMFi da categoria Previdência; não representa os ativos totais das EFPC,"Previdência aberta e fechada, RPPS e aplicações dessas entidades em fundos de investimento",https://cdn.tesouro.gov.br/sistemas-internos/apex/producao/sistemas/thot/arquivos/publicacoes/54943_1730238/anexos/28577_919203/Anexo%20RMD_Maio_26.zip,https://cdn.tesouro.gov.br/sistemas-internos/apex/producao/sistemas/thot/arquivos/publicacoes/54943_1730238/anexos/28577_919203/Anexo%20RMD_Maio_26.zip,Estoque de NTN-B da Previdência no Anexo 2.8 dividido pelo estoque total de DPMFi da Previdência no Anexo 2.7
2021-11-30,1167.418872916,673.403141797,57.683078235,494.015731119,42.316921765,Carteira de DPMFi da categoria Previdência; não representa os ativos totais das EFPC,"Previdência aberta e fechada, RPPS e aplicações dessas entidades em fundos de investimento",https://cdn.tesouro.gov.br/sistemas-internos/apex/producao/sistemas/thot/arquivos/publicacoes/54943_1730238/anexos/28577_919203/Anexo%20RMD_Maio_26.zip,https://cdn.tesouro.gov.br/sistemas-internos/apex/producao/sistemas/thot/arquivos/publicacoes/54943_1730238/anexos/28577_919203/Anexo%20RMD_Maio_26.zip,Estoque de NTN-B da Previdência no Anexo 2.8 dividido pelo estoque total de DPMFi da Previdência no Anexo 2.7
2021-12-31,1163.012059247,677.81456134,58.280957274,485.197497907,41.719042726,Carteira de DPMFi da categoria Previdência; não representa os ativos totais das EFPC,"Previdência aberta e fechada, RPPS e aplicações dessas entidades em fundos de investimento",https://cdn.tesouro.gov.br/sistemas-internos/apex/producao/sistemas/thot/arquivos/publicacoes/54943_1730238/anexos/28577_919203/Anexo%20RMD_Maio_26.zip,https://cdn.tesouro.gov.br/sistemas-internos/apex/producao/sistemas/thot/arquivos/publicacoes/54943_1730238/anexos/28577_919203/Anexo%20RMD_Maio_26.zip,Estoque de NTN-B da Previdência no Anexo 2.8 dividido pelo estoque total de DPMFi da Previdência no Anexo 2.7
2022-01-31,1170.979342246,674.374134377,57.590608993,496.605207869,42.409391007,Carteira de DPMFi da categoria Previdência; não representa os ativos totais das EFPC,"Previdência aberta e fechada, RPPS e aplicações dessas entidades em fundos de investimento",https://cdn.tesouro.gov.br/sistemas-internos/apex/producao/sistemas/thot/arquivos/publicacoes/54943_1730238/anexos/28577_919203/Anexo%20RMD_Maio_26.zip,https://cdn.tesouro.gov.br/sistemas-internos/apex/producao/sistemas/thot/arquivos/publicacoes/54943_1730238/anexos/28577_919203/Anexo%20RMD_Maio_26.zip,Estoque de NTN-B da Previdência no Anexo 2.8 dividido pelo estoque total de DPMFi da Previdência no Anexo 2.7
2022-02-28,1204.924036757,677.599336532,56.235855196,527.324700225,43.764144804,Carteira de DPMFi da categoria Previdência; não representa os ativos totais das EFPC,"Previdência aberta e fechada, RPPS e aplicações dessas entidades em fundos de investimento",https://cdn.tesouro.gov.br/sistemas-internos/apex/producao/sistemas/thot/arquivos/publicacoes/54943_1730238/anexos/28577_919203/Anexo%20RMD_Maio_26.zip,https://cdn.tesouro.gov.br/sistemas-internos/apex/producao/sistemas/thot/arquivos/publicacoes/54943_1730238/anexos/28577_919203/Anexo%20RMD_Maio_26.zip,Estoque de NTN-B da Previdência no Anexo 2.8 dividido pelo estoque total de DPMFi da Previdência no Anexo 2.7
2022-03-31,1222.671758552,704.445403049,57.615251037,518.226355503,42.384748963,Carteira de DPMFi da categoria Previdência; não representa os ativos totais das EFPC,"Previdência aberta e fechada, RPPS e aplicações dessas entidades em fundos de investimento",https://cdn.tesouro.gov.br/sistemas-internos/apex/producao/sistemas/thot/arquivos/publicacoes/54943_1730238/anexos/28577_919203/Anexo%20RMD_Maio_26.zip,https://cdn.tesouro.gov.br/sistemas-internos/apex/producao/sistemas/thot/arquivos/publicacoes/54943_1730238/anexos/28577_919203/Anexo%20RMD_Maio_26.zip,Estoque de NTN-B da Previdência no Anexo 2.8 dividido pelo estoque total de DPMFi da Previdência no Anexo 2.7
2022-04-30,1245.296223989,735.526630939,59.064391008,509.76959305,40.935608992,Carteira de DPMFi da categoria Previdência; não representa os ativos totais das EFPC,"Previdência aberta e fechada, RPPS e aplicações dessas entidades em fundos de investimento",https://cdn.tesouro.gov.br/sistemas-internos/apex/producao/sistemas/thot/arquivos/publicacoes/54943_1730238/anexos/28577_919203/Anexo%20RMD_Maio_26.zip,https://cdn.tesouro.gov.br/sistemas-internos/apex/producao/sistemas/thot/arquivos/publicacoes/54943_1730238/anexos/28577_919203/Anexo%20RMD_Maio_26.zip,Estoque de NTN-B da Previdência no Anexo 2.8 dividido pelo estoque total de DPMFi da Previdência no Anexo 2.7
2022-05-31,1259.338157834,749.902058585,59.547314907,509.436099249,40.452685093,Carteira de DPMFi da categoria Previdência; não representa os ativos totais das EFPC,"Previdência aberta e fechada, RPPS e aplicações dessas entidades em fundos de investimento",https://cdn.tesouro.gov.br/sistemas-internos/apex/producao/sistemas/thot/arquivos/publicacoes/54943_1730238/anexos/28577_919203/Anexo%20RMD_Maio_26.zip,https://cdn.tesouro.gov.br/sistemas-internos/apex/producao/sistemas/thot/arquivos/publicacoes/54943_1730238/anexos/28577_919203/Anexo%20RMD_Maio_26.zip,Estoque de NTN-B da Previdência no Anexo 2.8 dividido pelo estoque total de DPMFi da Previdência no Anexo 2.7
2022-06-30,1249.156323228,749.034023232,59.963193501,500.122299996,40.036806499,Carteira de DPMFi da categoria Previdência; não representa os ativos totais das EFPC,"Previdência aberta e fechada, RPPS e aplicações dessas entidades em fundos de investimento",https://cdn.tesouro.gov.br/sistemas-internos/apex/producao/sistemas/thot/arquivos/publicacoes/54943_1730238/anexos/28577_919203/Anexo%20RMD_Maio_26.zip,https://cdn.tesouro.gov.br/sistemas-internos/apex/producao/sistemas/thot/arquivos/publicacoes/54943_1730238/anexos/28577_919203/Anexo%20RMD_Maio_26.zip,Estoque de NTN-B da Previdência no Anexo 2.8 dividido pelo estoque total de DPMFi da Previdência no Anexo 2.7
2022-07-31,1255.602873235,744.706710681,59.310688639,510.896162554,40.689311361,Carteira de DPMFi da categoria Previdência; não representa os ativos totais das EFPC,"Previdência aberta e fechada, RPPS e aplicações dessas entidades em fundos de investimento",https://cdn.tesouro.gov.br/sistemas-internos/apex/producao/sistemas/thot/arquivos/publicacoes/54943_1730238/anexos/28577_919203/Anexo%20RMD_Maio_26.zip,https://cdn.tesouro.gov.br/sistemas-internos/apex/producao/sistemas/thot/arquivos/publicacoes/54943_1730238/anexos/28577_919203/Anexo%20RMD_Maio_26.zip,Estoque de NTN-B da Previdência no Anexo 2.8 dividido pelo estoque total de DPMFi da Previdência no Anexo 2.7
2022-08-31,1229.42188371,709.990744671,57.74996802,519.431139039,42.25003198,Carteira de DPMFi da categoria Previdência; não representa os ativos totais das EFPC,"Previdência aberta e fechada, RPPS e aplicações dessas entidades em fundos de investimento",https://cdn.tesouro.gov.br/sistemas-internos/apex/producao/sistemas/thot/arquivos/publicacoes/54943_1730238/anexos/28577_919203/Anexo%20RMD_Maio_26.zip,https://cdn.tesouro.gov.br/sistemas-internos/apex/producao/sistemas/thot/arquivos/publicacoes/54943_1730238/anexos/28577_919203/Anexo%20RMD_Maio_26.zip,Estoque de NTN-B da Previdência no Anexo 2.8 dividido pelo estoque total de DPMFi da Previdência no Anexo 2.7
2022-09-30,1245.181469127,713.254212411,57.281145768,531.927256716,42.718854232,Carteira de DPMFi da categoria Previdência; não representa os ativos totais das EFPC,"Previdência aberta e fechada, RPPS e aplicações dessas entidades em fundos de investimento",https://cdn.tesouro.gov.br/sistemas-internos/apex/producao/sistemas/thot/arquivos/publicacoes/54943_1730238/anexos/28577_919203/Anexo%20RMD_Maio_26.zip,https://cdn.tesouro.gov.br/sistemas-internos/apex/producao/sistemas/thot/arquivos/publicacoes/54943_1730238/anexos/28577_919203/Anexo%20RMD_Maio_26.zip,Estoque de NTN-B da Previdência no Anexo 2.8 dividido pelo estoque total de DPMFi da Previdência no Anexo 2.7
2022-10-31,1266.853001148,725.377568332,57.258227093,541.475432816,42.741772907,Carteira de DPMFi da categoria Previdência; não representa os ativos totais das EFPC,"Previdência aberta e fechada, RPPS e aplicações dessas entidades em fundos de investimento",https://cdn.tesouro.gov.br/sistemas-internos/apex/producao/sistemas/thot/arquivos/publicacoes/54943_1730238/anexos/28577_919203/Anexo%20RMD_Maio_26.zip,https://cdn.tesouro.gov.br/sistemas-internos/apex/producao/sistemas/thot/arquivos/publicacoes/54943_1730238/anexos/28577_919203/Anexo%20RMD_Maio_26.zip,Estoque de NTN-B da Previdência no Anexo 2.8 dividido pelo estoque total de DPMFi da Previdência no Anexo 2.7
2022-11-30,1264.524127621,732.663939428,57.939894022,531.860188193,42.060105978,Carteira de DPMFi da categoria Previdência; não representa os ativos totais das EFPC,"Previdência aberta e fechada, RPPS e aplicações dessas entidades em fundos de investimento",https://cdn.tesouro.gov.br/sistemas-internos/apex/producao/sistemas/thot/arquivos/publicacoes/54943_1730238/anexos/28577_919203/Anexo%20RMD_Maio_26.zip,https://cdn.tesouro.gov.br/sistemas-internos/apex/producao/sistemas/thot/arquivos/publicacoes/54943_1730238/anexos/28577_919203/Anexo%20RMD_Maio_26.zip,Estoque de NTN-B da Previdência no Anexo 2.8 dividido pelo estoque total de DPMFi da Previdência no Anexo 2.7
2022-12-31,1301.013343,747.84934826,57.482065982,553.16399474,42.517934018,Carteira de DPMFi da categoria Previdência; não representa os ativos totais das EFPC,"Previdência aberta e fechada, RPPS e aplicações dessas entidades em fundos de investimento",https://cdn.tesouro.gov.br/sistemas-internos/apex/producao/sistemas/thot/arquivos/publicacoes/54943_1730238/anexos/28577_919203/Anexo%20RMD_Maio_26.zip,https://cdn.tesouro.gov.br/sistemas-internos/apex/producao/sistemas/thot/arquivos/publicacoes/54943_1730238/anexos/28577_919203/Anexo%20RMD_Maio_26.zip,Estoque de NTN-B da Previdência no Anexo 2.8 dividido pelo estoque total de DPMFi da Previdência no Anexo 2.7
2023-01-31,1304.608963201,753.655850704,57.768716294,550.953112497,42.231283706,Carteira de DPMFi da categoria Previdência; não representa os ativos totais das EFPC,"Previdência aberta e fechada, RPPS e aplicações dessas entidades em fundos de investimento",https://cdn.tesouro.gov.br/sistemas-internos/apex/producao/sistemas/thot/arquivos/publicacoes/54943_1730238/anexos/28577_919203/Anexo%20RMD_Maio_26.zip,https://cdn.tesouro.gov.br/sistemas-internos/apex/producao/sistemas/thot/arquivos/publicacoes/54943_1730238/anexos/28577_919203/Anexo%20RMD_Maio_26.zip,Estoque de NTN-B da Previdência no Anexo 2.8 dividido pelo estoque total de DPMFi da Previdência no Anexo 2.7
2023-02-28,1280.191182874,749.585312955,58.552607062,530.605869919,41.447392938,Carteira de DPMFi da categoria Previdência; não representa os ativos totais das EFPC,"Previdência aberta e fechada, RPPS e aplicações dessas entidades em fundos de investimento",https://cdn.tesouro.gov.br/sistemas-internos/apex/producao/sistemas/thot/arquivos/publicacoes/54943_1730238/anexos/28577_919203/Anexo%20RMD_Maio_26.zip,https://cdn.tesouro.gov.br/sistemas-internos/apex/producao/sistemas/thot/arquivos/publicacoes/54943_1730238/anexos/28577_919203/Anexo%20RMD_Maio_26.zip,Estoque de NTN-B da Previdência no Anexo 2.8 dividido pelo estoque total de DPMFi da Previdência no Anexo 2.7
2023-03-31,1322.337162377,768.287450153,58.100722873,554.049712224,41.899277127,Carteira de DPMFi da categoria Previdência; não representa os ativos totais das EFPC,"Previdência aberta e fechada, RPPS e aplicações dessas entidades em fundos de investimento",https://cdn.tesouro.gov.br/sistemas-internos/apex/producao/sistemas/thot/arquivos/publicacoes/54943_1730238/anexos/28577_919203/Anexo%20RMD_Maio_26.zip,https://cdn.tesouro.gov.br/sistemas-internos/apex/producao/sistemas/thot/arquivos/publicacoes/54943_1730238/anexos/28577_919203/Anexo%20RMD_Maio_26.zip,Estoque de NTN-B da Previdência no Anexo 2.8 dividido pelo estoque total de DPMFi da Previdência no Anexo 2.7
2023-04-30,1361.577259488,778.688895781,57.19021013,582.888363707,42.80978987,Carteira de DPMFi da categoria Previdência; não representa os ativos totais das EFPC,"Previdência aberta e fechada, RPPS e aplicações dessas entidades em fundos de investimento",https://cdn.tesouro.gov.br/sistemas-internos/apex/producao/sistemas/thot/arquivos/publicacoes/54943_1730238/anexos/28577_919203/Anexo%20RMD_Maio_26.zip,https://cdn.tesouro.gov.br/sistemas-internos/apex/producao/sistemas/thot/arquivos/publicacoes/54943_1730238/anexos/28577_919203/Anexo%20RMD_Maio_26.zip,Estoque de NTN-B da Previdência no Anexo 2.8 dividido pelo estoque total de DPMFi da Previdência no Anexo 2.7
2023-05-31,1358.14425008,758.854004256,55.874330301,599.290245824,44.125669699,Carteira de DPMFi da categoria Previdência; não representa os ativos totais das EFPC,"Previdência aberta e fechada, RPPS e aplicações dessas entidades em fundos de investimento",https://cdn.tesouro.gov.br/sistemas-internos/apex/producao/sistemas/thot/arquivos/publicacoes/54943_1730238/anexos/28577_919203/Anexo%20RMD_Maio_26.zip,https://cdn.tesouro.gov.br/sistemas-internos/apex/producao/sistemas/thot/arquivos/publicacoes/54943_1730238/anexos/28577_919203/Anexo%20RMD_Maio_26.zip,Estoque de NTN-B da Previdência no Anexo 2.8 dividido pelo estoque total de DPMFi da Previdência no Anexo 2.7
2023-06-30,1352.155579133,756.267635517,55.930519179,595.887943616,44.069480821,Carteira de DPMFi da categoria Previdência; não representa os ativos totais das EFPC,"Previdência aberta e fechada, RPPS e aplicações dessas entidades em fundos de investimento",https://cdn.tesouro.gov.br/sistemas-internos/apex/producao/sistemas/thot/arquivos/publicacoes/54943_1730238/anexos/28577_919203/Anexo%20RMD_Maio_26.zip,https://cdn.tesouro.gov.br/sistemas-internos/apex/producao/sistemas/thot/arquivos/publicacoes/54943_1730238/anexos/28577_919203/Anexo%20RMD_Maio_26.zip,Estoque de NTN-B da Previdência no Anexo 2.8 dividido pelo estoque total de DPMFi da Previdência no Anexo 2.7
2023-07-31,1366.963903347,765.751433561,56.018409242,601.212469786,43.981590758,Carteira de DPMFi da categoria Previdência; não representa os ativos totais das EFPC,"Previdência aberta e fechada, RPPS e aplicações dessas entidades em fundos de investimento",https://cdn.tesouro.gov.br/sistemas-internos/apex/producao/sistemas/thot/arquivos/publicacoes/54943_1730238/anexos/28577_919203/Anexo%20RMD_Maio_26.zip,https://cdn.tesouro.gov.br/sistemas-internos/apex/producao/sistemas/thot/arquivos/publicacoes/54943_1730238/anexos/28577_919203/Anexo%20RMD_Maio_26.zip,Estoque de NTN-B da Previdência no Anexo 2.8 dividido pelo estoque total de DPMFi da Previdência no Anexo 2.7
2023-08-31,1364.079566623,775.742441093,56.86929561,588.33712553,43.13070439,Carteira de DPMFi da categoria Previdência; não representa os ativos totais das EFPC,"Previdência aberta e fechada, RPPS e aplicações dessas entidades em fundos de investimento",https://cdn.tesouro.gov.br/sistemas-internos/apex/producao/sistemas/thot/arquivos/publicacoes/54943_1730238/anexos/28577_919203/Anexo%20RMD_Maio_26.zip,https://cdn.tesouro.gov.br/sistemas-internos/apex/producao/sistemas/thot/arquivos/publicacoes/54943_1730238/anexos/28577_919203/Anexo%20RMD_Maio_26.zip,Estoque de NTN-B da Previdência no Anexo 2.8 dividido pelo estoque total de DPMFi da Previdência no Anexo 2.7
2023-09-30,1348.47994246,783.894464206,58.131711086,564.585478254,41.868288914,Carteira de DPMFi da categoria Previdência; não representa os ativos totais das EFPC,"Previdência aberta e fechada, RPPS e aplicações dessas entidades em fundos de investimento",https://cdn.tesouro.gov.br/sistemas-internos/apex/producao/sistemas/thot/arquivos/publicacoes/54943_1730238/anexos/28577_919203/Anexo%20RMD_Maio_26.zip,https://cdn.tesouro.gov.br/sistemas-internos/apex/producao/sistemas/thot/arquivos/publicacoes/54943_1730238/anexos/28577_919203/Anexo%20RMD_Maio_26.zip,Estoque de NTN-B da Previdência no Anexo 2.8 dividido pelo estoque total de DPMFi da Previdência no Anexo 2.7
2023-10-31,1380.60394818,793.601098321,57.482169261,587.002849859,42.517830739,Carteira de DPMFi da categoria Previdência; não representa os ativos totais das EFPC,"Previdência aberta e fechada, RPPS e aplicações dessas entidades em fundos de investimento",https://cdn.tesouro.gov.br/sistemas-internos/apex/producao/sistemas/thot/arquivos/publicacoes/54943_1730238/anexos/28577_919203/Anexo%20RMD_Maio_26.zip,https://cdn.tesouro.gov.br/sistemas-internos/apex/producao/sistemas/thot/arquivos/publicacoes/54943_1730238/anexos/28577_919203/Anexo%20RMD_Maio_26.zip,Estoque de NTN-B da Previdência no Anexo 2.8 dividido pelo estoque total de DPMFi da Previdência no Anexo 2.7
2023-11-30,1402.239497404,789.943291391,56.334405988,612.296206013,43.665594012,Carteira de DPMFi da categoria Previdência; não representa os ativos totais das EFPC,"Previdência aberta e fechada, RPPS e aplicações dessas entidades em fundos de investimento",https://cdn.tesouro.gov.br/sistemas-internos/apex/producao/sistemas/thot/arquivos/publicacoes/54943_1730238/anexos/28577_919203/Anexo%20RMD_Maio_26.zip,https://cdn.tesouro.gov.br/sistemas-internos/apex/producao/sistemas/thot/arquivos/publicacoes/54943_1730238/anexos/28577_919203/Anexo%20RMD_Maio_26.zip,Estoque de NTN-B da Previdência no Anexo 2.8 dividido pelo estoque total de DPMFi da Previdência no Anexo 2.7
2023-12-31,1441.316169282,809.382213371,56.155771414,631.933955911,43.844228586,Carteira de DPMFi da categoria Previdência; não representa os ativos totais das EFPC,"Previdência aberta e fechada, RPPS e aplicações dessas entidades em fundos de investimento",https://cdn.tesouro.gov.br/sistemas-internos/apex/producao/sistemas/thot/arquivos/publicacoes/54943_1730238/anexos/28577_919203/Anexo%20RMD_Maio_26.zip,https://cdn.tesouro.gov.br/sistemas-internos/apex/producao/sistemas/thot/arquivos/publicacoes/54943_1730238/anexos/28577_919203/Anexo%20RMD_Maio_26.zip,Estoque de NTN-B da Previdência no Anexo 2.8 dividido pelo estoque total de DPMFi da Previdência no Anexo 2.7
2024-01-31,1460.198353504,833.375175963,57.072737684,626.823177541,42.927262316,Carteira de DPMFi da categoria Previdência; não representa os ativos totais das EFPC,"Previdência aberta e fechada, RPPS e aplicações dessas entidades em fundos de investimento",https://cdn.tesouro.gov.br/sistemas-internos/apex/producao/sistemas/thot/arquivos/publicacoes/54943_1730238/anexos/28577_919203/Anexo%20RMD_Maio_26.zip,https://cdn.tesouro.gov.br/sistemas-internos/apex/producao/sistemas/thot/arquivos/publicacoes/54943_1730238/anexos/28577_919203/Anexo%20RMD_Maio_26.zip,Estoque de NTN-B da Previdência no Anexo 2.8 dividido pelo estoque total de DPMFi da Previdência no Anexo 2.7
2024-02-29,1476.180422873,823.239390504,55.768209478,652.941032369,44.231790522,Carteira de DPMFi da categoria Previdência; não representa os ativos totais das EFPC,"Previdência aberta e fechada, RPPS e aplicações dessas entidades em fundos de investimento",https://cdn.tesouro.gov.br/sistemas-internos/apex/producao/sistemas/thot/arquivos/publicacoes/54943_1730238/anexos/28577_919203/Anexo%20RMD_Maio_26.zip,https://cdn.tesouro.gov.br/sistemas-internos/apex/producao/sistemas/thot/arquivos/publicacoes/54943_1730238/anexos/28577_919203/Anexo%20RMD_Maio_26.zip,Estoque de NTN-B da Previdência no Anexo 2.8 dividido pelo estoque total de DPMFi da Previdência no Anexo 2.7
2024-03-31,1481.697250352,831.899545885,56.145042159,649.797704467,43.854957841,Carteira de DPMFi da categoria Previdência; não representa os ativos totais das EFPC,"Previdência aberta e fechada, RPPS e aplicações dessas entidades em fundos de investimento",https://cdn.tesouro.gov.br/sistemas-internos/apex/producao/sistemas/thot/arquivos/publicacoes/54943_1730238/anexos/28577_919203/Anexo%20RMD_Maio_26.zip,https://cdn.tesouro.gov.br/sistemas-internos/apex/producao/sistemas/thot/arquivos/publicacoes/54943_1730238/anexos/28577_919203/Anexo%20RMD_Maio_26.zip,Estoque de NTN-B da Previdência no Anexo 2.8 dividido pelo estoque total de DPMFi da Previdência no Anexo 2.7
2024-04-30,1509.942948693,845.286965127,55.98138432,664.655983566,44.01861568,Carteira de DPMFi da categoria Previdência; não representa os ativos totais das EFPC,"Previdência aberta e fechada, RPPS e aplicações dessas entidades em fundos de investimento",https://cdn.tesouro.gov.br/sistemas-internos/apex/producao/sistemas/thot/arquivos/publicacoes/54943_1730238/anexos/28577_919203/Anexo%20RMD_Maio_26.zip,https://cdn.tesouro.gov.br/sistemas-internos/apex/producao/sistemas/thot/arquivos/publicacoes/54943_1730238/anexos/28577_919203/Anexo%20RMD_Maio_26.zip,Estoque de NTN-B da Previdência no Anexo 2.8 dividido pelo estoque total de DPMFi da Previdência no Anexo 2.7
2024-05-31,1517.594544085,845.297823799,55.699845989,672.296720286,44.300154011,Carteira de DPMFi da categoria Previdência; não representa os ativos totais das EFPC,"Previdência aberta e fechada, RPPS e aplicações dessas entidades em fundos de investimento",https://cdn.tesouro.gov.br/sistemas-internos/apex/producao/sistemas/thot/arquivos/publicacoes/54943_1730238/anexos/28577_919203/Anexo%20RMD_Maio_26.zip,https://cdn.tesouro.gov.br/sistemas-internos/apex/producao/sistemas/thot/arquivos/publicacoes/54943_1730238/anexos/28577_919203/Anexo%20RMD_Maio_26.zip,Estoque de NTN-B da Previdência no Anexo 2.8 dividido pelo estoque total de DPMFi da Previdência no Anexo 2.7
2024-06-30,1557.980873909,856.319408703,54.963409567,701.661465206,45.036590433,Carteira de DPMFi da categoria Previdência; não representa os ativos totais das EFPC,"Previdência aberta e fechada, RPPS e aplicações dessas entidades em fundos de investimento",https://cdn.tesouro.gov.br/sistemas-internos/apex/producao/sistemas/thot/arquivos/publicacoes/54943_1730238/anexos/28577_919203/Anexo%20RMD_Maio_26.zip,https://cdn.tesouro.gov.br/sistemas-internos/apex/producao/sistemas/thot/arquivos/publicacoes/54943_1730238/anexos/28577_919203/Anexo%20RMD_Maio_26.zip,Estoque de NTN-B da Previdência no Anexo 2.8 dividido pelo estoque total de DPMFi da Previdência no Anexo 2.7
2024-07-31,1606.037919378,868.070410563,54.050430571,737.967508815,45.949569429,Carteira de DPMFi da categoria Previdência; não representa os ativos totais das EFPC,"Previdência aberta e fechada, RPPS e aplicações dessas entidades em fundos de investimento",https://cdn.tesouro.gov.br/sistemas-internos/apex/producao/sistemas/thot/arquivos/publicacoes/54943_1730238/anexos/28577_919203/Anexo%20RMD_Maio_26.zip,https://cdn.tesouro.gov.br/sistemas-internos/apex/producao/sistemas/thot/arquivos/publicacoes/54943_1730238/anexos/28577_919203/Anexo%20RMD_Maio_26.zip,Estoque de NTN-B da Previdência no Anexo 2.8 dividido pelo estoque total de DPMFi da Previdência no Anexo 2.7
2024-08-31,1602.172372659,832.491661283,51.960180783,769.680711376,48.039819217,Carteira de DPMFi da categoria Previdência; não representa os ativos totais das EFPC,"Previdência aberta e fechada, RPPS e aplicações dessas entidades em fundos de investimento",https://cdn.tesouro.gov.br/sistemas-internos/apex/producao/sistemas/thot/arquivos/publicacoes/54943_1730238/anexos/28577_919203/Anexo%20RMD_Maio_26.zip,https://cdn.tesouro.gov.br/sistemas-internos/apex/producao/sistemas/thot/arquivos/publicacoes/54943_1730238/anexos/28577_919203/Anexo%20RMD_Maio_26.zip,Estoque de NTN-B da Previdência no Anexo 2.8 dividido pelo estoque total de DPMFi da Previdência no Anexo 2.7
2024-09-30,1621.362438277,835.595725877,51.536640183,785.7667124,48.463359817,Carteira de DPMFi da categoria Previdência; não representa os ativos totais das EFPC,"Previdência aberta e fechada, RPPS e aplicações dessas entidades em fundos de investimento",https://cdn.tesouro.gov.br/sistemas-internos/apex/producao/sistemas/thot/arquivos/publicacoes/54943_1730238/anexos/28577_919203/Anexo%20RMD_Maio_26.zip,https://cdn.tesouro.gov.br/sistemas-internos/apex/producao/sistemas/thot/arquivos/publicacoes/54943_1730238/anexos/28577_919203/Anexo%20RMD_Maio_26.zip,Estoque de NTN-B da Previdência no Anexo 2.8 dividido pelo estoque total de DPMFi da Previdência no Anexo 2.7
2024-10-31,1600.262619952,847.217424508,52.9423992,753.045195444,47.0576008,Carteira de DPMFi da categoria Previdência; não representa os ativos totais das EFPC,"Previdência aberta e fechada, RPPS e aplicações dessas entidades em fundos de investimento",https://cdn.tesouro.gov.br/sistemas-internos/apex/producao/sistemas/thot/arquivos/publicacoes/54943_1730238/anexos/28577_919203/Anexo%20RMD_Maio_26.zip,https://cdn.tesouro.gov.br/sistemas-internos/apex/producao/sistemas/thot/arquivos/publicacoes/54943_1730238/anexos/28577_919203/Anexo%20RMD_Maio_26.zip,Estoque de NTN-B da Previdência no Anexo 2.8 dividido pelo estoque total de DPMFi da Previdência no Anexo 2.7
2024-11-30,1628.32166407,853.160752209,52.395099263,775.160911861,47.604900737,Carteira de DPMFi da categoria Previdência; não representa os ativos totais das EFPC,"Previdência aberta e fechada, RPPS e aplicações dessas entidades em fundos de investimento",https://cdn.tesouro.gov.br/sistemas-internos/apex/producao/sistemas/thot/arquivos/publicacoes/54943_1730238/anexos/28577_919203/Anexo%20RMD_Maio_26.zip,https://cdn.tesouro.gov.br/sistemas-internos/apex/producao/sistemas/thot/arquivos/publicacoes/54943_1730238/anexos/28577_919203/Anexo%20RMD_Maio_26.zip,Estoque de NTN-B da Previdência no Anexo 2.8 dividido pelo estoque total de DPMFi da Previdência no Anexo 2.7
2024-12-31,1667.280893232,865.376185448,51.903442843,801.904707784,48.096557157,Carteira de DPMFi da categoria Previdência; não representa os ativos totais das EFPC,"Previdência aberta e fechada, RPPS e aplicações dessas entidades em fundos de investimento",https://cdn.tesouro.gov.br/sistemas-internos/apex/producao/sistemas/thot/arquivos/publicacoes/54943_1730238/anexos/28577_919203/Anexo%20RMD_Maio_26.zip,https://cdn.tesouro.gov.br/sistemas-internos/apex/producao/sistemas/thot/arquivos/publicacoes/54943_1730238/anexos/28577_919203/Anexo%20RMD_Maio_26.zip,Estoque de NTN-B da Previdência no Anexo 2.8 dividido pelo estoque total de DPMFi da Previdência no Anexo 2.7
2025-01-31,1694.818140174,876.044128254,51.689565239,818.77401192,48.310434761,Carteira de DPMFi da categoria Previdência; não representa os ativos totais das EFPC,"Previdência aberta e fechada, RPPS e aplicações dessas entidades em fundos de investimento",https://cdn.tesouro.gov.br/sistemas-internos/apex/producao/sistemas/thot/arquivos/publicacoes/54943_1730238/anexos/28577_919203/Anexo%20RMD_Maio_26.zip,https://cdn.tesouro.gov.br/sistemas-internos/apex/producao/sistemas/thot/arquivos/publicacoes/54943_1730238/anexos/28577_919203/Anexo%20RMD_Maio_26.zip,Estoque de NTN-B da Previdência no Anexo 2.8 dividido pelo estoque total de DPMFi da Previdência no Anexo 2.7
2025-02-28,1728.362604467,880.160964662,50.924554974,848.201639805,49.075445026,Carteira de DPMFi da categoria Previdência; não representa os ativos totais das EFPC,"Previdência aberta e fechada, RPPS e aplicações dessas entidades em fundos de investimento",https://cdn.tesouro.gov.br/sistemas-internos/apex/producao/sistemas/thot/arquivos/publicacoes/54943_1730238/anexos/28577_919203/Anexo%20RMD_Maio_26.zip,https://cdn.tesouro.gov.br/sistemas-internos/apex/producao/sistemas/thot/arquivos/publicacoes/54943_1730238/anexos/28577_919203/Anexo%20RMD_Maio_26.zip,Estoque de NTN-B da Previdência no Anexo 2.8 dividido pelo estoque total de DPMFi da Previdência no Anexo 2.7
2025-03-31,1736.419201205,888.801018255,51.185855215,847.61818295,48.814144785,Carteira de DPMFi da categoria Previdência; não representa os ativos totais das EFPC,"Previdência aberta e fechada, RPPS e aplicações dessas entidades em fundos de investimento",https://cdn.tesouro.gov.br/sistemas-internos/apex/producao/sistemas/thot/arquivos/publicacoes/54943_1730238/anexos/28577_919203/Anexo%20RMD_Maio_26.zip,https://cdn.tesouro.gov.br/sistemas-internos/apex/producao/sistemas/thot/arquivos/publicacoes/54943_1730238/anexos/28577_919203/Anexo%20RMD_Maio_26.zip,Estoque de NTN-B da Previdência no Anexo 2.8 dividido pelo estoque total de DPMFi da Previdência no Anexo 2.7
2025-04-30,1744.291264967,898.517917721,51.511919813,845.773347246,48.488080187,Carteira de DPMFi da categoria Previdência; não representa os ativos totais das EFPC,"Previdência aberta e fechada, RPPS e aplicações dessas entidades em fundos de investimento",https://cdn.tesouro.gov.br/sistemas-internos/apex/producao/sistemas/thot/arquivos/publicacoes/54943_1730238/anexos/28577_919203/Anexo%20RMD_Maio_26.zip,https://cdn.tesouro.gov.br/sistemas-internos/apex/producao/sistemas/thot/arquivos/publicacoes/54943_1730238/anexos/28577_919203/Anexo%20RMD_Maio_26.zip,Estoque de NTN-B da Previdência no Anexo 2.8 dividido pelo estoque total de DPMFi da Previdência no Anexo 2.7
2025-05-31,1737.537749784,893.680910754,51.433755086,843.85683903,48.566244914,Carteira de DPMFi da categoria Previdência; não representa os ativos totais das EFPC,"Previdência aberta e fechada, RPPS e aplicações dessas entidades em fundos de investimento",https://cdn.tesouro.gov.br/sistemas-internos/apex/producao/sistemas/thot/arquivos/publicacoes/54943_1730238/anexos/28577_919203/Anexo%20RMD_Maio_26.zip,https://cdn.tesouro.gov.br/sistemas-internos/apex/producao/sistemas/thot/arquivos/publicacoes/54943_1730238/anexos/28577_919203/Anexo%20RMD_Maio_26.zip,Estoque de NTN-B da Previdência no Anexo 2.8 dividido pelo estoque total de DPMFi da Previdência no Anexo 2.7
2025-06-30,1750.344498589,914.50708544,52.247262535,835.837413149,47.752737465,Carteira de DPMFi da categoria Previdência; não representa os ativos totais das EFPC,"Previdência aberta e fechada, RPPS e aplicações dessas entidades em fundos de investimento",https://cdn.tesouro.gov.br/sistemas-internos/apex/producao/sistemas/thot/arquivos/publicacoes/54943_1730238/anexos/28577_919203/Anexo%20RMD_Maio_26.zip,https://cdn.tesouro.gov.br/sistemas-internos/apex/producao/sistemas/thot/arquivos/publicacoes/54943_1730238/anexos/28577_919203/Anexo%20RMD_Maio_26.zip,Estoque de NTN-B da Previdência no Anexo 2.8 dividido pelo estoque total de DPMFi da Previdência no Anexo 2.7
2025-07-31,1792.875248474,915.726697371,51.075873692,877.148551103,48.924126308,Carteira de DPMFi da categoria Previdência; não representa os ativos totais das EFPC,"Previdência aberta e fechada, RPPS e aplicações dessas entidades em fundos de investimento",https://cdn.tesouro.gov.br/sistemas-internos/apex/producao/sistemas/thot/arquivos/publicacoes/54943_1730238/anexos/28577_919203/Anexo%20RMD_Maio_26.zip,https://cdn.tesouro.gov.br/sistemas-internos/apex/producao/sistemas/thot/arquivos/publicacoes/54943_1730238/anexos/28577_919203/Anexo%20RMD_Maio_26.zip,Estoque de NTN-B da Previdência no Anexo 2.8 dividido pelo estoque total de DPMFi da Previdência no Anexo 2.7
2025-08-31,1842.535402463,919.435831195,49.900578842,923.099571268,50.099421158,Carteira de DPMFi da categoria Previdência; não representa os ativos totais das EFPC,"Previdência aberta e fechada, RPPS e aplicações dessas entidades em fundos de investimento",https://cdn.tesouro.gov.br/sistemas-internos/apex/producao/sistemas/thot/arquivos/publicacoes/54943_1730238/anexos/28577_919203/Anexo%20RMD_Maio_26.zip,https://cdn.tesouro.gov.br/sistemas-internos/apex/producao/sistemas/thot/arquivos/publicacoes/54943_1730238/anexos/28577_919203/Anexo%20RMD_Maio_26.zip,Estoque de NTN-B da Previdência no Anexo 2.8 dividido pelo estoque total de DPMFi da Previdência no Anexo 2.7
2025-09-30,1803.914416023,927.729537288,51.428689136,876.184878735,48.571310864,Carteira de DPMFi da categoria Previdência; não representa os ativos totais das EFPC,"Previdência aberta e fechada, RPPS e aplicações dessas entidades em fundos de investimento",https://cdn.tesouro.gov.br/sistemas-internos/apex/producao/sistemas/thot/arquivos/publicacoes/54943_1730238/anexos/28577_919203/Anexo%20RMD_Maio_26.zip,https://cdn.tesouro.gov.br/sistemas-internos/apex/producao/sistemas/thot/arquivos/publicacoes/54943_1730238/anexos/28577_919203/Anexo%20RMD_Maio_26.zip,Estoque de NTN-B da Previdência no Anexo 2.8 dividido pelo estoque total de DPMFi da Previdência no Anexo 2.7
2025-10-31,1825.472360698,931.628285078,51.034915956,893.84407562,48.965084044,Carteira de DPMFi da categoria Previdência; não representa os ativos totais das EFPC,"Previdência aberta e fechada, RPPS e aplicações dessas entidades em fundos de investimento",https://cdn.tesouro.gov.br/sistemas-internos/apex/producao/sistemas/thot/arquivos/publicacoes/54943_1730238/anexos/28577_919203/Anexo%20RMD_Maio_26.zip,https://cdn.tesouro.gov.br/sistemas-internos/apex/producao/sistemas/thot/arquivos/publicacoes/54943_1730238/anexos/28577_919203/Anexo%20RMD_Maio_26.zip,Estoque de NTN-B da Previdência no Anexo 2.8 dividido pelo estoque total de DPMFi da Previdência no Anexo 2.7
2025-11-30,1853.806185541,943.885567053,50.916086828,909.920618488,49.083913172,Carteira de DPMFi da categoria Previdência; não representa os ativos totais das EFPC,"Previdência aberta e fechada, RPPS e aplicações dessas entidades em fundos de investimento",https://cdn.tesouro.gov.br/sistemas-internos/apex/producao/sistemas/thot/arquivos/publicacoes/54943_1730238/anexos/28577_919203/Anexo%20RMD_Maio_26.zip,https://cdn.tesouro.gov.br/sistemas-internos/apex/producao/sistemas/thot/arquivos/publicacoes/54943_1730238/anexos/28577_919203/Anexo%20RMD_Maio_26.zip,Estoque de NTN-B da Previdência no Anexo 2.8 dividido pelo estoque total de DPMFi da Previdência no Anexo 2.7
2025-12-31,1891.190516841,963.762291625,50.960613595,927.428225216,49.039386405,Carteira de DPMFi da categoria Previdência; não representa os ativos totais das EFPC,"Previdência aberta e fechada, RPPS e aplicações dessas entidades em fundos de investimento",https://cdn.tesouro.gov.br/sistemas-internos/apex/producao/sistemas/thot/arquivos/publicacoes/54943_1730238/anexos/28577_919203/Anexo%20RMD_Maio_26.zip,https://cdn.tesouro.gov.br/sistemas-internos/apex/producao/sistemas/thot/arquivos/publicacoes/54943_1730238/anexos/28577_919203/Anexo%20RMD_Maio_26.zip,Estoque de NTN-B da Previdência no Anexo 2.8 dividido pelo estoque total de DPMFi da Previdência no Anexo 2.7
2026-01-31,1887.84,985.16,52.184507162,902.68,47.815492838,Carteira de DPMFi da categoria Previdência; não representa os ativos totais das EFPC,"Previdência aberta e fechada, RPPS e aplicações dessas entidades em fundos de investimento",https://cdn.tesouro.gov.br/sistemas-internos/apex/producao/sistemas/thot/arquivos/publicacoes/54943_1730238/anexos/28577_919203/Anexo%20RMD_Maio_26.zip,https://cdn.tesouro.gov.br/sistemas-internos/apex/producao/sistemas/thot/arquivos/publicacoes/54943_1730238/anexos/28577_919203/Anexo%20RMD_Maio_26.zip,Estoque de NTN-B da Previdência no Anexo 2.8 dividido pelo estoque total de DPMFi da Previdência no Anexo 2.7
2026-02-28,1922.433059356,989.075735146,51.449163878,933.35732421,48.550836122,Carteira de DPMFi da categoria Previdência; não representa os ativos totais das EFPC,"Previdência aberta e fechada, RPPS e aplicações dessas entidades em fundos de investimento",https://cdn.tesouro.gov.br/sistemas-internos/apex/producao/sistemas/thot/arquivos/publicacoes/54943_1730238/anexos/28577_919203/Anexo%20RMD_Maio_26.zip,https://cdn.tesouro.gov.br/sistemas-internos/apex/producao/sistemas/thot/arquivos/publicacoes/54943_1730238/anexos/28577_919203/Anexo%20RMD_Maio_26.zip,Estoque de NTN-B da Previdência no Anexo 2.8 dividido pelo estoque total de DPMFi da Previdência no Anexo 2.7
2026-03-31,1909.24052013,1002.738130064,52.52026235,906.502390066,47.47973765,Carteira de DPMFi da categoria Previdência; não representa os ativos totais das EFPC,"Previdência aberta e fechada, RPPS e aplicações dessas entidades em fundos de investimento",https://cdn.tesouro.gov.br/sistemas-internos/apex/producao/sistemas/thot/arquivos/publicacoes/54943_1730238/anexos/28577_919203/Anexo%20RMD_Maio_26.zip,https://cdn.tesouro.gov.br/sistemas-internos/apex/producao/sistemas/thot/arquivos/publicacoes/54943_1730238/anexos/28577_919203/Anexo%20RMD_Maio_26.zip,Estoque de NTN-B da Previdência no Anexo 2.8 dividido pelo estoque total de DPMFi da Previdência no Anexo 2.7
2026-04-30,1888.721272808,1018.762688988,53.939281759,869.95858382,46.060718241,Carteira de DPMFi da categoria Previdência; não representa os ativos totais das EFPC,"Previdência aberta e fechada, RPPS e aplicações dessas entidades em fundos de investimento",https://cdn.tesouro.gov.br/sistemas-internos/apex/producao/sistemas/thot/arquivos/publicacoes/54943_1730238/anexos/28577_919203/Anexo%20RMD_Maio_26.zip,https://cdn.tesouro.gov.br/sistemas-internos/apex/producao/sistemas/thot/arquivos/publicacoes/54943_1730238/anexos/28577_919203/Anexo%20RMD_Maio_26.zip,Estoque de NTN-B da Previdência no Anexo 2.8 dividido pelo estoque total de DPMFi da Previdência no Anexo 2.7
2026-05-31,1992.408228394,1032.49870094,51.82164409,959.909527454,48.17835591,Carteira de DPMFi da categoria Previdência; não representa os ativos totais das EFPC,"Previdência aberta e fechada, RPPS e aplicações dessas entidades em fundos de investimento",https://cdn.tesouro.gov.br/sistemas-internos/apex/producao/sistemas/thot/arquivos/publicacoes/54943_1730238/anexos/28577_919203/Anexo%20RMD_Maio_26.zip,https://cdn.tesouro.gov.br/sistemas-internos/apex/producao/sistemas/thot/arquivos/publicacoes/54943_1730238/anexos/28577_919203/Anexo%20RMD_Maio_26.zip,Estoque de NTN-B da Previdência no Anexo 2.8 dividido pelo estoque total de DPMFi da Previdência no Anexo 2.7
