data_referencia,detentor,detentor_slug,estoque_r_bilhoes,participacao_pct,participacao_publicada_pct,participacao_sobre_total_publicado_pct,total_ntnb_r_bilhoes,total_ntnb_publicado_r_bilhoes,status_reconciliacao_fonte,fonte_publicacao,fonte_anexo
2011-02-28,Instituições Financeiras,instituicoes_financeiras,86.764649471,22.170845954,22.170845954,22.170845954,391.345687257,391.345687257,OK_EXATO,https://www.tesourotransparente.gov.br/publicacoes/relatorio-mensal-da-divida-rmd/2026/5,https://cdn.tesouro.gov.br/sistemas-internos/apex/producao/sistemas/thot/arquivos/publicacoes/54943_1730238/anexos/28577_919203/Anexo%20RMD_Maio_26.zip
2011-02-28,Fundos,fundos,71.575334287,18.289542115,18.289542115,18.289542115,391.345687257,391.345687257,OK_EXATO,https://www.tesourotransparente.gov.br/publicacoes/relatorio-mensal-da-divida-rmd/2026/5,https://cdn.tesouro.gov.br/sistemas-internos/apex/producao/sistemas/thot/arquivos/publicacoes/54943_1730238/anexos/28577_919203/Anexo%20RMD_Maio_26.zip
2011-02-28,Não-residentes,nao_residentes,23.561272127,6.020577943,6.020577943,6.020577943,391.345687257,391.345687257,OK_EXATO,https://www.tesourotransparente.gov.br/publicacoes/relatorio-mensal-da-divida-rmd/2026/5,https://cdn.tesouro.gov.br/sistemas-internos/apex/producao/sistemas/thot/arquivos/publicacoes/54943_1730238/anexos/28577_919203/Anexo%20RMD_Maio_26.zip
2011-02-28,Previdência,previdencia,139.722858861,35.70318095,35.70318095,35.70318095,391.345687257,391.345687257,OK_EXATO,https://www.tesourotransparente.gov.br/publicacoes/relatorio-mensal-da-divida-rmd/2026/5,https://cdn.tesouro.gov.br/sistemas-internos/apex/producao/sistemas/thot/arquivos/publicacoes/54943_1730238/anexos/28577_919203/Anexo%20RMD_Maio_26.zip
2011-02-28,Governo,governo,32.120879877,8.207802187,8.207802187,8.207802187,391.345687257,391.345687257,OK_EXATO,https://www.tesourotransparente.gov.br/publicacoes/relatorio-mensal-da-divida-rmd/2026/5,https://cdn.tesouro.gov.br/sistemas-internos/apex/producao/sistemas/thot/arquivos/publicacoes/54943_1730238/anexos/28577_919203/Anexo%20RMD_Maio_26.zip
2011-02-28,Seguradoras,seguradoras,23.704849977,6.057266184,6.057266184,6.057266184,391.345687257,391.345687257,OK_EXATO,https://www.tesourotransparente.gov.br/publicacoes/relatorio-mensal-da-divida-rmd/2026/5,https://cdn.tesouro.gov.br/sistemas-internos/apex/producao/sistemas/thot/arquivos/publicacoes/54943_1730238/anexos/28577_919203/Anexo%20RMD_Maio_26.zip
2011-02-28,Outros,outros,13.895842658,3.550784667,3.550784667,3.550784667,391.345687257,391.345687257,OK_EXATO,https://www.tesourotransparente.gov.br/publicacoes/relatorio-mensal-da-divida-rmd/2026/5,https://cdn.tesouro.gov.br/sistemas-internos/apex/producao/sistemas/thot/arquivos/publicacoes/54943_1730238/anexos/28577_919203/Anexo%20RMD_Maio_26.zip
2011-03-31,Instituições Financeiras,instituicoes_financeiras,96.531104326,23.743951409,23.743951409,23.743951409,406.550294284,406.550294284,OK_EXATO,https://www.tesourotransparente.gov.br/publicacoes/relatorio-mensal-da-divida-rmd/2026/5,https://cdn.tesouro.gov.br/sistemas-internos/apex/producao/sistemas/thot/arquivos/publicacoes/54943_1730238/anexos/28577_919203/Anexo%20RMD_Maio_26.zip
2011-03-31,Fundos,fundos,66.934184157,16.463936959,16.463936959,16.463936959,406.550294284,406.550294284,OK_EXATO,https://www.tesourotransparente.gov.br/publicacoes/relatorio-mensal-da-divida-rmd/2026/5,https://cdn.tesouro.gov.br/sistemas-internos/apex/producao/sistemas/thot/arquivos/publicacoes/54943_1730238/anexos/28577_919203/Anexo%20RMD_Maio_26.zip
2011-03-31,Não-residentes,nao_residentes,24.585023908,6.047228167,6.047228167,6.047228167,406.550294284,406.550294284,OK_EXATO,https://www.tesourotransparente.gov.br/publicacoes/relatorio-mensal-da-divida-rmd/2026/5,https://cdn.tesouro.gov.br/sistemas-internos/apex/producao/sistemas/thot/arquivos/publicacoes/54943_1730238/anexos/28577_919203/Anexo%20RMD_Maio_26.zip
2011-03-31,Previdência,previdencia,146.695439988,36.082974739,36.082974739,36.082974739,406.550294284,406.550294284,OK_EXATO,https://www.tesourotransparente.gov.br/publicacoes/relatorio-mensal-da-divida-rmd/2026/5,https://cdn.tesouro.gov.br/sistemas-internos/apex/producao/sistemas/thot/arquivos/publicacoes/54943_1730238/anexos/28577_919203/Anexo%20RMD_Maio_26.zip
2011-03-31,Governo,governo,32.746429752,8.054705706,8.054705706,8.054705706,406.550294284,406.550294284,OK_EXATO,https://www.tesourotransparente.gov.br/publicacoes/relatorio-mensal-da-divida-rmd/2026/5,https://cdn.tesouro.gov.br/sistemas-internos/apex/producao/sistemas/thot/arquivos/publicacoes/54943_1730238/anexos/28577_919203/Anexo%20RMD_Maio_26.zip
2011-03-31,Seguradoras,seguradoras,24.673525515,6.068997087,6.068997087,6.068997087,406.550294284,406.550294284,OK_EXATO,https://www.tesourotransparente.gov.br/publicacoes/relatorio-mensal-da-divida-rmd/2026/5,https://cdn.tesouro.gov.br/sistemas-internos/apex/producao/sistemas/thot/arquivos/publicacoes/54943_1730238/anexos/28577_919203/Anexo%20RMD_Maio_26.zip
2011-03-31,Outros,outros,14.384586639,3.538205934,3.538205934,3.538205934,406.550294284,406.550294284,OK_EXATO,https://www.tesourotransparente.gov.br/publicacoes/relatorio-mensal-da-divida-rmd/2026/5,https://cdn.tesouro.gov.br/sistemas-internos/apex/producao/sistemas/thot/arquivos/publicacoes/54943_1730238/anexos/28577_919203/Anexo%20RMD_Maio_26.zip
2011-04-30,Instituições Financeiras,instituicoes_financeiras,94.582174012,22.414915646,22.414915646,22.414915646,421.960874203,421.960874203,OK_EXATO,https://www.tesourotransparente.gov.br/publicacoes/relatorio-mensal-da-divida-rmd/2026/5,https://cdn.tesouro.gov.br/sistemas-internos/apex/producao/sistemas/thot/arquivos/publicacoes/54943_1730238/anexos/28577_919203/Anexo%20RMD_Maio_26.zip
2011-04-30,Fundos,fundos,75.306738135,17.846853284,17.846853284,17.846853284,421.960874203,421.960874203,OK_EXATO,https://www.tesourotransparente.gov.br/publicacoes/relatorio-mensal-da-divida-rmd/2026/5,https://cdn.tesouro.gov.br/sistemas-internos/apex/producao/sistemas/thot/arquivos/publicacoes/54943_1730238/anexos/28577_919203/Anexo%20RMD_Maio_26.zip
2011-04-30,Não-residentes,nao_residentes,25.523155508,6.048701922,6.048701922,6.048701922,421.960874203,421.960874203,OK_EXATO,https://www.tesourotransparente.gov.br/publicacoes/relatorio-mensal-da-divida-rmd/2026/5,https://cdn.tesouro.gov.br/sistemas-internos/apex/producao/sistemas/thot/arquivos/publicacoes/54943_1730238/anexos/28577_919203/Anexo%20RMD_Maio_26.zip
2011-04-30,Previdência,previdencia,152.214400988,36.073107791,36.073107791,36.073107791,421.960874203,421.960874203,OK_EXATO,https://www.tesourotransparente.gov.br/publicacoes/relatorio-mensal-da-divida-rmd/2026/5,https://cdn.tesouro.gov.br/sistemas-internos/apex/producao/sistemas/thot/arquivos/publicacoes/54943_1730238/anexos/28577_919203/Anexo%20RMD_Maio_26.zip
2011-04-30,Governo,governo,33.193126985,7.866399236,7.866399236,7.866399236,421.960874203,421.960874203,OK_EXATO,https://www.tesourotransparente.gov.br/publicacoes/relatorio-mensal-da-divida-rmd/2026/5,https://cdn.tesouro.gov.br/sistemas-internos/apex/producao/sistemas/thot/arquivos/publicacoes/54943_1730238/anexos/28577_919203/Anexo%20RMD_Maio_26.zip
2011-04-30,Seguradoras,seguradoras,26.045169184,6.172413315,6.172413315,6.172413315,421.960874203,421.960874203,OK_EXATO,https://www.tesourotransparente.gov.br/publicacoes/relatorio-mensal-da-divida-rmd/2026/5,https://cdn.tesouro.gov.br/sistemas-internos/apex/producao/sistemas/thot/arquivos/publicacoes/54943_1730238/anexos/28577_919203/Anexo%20RMD_Maio_26.zip
2011-04-30,Outros,outros,15.09610939,3.577608805,3.577608805,3.577608805,421.960874203,421.960874203,OK_EXATO,https://www.tesourotransparente.gov.br/publicacoes/relatorio-mensal-da-divida-rmd/2026/5,https://cdn.tesouro.gov.br/sistemas-internos/apex/producao/sistemas/thot/arquivos/publicacoes/54943_1730238/anexos/28577_919203/Anexo%20RMD_Maio_26.zip
2011-05-31,Instituições Financeiras,instituicoes_financeiras,82.155041259,20.971808566,20.971808566,20.971808566,391.74037375,391.74037375,OK_EXATO,https://www.tesourotransparente.gov.br/publicacoes/relatorio-mensal-da-divida-rmd/2026/5,https://cdn.tesouro.gov.br/sistemas-internos/apex/producao/sistemas/thot/arquivos/publicacoes/54943_1730238/anexos/28577_919203/Anexo%20RMD_Maio_26.zip
2011-05-31,Fundos,fundos,68.719326338,17.542058706,17.542058706,17.542058706,391.74037375,391.74037375,OK_EXATO,https://www.tesourotransparente.gov.br/publicacoes/relatorio-mensal-da-divida-rmd/2026/5,https://cdn.tesouro.gov.br/sistemas-internos/apex/producao/sistemas/thot/arquivos/publicacoes/54943_1730238/anexos/28577_919203/Anexo%20RMD_Maio_26.zip
2011-05-31,Não-residentes,nao_residentes,24.92462151,6.362535797,6.362535797,6.362535797,391.74037375,391.74037375,OK_EXATO,https://www.tesourotransparente.gov.br/publicacoes/relatorio-mensal-da-divida-rmd/2026/5,https://cdn.tesouro.gov.br/sistemas-internos/apex/producao/sistemas/thot/arquivos/publicacoes/54943_1730238/anexos/28577_919203/Anexo%20RMD_Maio_26.zip
2011-05-31,Previdência,previdencia,148.217891695,37.83574572,37.83574572,37.83574572,391.74037375,391.74037375,OK_EXATO,https://www.tesourotransparente.gov.br/publicacoes/relatorio-mensal-da-divida-rmd/2026/5,https://cdn.tesouro.gov.br/sistemas-internos/apex/producao/sistemas/thot/arquivos/publicacoes/54943_1730238/anexos/28577_919203/Anexo%20RMD_Maio_26.zip
2011-05-31,Governo,governo,26.962216546,6.882674943,6.882674943,6.882674943,391.74037375,391.74037375,OK_EXATO,https://www.tesourotransparente.gov.br/publicacoes/relatorio-mensal-da-divida-rmd/2026/5,https://cdn.tesouro.gov.br/sistemas-internos/apex/producao/sistemas/thot/arquivos/publicacoes/54943_1730238/anexos/28577_919203/Anexo%20RMD_Maio_26.zip
2011-05-31,Seguradoras,seguradoras,25.901301142,6.61185389,6.61185389,6.61185389,391.74037375,391.74037375,OK_EXATO,https://www.tesourotransparente.gov.br/publicacoes/relatorio-mensal-da-divida-rmd/2026/5,https://cdn.tesouro.gov.br/sistemas-internos/apex/producao/sistemas/thot/arquivos/publicacoes/54943_1730238/anexos/28577_919203/Anexo%20RMD_Maio_26.zip
2011-05-31,Outros,outros,14.85997526,3.793322378,3.793322378,3.793322378,391.74037375,391.74037375,OK_EXATO,https://www.tesourotransparente.gov.br/publicacoes/relatorio-mensal-da-divida-rmd/2026/5,https://cdn.tesouro.gov.br/sistemas-internos/apex/producao/sistemas/thot/arquivos/publicacoes/54943_1730238/anexos/28577_919203/Anexo%20RMD_Maio_26.zip
2011-06-30,Instituições Financeiras,instituicoes_financeiras,98.063845754,23.78308543,23.78308543,23.78308543,412.326003893,412.326003893,OK_EXATO,https://www.tesourotransparente.gov.br/publicacoes/relatorio-mensal-da-divida-rmd/2026/5,https://cdn.tesouro.gov.br/sistemas-internos/apex/producao/sistemas/thot/arquivos/publicacoes/54943_1730238/anexos/28577_919203/Anexo%20RMD_Maio_26.zip
2011-06-30,Fundos,fundos,69.858856358,16.942626877,16.942626877,16.942626877,412.326003893,412.326003893,OK_EXATO,https://www.tesourotransparente.gov.br/publicacoes/relatorio-mensal-da-divida-rmd/2026/5,https://cdn.tesouro.gov.br/sistemas-internos/apex/producao/sistemas/thot/arquivos/publicacoes/54943_1730238/anexos/28577_919203/Anexo%20RMD_Maio_26.zip
2011-06-30,Não-residentes,nao_residentes,25.104793764,6.088578825,6.088578825,6.088578825,412.326003893,412.326003893,OK_EXATO,https://www.tesourotransparente.gov.br/publicacoes/relatorio-mensal-da-divida-rmd/2026/5,https://cdn.tesouro.gov.br/sistemas-internos/apex/producao/sistemas/thot/arquivos/publicacoes/54943_1730238/anexos/28577_919203/Anexo%20RMD_Maio_26.zip
2011-06-30,Previdência,previdencia,150.501610123,36.500635105,36.500635105,36.500635105,412.326003893,412.326003893,OK_EXATO,https://www.tesourotransparente.gov.br/publicacoes/relatorio-mensal-da-divida-rmd/2026/5,https://cdn.tesouro.gov.br/sistemas-internos/apex/producao/sistemas/thot/arquivos/publicacoes/54943_1730238/anexos/28577_919203/Anexo%20RMD_Maio_26.zip
2011-06-30,Governo,governo,27.207624303,6.598571045,6.598571045,6.598571045,412.326003893,412.326003893,OK_EXATO,https://www.tesourotransparente.gov.br/publicacoes/relatorio-mensal-da-divida-rmd/2026/5,https://cdn.tesouro.gov.br/sistemas-internos/apex/producao/sistemas/thot/arquivos/publicacoes/54943_1730238/anexos/28577_919203/Anexo%20RMD_Maio_26.zip
2011-06-30,Seguradoras,seguradoras,26.373372309,6.396242793,6.396242793,6.396242793,412.326003893,412.326003893,OK_EXATO,https://www.tesourotransparente.gov.br/publicacoes/relatorio-mensal-da-divida-rmd/2026/5,https://cdn.tesouro.gov.br/sistemas-internos/apex/producao/sistemas/thot/arquivos/publicacoes/54943_1730238/anexos/28577_919203/Anexo%20RMD_Maio_26.zip
2011-06-30,Outros,outros,15.215901283,3.690259925,3.690259925,3.690259925,412.326003893,412.326003893,OK_EXATO,https://www.tesourotransparente.gov.br/publicacoes/relatorio-mensal-da-divida-rmd/2026/5,https://cdn.tesouro.gov.br/sistemas-internos/apex/producao/sistemas/thot/arquivos/publicacoes/54943_1730238/anexos/28577_919203/Anexo%20RMD_Maio_26.zip
2011-07-31,Instituições Financeiras,instituicoes_financeiras,100.05158753,23.43024675,23.43024675,23.43024675,427.018923853,427.018923853,OK_EXATO,https://www.tesourotransparente.gov.br/publicacoes/relatorio-mensal-da-divida-rmd/2026/5,https://cdn.tesouro.gov.br/sistemas-internos/apex/producao/sistemas/thot/arquivos/publicacoes/54943_1730238/anexos/28577_919203/Anexo%20RMD_Maio_26.zip
2011-07-31,Fundos,fundos,75.620547244,17.708945206,17.708945206,17.708945206,427.018923853,427.018923853,OK_EXATO,https://www.tesourotransparente.gov.br/publicacoes/relatorio-mensal-da-divida-rmd/2026/5,https://cdn.tesouro.gov.br/sistemas-internos/apex/producao/sistemas/thot/arquivos/publicacoes/54943_1730238/anexos/28577_919203/Anexo%20RMD_Maio_26.zip
2011-07-31,Não-residentes,nao_residentes,26.205234107,6.136785197,6.136785197,6.136785197,427.018923853,427.018923853,OK_EXATO,https://www.tesourotransparente.gov.br/publicacoes/relatorio-mensal-da-divida-rmd/2026/5,https://cdn.tesouro.gov.br/sistemas-internos/apex/producao/sistemas/thot/arquivos/publicacoes/54943_1730238/anexos/28577_919203/Anexo%20RMD_Maio_26.zip
2011-07-31,Previdência,previdencia,154.671866331,36.221314254,36.221314254,36.221314254,427.018923853,427.018923853,OK_EXATO,https://www.tesourotransparente.gov.br/publicacoes/relatorio-mensal-da-divida-rmd/2026/5,https://cdn.tesouro.gov.br/sistemas-internos/apex/producao/sistemas/thot/arquivos/publicacoes/54943_1730238/anexos/28577_919203/Anexo%20RMD_Maio_26.zip
2011-07-31,Governo,governo,27.373238101,6.41031031,6.41031031,6.41031031,427.018923853,427.018923853,OK_EXATO,https://www.tesourotransparente.gov.br/publicacoes/relatorio-mensal-da-divida-rmd/2026/5,https://cdn.tesouro.gov.br/sistemas-internos/apex/producao/sistemas/thot/arquivos/publicacoes/54943_1730238/anexos/28577_919203/Anexo%20RMD_Maio_26.zip
2011-07-31,Seguradoras,seguradoras,27.374069285,6.410504958,6.410504958,6.410504958,427.018923853,427.018923853,OK_EXATO,https://www.tesourotransparente.gov.br/publicacoes/relatorio-mensal-da-divida-rmd/2026/5,https://cdn.tesouro.gov.br/sistemas-internos/apex/producao/sistemas/thot/arquivos/publicacoes/54943_1730238/anexos/28577_919203/Anexo%20RMD_Maio_26.zip
2011-07-31,Outros,outros,15.722381256,3.681893325,3.681893325,3.681893325,427.018923853,427.018923853,OK_EXATO,https://www.tesourotransparente.gov.br/publicacoes/relatorio-mensal-da-divida-rmd/2026/5,https://cdn.tesouro.gov.br/sistemas-internos/apex/producao/sistemas/thot/arquivos/publicacoes/54943_1730238/anexos/28577_919203/Anexo%20RMD_Maio_26.zip
2011-08-31,Instituições Financeiras,instituicoes_financeiras,103.227920895,23.851566034,23.851566034,23.851566034,432.793053289,432.793053289,OK_EXATO,https://www.tesourotransparente.gov.br/publicacoes/relatorio-mensal-da-divida-rmd/2026/5,https://cdn.tesouro.gov.br/sistemas-internos/apex/producao/sistemas/thot/arquivos/publicacoes/54943_1730238/anexos/28577_919203/Anexo%20RMD_Maio_26.zip
2011-08-31,Fundos,fundos,84.709028183,19.572640443,19.572640443,19.572640443,432.793053289,432.793053289,OK_EXATO,https://www.tesourotransparente.gov.br/publicacoes/relatorio-mensal-da-divida-rmd/2026/5,https://cdn.tesouro.gov.br/sistemas-internos/apex/producao/sistemas/thot/arquivos/publicacoes/54943_1730238/anexos/28577_919203/Anexo%20RMD_Maio_26.zip
2011-08-31,Não-residentes,nao_residentes,26.172043759,6.047242108,6.047242108,6.047242108,432.793053289,432.793053289,OK_EXATO,https://www.tesourotransparente.gov.br/publicacoes/relatorio-mensal-da-divida-rmd/2026/5,https://cdn.tesouro.gov.br/sistemas-internos/apex/producao/sistemas/thot/arquivos/publicacoes/54943_1730238/anexos/28577_919203/Anexo%20RMD_Maio_26.zip
2011-08-31,Previdência,previdencia,149.709251832,34.591417467,34.591417467,34.591417467,432.793053289,432.793053289,OK_EXATO,https://www.tesourotransparente.gov.br/publicacoes/relatorio-mensal-da-divida-rmd/2026/5,https://cdn.tesouro.gov.br/sistemas-internos/apex/producao/sistemas/thot/arquivos/publicacoes/54943_1730238/anexos/28577_919203/Anexo%20RMD_Maio_26.zip
2011-08-31,Governo,governo,26.515547357,6.126611126,6.126611126,6.126611126,432.793053289,432.793053289,OK_EXATO,https://www.tesourotransparente.gov.br/publicacoes/relatorio-mensal-da-divida-rmd/2026/5,https://cdn.tesouro.gov.br/sistemas-internos/apex/producao/sistemas/thot/arquivos/publicacoes/54943_1730238/anexos/28577_919203/Anexo%20RMD_Maio_26.zip
2011-08-31,Seguradoras,seguradoras,26.79845519,6.19197905,6.19197905,6.19197905,432.793053289,432.793053289,OK_EXATO,https://www.tesourotransparente.gov.br/publicacoes/relatorio-mensal-da-divida-rmd/2026/5,https://cdn.tesouro.gov.br/sistemas-internos/apex/producao/sistemas/thot/arquivos/publicacoes/54943_1730238/anexos/28577_919203/Anexo%20RMD_Maio_26.zip
2011-08-31,Outros,outros,15.660806072,3.618543771,3.618543771,3.618543771,432.793053289,432.793053289,OK_EXATO,https://www.tesourotransparente.gov.br/publicacoes/relatorio-mensal-da-divida-rmd/2026/5,https://cdn.tesouro.gov.br/sistemas-internos/apex/producao/sistemas/thot/arquivos/publicacoes/54943_1730238/anexos/28577_919203/Anexo%20RMD_Maio_26.zip
2011-09-30,Instituições Financeiras,instituicoes_financeiras,103.673122092,23.493975652,23.493975652,23.493975652,441.275344914,441.275344914,OK_EXATO,https://www.tesourotransparente.gov.br/publicacoes/relatorio-mensal-da-divida-rmd/2026/5,https://cdn.tesouro.gov.br/sistemas-internos/apex/producao/sistemas/thot/arquivos/publicacoes/54943_1730238/anexos/28577_919203/Anexo%20RMD_Maio_26.zip
2011-09-30,Fundos,fundos,91.946087627,20.836443433,20.836443433,20.836443433,441.275344914,441.275344914,OK_EXATO,https://www.tesourotransparente.gov.br/publicacoes/relatorio-mensal-da-divida-rmd/2026/5,https://cdn.tesouro.gov.br/sistemas-internos/apex/producao/sistemas/thot/arquivos/publicacoes/54943_1730238/anexos/28577_919203/Anexo%20RMD_Maio_26.zip
2011-09-30,Não-residentes,nao_residentes,27.62592691,6.260473699,6.260473699,6.260473699,441.275344914,441.275344914,OK_EXATO,https://www.tesourotransparente.gov.br/publicacoes/relatorio-mensal-da-divida-rmd/2026/5,https://cdn.tesouro.gov.br/sistemas-internos/apex/producao/sistemas/thot/arquivos/publicacoes/54943_1730238/anexos/28577_919203/Anexo%20RMD_Maio_26.zip
2011-09-30,Previdência,previdencia,146.883747596,33.286189516,33.286189516,33.286189516,441.275344914,441.275344914,OK_EXATO,https://www.tesourotransparente.gov.br/publicacoes/relatorio-mensal-da-divida-rmd/2026/5,https://cdn.tesouro.gov.br/sistemas-internos/apex/producao/sistemas/thot/arquivos/publicacoes/54943_1730238/anexos/28577_919203/Anexo%20RMD_Maio_26.zip
2011-09-30,Governo,governo,26.719015635,6.054953204,6.054953204,6.054953204,441.275344914,441.275344914,OK_EXATO,https://www.tesourotransparente.gov.br/publicacoes/relatorio-mensal-da-divida-rmd/2026/5,https://cdn.tesouro.gov.br/sistemas-internos/apex/producao/sistemas/thot/arquivos/publicacoes/54943_1730238/anexos/28577_919203/Anexo%20RMD_Maio_26.zip
2011-09-30,Seguradoras,seguradoras,27.869870194,6.315755121,6.315755121,6.315755121,441.275344914,441.275344914,OK_EXATO,https://www.tesourotransparente.gov.br/publicacoes/relatorio-mensal-da-divida-rmd/2026/5,https://cdn.tesouro.gov.br/sistemas-internos/apex/producao/sistemas/thot/arquivos/publicacoes/54943_1730238/anexos/28577_919203/Anexo%20RMD_Maio_26.zip
2011-09-30,Outros,outros,16.55757486,3.752209375,3.752209375,3.752209375,441.275344914,441.275344914,OK_EXATO,https://www.tesourotransparente.gov.br/publicacoes/relatorio-mensal-da-divida-rmd/2026/5,https://cdn.tesouro.gov.br/sistemas-internos/apex/producao/sistemas/thot/arquivos/publicacoes/54943_1730238/anexos/28577_919203/Anexo%20RMD_Maio_26.zip
2011-10-31,Instituições Financeiras,instituicoes_financeiras,103.352029463,22.908758477,22.908758477,22.908758477,451.146357699,451.146357699,OK_EXATO,https://www.tesourotransparente.gov.br/publicacoes/relatorio-mensal-da-divida-rmd/2026/5,https://cdn.tesouro.gov.br/sistemas-internos/apex/producao/sistemas/thot/arquivos/publicacoes/54943_1730238/anexos/28577_919203/Anexo%20RMD_Maio_26.zip
2011-10-31,Fundos,fundos,90.553354882,20.071835522,20.071835522,20.071835522,451.146357699,451.146357699,OK_EXATO,https://www.tesourotransparente.gov.br/publicacoes/relatorio-mensal-da-divida-rmd/2026/5,https://cdn.tesouro.gov.br/sistemas-internos/apex/producao/sistemas/thot/arquivos/publicacoes/54943_1730238/anexos/28577_919203/Anexo%20RMD_Maio_26.zip
2011-10-31,Não-residentes,nao_residentes,28.180603505,6.246443759,6.246443759,6.246443759,451.146357699,451.146357699,OK_EXATO,https://www.tesourotransparente.gov.br/publicacoes/relatorio-mensal-da-divida-rmd/2026/5,https://cdn.tesouro.gov.br/sistemas-internos/apex/producao/sistemas/thot/arquivos/publicacoes/54943_1730238/anexos/28577_919203/Anexo%20RMD_Maio_26.zip
2011-10-31,Previdência,previdencia,157.612165059,34.935927636,34.935927636,34.935927636,451.146357699,451.146357699,OK_EXATO,https://www.tesourotransparente.gov.br/publicacoes/relatorio-mensal-da-divida-rmd/2026/5,https://cdn.tesouro.gov.br/sistemas-internos/apex/producao/sistemas/thot/arquivos/publicacoes/54943_1730238/anexos/28577_919203/Anexo%20RMD_Maio_26.zip
2011-10-31,Governo,governo,27.007831125,5.986489897,5.986489897,5.986489897,451.146357699,451.146357699,OK_EXATO,https://www.tesourotransparente.gov.br/publicacoes/relatorio-mensal-da-divida-rmd/2026/5,https://cdn.tesouro.gov.br/sistemas-internos/apex/producao/sistemas/thot/arquivos/publicacoes/54943_1730238/anexos/28577_919203/Anexo%20RMD_Maio_26.zip
2011-10-31,Seguradoras,seguradoras,28.002271866,6.206915203,6.206915203,6.206915203,451.146357699,451.146357699,OK_EXATO,https://www.tesourotransparente.gov.br/publicacoes/relatorio-mensal-da-divida-rmd/2026/5,https://cdn.tesouro.gov.br/sistemas-internos/apex/producao/sistemas/thot/arquivos/publicacoes/54943_1730238/anexos/28577_919203/Anexo%20RMD_Maio_26.zip
2011-10-31,Outros,outros,16.4381018,3.643629505,3.643629505,3.643629505,451.146357699,451.146357699,OK_EXATO,https://www.tesourotransparente.gov.br/publicacoes/relatorio-mensal-da-divida-rmd/2026/5,https://cdn.tesouro.gov.br/sistemas-internos/apex/producao/sistemas/thot/arquivos/publicacoes/54943_1730238/anexos/28577_919203/Anexo%20RMD_Maio_26.zip
2011-11-30,Instituições Financeiras,instituicoes_financeiras,98.483873705,22.200755805,22.200755805,22.200755805,443.60595005,443.60595005,OK_EXATO,https://www.tesourotransparente.gov.br/publicacoes/relatorio-mensal-da-divida-rmd/2026/5,https://cdn.tesouro.gov.br/sistemas-internos/apex/producao/sistemas/thot/arquivos/publicacoes/54943_1730238/anexos/28577_919203/Anexo%20RMD_Maio_26.zip
2011-11-30,Fundos,fundos,91.859507681,20.707456172,20.707456172,20.707456172,443.60595005,443.60595005,OK_EXATO,https://www.tesourotransparente.gov.br/publicacoes/relatorio-mensal-da-divida-rmd/2026/5,https://cdn.tesouro.gov.br/sistemas-internos/apex/producao/sistemas/thot/arquivos/publicacoes/54943_1730238/anexos/28577_919203/Anexo%20RMD_Maio_26.zip
2011-11-30,Não-residentes,nao_residentes,28.238447415,6.365660202,6.365660202,6.365660202,443.60595005,443.60595005,OK_EXATO,https://www.tesourotransparente.gov.br/publicacoes/relatorio-mensal-da-divida-rmd/2026/5,https://cdn.tesouro.gov.br/sistemas-internos/apex/producao/sistemas/thot/arquivos/publicacoes/54943_1730238/anexos/28577_919203/Anexo%20RMD_Maio_26.zip
2011-11-30,Previdência,previdencia,154.195092201,34.759473398,34.759473398,34.759473398,443.60595005,443.60595005,OK_EXATO,https://www.tesourotransparente.gov.br/publicacoes/relatorio-mensal-da-divida-rmd/2026/5,https://cdn.tesouro.gov.br/sistemas-internos/apex/producao/sistemas/thot/arquivos/publicacoes/54943_1730238/anexos/28577_919203/Anexo%20RMD_Maio_26.zip
2011-11-30,Governo,governo,26.674089709,6.013014412,6.013014412,6.013014412,443.60595005,443.60595005,OK_EXATO,https://www.tesourotransparente.gov.br/publicacoes/relatorio-mensal-da-divida-rmd/2026/5,https://cdn.tesouro.gov.br/sistemas-internos/apex/producao/sistemas/thot/arquivos/publicacoes/54943_1730238/anexos/28577_919203/Anexo%20RMD_Maio_26.zip
2011-11-30,Seguradoras,seguradoras,27.849034539,6.277876691,6.277876691,6.277876691,443.60595005,443.60595005,OK_EXATO,https://www.tesourotransparente.gov.br/publicacoes/relatorio-mensal-da-divida-rmd/2026/5,https://cdn.tesouro.gov.br/sistemas-internos/apex/producao/sistemas/thot/arquivos/publicacoes/54943_1730238/anexos/28577_919203/Anexo%20RMD_Maio_26.zip
2011-11-30,Outros,outros,16.3059048,3.675763321,3.675763321,3.675763321,443.60595005,443.60595005,OK_EXATO,https://www.tesourotransparente.gov.br/publicacoes/relatorio-mensal-da-divida-rmd/2026/5,https://cdn.tesouro.gov.br/sistemas-internos/apex/producao/sistemas/thot/arquivos/publicacoes/54943_1730238/anexos/28577_919203/Anexo%20RMD_Maio_26.zip
2011-12-31,Instituições Financeiras,instituicoes_financeiras,98.015852635,21.611824856,21.611824856,21.611824856,453.528812525,453.528812525,OK_EXATO,https://www.tesourotransparente.gov.br/publicacoes/relatorio-mensal-da-divida-rmd/2026/5,https://cdn.tesouro.gov.br/sistemas-internos/apex/producao/sistemas/thot/arquivos/publicacoes/54943_1730238/anexos/28577_919203/Anexo%20RMD_Maio_26.zip
2011-12-31,Fundos,fundos,98.668942803,21.755826769,21.755826769,21.755826769,453.528812525,453.528812525,OK_EXATO,https://www.tesourotransparente.gov.br/publicacoes/relatorio-mensal-da-divida-rmd/2026/5,https://cdn.tesouro.gov.br/sistemas-internos/apex/producao/sistemas/thot/arquivos/publicacoes/54943_1730238/anexos/28577_919203/Anexo%20RMD_Maio_26.zip
2011-12-31,Não-residentes,nao_residentes,28.776666659,6.345058101,6.345058101,6.345058101,453.528812525,453.528812525,OK_EXATO,https://www.tesourotransparente.gov.br/publicacoes/relatorio-mensal-da-divida-rmd/2026/5,https://cdn.tesouro.gov.br/sistemas-internos/apex/producao/sistemas/thot/arquivos/publicacoes/54943_1730238/anexos/28577_919203/Anexo%20RMD_Maio_26.zip
2011-12-31,Previdência,previdencia,156.041837871,34.406157572,34.406157572,34.406157572,453.528812525,453.528812525,OK_EXATO,https://www.tesourotransparente.gov.br/publicacoes/relatorio-mensal-da-divida-rmd/2026/5,https://cdn.tesouro.gov.br/sistemas-internos/apex/producao/sistemas/thot/arquivos/publicacoes/54943_1730238/anexos/28577_919203/Anexo%20RMD_Maio_26.zip
2011-12-31,Governo,governo,26.970171734,5.94673833,5.94673833,5.94673833,453.528812525,453.528812525,OK_EXATO,https://www.tesourotransparente.gov.br/publicacoes/relatorio-mensal-da-divida-rmd/2026/5,https://cdn.tesouro.gov.br/sistemas-internos/apex/producao/sistemas/thot/arquivos/publicacoes/54943_1730238/anexos/28577_919203/Anexo%20RMD_Maio_26.zip
2011-12-31,Seguradoras,seguradoras,28.282904727,6.236186973,6.236186973,6.236186973,453.528812525,453.528812525,OK_EXATO,https://www.tesourotransparente.gov.br/publicacoes/relatorio-mensal-da-divida-rmd/2026/5,https://cdn.tesouro.gov.br/sistemas-internos/apex/producao/sistemas/thot/arquivos/publicacoes/54943_1730238/anexos/28577_919203/Anexo%20RMD_Maio_26.zip
2011-12-31,Outros,outros,16.772436098,3.698207398,3.698207398,3.698207398,453.528812525,453.528812525,OK_EXATO,https://www.tesourotransparente.gov.br/publicacoes/relatorio-mensal-da-divida-rmd/2026/5,https://cdn.tesouro.gov.br/sistemas-internos/apex/producao/sistemas/thot/arquivos/publicacoes/54943_1730238/anexos/28577_919203/Anexo%20RMD_Maio_26.zip
2012-01-31,Instituições Financeiras,instituicoes_financeiras,107.59554009,23.076140946,23.076140946,23.076140946,466.263143139,466.263143139,OK_EXATO,https://www.tesourotransparente.gov.br/publicacoes/relatorio-mensal-da-divida-rmd/2026/5,https://cdn.tesouro.gov.br/sistemas-internos/apex/producao/sistemas/thot/arquivos/publicacoes/54943_1730238/anexos/28577_919203/Anexo%20RMD_Maio_26.zip
2012-01-31,Fundos,fundos,100.450259506,21.543684287,21.543684287,21.543684287,466.263143139,466.263143139,OK_EXATO,https://www.tesourotransparente.gov.br/publicacoes/relatorio-mensal-da-divida-rmd/2026/5,https://cdn.tesouro.gov.br/sistemas-internos/apex/producao/sistemas/thot/arquivos/publicacoes/54943_1730238/anexos/28577_919203/Anexo%20RMD_Maio_26.zip
2012-01-31,Não-residentes,nao_residentes,30.691255684,6.582389395,6.582389395,6.582389395,466.263143139,466.263143139,OK_EXATO,https://www.tesourotransparente.gov.br/publicacoes/relatorio-mensal-da-divida-rmd/2026/5,https://cdn.tesouro.gov.br/sistemas-internos/apex/producao/sistemas/thot/arquivos/publicacoes/54943_1730238/anexos/28577_919203/Anexo%20RMD_Maio_26.zip
2012-01-31,Previdência,previdencia,153.521527512,32.925941021,32.925941021,32.925941021,466.263143139,466.263143139,OK_EXATO,https://www.tesourotransparente.gov.br/publicacoes/relatorio-mensal-da-divida-rmd/2026/5,https://cdn.tesouro.gov.br/sistemas-internos/apex/producao/sistemas/thot/arquivos/publicacoes/54943_1730238/anexos/28577_919203/Anexo%20RMD_Maio_26.zip
2012-01-31,Governo,governo,27.268221912,5.84824735,5.84824735,5.84824735,466.263143139,466.263143139,OK_EXATO,https://www.tesourotransparente.gov.br/publicacoes/relatorio-mensal-da-divida-rmd/2026/5,https://cdn.tesouro.gov.br/sistemas-internos/apex/producao/sistemas/thot/arquivos/publicacoes/54943_1730238/anexos/28577_919203/Anexo%20RMD_Maio_26.zip
2012-01-31,Seguradoras,seguradoras,29.346095592,6.293891341,6.293891341,6.293891341,466.263143139,466.263143139,OK_EXATO,https://www.tesourotransparente.gov.br/publicacoes/relatorio-mensal-da-divida-rmd/2026/5,https://cdn.tesouro.gov.br/sistemas-internos/apex/producao/sistemas/thot/arquivos/publicacoes/54943_1730238/anexos/28577_919203/Anexo%20RMD_Maio_26.zip
2012-01-31,Outros,outros,17.390242844,3.729705661,3.729705661,3.729705661,466.263143139,466.263143139,OK_EXATO,https://www.tesourotransparente.gov.br/publicacoes/relatorio-mensal-da-divida-rmd/2026/5,https://cdn.tesouro.gov.br/sistemas-internos/apex/producao/sistemas/thot/arquivos/publicacoes/54943_1730238/anexos/28577_919203/Anexo%20RMD_Maio_26.zip
2012-02-29,Instituições Financeiras,instituicoes_financeiras,109.542229922,21.77310845,21.77310845,21.77310845,503.107905682,503.107905682,OK_EXATO,https://www.tesourotransparente.gov.br/publicacoes/relatorio-mensal-da-divida-rmd/2026/5,https://cdn.tesouro.gov.br/sistemas-internos/apex/producao/sistemas/thot/arquivos/publicacoes/54943_1730238/anexos/28577_919203/Anexo%20RMD_Maio_26.zip
2012-02-29,Fundos,fundos,108.628171112,21.591425991,21.591425991,21.591425991,503.107905682,503.107905682,OK_EXATO,https://www.tesourotransparente.gov.br/publicacoes/relatorio-mensal-da-divida-rmd/2026/5,https://cdn.tesouro.gov.br/sistemas-internos/apex/producao/sistemas/thot/arquivos/publicacoes/54943_1730238/anexos/28577_919203/Anexo%20RMD_Maio_26.zip
2012-02-29,Não-residentes,nao_residentes,31.516463895,6.264354732,6.264354732,6.264354732,503.107905682,503.107905682,OK_EXATO,https://www.tesourotransparente.gov.br/publicacoes/relatorio-mensal-da-divida-rmd/2026/5,https://cdn.tesouro.gov.br/sistemas-internos/apex/producao/sistemas/thot/arquivos/publicacoes/54943_1730238/anexos/28577_919203/Anexo%20RMD_Maio_26.zip
2012-02-29,Previdência,previdencia,155.65672234,30.939033273,30.939033273,30.939033273,503.107905682,503.107905682,OK_EXATO,https://www.tesourotransparente.gov.br/publicacoes/relatorio-mensal-da-divida-rmd/2026/5,https://cdn.tesouro.gov.br/sistemas-internos/apex/producao/sistemas/thot/arquivos/publicacoes/54943_1730238/anexos/28577_919203/Anexo%20RMD_Maio_26.zip
2012-02-29,Governo,governo,49.31646732,9.80236382,9.80236382,9.80236382,503.107905682,503.107905682,OK_EXATO,https://www.tesourotransparente.gov.br/publicacoes/relatorio-mensal-da-divida-rmd/2026/5,https://cdn.tesouro.gov.br/sistemas-internos/apex/producao/sistemas/thot/arquivos/publicacoes/54943_1730238/anexos/28577_919203/Anexo%20RMD_Maio_26.zip
2012-02-29,Seguradoras,seguradoras,29.731485236,5.90956431,5.90956431,5.90956431,503.107905682,503.107905682,OK_EXATO,https://www.tesourotransparente.gov.br/publicacoes/relatorio-mensal-da-divida-rmd/2026/5,https://cdn.tesouro.gov.br/sistemas-internos/apex/producao/sistemas/thot/arquivos/publicacoes/54943_1730238/anexos/28577_919203/Anexo%20RMD_Maio_26.zip
2012-02-29,Outros,outros,18.716365857,3.720149424,3.720149424,3.720149424,503.107905682,503.107905682,OK_EXATO,https://www.tesourotransparente.gov.br/publicacoes/relatorio-mensal-da-divida-rmd/2026/5,https://cdn.tesouro.gov.br/sistemas-internos/apex/producao/sistemas/thot/arquivos/publicacoes/54943_1730238/anexos/28577_919203/Anexo%20RMD_Maio_26.zip
2012-03-31,Instituições Financeiras,instituicoes_financeiras,109.680829863,21.319660456,21.319660456,21.319660456,514.458614793,514.458614793,OK_EXATO,https://www.tesourotransparente.gov.br/publicacoes/relatorio-mensal-da-divida-rmd/2026/5,https://cdn.tesouro.gov.br/sistemas-internos/apex/producao/sistemas/thot/arquivos/publicacoes/54943_1730238/anexos/28577_919203/Anexo%20RMD_Maio_26.zip
2012-03-31,Fundos,fundos,114.314238905,22.220298313,22.220298313,22.220298313,514.458614793,514.458614793,OK_EXATO,https://www.tesourotransparente.gov.br/publicacoes/relatorio-mensal-da-divida-rmd/2026/5,https://cdn.tesouro.gov.br/sistemas-internos/apex/producao/sistemas/thot/arquivos/publicacoes/54943_1730238/anexos/28577_919203/Anexo%20RMD_Maio_26.zip
2012-03-31,Não-residentes,nao_residentes,31.749058656,6.171353291,6.171353291,6.171353291,514.458614793,514.458614793,OK_EXATO,https://www.tesourotransparente.gov.br/publicacoes/relatorio-mensal-da-divida-rmd/2026/5,https://cdn.tesouro.gov.br/sistemas-internos/apex/producao/sistemas/thot/arquivos/publicacoes/54943_1730238/anexos/28577_919203/Anexo%20RMD_Maio_26.zip
2012-03-31,Previdência,previdencia,158.128884892,30.736949552,30.736949552,30.736949552,514.458614793,514.458614793,OK_EXATO,https://www.tesourotransparente.gov.br/publicacoes/relatorio-mensal-da-divida-rmd/2026/5,https://cdn.tesouro.gov.br/sistemas-internos/apex/producao/sistemas/thot/arquivos/publicacoes/54943_1730238/anexos/28577_919203/Anexo%20RMD_Maio_26.zip
2012-03-31,Governo,governo,50.907287634,9.895312503,9.895312503,9.895312503,514.458614793,514.458614793,OK_EXATO,https://www.tesourotransparente.gov.br/publicacoes/relatorio-mensal-da-divida-rmd/2026/5,https://cdn.tesouro.gov.br/sistemas-internos/apex/producao/sistemas/thot/arquivos/publicacoes/54943_1730238/anexos/28577_919203/Anexo%20RMD_Maio_26.zip
2012-03-31,Seguradoras,seguradoras,30.678119675,5.963185141,5.963185141,5.963185141,514.458614793,514.458614793,OK_EXATO,https://www.tesourotransparente.gov.br/publicacoes/relatorio-mensal-da-divida-rmd/2026/5,https://cdn.tesouro.gov.br/sistemas-internos/apex/producao/sistemas/thot/arquivos/publicacoes/54943_1730238/anexos/28577_919203/Anexo%20RMD_Maio_26.zip
2012-03-31,Outros,outros,19.000195168,3.693240743,3.693240743,3.693240743,514.458614793,514.458614793,OK_EXATO,https://www.tesourotransparente.gov.br/publicacoes/relatorio-mensal-da-divida-rmd/2026/5,https://cdn.tesouro.gov.br/sistemas-internos/apex/producao/sistemas/thot/arquivos/publicacoes/54943_1730238/anexos/28577_919203/Anexo%20RMD_Maio_26.zip
2012-04-30,Instituições Financeiras,instituicoes_financeiras,115.368106937,21.872409224,21.872409224,21.872409224,527.459530216,527.459530216,OK_EXATO,https://www.tesourotransparente.gov.br/publicacoes/relatorio-mensal-da-divida-rmd/2026/5,https://cdn.tesouro.gov.br/sistemas-internos/apex/producao/sistemas/thot/arquivos/publicacoes/54943_1730238/anexos/28577_919203/Anexo%20RMD_Maio_26.zip
2012-04-30,Fundos,fundos,116.760894275,22.136464996,22.136464996,22.136464996,527.459530216,527.459530216,OK_EXATO,https://www.tesourotransparente.gov.br/publicacoes/relatorio-mensal-da-divida-rmd/2026/5,https://cdn.tesouro.gov.br/sistemas-internos/apex/producao/sistemas/thot/arquivos/publicacoes/54943_1730238/anexos/28577_919203/Anexo%20RMD_Maio_26.zip
2012-04-30,Não-residentes,nao_residentes,34.029780424,6.451638178,6.451638178,6.451638178,527.459530216,527.459530216,OK_EXATO,https://www.tesourotransparente.gov.br/publicacoes/relatorio-mensal-da-divida-rmd/2026/5,https://cdn.tesouro.gov.br/sistemas-internos/apex/producao/sistemas/thot/arquivos/publicacoes/54943_1730238/anexos/28577_919203/Anexo%20RMD_Maio_26.zip
2012-04-30,Previdência,previdencia,159.631129414,30.264147346,30.264147346,30.264147346,527.459530216,527.459530216,OK_EXATO,https://www.tesourotransparente.gov.br/publicacoes/relatorio-mensal-da-divida-rmd/2026/5,https://cdn.tesouro.gov.br/sistemas-internos/apex/producao/sistemas/thot/arquivos/publicacoes/54943_1730238/anexos/28577_919203/Anexo%20RMD_Maio_26.zip
2012-04-30,Governo,governo,52.429047172,9.939918452,9.939918452,9.939918452,527.459530216,527.459530216,OK_EXATO,https://www.tesourotransparente.gov.br/publicacoes/relatorio-mensal-da-divida-rmd/2026/5,https://cdn.tesouro.gov.br/sistemas-internos/apex/producao/sistemas/thot/arquivos/publicacoes/54943_1730238/anexos/28577_919203/Anexo%20RMD_Maio_26.zip
2012-04-30,Seguradoras,seguradoras,30.549103702,5.791743622,5.791743622,5.791743622,527.459530216,527.459530216,OK_EXATO,https://www.tesourotransparente.gov.br/publicacoes/relatorio-mensal-da-divida-rmd/2026/5,https://cdn.tesouro.gov.br/sistemas-internos/apex/producao/sistemas/thot/arquivos/publicacoes/54943_1730238/anexos/28577_919203/Anexo%20RMD_Maio_26.zip
2012-04-30,Outros,outros,18.691468292,3.543678182,3.543678182,3.543678182,527.459530216,527.459530216,OK_EXATO,https://www.tesourotransparente.gov.br/publicacoes/relatorio-mensal-da-divida-rmd/2026/5,https://cdn.tesouro.gov.br/sistemas-internos/apex/producao/sistemas/thot/arquivos/publicacoes/54943_1730238/anexos/28577_919203/Anexo%20RMD_Maio_26.zip
2012-05-31,Instituições Financeiras,instituicoes_financeiras,114.360666282,21.482909269,21.482909269,21.482909269,532.333236846,532.333236846,OK_EXATO,https://www.tesourotransparente.gov.br/publicacoes/relatorio-mensal-da-divida-rmd/2026/5,https://cdn.tesouro.gov.br/sistemas-internos/apex/producao/sistemas/thot/arquivos/publicacoes/54943_1730238/anexos/28577_919203/Anexo%20RMD_Maio_26.zip
2012-05-31,Fundos,fundos,115.634479931,21.722198038,21.722198038,21.722198038,532.333236846,532.333236846,OK_EXATO,https://www.tesourotransparente.gov.br/publicacoes/relatorio-mensal-da-divida-rmd/2026/5,https://cdn.tesouro.gov.br/sistemas-internos/apex/producao/sistemas/thot/arquivos/publicacoes/54943_1730238/anexos/28577_919203/Anexo%20RMD_Maio_26.zip
2012-05-31,Não-residentes,nao_residentes,35.375246373,6.645319872,6.645319872,6.645319872,532.333236846,532.333236846,OK_EXATO,https://www.tesourotransparente.gov.br/publicacoes/relatorio-mensal-da-divida-rmd/2026/5,https://cdn.tesouro.gov.br/sistemas-internos/apex/producao/sistemas/thot/arquivos/publicacoes/54943_1730238/anexos/28577_919203/Anexo%20RMD_Maio_26.zip
2012-05-31,Previdência,previdencia,160.116982555,30.078336552,30.078336552,30.078336552,532.333236846,532.333236846,OK_EXATO,https://www.tesourotransparente.gov.br/publicacoes/relatorio-mensal-da-divida-rmd/2026/5,https://cdn.tesouro.gov.br/sistemas-internos/apex/producao/sistemas/thot/arquivos/publicacoes/54943_1730238/anexos/28577_919203/Anexo%20RMD_Maio_26.zip
2012-05-31,Governo,governo,56.582878378,10.629221409,10.629221409,10.629221409,532.333236846,532.333236846,OK_EXATO,https://www.tesourotransparente.gov.br/publicacoes/relatorio-mensal-da-divida-rmd/2026/5,https://cdn.tesouro.gov.br/sistemas-internos/apex/producao/sistemas/thot/arquivos/publicacoes/54943_1730238/anexos/28577_919203/Anexo%20RMD_Maio_26.zip
2012-05-31,Seguradoras,seguradoras,31.516009181,5.920353455,5.920353455,5.920353455,532.333236846,532.333236846,OK_EXATO,https://www.tesourotransparente.gov.br/publicacoes/relatorio-mensal-da-divida-rmd/2026/5,https://cdn.tesouro.gov.br/sistemas-internos/apex/producao/sistemas/thot/arquivos/publicacoes/54943_1730238/anexos/28577_919203/Anexo%20RMD_Maio_26.zip
2012-05-31,Outros,outros,18.746974146,3.521661405,3.521661405,3.521661405,532.333236846,532.333236846,OK_EXATO,https://www.tesourotransparente.gov.br/publicacoes/relatorio-mensal-da-divida-rmd/2026/5,https://cdn.tesouro.gov.br/sistemas-internos/apex/producao/sistemas/thot/arquivos/publicacoes/54943_1730238/anexos/28577_919203/Anexo%20RMD_Maio_26.zip
2012-06-30,Instituições Financeiras,instituicoes_financeiras,117.890277816,20.67144271,20.67144271,20.67144271,570.305031283,570.305031283,OK_EXATO,https://www.tesourotransparente.gov.br/publicacoes/relatorio-mensal-da-divida-rmd/2026/5,https://cdn.tesouro.gov.br/sistemas-internos/apex/producao/sistemas/thot/arquivos/publicacoes/54943_1730238/anexos/28577_919203/Anexo%20RMD_Maio_26.zip
2012-06-30,Fundos,fundos,108.083468959,18.951870145,18.951870145,18.951870145,570.305031283,570.305031283,OK_EXATO,https://www.tesourotransparente.gov.br/publicacoes/relatorio-mensal-da-divida-rmd/2026/5,https://cdn.tesouro.gov.br/sistemas-internos/apex/producao/sistemas/thot/arquivos/publicacoes/54943_1730238/anexos/28577_919203/Anexo%20RMD_Maio_26.zip
2012-06-30,Não-residentes,nao_residentes,36.189558886,6.345649591,6.345649591,6.345649591,570.305031283,570.305031283,OK_EXATO,https://www.tesourotransparente.gov.br/publicacoes/relatorio-mensal-da-divida-rmd/2026/5,https://cdn.tesouro.gov.br/sistemas-internos/apex/producao/sistemas/thot/arquivos/publicacoes/54943_1730238/anexos/28577_919203/Anexo%20RMD_Maio_26.zip
2012-06-30,Previdência,previdencia,180.481816423,31.646541153,31.646541153,31.646541153,570.305031283,570.305031283,OK_EXATO,https://www.tesourotransparente.gov.br/publicacoes/relatorio-mensal-da-divida-rmd/2026/5,https://cdn.tesouro.gov.br/sistemas-internos/apex/producao/sistemas/thot/arquivos/publicacoes/54943_1730238/anexos/28577_919203/Anexo%20RMD_Maio_26.zip
2012-06-30,Governo,governo,85.974468616,15.075172741,15.075172741,15.075172741,570.305031283,570.305031283,OK_EXATO,https://www.tesourotransparente.gov.br/publicacoes/relatorio-mensal-da-divida-rmd/2026/5,https://cdn.tesouro.gov.br/sistemas-internos/apex/producao/sistemas/thot/arquivos/publicacoes/54943_1730238/anexos/28577_919203/Anexo%20RMD_Maio_26.zip
2012-06-30,Seguradoras,seguradoras,22.638717659,3.969580561,3.969580561,3.969580561,570.305031283,570.305031283,OK_EXATO,https://www.tesourotransparente.gov.br/publicacoes/relatorio-mensal-da-divida-rmd/2026/5,https://cdn.tesouro.gov.br/sistemas-internos/apex/producao/sistemas/thot/arquivos/publicacoes/54943_1730238/anexos/28577_919203/Anexo%20RMD_Maio_26.zip
2012-06-30,Outros,outros,19.046722923,3.339743099,3.339743099,3.339743099,570.305031283,570.305031283,OK_EXATO,https://www.tesourotransparente.gov.br/publicacoes/relatorio-mensal-da-divida-rmd/2026/5,https://cdn.tesouro.gov.br/sistemas-internos/apex/producao/sistemas/thot/arquivos/publicacoes/54943_1730238/anexos/28577_919203/Anexo%20RMD_Maio_26.zip
2012-07-31,Instituições Financeiras,instituicoes_financeiras,118.020634131,20.325933167,20.325933167,20.325933167,580.640668051,580.640668051,OK_EXATO,https://www.tesourotransparente.gov.br/publicacoes/relatorio-mensal-da-divida-rmd/2026/5,https://cdn.tesouro.gov.br/sistemas-internos/apex/producao/sistemas/thot/arquivos/publicacoes/54943_1730238/anexos/28577_919203/Anexo%20RMD_Maio_26.zip
2012-07-31,Fundos,fundos,114.783855348,19.768483619,19.768483619,19.768483619,580.640668051,580.640668051,OK_EXATO,https://www.tesourotransparente.gov.br/publicacoes/relatorio-mensal-da-divida-rmd/2026/5,https://cdn.tesouro.gov.br/sistemas-internos/apex/producao/sistemas/thot/arquivos/publicacoes/54943_1730238/anexos/28577_919203/Anexo%20RMD_Maio_26.zip
2012-07-31,Não-residentes,nao_residentes,40.493694925,6.973968093,6.973968093,6.973968093,580.640668051,580.640668051,OK_EXATO,https://www.tesourotransparente.gov.br/publicacoes/relatorio-mensal-da-divida-rmd/2026/5,https://cdn.tesouro.gov.br/sistemas-internos/apex/producao/sistemas/thot/arquivos/publicacoes/54943_1730238/anexos/28577_919203/Anexo%20RMD_Maio_26.zip
2012-07-31,Previdência,previdencia,178.501215873,30.74211396,30.74211396,30.74211396,580.640668051,580.640668051,OK_EXATO,https://www.tesourotransparente.gov.br/publicacoes/relatorio-mensal-da-divida-rmd/2026/5,https://cdn.tesouro.gov.br/sistemas-internos/apex/producao/sistemas/thot/arquivos/publicacoes/54943_1730238/anexos/28577_919203/Anexo%20RMD_Maio_26.zip
2012-07-31,Governo,governo,86.630960689,14.919892018,14.919892018,14.919892018,580.640668051,580.640668051,OK_EXATO,https://www.tesourotransparente.gov.br/publicacoes/relatorio-mensal-da-divida-rmd/2026/5,https://cdn.tesouro.gov.br/sistemas-internos/apex/producao/sistemas/thot/arquivos/publicacoes/54943_1730238/anexos/28577_919203/Anexo%20RMD_Maio_26.zip
2012-07-31,Seguradoras,seguradoras,22.698057038,3.909140074,3.909140074,3.909140074,580.640668051,580.640668051,OK_EXATO,https://www.tesourotransparente.gov.br/publicacoes/relatorio-mensal-da-divida-rmd/2026/5,https://cdn.tesouro.gov.br/sistemas-internos/apex/producao/sistemas/thot/arquivos/publicacoes/54943_1730238/anexos/28577_919203/Anexo%20RMD_Maio_26.zip
2012-07-31,Outros,outros,19.512250047,3.360469068,3.360469068,3.360469068,580.640668051,580.640668051,OK_EXATO,https://www.tesourotransparente.gov.br/publicacoes/relatorio-mensal-da-divida-rmd/2026/5,https://cdn.tesouro.gov.br/sistemas-internos/apex/producao/sistemas/thot/arquivos/publicacoes/54943_1730238/anexos/28577_919203/Anexo%20RMD_Maio_26.zip
2012-08-31,Instituições Financeiras,instituicoes_financeiras,100.635466784,18.429925715,18.429925715,18.429925715,546.043800391,546.043800391,OK_EXATO,https://www.tesourotransparente.gov.br/publicacoes/relatorio-mensal-da-divida-rmd/2026/5,https://cdn.tesouro.gov.br/sistemas-internos/apex/producao/sistemas/thot/arquivos/publicacoes/54943_1730238/anexos/28577_919203/Anexo%20RMD_Maio_26.zip
2012-08-31,Fundos,fundos,105.536960266,19.327563135,19.327563135,19.327563135,546.043800391,546.043800391,OK_EXATO,https://www.tesourotransparente.gov.br/publicacoes/relatorio-mensal-da-divida-rmd/2026/5,https://cdn.tesouro.gov.br/sistemas-internos/apex/producao/sistemas/thot/arquivos/publicacoes/54943_1730238/anexos/28577_919203/Anexo%20RMD_Maio_26.zip
2012-08-31,Não-residentes,nao_residentes,40.273517657,7.375510468,7.375510468,7.375510468,546.043800391,546.043800391,OK_EXATO,https://www.tesourotransparente.gov.br/publicacoes/relatorio-mensal-da-divida-rmd/2026/5,https://cdn.tesouro.gov.br/sistemas-internos/apex/producao/sistemas/thot/arquivos/publicacoes/54943_1730238/anexos/28577_919203/Anexo%20RMD_Maio_26.zip
2012-08-31,Previdência,previdencia,176.662832333,32.353234705,32.353234705,32.353234705,546.043800391,546.043800391,OK_EXATO,https://www.tesourotransparente.gov.br/publicacoes/relatorio-mensal-da-divida-rmd/2026/5,https://cdn.tesouro.gov.br/sistemas-internos/apex/producao/sistemas/thot/arquivos/publicacoes/54943_1730238/anexos/28577_919203/Anexo%20RMD_Maio_26.zip
2012-08-31,Governo,governo,79.190987709,14.502680491,14.502680491,14.502680491,546.043800391,546.043800391,OK_EXATO,https://www.tesourotransparente.gov.br/publicacoes/relatorio-mensal-da-divida-rmd/2026/5,https://cdn.tesouro.gov.br/sistemas-internos/apex/producao/sistemas/thot/arquivos/publicacoes/54943_1730238/anexos/28577_919203/Anexo%20RMD_Maio_26.zip
2012-08-31,Seguradoras,seguradoras,24.738560466,4.530508441,4.530508441,4.530508441,546.043800391,546.043800391,OK_EXATO,https://www.tesourotransparente.gov.br/publicacoes/relatorio-mensal-da-divida-rmd/2026/5,https://cdn.tesouro.gov.br/sistemas-internos/apex/producao/sistemas/thot/arquivos/publicacoes/54943_1730238/anexos/28577_919203/Anexo%20RMD_Maio_26.zip
2012-08-31,Outros,outros,19.005475176,3.480577046,3.480577046,3.480577046,546.043800391,546.043800391,OK_EXATO,https://www.tesourotransparente.gov.br/publicacoes/relatorio-mensal-da-divida-rmd/2026/5,https://cdn.tesouro.gov.br/sistemas-internos/apex/producao/sistemas/thot/arquivos/publicacoes/54943_1730238/anexos/28577_919203/Anexo%20RMD_Maio_26.zip
2012-09-30,Instituições Financeiras,instituicoes_financeiras,105.963940733,18.654521975,18.654521975,18.654521975,568.033535661,568.033535661,OK_EXATO,https://www.tesourotransparente.gov.br/publicacoes/relatorio-mensal-da-divida-rmd/2026/5,https://cdn.tesouro.gov.br/sistemas-internos/apex/producao/sistemas/thot/arquivos/publicacoes/54943_1730238/anexos/28577_919203/Anexo%20RMD_Maio_26.zip
2012-09-30,Fundos,fundos,112.042388329,19.72460802,19.72460802,19.72460802,568.033535661,568.033535661,OK_EXATO,https://www.tesourotransparente.gov.br/publicacoes/relatorio-mensal-da-divida-rmd/2026/5,https://cdn.tesouro.gov.br/sistemas-internos/apex/producao/sistemas/thot/arquivos/publicacoes/54943_1730238/anexos/28577_919203/Anexo%20RMD_Maio_26.zip
2012-09-30,Não-residentes,nao_residentes,44.300047738,7.798843723,7.798843723,7.798843723,568.033535661,568.033535661,OK_EXATO,https://www.tesourotransparente.gov.br/publicacoes/relatorio-mensal-da-divida-rmd/2026/5,https://cdn.tesouro.gov.br/sistemas-internos/apex/producao/sistemas/thot/arquivos/publicacoes/54943_1730238/anexos/28577_919203/Anexo%20RMD_Maio_26.zip
2012-09-30,Previdência,previdencia,177.093407259,31.176576054,31.176576054,31.176576054,568.033535661,568.033535661,OK_EXATO,https://www.tesourotransparente.gov.br/publicacoes/relatorio-mensal-da-divida-rmd/2026/5,https://cdn.tesouro.gov.br/sistemas-internos/apex/producao/sistemas/thot/arquivos/publicacoes/54943_1730238/anexos/28577_919203/Anexo%20RMD_Maio_26.zip
2012-09-30,Governo,governo,80.746486643,14.215091464,14.215091464,14.215091464,568.033535661,568.033535661,OK_EXATO,https://www.tesourotransparente.gov.br/publicacoes/relatorio-mensal-da-divida-rmd/2026/5,https://cdn.tesouro.gov.br/sistemas-internos/apex/producao/sistemas/thot/arquivos/publicacoes/54943_1730238/anexos/28577_919203/Anexo%20RMD_Maio_26.zip
2012-09-30,Seguradoras,seguradoras,27.09194381,4.769426822,4.769426822,4.769426822,568.033535661,568.033535661,OK_EXATO,https://www.tesourotransparente.gov.br/publicacoes/relatorio-mensal-da-divida-rmd/2026/5,https://cdn.tesouro.gov.br/sistemas-internos/apex/producao/sistemas/thot/arquivos/publicacoes/54943_1730238/anexos/28577_919203/Anexo%20RMD_Maio_26.zip
2012-09-30,Outros,outros,20.795321149,3.660931942,3.660931942,3.660931942,568.033535661,568.033535661,OK_EXATO,https://www.tesourotransparente.gov.br/publicacoes/relatorio-mensal-da-divida-rmd/2026/5,https://cdn.tesouro.gov.br/sistemas-internos/apex/producao/sistemas/thot/arquivos/publicacoes/54943_1730238/anexos/28577_919203/Anexo%20RMD_Maio_26.zip
2012-10-31,Instituições Financeiras,instituicoes_financeiras,105.231170582,18.140374229,18.140374229,18.140374229,580.093713912,580.093713912,OK_EXATO,https://www.tesourotransparente.gov.br/publicacoes/relatorio-mensal-da-divida-rmd/2026/5,https://cdn.tesouro.gov.br/sistemas-internos/apex/producao/sistemas/thot/arquivos/publicacoes/54943_1730238/anexos/28577_919203/Anexo%20RMD_Maio_26.zip
2012-10-31,Fundos,fundos,118.61570394,20.44767959,20.44767959,20.44767959,580.093713912,580.093713912,OK_EXATO,https://www.tesourotransparente.gov.br/publicacoes/relatorio-mensal-da-divida-rmd/2026/5,https://cdn.tesouro.gov.br/sistemas-internos/apex/producao/sistemas/thot/arquivos/publicacoes/54943_1730238/anexos/28577_919203/Anexo%20RMD_Maio_26.zip
2012-10-31,Não-residentes,nao_residentes,49.613353612,8.552644585,8.552644585,8.552644585,580.093713912,580.093713912,OK_EXATO,https://www.tesourotransparente.gov.br/publicacoes/relatorio-mensal-da-divida-rmd/2026/5,https://cdn.tesouro.gov.br/sistemas-internos/apex/producao/sistemas/thot/arquivos/publicacoes/54943_1730238/anexos/28577_919203/Anexo%20RMD_Maio_26.zip
2012-10-31,Previdência,previdencia,179.606380609,30.961614701,30.961614701,30.961614701,580.093713912,580.093713912,OK_EXATO,https://www.tesourotransparente.gov.br/publicacoes/relatorio-mensal-da-divida-rmd/2026/5,https://cdn.tesouro.gov.br/sistemas-internos/apex/producao/sistemas/thot/arquivos/publicacoes/54943_1730238/anexos/28577_919203/Anexo%20RMD_Maio_26.zip
2012-10-31,Governo,governo,80.6597327,13.904603819,13.904603819,13.904603819,580.093713912,580.093713912,OK_EXATO,https://www.tesourotransparente.gov.br/publicacoes/relatorio-mensal-da-divida-rmd/2026/5,https://cdn.tesouro.gov.br/sistemas-internos/apex/producao/sistemas/thot/arquivos/publicacoes/54943_1730238/anexos/28577_919203/Anexo%20RMD_Maio_26.zip
2012-10-31,Seguradoras,seguradoras,27.284591419,4.703479932,4.703479932,4.703479932,580.093713912,580.093713912,OK_EXATO,https://www.tesourotransparente.gov.br/publicacoes/relatorio-mensal-da-divida-rmd/2026/5,https://cdn.tesouro.gov.br/sistemas-internos/apex/producao/sistemas/thot/arquivos/publicacoes/54943_1730238/anexos/28577_919203/Anexo%20RMD_Maio_26.zip
2012-10-31,Outros,outros,19.082781052,3.289603144,3.289603144,3.289603144,580.093713912,580.093713912,OK_EXATO,https://www.tesourotransparente.gov.br/publicacoes/relatorio-mensal-da-divida-rmd/2026/5,https://cdn.tesouro.gov.br/sistemas-internos/apex/producao/sistemas/thot/arquivos/publicacoes/54943_1730238/anexos/28577_919203/Anexo%20RMD_Maio_26.zip
2012-11-30,Instituições Financeiras,instituicoes_financeiras,101.157892435,17.283688598,17.283688598,17.283688598,585.279536023,585.279536023,OK_EXATO,https://www.tesourotransparente.gov.br/publicacoes/relatorio-mensal-da-divida-rmd/2026/5,https://cdn.tesouro.gov.br/sistemas-internos/apex/producao/sistemas/thot/arquivos/publicacoes/54943_1730238/anexos/28577_919203/Anexo%20RMD_Maio_26.zip
2012-11-30,Fundos,fundos,128.290714451,21.919562629,21.919562629,21.919562629,585.279536023,585.279536023,OK_EXATO,https://www.tesourotransparente.gov.br/publicacoes/relatorio-mensal-da-divida-rmd/2026/5,https://cdn.tesouro.gov.br/sistemas-internos/apex/producao/sistemas/thot/arquivos/publicacoes/54943_1730238/anexos/28577_919203/Anexo%20RMD_Maio_26.zip
2012-11-30,Não-residentes,nao_residentes,52.199356699,8.918705249,8.918705249,8.918705249,585.279536023,585.279536023,OK_EXATO,https://www.tesourotransparente.gov.br/publicacoes/relatorio-mensal-da-divida-rmd/2026/5,https://cdn.tesouro.gov.br/sistemas-internos/apex/producao/sistemas/thot/arquivos/publicacoes/54943_1730238/anexos/28577_919203/Anexo%20RMD_Maio_26.zip
2012-11-30,Previdência,previdencia,177.024952893,30.246222873,30.246222873,30.246222873,585.279536023,585.279536023,OK_EXATO,https://www.tesourotransparente.gov.br/publicacoes/relatorio-mensal-da-divida-rmd/2026/5,https://cdn.tesouro.gov.br/sistemas-internos/apex/producao/sistemas/thot/arquivos/publicacoes/54943_1730238/anexos/28577_919203/Anexo%20RMD_Maio_26.zip
2012-11-30,Governo,governo,81.396808077,13.907338813,13.907338813,13.907338813,585.279536023,585.279536023,OK_EXATO,https://www.tesourotransparente.gov.br/publicacoes/relatorio-mensal-da-divida-rmd/2026/5,https://cdn.tesouro.gov.br/sistemas-internos/apex/producao/sistemas/thot/arquivos/publicacoes/54943_1730238/anexos/28577_919203/Anexo%20RMD_Maio_26.zip
2012-11-30,Seguradoras,seguradoras,27.976221082,4.779975953,4.779975953,4.779975953,585.279536023,585.279536023,OK_EXATO,https://www.tesourotransparente.gov.br/publicacoes/relatorio-mensal-da-divida-rmd/2026/5,https://cdn.tesouro.gov.br/sistemas-internos/apex/producao/sistemas/thot/arquivos/publicacoes/54943_1730238/anexos/28577_919203/Anexo%20RMD_Maio_26.zip
2012-11-30,Outros,outros,17.233590386,2.944505886,2.944505886,2.944505886,585.279536023,585.279536023,OK_EXATO,https://www.tesourotransparente.gov.br/publicacoes/relatorio-mensal-da-divida-rmd/2026/5,https://cdn.tesouro.gov.br/sistemas-internos/apex/producao/sistemas/thot/arquivos/publicacoes/54943_1730238/anexos/28577_919203/Anexo%20RMD_Maio_26.zip
2012-12-31,Instituições Financeiras,instituicoes_financeiras,108.124080138,17.956659615,17.956659615,17.956659615,602.139164285,602.139164285,OK_EXATO,https://www.tesourotransparente.gov.br/publicacoes/relatorio-mensal-da-divida-rmd/2026/5,https://cdn.tesouro.gov.br/sistemas-internos/apex/producao/sistemas/thot/arquivos/publicacoes/54943_1730238/anexos/28577_919203/Anexo%20RMD_Maio_26.zip
2012-12-31,Fundos,fundos,126.684720023,21.039109817,21.039109817,21.039109817,602.139164285,602.139164285,OK_EXATO,https://www.tesourotransparente.gov.br/publicacoes/relatorio-mensal-da-divida-rmd/2026/5,https://cdn.tesouro.gov.br/sistemas-internos/apex/producao/sistemas/thot/arquivos/publicacoes/54943_1730238/anexos/28577_919203/Anexo%20RMD_Maio_26.zip
2012-12-31,Não-residentes,nao_residentes,56.009500314,9.301753421,9.301753421,9.301753421,602.139164285,602.139164285,OK_EXATO,https://www.tesourotransparente.gov.br/publicacoes/relatorio-mensal-da-divida-rmd/2026/5,https://cdn.tesouro.gov.br/sistemas-internos/apex/producao/sistemas/thot/arquivos/publicacoes/54943_1730238/anexos/28577_919203/Anexo%20RMD_Maio_26.zip
2012-12-31,Previdência,previdencia,183.68032394,30.504629965,30.504629965,30.504629965,602.139164285,602.139164285,OK_EXATO,https://www.tesourotransparente.gov.br/publicacoes/relatorio-mensal-da-divida-rmd/2026/5,https://cdn.tesouro.gov.br/sistemas-internos/apex/producao/sistemas/thot/arquivos/publicacoes/54943_1730238/anexos/28577_919203/Anexo%20RMD_Maio_26.zip
2012-12-31,Governo,governo,80.173788915,13.314827148,13.314827148,13.314827148,602.139164285,602.139164285,OK_EXATO,https://www.tesourotransparente.gov.br/publicacoes/relatorio-mensal-da-divida-rmd/2026/5,https://cdn.tesouro.gov.br/sistemas-internos/apex/producao/sistemas/thot/arquivos/publicacoes/54943_1730238/anexos/28577_919203/Anexo%20RMD_Maio_26.zip
2012-12-31,Seguradoras,seguradoras,29.929541637,4.970535619,4.970535619,4.970535619,602.139164285,602.139164285,OK_EXATO,https://www.tesourotransparente.gov.br/publicacoes/relatorio-mensal-da-divida-rmd/2026/5,https://cdn.tesouro.gov.br/sistemas-internos/apex/producao/sistemas/thot/arquivos/publicacoes/54943_1730238/anexos/28577_919203/Anexo%20RMD_Maio_26.zip
2012-12-31,Outros,outros,17.537209318,2.912484415,2.912484415,2.912484415,602.139164285,602.139164285,OK_EXATO,https://www.tesourotransparente.gov.br/publicacoes/relatorio-mensal-da-divida-rmd/2026/5,https://cdn.tesouro.gov.br/sistemas-internos/apex/producao/sistemas/thot/arquivos/publicacoes/54943_1730238/anexos/28577_919203/Anexo%20RMD_Maio_26.zip
2013-01-31,Instituições Financeiras,instituicoes_financeiras,98.420053901,15.966501918,15.966501918,15.966501918,616.415883735,616.415883735,OK_EXATO,https://www.tesourotransparente.gov.br/publicacoes/relatorio-mensal-da-divida-rmd/2026/5,https://cdn.tesouro.gov.br/sistemas-internos/apex/producao/sistemas/thot/arquivos/publicacoes/54943_1730238/anexos/28577_919203/Anexo%20RMD_Maio_26.zip
2013-01-31,Fundos,fundos,133.680773161,21.686782688,21.686782688,21.686782688,616.415883735,616.415883735,OK_EXATO,https://www.tesourotransparente.gov.br/publicacoes/relatorio-mensal-da-divida-rmd/2026/5,https://cdn.tesouro.gov.br/sistemas-internos/apex/producao/sistemas/thot/arquivos/publicacoes/54943_1730238/anexos/28577_919203/Anexo%20RMD_Maio_26.zip
2013-01-31,Não-residentes,nao_residentes,57.342120572,9.302505352,9.302505352,9.302505352,616.415883735,616.415883735,OK_EXATO,https://www.tesourotransparente.gov.br/publicacoes/relatorio-mensal-da-divida-rmd/2026/5,https://cdn.tesouro.gov.br/sistemas-internos/apex/producao/sistemas/thot/arquivos/publicacoes/54943_1730238/anexos/28577_919203/Anexo%20RMD_Maio_26.zip
2013-01-31,Previdência,previdencia,191.517136833,31.069468177,31.069468177,31.069468177,616.415883735,616.415883735,OK_EXATO,https://www.tesourotransparente.gov.br/publicacoes/relatorio-mensal-da-divida-rmd/2026/5,https://cdn.tesouro.gov.br/sistemas-internos/apex/producao/sistemas/thot/arquivos/publicacoes/54943_1730238/anexos/28577_919203/Anexo%20RMD_Maio_26.zip
2013-01-31,Governo,governo,85.357261089,13.847349386,13.847349386,13.847349386,616.415883735,616.415883735,OK_EXATO,https://www.tesourotransparente.gov.br/publicacoes/relatorio-mensal-da-divida-rmd/2026/5,https://cdn.tesouro.gov.br/sistemas-internos/apex/producao/sistemas/thot/arquivos/publicacoes/54943_1730238/anexos/28577_919203/Anexo%20RMD_Maio_26.zip
2013-01-31,Seguradoras,seguradoras,31.640789622,5.133026331,5.133026331,5.133026331,616.415883735,616.415883735,OK_EXATO,https://www.tesourotransparente.gov.br/publicacoes/relatorio-mensal-da-divida-rmd/2026/5,https://cdn.tesouro.gov.br/sistemas-internos/apex/producao/sistemas/thot/arquivos/publicacoes/54943_1730238/anexos/28577_919203/Anexo%20RMD_Maio_26.zip
2013-01-31,Outros,outros,18.457748556,2.994366148,2.994366148,2.994366148,616.415883735,616.415883735,OK_EXATO,https://www.tesourotransparente.gov.br/publicacoes/relatorio-mensal-da-divida-rmd/2026/5,https://cdn.tesouro.gov.br/sistemas-internos/apex/producao/sistemas/thot/arquivos/publicacoes/54943_1730238/anexos/28577_919203/Anexo%20RMD_Maio_26.zip
2013-02-28,Instituições Financeiras,instituicoes_financeiras,104.156259997,16.908636185,16.908636185,16.908636185,615.994447183,615.994447183,OK_EXATO,https://www.tesourotransparente.gov.br/publicacoes/relatorio-mensal-da-divida-rmd/2026/5,https://cdn.tesouro.gov.br/sistemas-internos/apex/producao/sistemas/thot/arquivos/publicacoes/54943_1730238/anexos/28577_919203/Anexo%20RMD_Maio_26.zip
2013-02-28,Fundos,fundos,130.381084387,21.165951249,21.165951249,21.165951249,615.994447183,615.994447183,OK_EXATO,https://www.tesourotransparente.gov.br/publicacoes/relatorio-mensal-da-divida-rmd/2026/5,https://cdn.tesouro.gov.br/sistemas-internos/apex/producao/sistemas/thot/arquivos/publicacoes/54943_1730238/anexos/28577_919203/Anexo%20RMD_Maio_26.zip
2013-02-28,Não-residentes,nao_residentes,54.917875143,8.915319837,8.915319837,8.915319837,615.994447183,615.994447183,OK_EXATO,https://www.tesourotransparente.gov.br/publicacoes/relatorio-mensal-da-divida-rmd/2026/5,https://cdn.tesouro.gov.br/sistemas-internos/apex/producao/sistemas/thot/arquivos/publicacoes/54943_1730238/anexos/28577_919203/Anexo%20RMD_Maio_26.zip
2013-02-28,Previdência,previdencia,191.675063557,31.116362239,31.116362239,31.116362239,615.994447183,615.994447183,OK_EXATO,https://www.tesourotransparente.gov.br/publicacoes/relatorio-mensal-da-divida-rmd/2026/5,https://cdn.tesouro.gov.br/sistemas-internos/apex/producao/sistemas/thot/arquivos/publicacoes/54943_1730238/anexos/28577_919203/Anexo%20RMD_Maio_26.zip
2013-02-28,Governo,governo,85.601242624,13.896430887,13.896430887,13.896430887,615.994447183,615.994447183,OK_EXATO,https://www.tesourotransparente.gov.br/publicacoes/relatorio-mensal-da-divida-rmd/2026/5,https://cdn.tesouro.gov.br/sistemas-internos/apex/producao/sistemas/thot/arquivos/publicacoes/54943_1730238/anexos/28577_919203/Anexo%20RMD_Maio_26.zip
2013-02-28,Seguradoras,seguradoras,31.053753462,5.041239187,5.041239187,5.041239187,615.994447183,615.994447183,OK_EXATO,https://www.tesourotransparente.gov.br/publicacoes/relatorio-mensal-da-divida-rmd/2026/5,https://cdn.tesouro.gov.br/sistemas-internos/apex/producao/sistemas/thot/arquivos/publicacoes/54943_1730238/anexos/28577_919203/Anexo%20RMD_Maio_26.zip
2013-02-28,Outros,outros,18.209168014,2.956060415,2.956060415,2.956060415,615.994447183,615.994447183,OK_EXATO,https://www.tesourotransparente.gov.br/publicacoes/relatorio-mensal-da-divida-rmd/2026/5,https://cdn.tesouro.gov.br/sistemas-internos/apex/producao/sistemas/thot/arquivos/publicacoes/54943_1730238/anexos/28577_919203/Anexo%20RMD_Maio_26.zip
2013-03-31,Instituições Financeiras,instituicoes_financeiras,105.88041652,16.951077906,16.951077906,16.951077906,624.623502438,624.623502438,OK_EXATO,https://www.tesourotransparente.gov.br/publicacoes/relatorio-mensal-da-divida-rmd/2026/5,https://cdn.tesouro.gov.br/sistemas-internos/apex/producao/sistemas/thot/arquivos/publicacoes/54943_1730238/anexos/28577_919203/Anexo%20RMD_Maio_26.zip
2013-03-31,Fundos,fundos,131.806543367,21.101758556,21.101758556,21.101758556,624.623502438,624.623502438,OK_EXATO,https://www.tesourotransparente.gov.br/publicacoes/relatorio-mensal-da-divida-rmd/2026/5,https://cdn.tesouro.gov.br/sistemas-internos/apex/producao/sistemas/thot/arquivos/publicacoes/54943_1730238/anexos/28577_919203/Anexo%20RMD_Maio_26.zip
2013-03-31,Não-residentes,nao_residentes,57.009605379,9.127034951,9.127034951,9.127034951,624.623502438,624.623502438,OK_EXATO,https://www.tesourotransparente.gov.br/publicacoes/relatorio-mensal-da-divida-rmd/2026/5,https://cdn.tesouro.gov.br/sistemas-internos/apex/producao/sistemas/thot/arquivos/publicacoes/54943_1730238/anexos/28577_919203/Anexo%20RMD_Maio_26.zip
2013-03-31,Previdência,previdencia,193.618850008,30.997688888,30.997688888,30.997688888,624.623502438,624.623502438,OK_EXATO,https://www.tesourotransparente.gov.br/publicacoes/relatorio-mensal-da-divida-rmd/2026/5,https://cdn.tesouro.gov.br/sistemas-internos/apex/producao/sistemas/thot/arquivos/publicacoes/54943_1730238/anexos/28577_919203/Anexo%20RMD_Maio_26.zip
2013-03-31,Governo,governo,86.696524692,13.879805091,13.879805091,13.879805091,624.623502438,624.623502438,OK_EXATO,https://www.tesourotransparente.gov.br/publicacoes/relatorio-mensal-da-divida-rmd/2026/5,https://cdn.tesouro.gov.br/sistemas-internos/apex/producao/sistemas/thot/arquivos/publicacoes/54943_1730238/anexos/28577_919203/Anexo%20RMD_Maio_26.zip
2013-03-31,Seguradoras,seguradoras,31.084650108,4.976541867,4.976541867,4.976541867,624.623502438,624.623502438,OK_EXATO,https://www.tesourotransparente.gov.br/publicacoes/relatorio-mensal-da-divida-rmd/2026/5,https://cdn.tesouro.gov.br/sistemas-internos/apex/producao/sistemas/thot/arquivos/publicacoes/54943_1730238/anexos/28577_919203/Anexo%20RMD_Maio_26.zip
2013-03-31,Outros,outros,18.526912364,2.966092741,2.966092741,2.966092741,624.623502438,624.623502438,OK_EXATO,https://www.tesourotransparente.gov.br/publicacoes/relatorio-mensal-da-divida-rmd/2026/5,https://cdn.tesouro.gov.br/sistemas-internos/apex/producao/sistemas/thot/arquivos/publicacoes/54943_1730238/anexos/28577_919203/Anexo%20RMD_Maio_26.zip
2013-04-30,Instituições Financeiras,instituicoes_financeiras,119.840134335,18.877812334,18.877812334,18.877812334,634.820032176,634.820032176,OK_EXATO,https://www.tesourotransparente.gov.br/publicacoes/relatorio-mensal-da-divida-rmd/2026/5,https://cdn.tesouro.gov.br/sistemas-internos/apex/producao/sistemas/thot/arquivos/publicacoes/54943_1730238/anexos/28577_919203/Anexo%20RMD_Maio_26.zip
2013-04-30,Fundos,fundos,130.100891521,20.494137697,20.494137697,20.494137697,634.820032176,634.820032176,OK_EXATO,https://www.tesourotransparente.gov.br/publicacoes/relatorio-mensal-da-divida-rmd/2026/5,https://cdn.tesouro.gov.br/sistemas-internos/apex/producao/sistemas/thot/arquivos/publicacoes/54943_1730238/anexos/28577_919203/Anexo%20RMD_Maio_26.zip
2013-04-30,Não-residentes,nao_residentes,52.182040044,8.219973756,8.219973756,8.219973756,634.820032176,634.820032176,OK_EXATO,https://www.tesourotransparente.gov.br/publicacoes/relatorio-mensal-da-divida-rmd/2026/5,https://cdn.tesouro.gov.br/sistemas-internos/apex/producao/sistemas/thot/arquivos/publicacoes/54943_1730238/anexos/28577_919203/Anexo%20RMD_Maio_26.zip
2013-04-30,Previdência,previdencia,193.793618834,30.527332001,30.527332001,30.527332001,634.820032176,634.820032176,OK_EXATO,https://www.tesourotransparente.gov.br/publicacoes/relatorio-mensal-da-divida-rmd/2026/5,https://cdn.tesouro.gov.br/sistemas-internos/apex/producao/sistemas/thot/arquivos/publicacoes/54943_1730238/anexos/28577_919203/Anexo%20RMD_Maio_26.zip
2013-04-30,Governo,governo,87.596920703,13.798701406,13.798701406,13.798701406,634.820032176,634.820032176,OK_EXATO,https://www.tesourotransparente.gov.br/publicacoes/relatorio-mensal-da-divida-rmd/2026/5,https://cdn.tesouro.gov.br/sistemas-internos/apex/producao/sistemas/thot/arquivos/publicacoes/54943_1730238/anexos/28577_919203/Anexo%20RMD_Maio_26.zip
2013-04-30,Seguradoras,seguradoras,32.346870598,5.095439488,5.095439488,5.095439488,634.820032176,634.820032176,OK_EXATO,https://www.tesourotransparente.gov.br/publicacoes/relatorio-mensal-da-divida-rmd/2026/5,https://cdn.tesouro.gov.br/sistemas-internos/apex/producao/sistemas/thot/arquivos/publicacoes/54943_1730238/anexos/28577_919203/Anexo%20RMD_Maio_26.zip
2013-04-30,Outros,outros,18.95955614,2.986603317,2.986603317,2.986603317,634.820032176,634.820032176,OK_EXATO,https://www.tesourotransparente.gov.br/publicacoes/relatorio-mensal-da-divida-rmd/2026/5,https://cdn.tesouro.gov.br/sistemas-internos/apex/producao/sistemas/thot/arquivos/publicacoes/54943_1730238/anexos/28577_919203/Anexo%20RMD_Maio_26.zip
2013-05-31,Instituições Financeiras,instituicoes_financeiras,108.131741106,18.296331566,18.296331566,18.296331566,591.002304027,591.002304027,OK_EXATO,https://www.tesourotransparente.gov.br/publicacoes/relatorio-mensal-da-divida-rmd/2026/5,https://cdn.tesouro.gov.br/sistemas-internos/apex/producao/sistemas/thot/arquivos/publicacoes/54943_1730238/anexos/28577_919203/Anexo%20RMD_Maio_26.zip
2013-05-31,Fundos,fundos,121.935816442,20.632037407,20.632037407,20.632037407,591.002304027,591.002304027,OK_EXATO,https://www.tesourotransparente.gov.br/publicacoes/relatorio-mensal-da-divida-rmd/2026/5,https://cdn.tesouro.gov.br/sistemas-internos/apex/producao/sistemas/thot/arquivos/publicacoes/54943_1730238/anexos/28577_919203/Anexo%20RMD_Maio_26.zip
2013-05-31,Não-residentes,nao_residentes,46.233376611,7.822875866,7.822875866,7.822875866,591.002304027,591.002304027,OK_EXATO,https://www.tesourotransparente.gov.br/publicacoes/relatorio-mensal-da-divida-rmd/2026/5,https://cdn.tesouro.gov.br/sistemas-internos/apex/producao/sistemas/thot/arquivos/publicacoes/54943_1730238/anexos/28577_919203/Anexo%20RMD_Maio_26.zip
2013-05-31,Previdência,previdencia,192.542801735,32.57902726,32.57902726,32.57902726,591.002304027,591.002304027,OK_EXATO,https://www.tesourotransparente.gov.br/publicacoes/relatorio-mensal-da-divida-rmd/2026/5,https://cdn.tesouro.gov.br/sistemas-internos/apex/producao/sistemas/thot/arquivos/publicacoes/54943_1730238/anexos/28577_919203/Anexo%20RMD_Maio_26.zip
2013-05-31,Governo,governo,72.239987254,12.223300444,12.223300444,12.223300444,591.002304027,591.002304027,OK_EXATO,https://www.tesourotransparente.gov.br/publicacoes/relatorio-mensal-da-divida-rmd/2026/5,https://cdn.tesouro.gov.br/sistemas-internos/apex/producao/sistemas/thot/arquivos/publicacoes/54943_1730238/anexos/28577_919203/Anexo%20RMD_Maio_26.zip
2013-05-31,Seguradoras,seguradoras,31.89660682,5.397035951,5.397035951,5.397035951,591.002304027,591.002304027,OK_EXATO,https://www.tesourotransparente.gov.br/publicacoes/relatorio-mensal-da-divida-rmd/2026/5,https://cdn.tesouro.gov.br/sistemas-internos/apex/producao/sistemas/thot/arquivos/publicacoes/54943_1730238/anexos/28577_919203/Anexo%20RMD_Maio_26.zip
2013-05-31,Outros,outros,18.02197406,3.049391506,3.049391506,3.049391506,591.002304027,591.002304027,OK_EXATO,https://www.tesourotransparente.gov.br/publicacoes/relatorio-mensal-da-divida-rmd/2026/5,https://cdn.tesouro.gov.br/sistemas-internos/apex/producao/sistemas/thot/arquivos/publicacoes/54943_1730238/anexos/28577_919203/Anexo%20RMD_Maio_26.zip
2013-06-30,Instituições Financeiras,instituicoes_financeiras,113.086584974,18.952580366,18.952580366,18.952580366,596.681733001,596.681733001,OK_EXATO,https://www.tesourotransparente.gov.br/publicacoes/relatorio-mensal-da-divida-rmd/2026/5,https://cdn.tesouro.gov.br/sistemas-internos/apex/producao/sistemas/thot/arquivos/publicacoes/54943_1730238/anexos/28577_919203/Anexo%20RMD_Maio_26.zip
2013-06-30,Fundos,fundos,116.040983899,19.447718521,19.447718521,19.447718521,596.681733001,596.681733001,OK_EXATO,https://www.tesourotransparente.gov.br/publicacoes/relatorio-mensal-da-divida-rmd/2026/5,https://cdn.tesouro.gov.br/sistemas-internos/apex/producao/sistemas/thot/arquivos/publicacoes/54943_1730238/anexos/28577_919203/Anexo%20RMD_Maio_26.zip
2013-06-30,Não-residentes,nao_residentes,45.309318701,7.593548821,7.593548821,7.593548821,596.681733001,596.681733001,OK_EXATO,https://www.tesourotransparente.gov.br/publicacoes/relatorio-mensal-da-divida-rmd/2026/5,https://cdn.tesouro.gov.br/sistemas-internos/apex/producao/sistemas/thot/arquivos/publicacoes/54943_1730238/anexos/28577_919203/Anexo%20RMD_Maio_26.zip
2013-06-30,Previdência,previdencia,197.560921906,33.109932981,33.109932981,33.109932981,596.681733001,596.681733001,OK_EXATO,https://www.tesourotransparente.gov.br/publicacoes/relatorio-mensal-da-divida-rmd/2026/5,https://cdn.tesouro.gov.br/sistemas-internos/apex/producao/sistemas/thot/arquivos/publicacoes/54943_1730238/anexos/28577_919203/Anexo%20RMD_Maio_26.zip
2013-06-30,Governo,governo,72.75215183,12.192790194,12.192790194,12.192790194,596.681733001,596.681733001,OK_EXATO,https://www.tesourotransparente.gov.br/publicacoes/relatorio-mensal-da-divida-rmd/2026/5,https://cdn.tesouro.gov.br/sistemas-internos/apex/producao/sistemas/thot/arquivos/publicacoes/54943_1730238/anexos/28577_919203/Anexo%20RMD_Maio_26.zip
2013-06-30,Seguradoras,seguradoras,33.288551866,5.578946032,5.578946032,5.578946032,596.681733001,596.681733001,OK_EXATO,https://www.tesourotransparente.gov.br/publicacoes/relatorio-mensal-da-divida-rmd/2026/5,https://cdn.tesouro.gov.br/sistemas-internos/apex/producao/sistemas/thot/arquivos/publicacoes/54943_1730238/anexos/28577_919203/Anexo%20RMD_Maio_26.zip
2013-06-30,Outros,outros,18.643219824,3.124483086,3.124483086,3.124483086,596.681733001,596.681733001,OK_EXATO,https://www.tesourotransparente.gov.br/publicacoes/relatorio-mensal-da-divida-rmd/2026/5,https://cdn.tesouro.gov.br/sistemas-internos/apex/producao/sistemas/thot/arquivos/publicacoes/54943_1730238/anexos/28577_919203/Anexo%20RMD_Maio_26.zip
2013-07-31,Instituições Financeiras,instituicoes_financeiras,117.981796072,19.368517715,19.368517715,19.368517715,609.142102695,609.142102695,OK_EXATO,https://www.tesourotransparente.gov.br/publicacoes/relatorio-mensal-da-divida-rmd/2026/5,https://cdn.tesouro.gov.br/sistemas-internos/apex/producao/sistemas/thot/arquivos/publicacoes/54943_1730238/anexos/28577_919203/Anexo%20RMD_Maio_26.zip
2013-07-31,Fundos,fundos,116.337765626,19.098624953,19.098624953,19.098624953,609.142102695,609.142102695,OK_EXATO,https://www.tesourotransparente.gov.br/publicacoes/relatorio-mensal-da-divida-rmd/2026/5,https://cdn.tesouro.gov.br/sistemas-internos/apex/producao/sistemas/thot/arquivos/publicacoes/54943_1730238/anexos/28577_919203/Anexo%20RMD_Maio_26.zip
2013-07-31,Não-residentes,nao_residentes,49.063859004,8.054583452,8.054583452,8.054583452,609.142102695,609.142102695,OK_EXATO,https://www.tesourotransparente.gov.br/publicacoes/relatorio-mensal-da-divida-rmd/2026/5,https://cdn.tesouro.gov.br/sistemas-internos/apex/producao/sistemas/thot/arquivos/publicacoes/54943_1730238/anexos/28577_919203/Anexo%20RMD_Maio_26.zip
2013-07-31,Previdência,previdencia,199.576428242,32.763525515,32.763525515,32.763525515,609.142102695,609.142102695,OK_EXATO,https://www.tesourotransparente.gov.br/publicacoes/relatorio-mensal-da-divida-rmd/2026/5,https://cdn.tesouro.gov.br/sistemas-internos/apex/producao/sistemas/thot/arquivos/publicacoes/54943_1730238/anexos/28577_919203/Anexo%20RMD_Maio_26.zip
2013-07-31,Governo,governo,73.350149899,12.041549841,12.041549841,12.041549841,609.142102695,609.142102695,OK_EXATO,https://www.tesourotransparente.gov.br/publicacoes/relatorio-mensal-da-divida-rmd/2026/5,https://cdn.tesouro.gov.br/sistemas-internos/apex/producao/sistemas/thot/arquivos/publicacoes/54943_1730238/anexos/28577_919203/Anexo%20RMD_Maio_26.zip
2013-07-31,Seguradoras,seguradoras,33.714467342,5.534745865,5.534745865,5.534745865,609.142102695,609.142102695,OK_EXATO,https://www.tesourotransparente.gov.br/publicacoes/relatorio-mensal-da-divida-rmd/2026/5,https://cdn.tesouro.gov.br/sistemas-internos/apex/producao/sistemas/thot/arquivos/publicacoes/54943_1730238/anexos/28577_919203/Anexo%20RMD_Maio_26.zip
2013-07-31,Outros,outros,19.11763651,3.138452657,3.138452657,3.138452657,609.142102695,609.142102695,OK_EXATO,https://www.tesourotransparente.gov.br/publicacoes/relatorio-mensal-da-divida-rmd/2026/5,https://cdn.tesouro.gov.br/sistemas-internos/apex/producao/sistemas/thot/arquivos/publicacoes/54943_1730238/anexos/28577_919203/Anexo%20RMD_Maio_26.zip
2013-08-31,Instituições Financeiras,instituicoes_financeiras,125.235194546,20.673291205,20.673291205,20.673291205,605.78256894,605.78256894,OK_EXATO,https://www.tesourotransparente.gov.br/publicacoes/relatorio-mensal-da-divida-rmd/2026/5,https://cdn.tesouro.gov.br/sistemas-internos/apex/producao/sistemas/thot/arquivos/publicacoes/54943_1730238/anexos/28577_919203/Anexo%20RMD_Maio_26.zip
2013-08-31,Fundos,fundos,109.30284955,18.043247719,18.043247719,18.043247719,605.78256894,605.78256894,OK_EXATO,https://www.tesourotransparente.gov.br/publicacoes/relatorio-mensal-da-divida-rmd/2026/5,https://cdn.tesouro.gov.br/sistemas-internos/apex/producao/sistemas/thot/arquivos/publicacoes/54943_1730238/anexos/28577_919203/Anexo%20RMD_Maio_26.zip
2013-08-31,Não-residentes,nao_residentes,49.857480807,8.230260058,8.230260058,8.230260058,605.78256894,605.78256894,OK_EXATO,https://www.tesourotransparente.gov.br/publicacoes/relatorio-mensal-da-divida-rmd/2026/5,https://cdn.tesouro.gov.br/sistemas-internos/apex/producao/sistemas/thot/arquivos/publicacoes/54943_1730238/anexos/28577_919203/Anexo%20RMD_Maio_26.zip
2013-08-31,Previdência,previdencia,196.724116494,32.474377207,32.474377207,32.474377207,605.78256894,605.78256894,OK_EXATO,https://www.tesourotransparente.gov.br/publicacoes/relatorio-mensal-da-divida-rmd/2026/5,https://cdn.tesouro.gov.br/sistemas-internos/apex/producao/sistemas/thot/arquivos/publicacoes/54943_1730238/anexos/28577_919203/Anexo%20RMD_Maio_26.zip
2013-08-31,Governo,governo,73.11747088,12.069919907,12.069919907,12.069919907,605.78256894,605.78256894,OK_EXATO,https://www.tesourotransparente.gov.br/publicacoes/relatorio-mensal-da-divida-rmd/2026/5,https://cdn.tesouro.gov.br/sistemas-internos/apex/producao/sistemas/thot/arquivos/publicacoes/54943_1730238/anexos/28577_919203/Anexo%20RMD_Maio_26.zip
2013-08-31,Seguradoras,seguradoras,32.673809573,5.393652979,5.393652979,5.393652979,605.78256894,605.78256894,OK_EXATO,https://www.tesourotransparente.gov.br/publicacoes/relatorio-mensal-da-divida-rmd/2026/5,https://cdn.tesouro.gov.br/sistemas-internos/apex/producao/sistemas/thot/arquivos/publicacoes/54943_1730238/anexos/28577_919203/Anexo%20RMD_Maio_26.zip
2013-08-31,Outros,outros,18.871647089,3.115250926,3.115250926,3.115250926,605.78256894,605.78256894,OK_EXATO,https://www.tesourotransparente.gov.br/publicacoes/relatorio-mensal-da-divida-rmd/2026/5,https://cdn.tesouro.gov.br/sistemas-internos/apex/producao/sistemas/thot/arquivos/publicacoes/54943_1730238/anexos/28577_919203/Anexo%20RMD_Maio_26.zip
2013-09-30,Instituições Financeiras,instituicoes_financeiras,129.739867895,21.015943102,21.015943102,21.015943102,617.340212924,617.340212924,OK_EXATO,https://www.tesourotransparente.gov.br/publicacoes/relatorio-mensal-da-divida-rmd/2026/5,https://cdn.tesouro.gov.br/sistemas-internos/apex/producao/sistemas/thot/arquivos/publicacoes/54943_1730238/anexos/28577_919203/Anexo%20RMD_Maio_26.zip
2013-09-30,Fundos,fundos,111.866642076,18.120744402,18.120744402,18.120744402,617.340212924,617.340212924,OK_EXATO,https://www.tesourotransparente.gov.br/publicacoes/relatorio-mensal-da-divida-rmd/2026/5,https://cdn.tesouro.gov.br/sistemas-internos/apex/producao/sistemas/thot/arquivos/publicacoes/54943_1730238/anexos/28577_919203/Anexo%20RMD_Maio_26.zip
2013-09-30,Não-residentes,nao_residentes,47.917070927,7.761858036,7.761858036,7.761858036,617.340212924,617.340212924,OK_EXATO,https://www.tesourotransparente.gov.br/publicacoes/relatorio-mensal-da-divida-rmd/2026/5,https://cdn.tesouro.gov.br/sistemas-internos/apex/producao/sistemas/thot/arquivos/publicacoes/54943_1730238/anexos/28577_919203/Anexo%20RMD_Maio_26.zip
2013-09-30,Previdência,previdencia,196.805252059,31.879545174,31.879545174,31.879545174,617.340212924,617.340212924,OK_EXATO,https://www.tesourotransparente.gov.br/publicacoes/relatorio-mensal-da-divida-rmd/2026/5,https://cdn.tesouro.gov.br/sistemas-internos/apex/producao/sistemas/thot/arquivos/publicacoes/54943_1730238/anexos/28577_919203/Anexo%20RMD_Maio_26.zip
2013-09-30,Governo,governo,78.266972685,12.678094031,12.678094031,12.678094031,617.340212924,617.340212924,OK_EXATO,https://www.tesourotransparente.gov.br/publicacoes/relatorio-mensal-da-divida-rmd/2026/5,https://cdn.tesouro.gov.br/sistemas-internos/apex/producao/sistemas/thot/arquivos/publicacoes/54943_1730238/anexos/28577_919203/Anexo%20RMD_Maio_26.zip
2013-09-30,Seguradoras,seguradoras,34.066973344,5.518346712,5.518346712,5.518346712,617.340212924,617.340212924,OK_EXATO,https://www.tesourotransparente.gov.br/publicacoes/relatorio-mensal-da-divida-rmd/2026/5,https://cdn.tesouro.gov.br/sistemas-internos/apex/producao/sistemas/thot/arquivos/publicacoes/54943_1730238/anexos/28577_919203/Anexo%20RMD_Maio_26.zip
2013-09-30,Outros,outros,18.677433937,3.025468542,3.025468542,3.025468542,617.340212924,617.340212924,OK_EXATO,https://www.tesourotransparente.gov.br/publicacoes/relatorio-mensal-da-divida-rmd/2026/5,https://cdn.tesouro.gov.br/sistemas-internos/apex/producao/sistemas/thot/arquivos/publicacoes/54943_1730238/anexos/28577_919203/Anexo%20RMD_Maio_26.zip
2013-10-31,Instituições Financeiras,instituicoes_financeiras,136.402578636,21.750896487,21.750896487,21.750896487,627.112444398,627.112444398,OK_EXATO,https://www.tesourotransparente.gov.br/publicacoes/relatorio-mensal-da-divida-rmd/2026/5,https://cdn.tesouro.gov.br/sistemas-internos/apex/producao/sistemas/thot/arquivos/publicacoes/54943_1730238/anexos/28577_919203/Anexo%20RMD_Maio_26.zip
2013-10-31,Fundos,fundos,109.299186152,17.428961445,17.428961445,17.428961445,627.112444398,627.112444398,OK_EXATO,https://www.tesourotransparente.gov.br/publicacoes/relatorio-mensal-da-divida-rmd/2026/5,https://cdn.tesouro.gov.br/sistemas-internos/apex/producao/sistemas/thot/arquivos/publicacoes/54943_1730238/anexos/28577_919203/Anexo%20RMD_Maio_26.zip
2013-10-31,Não-residentes,nao_residentes,46.530267994,7.419764734,7.419764734,7.419764734,627.112444398,627.112444398,OK_EXATO,https://www.tesourotransparente.gov.br/publicacoes/relatorio-mensal-da-divida-rmd/2026/5,https://cdn.tesouro.gov.br/sistemas-internos/apex/producao/sistemas/thot/arquivos/publicacoes/54943_1730238/anexos/28577_919203/Anexo%20RMD_Maio_26.zip
2013-10-31,Previdência,previdencia,199.620492249,31.831690478,31.831690478,31.831690478,627.112444398,627.112444398,OK_EXATO,https://www.tesourotransparente.gov.br/publicacoes/relatorio-mensal-da-divida-rmd/2026/5,https://cdn.tesouro.gov.br/sistemas-internos/apex/producao/sistemas/thot/arquivos/publicacoes/54943_1730238/anexos/28577_919203/Anexo%20RMD_Maio_26.zip
2013-10-31,Governo,governo,81.118921658,12.935307277,12.935307277,12.935307277,627.112444398,627.112444398,OK_EXATO,https://www.tesourotransparente.gov.br/publicacoes/relatorio-mensal-da-divida-rmd/2026/5,https://cdn.tesouro.gov.br/sistemas-internos/apex/producao/sistemas/thot/arquivos/publicacoes/54943_1730238/anexos/28577_919203/Anexo%20RMD_Maio_26.zip
2013-10-31,Seguradoras,seguradoras,35.252909421,5.621465454,5.621465454,5.621465454,627.112444398,627.112444398,OK_EXATO,https://www.tesourotransparente.gov.br/publicacoes/relatorio-mensal-da-divida-rmd/2026/5,https://cdn.tesouro.gov.br/sistemas-internos/apex/producao/sistemas/thot/arquivos/publicacoes/54943_1730238/anexos/28577_919203/Anexo%20RMD_Maio_26.zip
2013-10-31,Outros,outros,18.888088289,3.011914124,3.011914124,3.011914124,627.112444398,627.112444398,OK_EXATO,https://www.tesourotransparente.gov.br/publicacoes/relatorio-mensal-da-divida-rmd/2026/5,https://cdn.tesouro.gov.br/sistemas-internos/apex/producao/sistemas/thot/arquivos/publicacoes/54943_1730238/anexos/28577_919203/Anexo%20RMD_Maio_26.zip
2013-11-30,Instituições Financeiras,instituicoes_financeiras,137.648837837,21.843674643,21.843674643,21.843674643,630.15422123,630.15422123,OK_EXATO,https://www.tesourotransparente.gov.br/publicacoes/relatorio-mensal-da-divida-rmd/2026/5,https://cdn.tesouro.gov.br/sistemas-internos/apex/producao/sistemas/thot/arquivos/publicacoes/54943_1730238/anexos/28577_919203/Anexo%20RMD_Maio_26.zip
2013-11-30,Fundos,fundos,111.138623099,17.636733891,17.636733891,17.636733891,630.15422123,630.15422123,OK_EXATO,https://www.tesourotransparente.gov.br/publicacoes/relatorio-mensal-da-divida-rmd/2026/5,https://cdn.tesouro.gov.br/sistemas-internos/apex/producao/sistemas/thot/arquivos/publicacoes/54943_1730238/anexos/28577_919203/Anexo%20RMD_Maio_26.zip
2013-11-30,Não-residentes,nao_residentes,46.194858127,7.330722634,7.330722634,7.330722634,630.15422123,630.15422123,OK_EXATO,https://www.tesourotransparente.gov.br/publicacoes/relatorio-mensal-da-divida-rmd/2026/5,https://cdn.tesouro.gov.br/sistemas-internos/apex/producao/sistemas/thot/arquivos/publicacoes/54943_1730238/anexos/28577_919203/Anexo%20RMD_Maio_26.zip
2013-11-30,Previdência,previdencia,200.273679789,31.781692964,31.781692964,31.781692964,630.15422123,630.15422123,OK_EXATO,https://www.tesourotransparente.gov.br/publicacoes/relatorio-mensal-da-divida-rmd/2026/5,https://cdn.tesouro.gov.br/sistemas-internos/apex/producao/sistemas/thot/arquivos/publicacoes/54943_1730238/anexos/28577_919203/Anexo%20RMD_Maio_26.zip
2013-11-30,Governo,governo,80.286014754,12.740693,12.740693,12.740693,630.15422123,630.15422123,OK_EXATO,https://www.tesourotransparente.gov.br/publicacoes/relatorio-mensal-da-divida-rmd/2026/5,https://cdn.tesouro.gov.br/sistemas-internos/apex/producao/sistemas/thot/arquivos/publicacoes/54943_1730238/anexos/28577_919203/Anexo%20RMD_Maio_26.zip
2013-11-30,Seguradoras,seguradoras,35.454538838,5.626327277,5.626327277,5.626327277,630.15422123,630.15422123,OK_EXATO,https://www.tesourotransparente.gov.br/publicacoes/relatorio-mensal-da-divida-rmd/2026/5,https://cdn.tesouro.gov.br/sistemas-internos/apex/producao/sistemas/thot/arquivos/publicacoes/54943_1730238/anexos/28577_919203/Anexo%20RMD_Maio_26.zip
2013-11-30,Outros,outros,19.157668785,3.04015559,3.04015559,3.04015559,630.15422123,630.15422123,OK_EXATO,https://www.tesourotransparente.gov.br/publicacoes/relatorio-mensal-da-divida-rmd/2026/5,https://cdn.tesouro.gov.br/sistemas-internos/apex/producao/sistemas/thot/arquivos/publicacoes/54943_1730238/anexos/28577_919203/Anexo%20RMD_Maio_26.zip
2013-12-31,Instituições Financeiras,instituicoes_financeiras,153.161789097,23.573418697,23.573418697,23.573418697,649.7224313,649.7224313,OK_EXATO,https://www.tesourotransparente.gov.br/publicacoes/relatorio-mensal-da-divida-rmd/2026/5,https://cdn.tesouro.gov.br/sistemas-internos/apex/producao/sistemas/thot/arquivos/publicacoes/54943_1730238/anexos/28577_919203/Anexo%20RMD_Maio_26.zip
2013-12-31,Fundos,fundos,111.571557785,17.172188062,17.172188062,17.172188062,649.7224313,649.7224313,OK_EXATO,https://www.tesourotransparente.gov.br/publicacoes/relatorio-mensal-da-divida-rmd/2026/5,https://cdn.tesouro.gov.br/sistemas-internos/apex/producao/sistemas/thot/arquivos/publicacoes/54943_1730238/anexos/28577_919203/Anexo%20RMD_Maio_26.zip
2013-12-31,Não-residentes,nao_residentes,46.499780251,7.156868535,7.156868535,7.156868535,649.7224313,649.7224313,OK_EXATO,https://www.tesourotransparente.gov.br/publicacoes/relatorio-mensal-da-divida-rmd/2026/5,https://cdn.tesouro.gov.br/sistemas-internos/apex/producao/sistemas/thot/arquivos/publicacoes/54943_1730238/anexos/28577_919203/Anexo%20RMD_Maio_26.zip
2013-12-31,Previdência,previdencia,205.542121489,31.635374059,31.635374059,31.635374059,649.7224313,649.7224313,OK_EXATO,https://www.tesourotransparente.gov.br/publicacoes/relatorio-mensal-da-divida-rmd/2026/5,https://cdn.tesouro.gov.br/sistemas-internos/apex/producao/sistemas/thot/arquivos/publicacoes/54943_1730238/anexos/28577_919203/Anexo%20RMD_Maio_26.zip
2013-12-31,Governo,governo,80.69015465,12.41917329,12.41917329,12.41917329,649.7224313,649.7224313,OK_EXATO,https://www.tesourotransparente.gov.br/publicacoes/relatorio-mensal-da-divida-rmd/2026/5,https://cdn.tesouro.gov.br/sistemas-internos/apex/producao/sistemas/thot/arquivos/publicacoes/54943_1730238/anexos/28577_919203/Anexo%20RMD_Maio_26.zip
2013-12-31,Seguradoras,seguradoras,31.916880857,4.912387093,4.912387093,4.912387093,649.7224313,649.7224313,OK_EXATO,https://www.tesourotransparente.gov.br/publicacoes/relatorio-mensal-da-divida-rmd/2026/5,https://cdn.tesouro.gov.br/sistemas-internos/apex/producao/sistemas/thot/arquivos/publicacoes/54943_1730238/anexos/28577_919203/Anexo%20RMD_Maio_26.zip
2013-12-31,Outros,outros,20.340147171,3.130590263,3.130590263,3.130590263,649.7224313,649.7224313,OK_EXATO,https://www.tesourotransparente.gov.br/publicacoes/relatorio-mensal-da-divida-rmd/2026/5,https://cdn.tesouro.gov.br/sistemas-internos/apex/producao/sistemas/thot/arquivos/publicacoes/54943_1730238/anexos/28577_919203/Anexo%20RMD_Maio_26.zip
2014-01-31,Instituições Financeiras,instituicoes_financeiras,157.753210662,23.826712729,23.826712729,23.826712729,662.085502344,662.085502344,OK_EXATO,https://www.tesourotransparente.gov.br/publicacoes/relatorio-mensal-da-divida-rmd/2026/5,https://cdn.tesouro.gov.br/sistemas-internos/apex/producao/sistemas/thot/arquivos/publicacoes/54943_1730238/anexos/28577_919203/Anexo%20RMD_Maio_26.zip
2014-01-31,Fundos,fundos,109.920625655,16.602179819,16.602179819,16.602179819,662.085502344,662.085502344,OK_EXATO,https://www.tesourotransparente.gov.br/publicacoes/relatorio-mensal-da-divida-rmd/2026/5,https://cdn.tesouro.gov.br/sistemas-internos/apex/producao/sistemas/thot/arquivos/publicacoes/54943_1730238/anexos/28577_919203/Anexo%20RMD_Maio_26.zip
2014-01-31,Não-residentes,nao_residentes,48.914391117,7.387926626,7.387926626,7.387926626,662.085502344,662.085502344,OK_EXATO,https://www.tesourotransparente.gov.br/publicacoes/relatorio-mensal-da-divida-rmd/2026/5,https://cdn.tesouro.gov.br/sistemas-internos/apex/producao/sistemas/thot/arquivos/publicacoes/54943_1730238/anexos/28577_919203/Anexo%20RMD_Maio_26.zip
2014-01-31,Previdência,previdencia,210.318829801,31.766113146,31.766113146,31.766113146,662.085502344,662.085502344,OK_EXATO,https://www.tesourotransparente.gov.br/publicacoes/relatorio-mensal-da-divida-rmd/2026/5,https://cdn.tesouro.gov.br/sistemas-internos/apex/producao/sistemas/thot/arquivos/publicacoes/54943_1730238/anexos/28577_919203/Anexo%20RMD_Maio_26.zip
2014-01-31,Governo,governo,81.900757332,12.370117914,12.370117914,12.370117914,662.085502344,662.085502344,OK_EXATO,https://www.tesourotransparente.gov.br/publicacoes/relatorio-mensal-da-divida-rmd/2026/5,https://cdn.tesouro.gov.br/sistemas-internos/apex/producao/sistemas/thot/arquivos/publicacoes/54943_1730238/anexos/28577_919203/Anexo%20RMD_Maio_26.zip
2014-01-31,Seguradoras,seguradoras,32.398067596,4.893335903,4.893335903,4.893335903,662.085502344,662.085502344,OK_EXATO,https://www.tesourotransparente.gov.br/publicacoes/relatorio-mensal-da-divida-rmd/2026/5,https://cdn.tesouro.gov.br/sistemas-internos/apex/producao/sistemas/thot/arquivos/publicacoes/54943_1730238/anexos/28577_919203/Anexo%20RMD_Maio_26.zip
2014-01-31,Outros,outros,20.879620182,3.153613862,3.153613862,3.153613862,662.085502344,662.085502344,OK_EXATO,https://www.tesourotransparente.gov.br/publicacoes/relatorio-mensal-da-divida-rmd/2026/5,https://cdn.tesouro.gov.br/sistemas-internos/apex/producao/sistemas/thot/arquivos/publicacoes/54943_1730238/anexos/28577_919203/Anexo%20RMD_Maio_26.zip
2014-02-28,Instituições Financeiras,instituicoes_financeiras,158.599112709,24.040041459,24.040041459,24.040041459,659.72894838,659.72894838,OK_EXATO,https://www.tesourotransparente.gov.br/publicacoes/relatorio-mensal-da-divida-rmd/2026/5,https://cdn.tesouro.gov.br/sistemas-internos/apex/producao/sistemas/thot/arquivos/publicacoes/54943_1730238/anexos/28577_919203/Anexo%20RMD_Maio_26.zip
2014-02-28,Fundos,fundos,109.24600979,16.55922634,16.55922634,16.55922634,659.72894838,659.72894838,OK_EXATO,https://www.tesourotransparente.gov.br/publicacoes/relatorio-mensal-da-divida-rmd/2026/5,https://cdn.tesouro.gov.br/sistemas-internos/apex/producao/sistemas/thot/arquivos/publicacoes/54943_1730238/anexos/28577_919203/Anexo%20RMD_Maio_26.zip
2014-02-28,Não-residentes,nao_residentes,49.326518519,7.476785525,7.476785525,7.476785525,659.72894838,659.72894838,OK_EXATO,https://www.tesourotransparente.gov.br/publicacoes/relatorio-mensal-da-divida-rmd/2026/5,https://cdn.tesouro.gov.br/sistemas-internos/apex/producao/sistemas/thot/arquivos/publicacoes/54943_1730238/anexos/28577_919203/Anexo%20RMD_Maio_26.zip
2014-02-28,Previdência,previdencia,204.413688979,30.984495903,30.984495903,30.984495903,659.72894838,659.72894838,OK_EXATO,https://www.tesourotransparente.gov.br/publicacoes/relatorio-mensal-da-divida-rmd/2026/5,https://cdn.tesouro.gov.br/sistemas-internos/apex/producao/sistemas/thot/arquivos/publicacoes/54943_1730238/anexos/28577_919203/Anexo%20RMD_Maio_26.zip
2014-02-28,Governo,governo,83.341348682,12.63266511,12.63266511,12.63266511,659.72894838,659.72894838,OK_EXATO,https://www.tesourotransparente.gov.br/publicacoes/relatorio-mensal-da-divida-rmd/2026/5,https://cdn.tesouro.gov.br/sistemas-internos/apex/producao/sistemas/thot/arquivos/publicacoes/54943_1730238/anexos/28577_919203/Anexo%20RMD_Maio_26.zip
2014-02-28,Seguradoras,seguradoras,33.754541646,5.116425727,5.116425727,5.116425727,659.72894838,659.72894838,OK_EXATO,https://www.tesourotransparente.gov.br/publicacoes/relatorio-mensal-da-divida-rmd/2026/5,https://cdn.tesouro.gov.br/sistemas-internos/apex/producao/sistemas/thot/arquivos/publicacoes/54943_1730238/anexos/28577_919203/Anexo%20RMD_Maio_26.zip
2014-02-28,Outros,outros,21.047728054,3.190359936,3.190359936,3.190359936,659.72894838,659.72894838,OK_EXATO,https://www.tesourotransparente.gov.br/publicacoes/relatorio-mensal-da-divida-rmd/2026/5,https://cdn.tesouro.gov.br/sistemas-internos/apex/producao/sistemas/thot/arquivos/publicacoes/54943_1730238/anexos/28577_919203/Anexo%20RMD_Maio_26.zip
2014-03-31,Instituições Financeiras,instituicoes_financeiras,157.636795132,23.494420055,23.494420055,23.494420055,670.954187274,670.954187274,OK_EXATO,https://www.tesourotransparente.gov.br/publicacoes/relatorio-mensal-da-divida-rmd/2026/5,https://cdn.tesouro.gov.br/sistemas-internos/apex/producao/sistemas/thot/arquivos/publicacoes/54943_1730238/anexos/28577_919203/Anexo%20RMD_Maio_26.zip
2014-03-31,Fundos,fundos,114.462093724,17.059598985,17.059598985,17.059598985,670.954187274,670.954187274,OK_EXATO,https://www.tesourotransparente.gov.br/publicacoes/relatorio-mensal-da-divida-rmd/2026/5,https://cdn.tesouro.gov.br/sistemas-internos/apex/producao/sistemas/thot/arquivos/publicacoes/54943_1730238/anexos/28577_919203/Anexo%20RMD_Maio_26.zip
2014-03-31,Não-residentes,nao_residentes,51.072063413,7.611855531,7.611855531,7.611855531,670.954187274,670.954187274,OK_EXATO,https://www.tesourotransparente.gov.br/publicacoes/relatorio-mensal-da-divida-rmd/2026/5,https://cdn.tesouro.gov.br/sistemas-internos/apex/producao/sistemas/thot/arquivos/publicacoes/54943_1730238/anexos/28577_919203/Anexo%20RMD_Maio_26.zip
2014-03-31,Previdência,previdencia,206.447498285,30.769239122,30.769239122,30.769239122,670.954187274,670.954187274,OK_EXATO,https://www.tesourotransparente.gov.br/publicacoes/relatorio-mensal-da-divida-rmd/2026/5,https://cdn.tesouro.gov.br/sistemas-internos/apex/producao/sistemas/thot/arquivos/publicacoes/54943_1730238/anexos/28577_919203/Anexo%20RMD_Maio_26.zip
2014-03-31,Governo,governo,85.449232291,12.735479398,12.735479398,12.735479398,670.954187274,670.954187274,OK_EXATO,https://www.tesourotransparente.gov.br/publicacoes/relatorio-mensal-da-divida-rmd/2026/5,https://cdn.tesouro.gov.br/sistemas-internos/apex/producao/sistemas/thot/arquivos/publicacoes/54943_1730238/anexos/28577_919203/Anexo%20RMD_Maio_26.zip
2014-03-31,Seguradoras,seguradoras,34.42675688,5.131014536,5.131014536,5.131014536,670.954187274,670.954187274,OK_EXATO,https://www.tesourotransparente.gov.br/publicacoes/relatorio-mensal-da-divida-rmd/2026/5,https://cdn.tesouro.gov.br/sistemas-internos/apex/producao/sistemas/thot/arquivos/publicacoes/54943_1730238/anexos/28577_919203/Anexo%20RMD_Maio_26.zip
2014-03-31,Outros,outros,21.459747548,3.198392372,3.198392372,3.198392372,670.954187274,670.954187274,OK_EXATO,https://www.tesourotransparente.gov.br/publicacoes/relatorio-mensal-da-divida-rmd/2026/5,https://cdn.tesouro.gov.br/sistemas-internos/apex/producao/sistemas/thot/arquivos/publicacoes/54943_1730238/anexos/28577_919203/Anexo%20RMD_Maio_26.zip
2014-04-30,Instituições Financeiras,instituicoes_financeiras,160.803849328,23.480248045,23.480248045,23.480248045,684.847319412,684.847319412,OK_EXATO,https://www.tesourotransparente.gov.br/publicacoes/relatorio-mensal-da-divida-rmd/2026/5,https://cdn.tesouro.gov.br/sistemas-internos/apex/producao/sistemas/thot/arquivos/publicacoes/54943_1730238/anexos/28577_919203/Anexo%20RMD_Maio_26.zip
2014-04-30,Fundos,fundos,114.695495103,16.747600794,16.747600794,16.747600794,684.847319412,684.847319412,OK_EXATO,https://www.tesourotransparente.gov.br/publicacoes/relatorio-mensal-da-divida-rmd/2026/5,https://cdn.tesouro.gov.br/sistemas-internos/apex/producao/sistemas/thot/arquivos/publicacoes/54943_1730238/anexos/28577_919203/Anexo%20RMD_Maio_26.zip
2014-04-30,Não-residentes,nao_residentes,53.863957305,7.865104495,7.865104495,7.865104495,684.847319412,684.847319412,OK_EXATO,https://www.tesourotransparente.gov.br/publicacoes/relatorio-mensal-da-divida-rmd/2026/5,https://cdn.tesouro.gov.br/sistemas-internos/apex/producao/sistemas/thot/arquivos/publicacoes/54943_1730238/anexos/28577_919203/Anexo%20RMD_Maio_26.zip
2014-04-30,Previdência,previdencia,210.049941867,30.671061405,30.671061405,30.671061405,684.847319412,684.847319412,OK_EXATO,https://www.tesourotransparente.gov.br/publicacoes/relatorio-mensal-da-divida-rmd/2026/5,https://cdn.tesouro.gov.br/sistemas-internos/apex/producao/sistemas/thot/arquivos/publicacoes/54943_1730238/anexos/28577_919203/Anexo%20RMD_Maio_26.zip
2014-04-30,Governo,governo,88.330402367,12.897824064,12.897824064,12.897824064,684.847319412,684.847319412,OK_EXATO,https://www.tesourotransparente.gov.br/publicacoes/relatorio-mensal-da-divida-rmd/2026/5,https://cdn.tesouro.gov.br/sistemas-internos/apex/producao/sistemas/thot/arquivos/publicacoes/54943_1730238/anexos/28577_919203/Anexo%20RMD_Maio_26.zip
2014-04-30,Seguradoras,seguradoras,35.362483576,5.163557274,5.163557274,5.163557274,684.847319412,684.847319412,OK_EXATO,https://www.tesourotransparente.gov.br/publicacoes/relatorio-mensal-da-divida-rmd/2026/5,https://cdn.tesouro.gov.br/sistemas-internos/apex/producao/sistemas/thot/arquivos/publicacoes/54943_1730238/anexos/28577_919203/Anexo%20RMD_Maio_26.zip
2014-04-30,Outros,outros,21.741189864,3.174603922,3.174603922,3.174603922,684.847319412,684.847319412,OK_EXATO,https://www.tesourotransparente.gov.br/publicacoes/relatorio-mensal-da-divida-rmd/2026/5,https://cdn.tesouro.gov.br/sistemas-internos/apex/producao/sistemas/thot/arquivos/publicacoes/54943_1730238/anexos/28577_919203/Anexo%20RMD_Maio_26.zip
2014-05-31,Instituições Financeiras,instituicoes_financeiras,155.937035929,22.532459276,22.532459276,22.532459276,692.055110462,692.055110462,OK_EXATO,https://www.tesourotransparente.gov.br/publicacoes/relatorio-mensal-da-divida-rmd/2026/5,https://cdn.tesouro.gov.br/sistemas-internos/apex/producao/sistemas/thot/arquivos/publicacoes/54943_1730238/anexos/28577_919203/Anexo%20RMD_Maio_26.zip
2014-05-31,Fundos,fundos,118.441760014,17.114498285,17.114498285,17.114498285,692.055110462,692.055110462,OK_EXATO,https://www.tesourotransparente.gov.br/publicacoes/relatorio-mensal-da-divida-rmd/2026/5,https://cdn.tesouro.gov.br/sistemas-internos/apex/producao/sistemas/thot/arquivos/publicacoes/54943_1730238/anexos/28577_919203/Anexo%20RMD_Maio_26.zip
2014-05-31,Não-residentes,nao_residentes,59.78964864,8.639434596,8.639434596,8.639434596,692.055110462,692.055110462,OK_EXATO,https://www.tesourotransparente.gov.br/publicacoes/relatorio-mensal-da-divida-rmd/2026/5,https://cdn.tesouro.gov.br/sistemas-internos/apex/producao/sistemas/thot/arquivos/publicacoes/54943_1730238/anexos/28577_919203/Anexo%20RMD_Maio_26.zip
2014-05-31,Previdência,previdencia,212.534701205,30.710661332,30.710661332,30.710661332,692.055110462,692.055110462,OK_EXATO,https://www.tesourotransparente.gov.br/publicacoes/relatorio-mensal-da-divida-rmd/2026/5,https://cdn.tesouro.gov.br/sistemas-internos/apex/producao/sistemas/thot/arquivos/publicacoes/54943_1730238/anexos/28577_919203/Anexo%20RMD_Maio_26.zip
2014-05-31,Governo,governo,89.227330688,12.893096133,12.893096133,12.893096133,692.055110462,692.055110462,OK_EXATO,https://www.tesourotransparente.gov.br/publicacoes/relatorio-mensal-da-divida-rmd/2026/5,https://cdn.tesouro.gov.br/sistemas-internos/apex/producao/sistemas/thot/arquivos/publicacoes/54943_1730238/anexos/28577_919203/Anexo%20RMD_Maio_26.zip
2014-05-31,Seguradoras,seguradoras,34.522778982,4.988443617,4.988443617,4.988443617,692.055110462,692.055110462,OK_EXATO,https://www.tesourotransparente.gov.br/publicacoes/relatorio-mensal-da-divida-rmd/2026/5,https://cdn.tesouro.gov.br/sistemas-internos/apex/producao/sistemas/thot/arquivos/publicacoes/54943_1730238/anexos/28577_919203/Anexo%20RMD_Maio_26.zip
2014-05-31,Outros,outros,21.601855004,3.121406761,3.121406761,3.121406761,692.055110462,692.055110462,OK_EXATO,https://www.tesourotransparente.gov.br/publicacoes/relatorio-mensal-da-divida-rmd/2026/5,https://cdn.tesouro.gov.br/sistemas-internos/apex/producao/sistemas/thot/arquivos/publicacoes/54943_1730238/anexos/28577_919203/Anexo%20RMD_Maio_26.zip
2014-06-30,Instituições Financeiras,instituicoes_financeiras,161.405273935,22.760253821,22.760253821,22.760253821,709.154103486,709.154103486,OK_EXATO,https://www.tesourotransparente.gov.br/publicacoes/relatorio-mensal-da-divida-rmd/2026/5,https://cdn.tesouro.gov.br/sistemas-internos/apex/producao/sistemas/thot/arquivos/publicacoes/54943_1730238/anexos/28577_919203/Anexo%20RMD_Maio_26.zip
2014-06-30,Fundos,fundos,121.657577426,17.155308956,17.155308956,17.155308956,709.154103486,709.154103486,OK_EXATO,https://www.tesourotransparente.gov.br/publicacoes/relatorio-mensal-da-divida-rmd/2026/5,https://cdn.tesouro.gov.br/sistemas-internos/apex/producao/sistemas/thot/arquivos/publicacoes/54943_1730238/anexos/28577_919203/Anexo%20RMD_Maio_26.zip
2014-06-30,Não-residentes,nao_residentes,63.525458996,8.957920244,8.957920244,8.957920244,709.154103486,709.154103486,OK_EXATO,https://www.tesourotransparente.gov.br/publicacoes/relatorio-mensal-da-divida-rmd/2026/5,https://cdn.tesouro.gov.br/sistemas-internos/apex/producao/sistemas/thot/arquivos/publicacoes/54943_1730238/anexos/28577_919203/Anexo%20RMD_Maio_26.zip
2014-06-30,Previdência,previdencia,216.053362501,30.466348772,30.466348772,30.466348772,709.154103486,709.154103486,OK_EXATO,https://www.tesourotransparente.gov.br/publicacoes/relatorio-mensal-da-divida-rmd/2026/5,https://cdn.tesouro.gov.br/sistemas-internos/apex/producao/sistemas/thot/arquivos/publicacoes/54943_1730238/anexos/28577_919203/Anexo%20RMD_Maio_26.zip
2014-06-30,Governo,governo,90.216679209,12.721731252,12.721731252,12.721731252,709.154103486,709.154103486,OK_EXATO,https://www.tesourotransparente.gov.br/publicacoes/relatorio-mensal-da-divida-rmd/2026/5,https://cdn.tesouro.gov.br/sistemas-internos/apex/producao/sistemas/thot/arquivos/publicacoes/54943_1730238/anexos/28577_919203/Anexo%20RMD_Maio_26.zip
2014-06-30,Seguradoras,seguradoras,34.959747968,4.929781524,4.929781524,4.929781524,709.154103486,709.154103486,OK_EXATO,https://www.tesourotransparente.gov.br/publicacoes/relatorio-mensal-da-divida-rmd/2026/5,https://cdn.tesouro.gov.br/sistemas-internos/apex/producao/sistemas/thot/arquivos/publicacoes/54943_1730238/anexos/28577_919203/Anexo%20RMD_Maio_26.zip
2014-06-30,Outros,outros,21.33600345,3.008655431,3.008655431,3.008655431,709.154103486,709.154103486,OK_EXATO,https://www.tesourotransparente.gov.br/publicacoes/relatorio-mensal-da-divida-rmd/2026/5,https://cdn.tesouro.gov.br/sistemas-internos/apex/producao/sistemas/thot/arquivos/publicacoes/54943_1730238/anexos/28577_919203/Anexo%20RMD_Maio_26.zip
2014-07-31,Instituições Financeiras,instituicoes_financeiras,162.298242475,22.526962967,22.526962967,22.526962967,720.462153338,720.462153338,OK_EXATO,https://www.tesourotransparente.gov.br/publicacoes/relatorio-mensal-da-divida-rmd/2026/5,https://cdn.tesouro.gov.br/sistemas-internos/apex/producao/sistemas/thot/arquivos/publicacoes/54943_1730238/anexos/28577_919203/Anexo%20RMD_Maio_26.zip
2014-07-31,Fundos,fundos,125.923650122,17.478176964,17.478176964,17.478176964,720.462153338,720.462153338,OK_EXATO,https://www.tesourotransparente.gov.br/publicacoes/relatorio-mensal-da-divida-rmd/2026/5,https://cdn.tesouro.gov.br/sistemas-internos/apex/producao/sistemas/thot/arquivos/publicacoes/54943_1730238/anexos/28577_919203/Anexo%20RMD_Maio_26.zip
2014-07-31,Não-residentes,nao_residentes,66.754078643,9.265452506,9.265452506,9.265452506,720.462153338,720.462153338,OK_EXATO,https://www.tesourotransparente.gov.br/publicacoes/relatorio-mensal-da-divida-rmd/2026/5,https://cdn.tesouro.gov.br/sistemas-internos/apex/producao/sistemas/thot/arquivos/publicacoes/54943_1730238/anexos/28577_919203/Anexo%20RMD_Maio_26.zip
2014-07-31,Previdência,previdencia,217.547192693,30.195505994,30.195505994,30.195505994,720.462153338,720.462153338,OK_EXATO,https://www.tesourotransparente.gov.br/publicacoes/relatorio-mensal-da-divida-rmd/2026/5,https://cdn.tesouro.gov.br/sistemas-internos/apex/producao/sistemas/thot/arquivos/publicacoes/54943_1730238/anexos/28577_919203/Anexo%20RMD_Maio_26.zip
2014-07-31,Governo,governo,90.893141994,12.615949578,12.615949578,12.615949578,720.462153338,720.462153338,OK_EXATO,https://www.tesourotransparente.gov.br/publicacoes/relatorio-mensal-da-divida-rmd/2026/5,https://cdn.tesouro.gov.br/sistemas-internos/apex/producao/sistemas/thot/arquivos/publicacoes/54943_1730238/anexos/28577_919203/Anexo%20RMD_Maio_26.zip
2014-07-31,Seguradoras,seguradoras,35.648664125,4.948027313,4.948027313,4.948027313,720.462153338,720.462153338,OK_EXATO,https://www.tesourotransparente.gov.br/publicacoes/relatorio-mensal-da-divida-rmd/2026/5,https://cdn.tesouro.gov.br/sistemas-internos/apex/producao/sistemas/thot/arquivos/publicacoes/54943_1730238/anexos/28577_919203/Anexo%20RMD_Maio_26.zip
2014-07-31,Outros,outros,21.397183286,2.969924678,2.969924678,2.969924678,720.462153338,720.462153338,OK_EXATO,https://www.tesourotransparente.gov.br/publicacoes/relatorio-mensal-da-divida-rmd/2026/5,https://cdn.tesouro.gov.br/sistemas-internos/apex/producao/sistemas/thot/arquivos/publicacoes/54943_1730238/anexos/28577_919203/Anexo%20RMD_Maio_26.zip
2014-08-31,Instituições Financeiras,instituicoes_financeiras,146.699160986,21.856959064,21.856959064,21.856959064,671.178275797,671.178275797,OK_EXATO,https://www.tesourotransparente.gov.br/publicacoes/relatorio-mensal-da-divida-rmd/2026/5,https://cdn.tesouro.gov.br/sistemas-internos/apex/producao/sistemas/thot/arquivos/publicacoes/54943_1730238/anexos/28577_919203/Anexo%20RMD_Maio_26.zip
2014-08-31,Fundos,fundos,117.89919135,17.566002298,17.566002298,17.566002298,671.178275797,671.178275797,OK_EXATO,https://www.tesourotransparente.gov.br/publicacoes/relatorio-mensal-da-divida-rmd/2026/5,https://cdn.tesouro.gov.br/sistemas-internos/apex/producao/sistemas/thot/arquivos/publicacoes/54943_1730238/anexos/28577_919203/Anexo%20RMD_Maio_26.zip
2014-08-31,Não-residentes,nao_residentes,63.703175215,9.4912451,9.4912451,9.4912451,671.178275797,671.178275797,OK_EXATO,https://www.tesourotransparente.gov.br/publicacoes/relatorio-mensal-da-divida-rmd/2026/5,https://cdn.tesouro.gov.br/sistemas-internos/apex/producao/sistemas/thot/arquivos/publicacoes/54943_1730238/anexos/28577_919203/Anexo%20RMD_Maio_26.zip
2014-08-31,Previdência,previdencia,208.433406113,31.0548499,31.0548499,31.0548499,671.178275797,671.178275797,OK_EXATO,https://www.tesourotransparente.gov.br/publicacoes/relatorio-mensal-da-divida-rmd/2026/5,https://cdn.tesouro.gov.br/sistemas-internos/apex/producao/sistemas/thot/arquivos/publicacoes/54943_1730238/anexos/28577_919203/Anexo%20RMD_Maio_26.zip
2014-08-31,Governo,governo,82.010851883,12.21893718,12.21893718,12.21893718,671.178275797,671.178275797,OK_EXATO,https://www.tesourotransparente.gov.br/publicacoes/relatorio-mensal-da-divida-rmd/2026/5,https://cdn.tesouro.gov.br/sistemas-internos/apex/producao/sistemas/thot/arquivos/publicacoes/54943_1730238/anexos/28577_919203/Anexo%20RMD_Maio_26.zip
2014-08-31,Seguradoras,seguradoras,31.821365372,4.741119688,4.741119688,4.741119688,671.178275797,671.178275797,OK_EXATO,https://www.tesourotransparente.gov.br/publicacoes/relatorio-mensal-da-divida-rmd/2026/5,https://cdn.tesouro.gov.br/sistemas-internos/apex/producao/sistemas/thot/arquivos/publicacoes/54943_1730238/anexos/28577_919203/Anexo%20RMD_Maio_26.zip
2014-08-31,Outros,outros,20.611124877,3.07088677,3.07088677,3.07088677,671.178275797,671.178275797,OK_EXATO,https://www.tesourotransparente.gov.br/publicacoes/relatorio-mensal-da-divida-rmd/2026/5,https://cdn.tesouro.gov.br/sistemas-internos/apex/producao/sistemas/thot/arquivos/publicacoes/54943_1730238/anexos/28577_919203/Anexo%20RMD_Maio_26.zip
2014-09-30,Instituições Financeiras,instituicoes_financeiras,146.818906091,21.55502277,21.55502277,21.55502277,681.135472025,681.135472025,OK_EXATO,https://www.tesourotransparente.gov.br/publicacoes/relatorio-mensal-da-divida-rmd/2026/5,https://cdn.tesouro.gov.br/sistemas-internos/apex/producao/sistemas/thot/arquivos/publicacoes/54943_1730238/anexos/28577_919203/Anexo%20RMD_Maio_26.zip
2014-09-30,Fundos,fundos,117.961178377,17.31831379,17.31831379,17.31831379,681.135472025,681.135472025,OK_EXATO,https://www.tesourotransparente.gov.br/publicacoes/relatorio-mensal-da-divida-rmd/2026/5,https://cdn.tesouro.gov.br/sistemas-internos/apex/producao/sistemas/thot/arquivos/publicacoes/54943_1730238/anexos/28577_919203/Anexo%20RMD_Maio_26.zip
2014-09-30,Não-residentes,nao_residentes,68.319509317,10.030238054,10.030238054,10.030238054,681.135472025,681.135472025,OK_EXATO,https://www.tesourotransparente.gov.br/publicacoes/relatorio-mensal-da-divida-rmd/2026/5,https://cdn.tesouro.gov.br/sistemas-internos/apex/producao/sistemas/thot/arquivos/publicacoes/54943_1730238/anexos/28577_919203/Anexo%20RMD_Maio_26.zip
2014-09-30,Previdência,previdencia,212.403661973,31.18376163,31.18376163,31.18376163,681.135472025,681.135472025,OK_EXATO,https://www.tesourotransparente.gov.br/publicacoes/relatorio-mensal-da-divida-rmd/2026/5,https://cdn.tesouro.gov.br/sistemas-internos/apex/producao/sistemas/thot/arquivos/publicacoes/54943_1730238/anexos/28577_919203/Anexo%20RMD_Maio_26.zip
2014-09-30,Governo,governo,82.668696107,12.136894862,12.136894862,12.136894862,681.135472025,681.135472025,OK_EXATO,https://www.tesourotransparente.gov.br/publicacoes/relatorio-mensal-da-divida-rmd/2026/5,https://cdn.tesouro.gov.br/sistemas-internos/apex/producao/sistemas/thot/arquivos/publicacoes/54943_1730238/anexos/28577_919203/Anexo%20RMD_Maio_26.zip
2014-09-30,Seguradoras,seguradoras,32.119221432,4.715540851,4.715540851,4.715540851,681.135472025,681.135472025,OK_EXATO,https://www.tesourotransparente.gov.br/publicacoes/relatorio-mensal-da-divida-rmd/2026/5,https://cdn.tesouro.gov.br/sistemas-internos/apex/producao/sistemas/thot/arquivos/publicacoes/54943_1730238/anexos/28577_919203/Anexo%20RMD_Maio_26.zip
2014-09-30,Outros,outros,20.844298728,3.060228043,3.060228043,3.060228043,681.135472025,681.135472025,OK_EXATO,https://www.tesourotransparente.gov.br/publicacoes/relatorio-mensal-da-divida-rmd/2026/5,https://cdn.tesouro.gov.br/sistemas-internos/apex/producao/sistemas/thot/arquivos/publicacoes/54943_1730238/anexos/28577_919203/Anexo%20RMD_Maio_26.zip
2014-10-31,Instituições Financeiras,instituicoes_financeiras,143.775964624,20.796065347,20.796065347,20.796065347,691.361381234,691.361381234,OK_EXATO,https://www.tesourotransparente.gov.br/publicacoes/relatorio-mensal-da-divida-rmd/2026/5,https://cdn.tesouro.gov.br/sistemas-internos/apex/producao/sistemas/thot/arquivos/publicacoes/54943_1730238/anexos/28577_919203/Anexo%20RMD_Maio_26.zip
2014-10-31,Fundos,fundos,118.865892198,17.193018792,17.193018792,17.193018792,691.361381234,691.361381234,OK_EXATO,https://www.tesourotransparente.gov.br/publicacoes/relatorio-mensal-da-divida-rmd/2026/5,https://cdn.tesouro.gov.br/sistemas-internos/apex/producao/sistemas/thot/arquivos/publicacoes/54943_1730238/anexos/28577_919203/Anexo%20RMD_Maio_26.zip
2014-10-31,Não-residentes,nao_residentes,73.153539527,10.581085596,10.581085596,10.581085596,691.361381234,691.361381234,OK_EXATO,https://www.tesourotransparente.gov.br/publicacoes/relatorio-mensal-da-divida-rmd/2026/5,https://cdn.tesouro.gov.br/sistemas-internos/apex/producao/sistemas/thot/arquivos/publicacoes/54943_1730238/anexos/28577_919203/Anexo%20RMD_Maio_26.zip
2014-10-31,Previdência,previdencia,215.722460947,31.202561613,31.202561613,31.202561613,691.361381234,691.361381234,OK_EXATO,https://www.tesourotransparente.gov.br/publicacoes/relatorio-mensal-da-divida-rmd/2026/5,https://cdn.tesouro.gov.br/sistemas-internos/apex/producao/sistemas/thot/arquivos/publicacoes/54943_1730238/anexos/28577_919203/Anexo%20RMD_Maio_26.zip
2014-10-31,Governo,governo,83.538002746,12.083116734,12.083116734,12.083116734,691.361381234,691.361381234,OK_EXATO,https://www.tesourotransparente.gov.br/publicacoes/relatorio-mensal-da-divida-rmd/2026/5,https://cdn.tesouro.gov.br/sistemas-internos/apex/producao/sistemas/thot/arquivos/publicacoes/54943_1730238/anexos/28577_919203/Anexo%20RMD_Maio_26.zip
2014-10-31,Seguradoras,seguradoras,32.475082463,4.697265908,4.697265908,4.697265908,691.361381234,691.361381234,OK_EXATO,https://www.tesourotransparente.gov.br/publicacoes/relatorio-mensal-da-divida-rmd/2026/5,https://cdn.tesouro.gov.br/sistemas-internos/apex/producao/sistemas/thot/arquivos/publicacoes/54943_1730238/anexos/28577_919203/Anexo%20RMD_Maio_26.zip
2014-10-31,Outros,outros,23.83043873,3.44688601,3.44688601,3.44688601,691.361381234,691.361381234,OK_EXATO,https://www.tesourotransparente.gov.br/publicacoes/relatorio-mensal-da-divida-rmd/2026/5,https://cdn.tesouro.gov.br/sistemas-internos/apex/producao/sistemas/thot/arquivos/publicacoes/54943_1730238/anexos/28577_919203/Anexo%20RMD_Maio_26.zip
2014-11-30,Instituições Financeiras,instituicoes_financeiras,143.185904169,20.611204742,20.611204742,20.611204742,694.699344163,694.699344163,OK_EXATO,https://www.tesourotransparente.gov.br/publicacoes/relatorio-mensal-da-divida-rmd/2026/5,https://cdn.tesouro.gov.br/sistemas-internos/apex/producao/sistemas/thot/arquivos/publicacoes/54943_1730238/anexos/28577_919203/Anexo%20RMD_Maio_26.zip
2014-11-30,Fundos,fundos,121.031915491,17.422200914,17.422200914,17.422200914,694.699344163,694.699344163,OK_EXATO,https://www.tesourotransparente.gov.br/publicacoes/relatorio-mensal-da-divida-rmd/2026/5,https://cdn.tesouro.gov.br/sistemas-internos/apex/producao/sistemas/thot/arquivos/publicacoes/54943_1730238/anexos/28577_919203/Anexo%20RMD_Maio_26.zip
2014-11-30,Não-residentes,nao_residentes,72.477002784,10.432858962,10.432858962,10.432858962,694.699344163,694.699344163,OK_EXATO,https://www.tesourotransparente.gov.br/publicacoes/relatorio-mensal-da-divida-rmd/2026/5,https://cdn.tesouro.gov.br/sistemas-internos/apex/producao/sistemas/thot/arquivos/publicacoes/54943_1730238/anexos/28577_919203/Anexo%20RMD_Maio_26.zip
2014-11-30,Previdência,previdencia,217.459258513,31.302643415,31.302643415,31.302643415,694.699344163,694.699344163,OK_EXATO,https://www.tesourotransparente.gov.br/publicacoes/relatorio-mensal-da-divida-rmd/2026/5,https://cdn.tesouro.gov.br/sistemas-internos/apex/producao/sistemas/thot/arquivos/publicacoes/54943_1730238/anexos/28577_919203/Anexo%20RMD_Maio_26.zip
2014-11-30,Governo,governo,83.553256549,12.027254272,12.027254272,12.027254272,694.699344163,694.699344163,OK_EXATO,https://www.tesourotransparente.gov.br/publicacoes/relatorio-mensal-da-divida-rmd/2026/5,https://cdn.tesouro.gov.br/sistemas-internos/apex/producao/sistemas/thot/arquivos/publicacoes/54943_1730238/anexos/28577_919203/Anexo%20RMD_Maio_26.zip
2014-11-30,Seguradoras,seguradoras,33.135510738,4.769762778,4.769762778,4.769762778,694.699344163,694.699344163,OK_EXATO,https://www.tesourotransparente.gov.br/publicacoes/relatorio-mensal-da-divida-rmd/2026/5,https://cdn.tesouro.gov.br/sistemas-internos/apex/producao/sistemas/thot/arquivos/publicacoes/54943_1730238/anexos/28577_919203/Anexo%20RMD_Maio_26.zip
2014-11-30,Outros,outros,23.85649592,3.434074916,3.434074916,3.434074916,694.699344163,694.699344163,OK_EXATO,https://www.tesourotransparente.gov.br/publicacoes/relatorio-mensal-da-divida-rmd/2026/5,https://cdn.tesouro.gov.br/sistemas-internos/apex/producao/sistemas/thot/arquivos/publicacoes/54943_1730238/anexos/28577_919203/Anexo%20RMD_Maio_26.zip
2014-12-31,Instituições Financeiras,instituicoes_financeiras,158.198679638,22.166438476,22.166438476,22.166438476,713.685600927,713.685600927,OK_EXATO,https://www.tesourotransparente.gov.br/publicacoes/relatorio-mensal-da-divida-rmd/2026/5,https://cdn.tesouro.gov.br/sistemas-internos/apex/producao/sistemas/thot/arquivos/publicacoes/54943_1730238/anexos/28577_919203/Anexo%20RMD_Maio_26.zip
2014-12-31,Fundos,fundos,123.143374566,17.254569016,17.254569016,17.254569016,713.685600927,713.685600927,OK_EXATO,https://www.tesourotransparente.gov.br/publicacoes/relatorio-mensal-da-divida-rmd/2026/5,https://cdn.tesouro.gov.br/sistemas-internos/apex/producao/sistemas/thot/arquivos/publicacoes/54943_1730238/anexos/28577_919203/Anexo%20RMD_Maio_26.zip
2014-12-31,Não-residentes,nao_residentes,72.743277068,10.19262221,10.19262221,10.19262221,713.685600927,713.685600927,OK_EXATO,https://www.tesourotransparente.gov.br/publicacoes/relatorio-mensal-da-divida-rmd/2026/5,https://cdn.tesouro.gov.br/sistemas-internos/apex/producao/sistemas/thot/arquivos/publicacoes/54943_1730238/anexos/28577_919203/Anexo%20RMD_Maio_26.zip
2014-12-31,Previdência,previdencia,219.792119274,30.796770873,30.796770873,30.796770873,713.685600927,713.685600927,OK_EXATO,https://www.tesourotransparente.gov.br/publicacoes/relatorio-mensal-da-divida-rmd/2026/5,https://cdn.tesouro.gov.br/sistemas-internos/apex/producao/sistemas/thot/arquivos/publicacoes/54943_1730238/anexos/28577_919203/Anexo%20RMD_Maio_26.zip
2014-12-31,Governo,governo,83.876221101,11.752544957,11.752544957,11.752544957,713.685600927,713.685600927,OK_EXATO,https://www.tesourotransparente.gov.br/publicacoes/relatorio-mensal-da-divida-rmd/2026/5,https://cdn.tesouro.gov.br/sistemas-internos/apex/producao/sistemas/thot/arquivos/publicacoes/54943_1730238/anexos/28577_919203/Anexo%20RMD_Maio_26.zip
2014-12-31,Seguradoras,seguradoras,33.441532183,4.68575128,4.68575128,4.68575128,713.685600927,713.685600927,OK_EXATO,https://www.tesourotransparente.gov.br/publicacoes/relatorio-mensal-da-divida-rmd/2026/5,https://cdn.tesouro.gov.br/sistemas-internos/apex/producao/sistemas/thot/arquivos/publicacoes/54943_1730238/anexos/28577_919203/Anexo%20RMD_Maio_26.zip
2014-12-31,Outros,outros,22.490397096,3.151303188,3.151303188,3.151303188,713.685600927,713.685600927,OK_EXATO,https://www.tesourotransparente.gov.br/publicacoes/relatorio-mensal-da-divida-rmd/2026/5,https://cdn.tesouro.gov.br/sistemas-internos/apex/producao/sistemas/thot/arquivos/publicacoes/54943_1730238/anexos/28577_919203/Anexo%20RMD_Maio_26.zip
2015-01-31,Instituições Financeiras,instituicoes_financeiras,158.56520975,21.750223367,21.750223367,21.750223367,729.027960183,729.027960183,OK_EXATO,https://www.tesourotransparente.gov.br/publicacoes/relatorio-mensal-da-divida-rmd/2026/5,https://cdn.tesouro.gov.br/sistemas-internos/apex/producao/sistemas/thot/arquivos/publicacoes/54943_1730238/anexos/28577_919203/Anexo%20RMD_Maio_26.zip
2015-01-31,Fundos,fundos,128.949809241,17.687909968,17.687909968,17.687909968,729.027960183,729.027960183,OK_EXATO,https://www.tesourotransparente.gov.br/publicacoes/relatorio-mensal-da-divida-rmd/2026/5,https://cdn.tesouro.gov.br/sistemas-internos/apex/producao/sistemas/thot/arquivos/publicacoes/54943_1730238/anexos/28577_919203/Anexo%20RMD_Maio_26.zip
2015-01-31,Não-residentes,nao_residentes,73.692808358,10.108365163,10.108365163,10.108365163,729.027960183,729.027960183,OK_EXATO,https://www.tesourotransparente.gov.br/publicacoes/relatorio-mensal-da-divida-rmd/2026/5,https://cdn.tesouro.gov.br/sistemas-internos/apex/producao/sistemas/thot/arquivos/publicacoes/54943_1730238/anexos/28577_919203/Anexo%20RMD_Maio_26.zip
2015-01-31,Previdência,previdencia,223.584967026,30.668915218,30.668915218,30.668915218,729.027960183,729.027960183,OK_EXATO,https://www.tesourotransparente.gov.br/publicacoes/relatorio-mensal-da-divida-rmd/2026/5,https://cdn.tesouro.gov.br/sistemas-internos/apex/producao/sistemas/thot/arquivos/publicacoes/54943_1730238/anexos/28577_919203/Anexo%20RMD_Maio_26.zip
2015-01-31,Governo,governo,86.868835183,11.915706931,11.915706931,11.915706931,729.027960183,729.027960183,OK_EXATO,https://www.tesourotransparente.gov.br/publicacoes/relatorio-mensal-da-divida-rmd/2026/5,https://cdn.tesouro.gov.br/sistemas-internos/apex/producao/sistemas/thot/arquivos/publicacoes/54943_1730238/anexos/28577_919203/Anexo%20RMD_Maio_26.zip
2015-01-31,Seguradoras,seguradoras,34.514351137,4.734297314,4.734297314,4.734297314,729.027960183,729.027960183,OK_EXATO,https://www.tesourotransparente.gov.br/publicacoes/relatorio-mensal-da-divida-rmd/2026/5,https://cdn.tesouro.gov.br/sistemas-internos/apex/producao/sistemas/thot/arquivos/publicacoes/54943_1730238/anexos/28577_919203/Anexo%20RMD_Maio_26.zip
2015-01-31,Outros,outros,22.851979489,3.134582038,3.134582038,3.134582038,729.027960183,729.027960183,OK_EXATO,https://www.tesourotransparente.gov.br/publicacoes/relatorio-mensal-da-divida-rmd/2026/5,https://cdn.tesouro.gov.br/sistemas-internos/apex/producao/sistemas/thot/arquivos/publicacoes/54943_1730238/anexos/28577_919203/Anexo%20RMD_Maio_26.zip
2015-02-28,Instituições Financeiras,instituicoes_financeiras,155.166910426,21.139520328,21.139520328,21.139520328,734.013393025,734.013393025,OK_EXATO,https://www.tesourotransparente.gov.br/publicacoes/relatorio-mensal-da-divida-rmd/2026/5,https://cdn.tesouro.gov.br/sistemas-internos/apex/producao/sistemas/thot/arquivos/publicacoes/54943_1730238/anexos/28577_919203/Anexo%20RMD_Maio_26.zip
2015-02-28,Fundos,fundos,132.601958375,18.065332273,18.065332273,18.065332273,734.013393025,734.013393025,OK_EXATO,https://www.tesourotransparente.gov.br/publicacoes/relatorio-mensal-da-divida-rmd/2026/5,https://cdn.tesouro.gov.br/sistemas-internos/apex/producao/sistemas/thot/arquivos/publicacoes/54943_1730238/anexos/28577_919203/Anexo%20RMD_Maio_26.zip
2015-02-28,Não-residentes,nao_residentes,71.184965549,9.698047233,9.698047233,9.698047233,734.013393025,734.013393025,OK_EXATO,https://www.tesourotransparente.gov.br/publicacoes/relatorio-mensal-da-divida-rmd/2026/5,https://cdn.tesouro.gov.br/sistemas-internos/apex/producao/sistemas/thot/arquivos/publicacoes/54943_1730238/anexos/28577_919203/Anexo%20RMD_Maio_26.zip
2015-02-28,Previdência,previdencia,228.677264103,31.154372151,31.154372151,31.154372151,734.013393025,734.013393025,OK_EXATO,https://www.tesourotransparente.gov.br/publicacoes/relatorio-mensal-da-divida-rmd/2026/5,https://cdn.tesouro.gov.br/sistemas-internos/apex/producao/sistemas/thot/arquivos/publicacoes/54943_1730238/anexos/28577_919203/Anexo%20RMD_Maio_26.zip
2015-02-28,Governo,governo,88.528994121,12.060950789,12.060950789,12.060950789,734.013393025,734.013393025,OK_EXATO,https://www.tesourotransparente.gov.br/publicacoes/relatorio-mensal-da-divida-rmd/2026/5,https://cdn.tesouro.gov.br/sistemas-internos/apex/producao/sistemas/thot/arquivos/publicacoes/54943_1730238/anexos/28577_919203/Anexo%20RMD_Maio_26.zip
2015-02-28,Seguradoras,seguradoras,34.553953181,4.707537152,4.707537152,4.707537152,734.013393025,734.013393025,OK_EXATO,https://www.tesourotransparente.gov.br/publicacoes/relatorio-mensal-da-divida-rmd/2026/5,https://cdn.tesouro.gov.br/sistemas-internos/apex/producao/sistemas/thot/arquivos/publicacoes/54943_1730238/anexos/28577_919203/Anexo%20RMD_Maio_26.zip
2015-02-28,Outros,outros,23.299347271,3.174240074,3.174240074,3.174240074,734.013393025,734.013393025,OK_EXATO,https://www.tesourotransparente.gov.br/publicacoes/relatorio-mensal-da-divida-rmd/2026/5,https://cdn.tesouro.gov.br/sistemas-internos/apex/producao/sistemas/thot/arquivos/publicacoes/54943_1730238/anexos/28577_919203/Anexo%20RMD_Maio_26.zip
2015-03-31,Instituições Financeiras,instituicoes_financeiras,157.610302623,20.836940336,20.836940336,20.836940336,756.398492681,756.398492681,OK_EXATO,https://www.tesourotransparente.gov.br/publicacoes/relatorio-mensal-da-divida-rmd/2026/5,https://cdn.tesouro.gov.br/sistemas-internos/apex/producao/sistemas/thot/arquivos/publicacoes/54943_1730238/anexos/28577_919203/Anexo%20RMD_Maio_26.zip
2015-03-31,Fundos,fundos,137.72960671,18.208604068,18.208604068,18.208604068,756.398492681,756.398492681,OK_EXATO,https://www.tesourotransparente.gov.br/publicacoes/relatorio-mensal-da-divida-rmd/2026/5,https://cdn.tesouro.gov.br/sistemas-internos/apex/producao/sistemas/thot/arquivos/publicacoes/54943_1730238/anexos/28577_919203/Anexo%20RMD_Maio_26.zip
2015-03-31,Não-residentes,nao_residentes,73.012019969,9.652586656,9.652586656,9.652586656,756.398492681,756.398492681,OK_EXATO,https://www.tesourotransparente.gov.br/publicacoes/relatorio-mensal-da-divida-rmd/2026/5,https://cdn.tesouro.gov.br/sistemas-internos/apex/producao/sistemas/thot/arquivos/publicacoes/54943_1730238/anexos/28577_919203/Anexo%20RMD_Maio_26.zip
2015-03-31,Previdência,previdencia,235.980440241,31.197899325,31.197899325,31.197899325,756.398492681,756.398492681,OK_EXATO,https://www.tesourotransparente.gov.br/publicacoes/relatorio-mensal-da-divida-rmd/2026/5,https://cdn.tesouro.gov.br/sistemas-internos/apex/producao/sistemas/thot/arquivos/publicacoes/54943_1730238/anexos/28577_919203/Anexo%20RMD_Maio_26.zip
2015-03-31,Governo,governo,91.844464415,12.142338371,12.142338371,12.142338371,756.398492681,756.398492681,OK_EXATO,https://www.tesourotransparente.gov.br/publicacoes/relatorio-mensal-da-divida-rmd/2026/5,https://cdn.tesouro.gov.br/sistemas-internos/apex/producao/sistemas/thot/arquivos/publicacoes/54943_1730238/anexos/28577_919203/Anexo%20RMD_Maio_26.zip
2015-03-31,Seguradoras,seguradoras,35.566079186,4.702029358,4.702029358,4.702029358,756.398492681,756.398492681,OK_EXATO,https://www.tesourotransparente.gov.br/publicacoes/relatorio-mensal-da-divida-rmd/2026/5,https://cdn.tesouro.gov.br/sistemas-internos/apex/producao/sistemas/thot/arquivos/publicacoes/54943_1730238/anexos/28577_919203/Anexo%20RMD_Maio_26.zip
2015-03-31,Outros,outros,24.655579539,3.259601887,3.259601887,3.259601887,756.398492681,756.398492681,OK_EXATO,https://www.tesourotransparente.gov.br/publicacoes/relatorio-mensal-da-divida-rmd/2026/5,https://cdn.tesouro.gov.br/sistemas-internos/apex/producao/sistemas/thot/arquivos/publicacoes/54943_1730238/anexos/28577_919203/Anexo%20RMD_Maio_26.zip
2015-04-30,Instituições Financeiras,instituicoes_financeiras,159.78432307,20.526068598,20.526068598,20.526068598,778.445820284,778.445820284,OK_EXATO,https://www.tesourotransparente.gov.br/publicacoes/relatorio-mensal-da-divida-rmd/2026/5,https://cdn.tesouro.gov.br/sistemas-internos/apex/producao/sistemas/thot/arquivos/publicacoes/54943_1730238/anexos/28577_919203/Anexo%20RMD_Maio_26.zip
2015-04-30,Fundos,fundos,143.481723462,18.431818853,18.431818853,18.431818853,778.445820284,778.445820284,OK_EXATO,https://www.tesourotransparente.gov.br/publicacoes/relatorio-mensal-da-divida-rmd/2026/5,https://cdn.tesouro.gov.br/sistemas-internos/apex/producao/sistemas/thot/arquivos/publicacoes/54943_1730238/anexos/28577_919203/Anexo%20RMD_Maio_26.zip
2015-04-30,Não-residentes,nao_residentes,76.825685493,9.869111439,9.869111439,9.869111439,778.445820284,778.445820284,OK_EXATO,https://www.tesourotransparente.gov.br/publicacoes/relatorio-mensal-da-divida-rmd/2026/5,https://cdn.tesouro.gov.br/sistemas-internos/apex/producao/sistemas/thot/arquivos/publicacoes/54943_1730238/anexos/28577_919203/Anexo%20RMD_Maio_26.zip
2015-04-30,Previdência,previdencia,240.493185527,30.894017189,30.894017189,30.894017189,778.445820284,778.445820284,OK_EXATO,https://www.tesourotransparente.gov.br/publicacoes/relatorio-mensal-da-divida-rmd/2026/5,https://cdn.tesouro.gov.br/sistemas-internos/apex/producao/sistemas/thot/arquivos/publicacoes/54943_1730238/anexos/28577_919203/Anexo%20RMD_Maio_26.zip
2015-04-30,Governo,governo,95.428328654,12.25882729,12.25882729,12.25882729,778.445820284,778.445820284,OK_EXATO,https://www.tesourotransparente.gov.br/publicacoes/relatorio-mensal-da-divida-rmd/2026/5,https://cdn.tesouro.gov.br/sistemas-internos/apex/producao/sistemas/thot/arquivos/publicacoes/54943_1730238/anexos/28577_919203/Anexo%20RMD_Maio_26.zip
2015-04-30,Seguradoras,seguradoras,36.360777149,4.670945132,4.670945132,4.670945132,778.445820284,778.445820284,OK_EXATO,https://www.tesourotransparente.gov.br/publicacoes/relatorio-mensal-da-divida-rmd/2026/5,https://cdn.tesouro.gov.br/sistemas-internos/apex/producao/sistemas/thot/arquivos/publicacoes/54943_1730238/anexos/28577_919203/Anexo%20RMD_Maio_26.zip
2015-04-30,Outros,outros,26.071796929,3.349211499,3.349211499,3.349211499,778.445820284,778.445820284,OK_EXATO,https://www.tesourotransparente.gov.br/publicacoes/relatorio-mensal-da-divida-rmd/2026/5,https://cdn.tesouro.gov.br/sistemas-internos/apex/producao/sistemas/thot/arquivos/publicacoes/54943_1730238/anexos/28577_919203/Anexo%20RMD_Maio_26.zip
2015-05-31,Instituições Financeiras,instituicoes_financeiras,143.597761056,19.677153385,19.677153385,19.677153385,729.768977492,729.768977492,OK_EXATO,https://www.tesourotransparente.gov.br/publicacoes/relatorio-mensal-da-divida-rmd/2026/5,https://cdn.tesouro.gov.br/sistemas-internos/apex/producao/sistemas/thot/arquivos/publicacoes/54943_1730238/anexos/28577_919203/Anexo%20RMD_Maio_26.zip
2015-05-31,Fundos,fundos,120.862848433,16.561795878,16.561795878,16.561795878,729.768977492,729.768977492,OK_EXATO,https://www.tesourotransparente.gov.br/publicacoes/relatorio-mensal-da-divida-rmd/2026/5,https://cdn.tesouro.gov.br/sistemas-internos/apex/producao/sistemas/thot/arquivos/publicacoes/54943_1730238/anexos/28577_919203/Anexo%20RMD_Maio_26.zip
2015-05-31,Não-residentes,nao_residentes,72.494711549,9.933926186,9.933926186,9.933926186,729.768977492,729.768977492,OK_EXATO,https://www.tesourotransparente.gov.br/publicacoes/relatorio-mensal-da-divida-rmd/2026/5,https://cdn.tesouro.gov.br/sistemas-internos/apex/producao/sistemas/thot/arquivos/publicacoes/54943_1730238/anexos/28577_919203/Anexo%20RMD_Maio_26.zip
2015-05-31,Previdência,previdencia,243.553064066,33.373995275,33.373995275,33.373995275,729.768977492,729.768977492,OK_EXATO,https://www.tesourotransparente.gov.br/publicacoes/relatorio-mensal-da-divida-rmd/2026/5,https://cdn.tesouro.gov.br/sistemas-internos/apex/producao/sistemas/thot/arquivos/publicacoes/54943_1730238/anexos/28577_919203/Anexo%20RMD_Maio_26.zip
2015-05-31,Governo,governo,89.971997326,12.328832836,12.328832836,12.328832836,729.768977492,729.768977492,OK_EXATO,https://www.tesourotransparente.gov.br/publicacoes/relatorio-mensal-da-divida-rmd/2026/5,https://cdn.tesouro.gov.br/sistemas-internos/apex/producao/sistemas/thot/arquivos/publicacoes/54943_1730238/anexos/28577_919203/Anexo%20RMD_Maio_26.zip
2015-05-31,Seguradoras,seguradoras,34.871396875,4.778415903,4.778415903,4.778415903,729.768977492,729.768977492,OK_EXATO,https://www.tesourotransparente.gov.br/publicacoes/relatorio-mensal-da-divida-rmd/2026/5,https://cdn.tesouro.gov.br/sistemas-internos/apex/producao/sistemas/thot/arquivos/publicacoes/54943_1730238/anexos/28577_919203/Anexo%20RMD_Maio_26.zip
2015-05-31,Outros,outros,24.417198187,3.345880538,3.345880538,3.345880538,729.768977492,729.768977492,OK_EXATO,https://www.tesourotransparente.gov.br/publicacoes/relatorio-mensal-da-divida-rmd/2026/5,https://cdn.tesouro.gov.br/sistemas-internos/apex/producao/sistemas/thot/arquivos/publicacoes/54943_1730238/anexos/28577_919203/Anexo%20RMD_Maio_26.zip
2015-06-30,Instituições Financeiras,instituicoes_financeiras,143.350267376,19.097691484,19.097691484,19.097691484,750.615683012,750.615683012,OK_EXATO,https://www.tesourotransparente.gov.br/publicacoes/relatorio-mensal-da-divida-rmd/2026/5,https://cdn.tesouro.gov.br/sistemas-internos/apex/producao/sistemas/thot/arquivos/publicacoes/54943_1730238/anexos/28577_919203/Anexo%20RMD_Maio_26.zip
2015-06-30,Fundos,fundos,126.342012565,16.831784284,16.831784284,16.831784284,750.615683012,750.615683012,OK_EXATO,https://www.tesourotransparente.gov.br/publicacoes/relatorio-mensal-da-divida-rmd/2026/5,https://cdn.tesouro.gov.br/sistemas-internos/apex/producao/sistemas/thot/arquivos/publicacoes/54943_1730238/anexos/28577_919203/Anexo%20RMD_Maio_26.zip
2015-06-30,Não-residentes,nao_residentes,76.503025845,10.192036694,10.192036694,10.192036694,750.615683012,750.615683012,OK_EXATO,https://www.tesourotransparente.gov.br/publicacoes/relatorio-mensal-da-divida-rmd/2026/5,https://cdn.tesouro.gov.br/sistemas-internos/apex/producao/sistemas/thot/arquivos/publicacoes/54943_1730238/anexos/28577_919203/Anexo%20RMD_Maio_26.zip
2015-06-30,Previdência,previdencia,249.698164171,33.265780322,33.265780322,33.265780322,750.615683012,750.615683012,OK_EXATO,https://www.tesourotransparente.gov.br/publicacoes/relatorio-mensal-da-divida-rmd/2026/5,https://cdn.tesouro.gov.br/sistemas-internos/apex/producao/sistemas/thot/arquivos/publicacoes/54943_1730238/anexos/28577_919203/Anexo%20RMD_Maio_26.zip
2015-06-30,Governo,governo,93.252938821,12.42352657,12.42352657,12.42352657,750.615683012,750.615683012,OK_EXATO,https://www.tesourotransparente.gov.br/publicacoes/relatorio-mensal-da-divida-rmd/2026/5,https://cdn.tesouro.gov.br/sistemas-internos/apex/producao/sistemas/thot/arquivos/publicacoes/54943_1730238/anexos/28577_919203/Anexo%20RMD_Maio_26.zip
2015-06-30,Seguradoras,seguradoras,35.588897577,4.741294165,4.741294165,4.741294165,750.615683012,750.615683012,OK_EXATO,https://www.tesourotransparente.gov.br/publicacoes/relatorio-mensal-da-divida-rmd/2026/5,https://cdn.tesouro.gov.br/sistemas-internos/apex/producao/sistemas/thot/arquivos/publicacoes/54943_1730238/anexos/28577_919203/Anexo%20RMD_Maio_26.zip
2015-06-30,Outros,outros,25.880376658,3.447886481,3.447886481,3.447886481,750.615683012,750.615683012,OK_EXATO,https://www.tesourotransparente.gov.br/publicacoes/relatorio-mensal-da-divida-rmd/2026/5,https://cdn.tesouro.gov.br/sistemas-internos/apex/producao/sistemas/thot/arquivos/publicacoes/54943_1730238/anexos/28577_919203/Anexo%20RMD_Maio_26.zip
2015-07-31,Instituições Financeiras,instituicoes_financeiras,143.802104468,18.745042086,18.745042086,18.745042086,767.147407859,767.147407859,OK_EXATO,https://www.tesourotransparente.gov.br/publicacoes/relatorio-mensal-da-divida-rmd/2026/5,https://cdn.tesouro.gov.br/sistemas-internos/apex/producao/sistemas/thot/arquivos/publicacoes/54943_1730238/anexos/28577_919203/Anexo%20RMD_Maio_26.zip
2015-07-31,Fundos,fundos,133.602140213,17.415445695,17.415445695,17.415445695,767.147407859,767.147407859,OK_EXATO,https://www.tesourotransparente.gov.br/publicacoes/relatorio-mensal-da-divida-rmd/2026/5,https://cdn.tesouro.gov.br/sistemas-internos/apex/producao/sistemas/thot/arquivos/publicacoes/54943_1730238/anexos/28577_919203/Anexo%20RMD_Maio_26.zip
2015-07-31,Não-residentes,nao_residentes,73.696239434,9.60652916,9.60652916,9.60652916,767.147407859,767.147407859,OK_EXATO,https://www.tesourotransparente.gov.br/publicacoes/relatorio-mensal-da-divida-rmd/2026/5,https://cdn.tesouro.gov.br/sistemas-internos/apex/producao/sistemas/thot/arquivos/publicacoes/54943_1730238/anexos/28577_919203/Anexo%20RMD_Maio_26.zip
2015-07-31,Previdência,previdencia,256.951596444,33.49442282,33.49442282,33.49442282,767.147407859,767.147407859,OK_EXATO,https://www.tesourotransparente.gov.br/publicacoes/relatorio-mensal-da-divida-rmd/2026/5,https://cdn.tesouro.gov.br/sistemas-internos/apex/producao/sistemas/thot/arquivos/publicacoes/54943_1730238/anexos/28577_919203/Anexo%20RMD_Maio_26.zip
2015-07-31,Governo,governo,95.005718963,12.384284688,12.384284688,12.384284688,767.147407859,767.147407859,OK_EXATO,https://www.tesourotransparente.gov.br/publicacoes/relatorio-mensal-da-divida-rmd/2026/5,https://cdn.tesouro.gov.br/sistemas-internos/apex/producao/sistemas/thot/arquivos/publicacoes/54943_1730238/anexos/28577_919203/Anexo%20RMD_Maio_26.zip
2015-07-31,Seguradoras,seguradoras,36.430207288,4.748788423,4.748788423,4.748788423,767.147407859,767.147407859,OK_EXATO,https://www.tesourotransparente.gov.br/publicacoes/relatorio-mensal-da-divida-rmd/2026/5,https://cdn.tesouro.gov.br/sistemas-internos/apex/producao/sistemas/thot/arquivos/publicacoes/54943_1730238/anexos/28577_919203/Anexo%20RMD_Maio_26.zip
2015-07-31,Outros,outros,27.659401048,3.605487129,3.605487129,3.605487129,767.147407859,767.147407859,OK_EXATO,https://www.tesourotransparente.gov.br/publicacoes/relatorio-mensal-da-divida-rmd/2026/5,https://cdn.tesouro.gov.br/sistemas-internos/apex/producao/sistemas/thot/arquivos/publicacoes/54943_1730238/anexos/28577_919203/Anexo%20RMD_Maio_26.zip
2015-08-31,Instituições Financeiras,instituicoes_financeiras,142.127450676,18.541693363,18.541693363,18.541693363,766.528967401,766.528967401,OK_EXATO,https://www.tesourotransparente.gov.br/publicacoes/relatorio-mensal-da-divida-rmd/2026/5,https://cdn.tesouro.gov.br/sistemas-internos/apex/producao/sistemas/thot/arquivos/publicacoes/54943_1730238/anexos/28577_919203/Anexo%20RMD_Maio_26.zip
2015-08-31,Fundos,fundos,138.252760062,18.036208146,18.036208146,18.036208146,766.528967401,766.528967401,OK_EXATO,https://www.tesourotransparente.gov.br/publicacoes/relatorio-mensal-da-divida-rmd/2026/5,https://cdn.tesouro.gov.br/sistemas-internos/apex/producao/sistemas/thot/arquivos/publicacoes/54943_1730238/anexos/28577_919203/Anexo%20RMD_Maio_26.zip
2015-08-31,Não-residentes,nao_residentes,62.194351816,8.113764053,8.113764053,8.113764053,766.528967401,766.528967401,OK_EXATO,https://www.tesourotransparente.gov.br/publicacoes/relatorio-mensal-da-divida-rmd/2026/5,https://cdn.tesouro.gov.br/sistemas-internos/apex/producao/sistemas/thot/arquivos/publicacoes/54943_1730238/anexos/28577_919203/Anexo%20RMD_Maio_26.zip
2015-08-31,Previdência,previdencia,262.895690423,34.296902218,34.296902218,34.296902218,766.528967401,766.528967401,OK_EXATO,https://www.tesourotransparente.gov.br/publicacoes/relatorio-mensal-da-divida-rmd/2026/5,https://cdn.tesouro.gov.br/sistemas-internos/apex/producao/sistemas/thot/arquivos/publicacoes/54943_1730238/anexos/28577_919203/Anexo%20RMD_Maio_26.zip
2015-08-31,Governo,governo,94.491908884,12.327245662,12.327245662,12.327245662,766.528967401,766.528967401,OK_EXATO,https://www.tesourotransparente.gov.br/publicacoes/relatorio-mensal-da-divida-rmd/2026/5,https://cdn.tesouro.gov.br/sistemas-internos/apex/producao/sistemas/thot/arquivos/publicacoes/54943_1730238/anexos/28577_919203/Anexo%20RMD_Maio_26.zip
2015-08-31,Seguradoras,seguradoras,36.507332374,4.762681376,4.762681376,4.762681376,766.528967401,766.528967401,OK_EXATO,https://www.tesourotransparente.gov.br/publicacoes/relatorio-mensal-da-divida-rmd/2026/5,https://cdn.tesouro.gov.br/sistemas-internos/apex/producao/sistemas/thot/arquivos/publicacoes/54943_1730238/anexos/28577_919203/Anexo%20RMD_Maio_26.zip
2015-08-31,Outros,outros,30.059473166,3.92150518,3.92150518,3.92150518,766.528967401,766.528967401,OK_EXATO,https://www.tesourotransparente.gov.br/publicacoes/relatorio-mensal-da-divida-rmd/2026/5,https://cdn.tesouro.gov.br/sistemas-internos/apex/producao/sistemas/thot/arquivos/publicacoes/54943_1730238/anexos/28577_919203/Anexo%20RMD_Maio_26.zip
2015-09-30,Instituições Financeiras,instituicoes_financeiras,143.854427173,18.619216513,18.619216513,18.619216513,772.612677207,772.612677207,OK_EXATO,https://www.tesourotransparente.gov.br/publicacoes/relatorio-mensal-da-divida-rmd/2026/5,https://cdn.tesouro.gov.br/sistemas-internos/apex/producao/sistemas/thot/arquivos/publicacoes/54943_1730238/anexos/28577_919203/Anexo%20RMD_Maio_26.zip
2015-09-30,Fundos,fundos,138.652281059,17.945897751,17.945897751,17.945897751,772.612677207,772.612677207,OK_EXATO,https://www.tesourotransparente.gov.br/publicacoes/relatorio-mensal-da-divida-rmd/2026/5,https://cdn.tesouro.gov.br/sistemas-internos/apex/producao/sistemas/thot/arquivos/publicacoes/54943_1730238/anexos/28577_919203/Anexo%20RMD_Maio_26.zip
2015-09-30,Não-residentes,nao_residentes,57.777135826,7.478150117,7.478150117,7.478150117,772.612677207,772.612677207,OK_EXATO,https://www.tesourotransparente.gov.br/publicacoes/relatorio-mensal-da-divida-rmd/2026/5,https://cdn.tesouro.gov.br/sistemas-internos/apex/producao/sistemas/thot/arquivos/publicacoes/54943_1730238/anexos/28577_919203/Anexo%20RMD_Maio_26.zip
2015-09-30,Previdência,previdencia,268.222544999,34.716301313,34.716301313,34.716301313,772.612677207,772.612677207,OK_EXATO,https://www.tesourotransparente.gov.br/publicacoes/relatorio-mensal-da-divida-rmd/2026/5,https://cdn.tesouro.gov.br/sistemas-internos/apex/producao/sistemas/thot/arquivos/publicacoes/54943_1730238/anexos/28577_919203/Anexo%20RMD_Maio_26.zip
2015-09-30,Governo,governo,95.011350844,12.297410287,12.297410287,12.297410287,772.612677207,772.612677207,OK_EXATO,https://www.tesourotransparente.gov.br/publicacoes/relatorio-mensal-da-divida-rmd/2026/5,https://cdn.tesouro.gov.br/sistemas-internos/apex/producao/sistemas/thot/arquivos/publicacoes/54943_1730238/anexos/28577_919203/Anexo%20RMD_Maio_26.zip
2015-09-30,Seguradoras,seguradoras,37.320968111,4.830488706,4.830488706,4.830488706,772.612677207,772.612677207,OK_EXATO,https://www.tesourotransparente.gov.br/publicacoes/relatorio-mensal-da-divida-rmd/2026/5,https://cdn.tesouro.gov.br/sistemas-internos/apex/producao/sistemas/thot/arquivos/publicacoes/54943_1730238/anexos/28577_919203/Anexo%20RMD_Maio_26.zip
2015-09-30,Outros,outros,31.773969196,4.112535315,4.112535315,4.112535315,772.612677207,772.612677207,OK_EXATO,https://www.tesourotransparente.gov.br/publicacoes/relatorio-mensal-da-divida-rmd/2026/5,https://cdn.tesouro.gov.br/sistemas-internos/apex/producao/sistemas/thot/arquivos/publicacoes/54943_1730238/anexos/28577_919203/Anexo%20RMD_Maio_26.zip
2015-10-31,Instituições Financeiras,instituicoes_financeiras,146.909623429,18.735384212,18.735384212,18.735384212,784.129227192,784.129227192,OK_EXATO,https://www.tesourotransparente.gov.br/publicacoes/relatorio-mensal-da-divida-rmd/2026/5,https://cdn.tesouro.gov.br/sistemas-internos/apex/producao/sistemas/thot/arquivos/publicacoes/54943_1730238/anexos/28577_919203/Anexo%20RMD_Maio_26.zip
2015-10-31,Fundos,fundos,141.497617181,18.045191057,18.045191057,18.045191057,784.129227192,784.129227192,OK_EXATO,https://www.tesourotransparente.gov.br/publicacoes/relatorio-mensal-da-divida-rmd/2026/5,https://cdn.tesouro.gov.br/sistemas-internos/apex/producao/sistemas/thot/arquivos/publicacoes/54943_1730238/anexos/28577_919203/Anexo%20RMD_Maio_26.zip
2015-10-31,Não-residentes,nao_residentes,58.521291994,7.463220342,7.463220342,7.463220342,784.129227192,784.129227192,OK_EXATO,https://www.tesourotransparente.gov.br/publicacoes/relatorio-mensal-da-divida-rmd/2026/5,https://cdn.tesouro.gov.br/sistemas-internos/apex/producao/sistemas/thot/arquivos/publicacoes/54943_1730238/anexos/28577_919203/Anexo%20RMD_Maio_26.zip
2015-10-31,Previdência,previdencia,270.369526416,34.480225585,34.480225585,34.480225585,784.129227192,784.129227192,OK_EXATO,https://www.tesourotransparente.gov.br/publicacoes/relatorio-mensal-da-divida-rmd/2026/5,https://cdn.tesouro.gov.br/sistemas-internos/apex/producao/sistemas/thot/arquivos/publicacoes/54943_1730238/anexos/28577_919203/Anexo%20RMD_Maio_26.zip
2015-10-31,Governo,governo,95.974769283,12.239662285,12.239662285,12.239662285,784.129227192,784.129227192,OK_EXATO,https://www.tesourotransparente.gov.br/publicacoes/relatorio-mensal-da-divida-rmd/2026/5,https://cdn.tesouro.gov.br/sistemas-internos/apex/producao/sistemas/thot/arquivos/publicacoes/54943_1730238/anexos/28577_919203/Anexo%20RMD_Maio_26.zip
2015-10-31,Seguradoras,seguradoras,37.956049728,4.840535005,4.840535005,4.840535005,784.129227192,784.129227192,OK_EXATO,https://www.tesourotransparente.gov.br/publicacoes/relatorio-mensal-da-divida-rmd/2026/5,https://cdn.tesouro.gov.br/sistemas-internos/apex/producao/sistemas/thot/arquivos/publicacoes/54943_1730238/anexos/28577_919203/Anexo%20RMD_Maio_26.zip
2015-10-31,Outros,outros,32.900349161,4.195781514,4.195781514,4.195781514,784.129227192,784.129227192,OK_EXATO,https://www.tesourotransparente.gov.br/publicacoes/relatorio-mensal-da-divida-rmd/2026/5,https://cdn.tesouro.gov.br/sistemas-internos/apex/producao/sistemas/thot/arquivos/publicacoes/54943_1730238/anexos/28577_919203/Anexo%20RMD_Maio_26.zip
2015-11-30,Instituições Financeiras,instituicoes_financeiras,148.579804131,18.759624276,18.759624276,18.759624276,792.019082835,792.019082835,OK_EXATO,https://www.tesourotransparente.gov.br/publicacoes/relatorio-mensal-da-divida-rmd/2026/5,https://cdn.tesouro.gov.br/sistemas-internos/apex/producao/sistemas/thot/arquivos/publicacoes/54943_1730238/anexos/28577_919203/Anexo%20RMD_Maio_26.zip
2015-11-30,Fundos,fundos,140.525290065,17.74266468,17.74266468,17.74266468,792.019082835,792.019082835,OK_EXATO,https://www.tesourotransparente.gov.br/publicacoes/relatorio-mensal-da-divida-rmd/2026/5,https://cdn.tesouro.gov.br/sistemas-internos/apex/producao/sistemas/thot/arquivos/publicacoes/54943_1730238/anexos/28577_919203/Anexo%20RMD_Maio_26.zip
2015-11-30,Não-residentes,nao_residentes,57.876447779,7.307456226,7.307456226,7.307456226,792.019082835,792.019082835,OK_EXATO,https://www.tesourotransparente.gov.br/publicacoes/relatorio-mensal-da-divida-rmd/2026/5,https://cdn.tesouro.gov.br/sistemas-internos/apex/producao/sistemas/thot/arquivos/publicacoes/54943_1730238/anexos/28577_919203/Anexo%20RMD_Maio_26.zip
2015-11-30,Previdência,previdencia,275.778926685,34.819732588,34.819732588,34.819732588,792.019082835,792.019082835,OK_EXATO,https://www.tesourotransparente.gov.br/publicacoes/relatorio-mensal-da-divida-rmd/2026/5,https://cdn.tesouro.gov.br/sistemas-internos/apex/producao/sistemas/thot/arquivos/publicacoes/54943_1730238/anexos/28577_919203/Anexo%20RMD_Maio_26.zip
2015-11-30,Governo,governo,96.341295767,12.164011935,12.164011935,12.164011935,792.019082835,792.019082835,OK_EXATO,https://www.tesourotransparente.gov.br/publicacoes/relatorio-mensal-da-divida-rmd/2026/5,https://cdn.tesouro.gov.br/sistemas-internos/apex/producao/sistemas/thot/arquivos/publicacoes/54943_1730238/anexos/28577_919203/Anexo%20RMD_Maio_26.zip
2015-11-30,Seguradoras,seguradoras,38.672941395,4.882829497,4.882829497,4.882829497,792.019082835,792.019082835,OK_EXATO,https://www.tesourotransparente.gov.br/publicacoes/relatorio-mensal-da-divida-rmd/2026/5,https://cdn.tesouro.gov.br/sistemas-internos/apex/producao/sistemas/thot/arquivos/publicacoes/54943_1730238/anexos/28577_919203/Anexo%20RMD_Maio_26.zip
2015-11-30,Outros,outros,34.244377011,4.323680799,4.323680799,4.323680799,792.019082835,792.019082835,OK_EXATO,https://www.tesourotransparente.gov.br/publicacoes/relatorio-mensal-da-divida-rmd/2026/5,https://cdn.tesouro.gov.br/sistemas-internos/apex/producao/sistemas/thot/arquivos/publicacoes/54943_1730238/anexos/28577_919203/Anexo%20RMD_Maio_26.zip
2015-12-31,Instituições Financeiras,instituicoes_financeiras,154.368899725,19.065867467,19.065867467,19.065867467,809.66103426,809.66103426,OK_EXATO,https://www.tesourotransparente.gov.br/publicacoes/relatorio-mensal-da-divida-rmd/2026/5,https://cdn.tesouro.gov.br/sistemas-internos/apex/producao/sistemas/thot/arquivos/publicacoes/54943_1730238/anexos/28577_919203/Anexo%20RMD_Maio_26.zip
2015-12-31,Fundos,fundos,142.155958507,17.557465716,17.557465716,17.557465716,809.66103426,809.66103426,OK_EXATO,https://www.tesourotransparente.gov.br/publicacoes/relatorio-mensal-da-divida-rmd/2026/5,https://cdn.tesouro.gov.br/sistemas-internos/apex/producao/sistemas/thot/arquivos/publicacoes/54943_1730238/anexos/28577_919203/Anexo%20RMD_Maio_26.zip
2015-12-31,Não-residentes,nao_residentes,58.261147252,7.195745477,7.195745477,7.195745477,809.66103426,809.66103426,OK_EXATO,https://www.tesourotransparente.gov.br/publicacoes/relatorio-mensal-da-divida-rmd/2026/5,https://cdn.tesouro.gov.br/sistemas-internos/apex/producao/sistemas/thot/arquivos/publicacoes/54943_1730238/anexos/28577_919203/Anexo%20RMD_Maio_26.zip
2015-12-31,Previdência,previdencia,281.793253788,34.803855177,34.803855177,34.803855177,809.66103426,809.66103426,OK_EXATO,https://www.tesourotransparente.gov.br/publicacoes/relatorio-mensal-da-divida-rmd/2026/5,https://cdn.tesouro.gov.br/sistemas-internos/apex/producao/sistemas/thot/arquivos/publicacoes/54943_1730238/anexos/28577_919203/Anexo%20RMD_Maio_26.zip
2015-12-31,Governo,governo,97.035884383,11.984754147,11.984754147,11.984754147,809.66103426,809.66103426,OK_EXATO,https://www.tesourotransparente.gov.br/publicacoes/relatorio-mensal-da-divida-rmd/2026/5,https://cdn.tesouro.gov.br/sistemas-internos/apex/producao/sistemas/thot/arquivos/publicacoes/54943_1730238/anexos/28577_919203/Anexo%20RMD_Maio_26.zip
2015-12-31,Seguradoras,seguradoras,40.001791033,4.940560227,4.940560227,4.940560227,809.66103426,809.66103426,OK_EXATO,https://www.tesourotransparente.gov.br/publicacoes/relatorio-mensal-da-divida-rmd/2026/5,https://cdn.tesouro.gov.br/sistemas-internos/apex/producao/sistemas/thot/arquivos/publicacoes/54943_1730238/anexos/28577_919203/Anexo%20RMD_Maio_26.zip
2015-12-31,Outros,outros,36.044099571,4.451751788,4.451751788,4.451751788,809.66103426,809.66103426,OK_EXATO,https://www.tesourotransparente.gov.br/publicacoes/relatorio-mensal-da-divida-rmd/2026/5,https://cdn.tesouro.gov.br/sistemas-internos/apex/producao/sistemas/thot/arquivos/publicacoes/54943_1730238/anexos/28577_919203/Anexo%20RMD_Maio_26.zip
2016-01-31,Instituições Financeiras,instituicoes_financeiras,160.282764771,19.383231945,19.383231945,19.383231945,826.914547733,826.914547733,OK_EXATO,https://www.tesourotransparente.gov.br/publicacoes/relatorio-mensal-da-divida-rmd/2026/5,https://cdn.tesouro.gov.br/sistemas-internos/apex/producao/sistemas/thot/arquivos/publicacoes/54943_1730238/anexos/28577_919203/Anexo%20RMD_Maio_26.zip
2016-01-31,Fundos,fundos,143.884340568,17.400146238,17.400146238,17.400146238,826.914547733,826.914547733,OK_EXATO,https://www.tesourotransparente.gov.br/publicacoes/relatorio-mensal-da-divida-rmd/2026/5,https://cdn.tesouro.gov.br/sistemas-internos/apex/producao/sistemas/thot/arquivos/publicacoes/54943_1730238/anexos/28577_919203/Anexo%20RMD_Maio_26.zip
2016-01-31,Não-residentes,nao_residentes,57.997587453,7.013734081,7.013734081,7.013734081,826.914547733,826.914547733,OK_EXATO,https://www.tesourotransparente.gov.br/publicacoes/relatorio-mensal-da-divida-rmd/2026/5,https://cdn.tesouro.gov.br/sistemas-internos/apex/producao/sistemas/thot/arquivos/publicacoes/54943_1730238/anexos/28577_919203/Anexo%20RMD_Maio_26.zip
2016-01-31,Previdência,previdencia,286.550138631,34.652932327,34.652932327,34.652932327,826.914547733,826.914547733,OK_EXATO,https://www.tesourotransparente.gov.br/publicacoes/relatorio-mensal-da-divida-rmd/2026/5,https://cdn.tesouro.gov.br/sistemas-internos/apex/producao/sistemas/thot/arquivos/publicacoes/54943_1730238/anexos/28577_919203/Anexo%20RMD_Maio_26.zip
2016-01-31,Governo,governo,99.921119227,12.08360882,12.08360882,12.08360882,826.914547733,826.914547733,OK_EXATO,https://www.tesourotransparente.gov.br/publicacoes/relatorio-mensal-da-divida-rmd/2026/5,https://cdn.tesouro.gov.br/sistemas-internos/apex/producao/sistemas/thot/arquivos/publicacoes/54943_1730238/anexos/28577_919203/Anexo%20RMD_Maio_26.zip
2016-01-31,Seguradoras,seguradoras,40.097785304,4.849084517,4.849084517,4.849084517,826.914547733,826.914547733,OK_EXATO,https://www.tesourotransparente.gov.br/publicacoes/relatorio-mensal-da-divida-rmd/2026/5,https://cdn.tesouro.gov.br/sistemas-internos/apex/producao/sistemas/thot/arquivos/publicacoes/54943_1730238/anexos/28577_919203/Anexo%20RMD_Maio_26.zip
2016-01-31,Outros,outros,38.18081178,4.617262072,4.617262072,4.617262072,826.914547733,826.914547733,OK_EXATO,https://www.tesourotransparente.gov.br/publicacoes/relatorio-mensal-da-divida-rmd/2026/5,https://cdn.tesouro.gov.br/sistemas-internos/apex/producao/sistemas/thot/arquivos/publicacoes/54943_1730238/anexos/28577_919203/Anexo%20RMD_Maio_26.zip
2016-02-29,Instituições Financeiras,instituicoes_financeiras,160.243756593,19.262771141,19.262771141,19.262771141,831.883197997,831.883197997,OK_EXATO,https://www.tesourotransparente.gov.br/publicacoes/relatorio-mensal-da-divida-rmd/2026/5,https://cdn.tesouro.gov.br/sistemas-internos/apex/producao/sistemas/thot/arquivos/publicacoes/54943_1730238/anexos/28577_919203/Anexo%20RMD_Maio_26.zip
2016-02-29,Fundos,fundos,143.186232299,17.212300073,17.212300073,17.212300073,831.883197997,831.883197997,OK_EXATO,https://www.tesourotransparente.gov.br/publicacoes/relatorio-mensal-da-divida-rmd/2026/5,https://cdn.tesouro.gov.br/sistemas-internos/apex/producao/sistemas/thot/arquivos/publicacoes/54943_1730238/anexos/28577_919203/Anexo%20RMD_Maio_26.zip
2016-02-29,Não-residentes,nao_residentes,56.201338658,6.755917032,6.755917032,6.755917032,831.883197997,831.883197997,OK_EXATO,https://www.tesourotransparente.gov.br/publicacoes/relatorio-mensal-da-divida-rmd/2026/5,https://cdn.tesouro.gov.br/sistemas-internos/apex/producao/sistemas/thot/arquivos/publicacoes/54943_1730238/anexos/28577_919203/Anexo%20RMD_Maio_26.zip
2016-02-29,Previdência,previdencia,291.482533008,35.038877298,35.038877298,35.038877298,831.883197997,831.883197997,OK_EXATO,https://www.tesourotransparente.gov.br/publicacoes/relatorio-mensal-da-divida-rmd/2026/5,https://cdn.tesouro.gov.br/sistemas-internos/apex/producao/sistemas/thot/arquivos/publicacoes/54943_1730238/anexos/28577_919203/Anexo%20RMD_Maio_26.zip
2016-02-29,Governo,governo,100.832821456,12.121031137,12.121031137,12.121031137,831.883197997,831.883197997,OK_EXATO,https://www.tesourotransparente.gov.br/publicacoes/relatorio-mensal-da-divida-rmd/2026/5,https://cdn.tesouro.gov.br/sistemas-internos/apex/producao/sistemas/thot/arquivos/publicacoes/54943_1730238/anexos/28577_919203/Anexo%20RMD_Maio_26.zip
2016-02-29,Seguradoras,seguradoras,39.90922676,4.797455563,4.797455563,4.797455563,831.883197997,831.883197997,OK_EXATO,https://www.tesourotransparente.gov.br/publicacoes/relatorio-mensal-da-divida-rmd/2026/5,https://cdn.tesouro.gov.br/sistemas-internos/apex/producao/sistemas/thot/arquivos/publicacoes/54943_1730238/anexos/28577_919203/Anexo%20RMD_Maio_26.zip
2016-02-29,Outros,outros,40.027289224,4.811647755,4.811647755,4.811647755,831.883197997,831.883197997,OK_EXATO,https://www.tesourotransparente.gov.br/publicacoes/relatorio-mensal-da-divida-rmd/2026/5,https://cdn.tesouro.gov.br/sistemas-internos/apex/producao/sistemas/thot/arquivos/publicacoes/54943_1730238/anexos/28577_919203/Anexo%20RMD_Maio_26.zip
2016-03-31,Instituições Financeiras,instituicoes_financeiras,163.039045773,19.095553934,19.095553934,19.095553934,853.806317115,853.806317115,OK_EXATO,https://www.tesourotransparente.gov.br/publicacoes/relatorio-mensal-da-divida-rmd/2026/5,https://cdn.tesouro.gov.br/sistemas-internos/apex/producao/sistemas/thot/arquivos/publicacoes/54943_1730238/anexos/28577_919203/Anexo%20RMD_Maio_26.zip
2016-03-31,Fundos,fundos,150.01377908,17.570001073,17.570001073,17.570001073,853.806317115,853.806317115,OK_EXATO,https://www.tesourotransparente.gov.br/publicacoes/relatorio-mensal-da-divida-rmd/2026/5,https://cdn.tesouro.gov.br/sistemas-internos/apex/producao/sistemas/thot/arquivos/publicacoes/54943_1730238/anexos/28577_919203/Anexo%20RMD_Maio_26.zip
2016-03-31,Não-residentes,nao_residentes,55.102463144,6.453742733,6.453742733,6.453742733,853.806317115,853.806317115,OK_EXATO,https://www.tesourotransparente.gov.br/publicacoes/relatorio-mensal-da-divida-rmd/2026/5,https://cdn.tesouro.gov.br/sistemas-internos/apex/producao/sistemas/thot/arquivos/publicacoes/54943_1730238/anexos/28577_919203/Anexo%20RMD_Maio_26.zip
2016-03-31,Previdência,previdencia,298.615570119,34.974626462,34.974626462,34.974626462,853.806317115,853.806317115,OK_EXATO,https://www.tesourotransparente.gov.br/publicacoes/relatorio-mensal-da-divida-rmd/2026/5,https://cdn.tesouro.gov.br/sistemas-internos/apex/producao/sistemas/thot/arquivos/publicacoes/54943_1730238/anexos/28577_919203/Anexo%20RMD_Maio_26.zip
2016-03-31,Governo,governo,105.164869048,12.317180951,12.317180951,12.317180951,853.806317115,853.806317115,OK_EXATO,https://www.tesourotransparente.gov.br/publicacoes/relatorio-mensal-da-divida-rmd/2026/5,https://cdn.tesouro.gov.br/sistemas-internos/apex/producao/sistemas/thot/arquivos/publicacoes/54943_1730238/anexos/28577_919203/Anexo%20RMD_Maio_26.zip
2016-03-31,Seguradoras,seguradoras,39.872466201,4.669966174,4.669966174,4.669966174,853.806317115,853.806317115,OK_EXATO,https://www.tesourotransparente.gov.br/publicacoes/relatorio-mensal-da-divida-rmd/2026/5,https://cdn.tesouro.gov.br/sistemas-internos/apex/producao/sistemas/thot/arquivos/publicacoes/54943_1730238/anexos/28577_919203/Anexo%20RMD_Maio_26.zip
2016-03-31,Outros,outros,41.99812375,4.918928674,4.918928674,4.918928674,853.806317115,853.806317115,OK_EXATO,https://www.tesourotransparente.gov.br/publicacoes/relatorio-mensal-da-divida-rmd/2026/5,https://cdn.tesouro.gov.br/sistemas-internos/apex/producao/sistemas/thot/arquivos/publicacoes/54943_1730238/anexos/28577_919203/Anexo%20RMD_Maio_26.zip
2016-04-30,Instituições Financeiras,instituicoes_financeiras,162.51510595,18.778172204,18.778172204,18.778172204,865.446882605,865.446882605,OK_EXATO,https://www.tesourotransparente.gov.br/publicacoes/relatorio-mensal-da-divida-rmd/2026/5,https://cdn.tesouro.gov.br/sistemas-internos/apex/producao/sistemas/thot/arquivos/publicacoes/54943_1730238/anexos/28577_919203/Anexo%20RMD_Maio_26.zip
2016-04-30,Fundos,fundos,152.080797429,17.572516637,17.572516637,17.572516637,865.446882605,865.446882605,OK_EXATO,https://www.tesourotransparente.gov.br/publicacoes/relatorio-mensal-da-divida-rmd/2026/5,https://cdn.tesouro.gov.br/sistemas-internos/apex/producao/sistemas/thot/arquivos/publicacoes/54943_1730238/anexos/28577_919203/Anexo%20RMD_Maio_26.zip
2016-04-30,Não-residentes,nao_residentes,53.226548195,6.150180822,6.150180822,6.150180822,865.446882605,865.446882605,OK_EXATO,https://www.tesourotransparente.gov.br/publicacoes/relatorio-mensal-da-divida-rmd/2026/5,https://cdn.tesouro.gov.br/sistemas-internos/apex/producao/sistemas/thot/arquivos/publicacoes/54943_1730238/anexos/28577_919203/Anexo%20RMD_Maio_26.zip
2016-04-30,Previdência,previdencia,306.990954638,35.471957992,35.471957992,35.471957992,865.446882605,865.446882605,OK_EXATO,https://www.tesourotransparente.gov.br/publicacoes/relatorio-mensal-da-divida-rmd/2026/5,https://cdn.tesouro.gov.br/sistemas-internos/apex/producao/sistemas/thot/arquivos/publicacoes/54943_1730238/anexos/28577_919203/Anexo%20RMD_Maio_26.zip
2016-04-30,Governo,governo,105.970152305,12.244558786,12.244558786,12.244558786,865.446882605,865.446882605,OK_EXATO,https://www.tesourotransparente.gov.br/publicacoes/relatorio-mensal-da-divida-rmd/2026/5,https://cdn.tesouro.gov.br/sistemas-internos/apex/producao/sistemas/thot/arquivos/publicacoes/54943_1730238/anexos/28577_919203/Anexo%20RMD_Maio_26.zip
2016-04-30,Seguradoras,seguradoras,41.005735759,4.738099655,4.738099655,4.738099655,865.446882605,865.446882605,OK_EXATO,https://www.tesourotransparente.gov.br/publicacoes/relatorio-mensal-da-divida-rmd/2026/5,https://cdn.tesouro.gov.br/sistemas-internos/apex/producao/sistemas/thot/arquivos/publicacoes/54943_1730238/anexos/28577_919203/Anexo%20RMD_Maio_26.zip
2016-04-30,Outros,outros,43.657588328,5.044513904,5.044513904,5.044513904,865.446882605,865.446882605,OK_EXATO,https://www.tesourotransparente.gov.br/publicacoes/relatorio-mensal-da-divida-rmd/2026/5,https://cdn.tesouro.gov.br/sistemas-internos/apex/producao/sistemas/thot/arquivos/publicacoes/54943_1730238/anexos/28577_919203/Anexo%20RMD_Maio_26.zip
2016-05-31,Instituições Financeiras,instituicoes_financeiras,158.247906597,18.119617889,18.119617889,18.119617889,873.351234922,873.351234922,OK_EXATO,https://www.tesourotransparente.gov.br/publicacoes/relatorio-mensal-da-divida-rmd/2026/5,https://cdn.tesouro.gov.br/sistemas-internos/apex/producao/sistemas/thot/arquivos/publicacoes/54943_1730238/anexos/28577_919203/Anexo%20RMD_Maio_26.zip
2016-05-31,Fundos,fundos,164.544695473,18.84060947,18.84060947,18.84060947,873.351234922,873.351234922,OK_EXATO,https://www.tesourotransparente.gov.br/publicacoes/relatorio-mensal-da-divida-rmd/2026/5,https://cdn.tesouro.gov.br/sistemas-internos/apex/producao/sistemas/thot/arquivos/publicacoes/54943_1730238/anexos/28577_919203/Anexo%20RMD_Maio_26.zip
2016-05-31,Não-residentes,nao_residentes,50.632508655,5.797496658,5.797496658,5.797496658,873.351234922,873.351234922,OK_EXATO,https://www.tesourotransparente.gov.br/publicacoes/relatorio-mensal-da-divida-rmd/2026/5,https://cdn.tesouro.gov.br/sistemas-internos/apex/producao/sistemas/thot/arquivos/publicacoes/54943_1730238/anexos/28577_919203/Anexo%20RMD_Maio_26.zip
2016-05-31,Previdência,previdencia,310.382176564,35.539215398,35.539215398,35.539215398,873.351234922,873.351234922,OK_EXATO,https://www.tesourotransparente.gov.br/publicacoes/relatorio-mensal-da-divida-rmd/2026/5,https://cdn.tesouro.gov.br/sistemas-internos/apex/producao/sistemas/thot/arquivos/publicacoes/54943_1730238/anexos/28577_919203/Anexo%20RMD_Maio_26.zip
2016-05-31,Governo,governo,104.953740348,12.017357525,12.017357525,12.017357525,873.351234922,873.351234922,OK_EXATO,https://www.tesourotransparente.gov.br/publicacoes/relatorio-mensal-da-divida-rmd/2026/5,https://cdn.tesouro.gov.br/sistemas-internos/apex/producao/sistemas/thot/arquivos/publicacoes/54943_1730238/anexos/28577_919203/Anexo%20RMD_Maio_26.zip
2016-05-31,Seguradoras,seguradoras,40.351165201,4.620267721,4.620267721,4.620267721,873.351234922,873.351234922,OK_EXATO,https://www.tesourotransparente.gov.br/publicacoes/relatorio-mensal-da-divida-rmd/2026/5,https://cdn.tesouro.gov.br/sistemas-internos/apex/producao/sistemas/thot/arquivos/publicacoes/54943_1730238/anexos/28577_919203/Anexo%20RMD_Maio_26.zip
2016-05-31,Outros,outros,44.239042084,5.065435339,5.065435339,5.065435339,873.351234922,873.351234922,OK_EXATO,https://www.tesourotransparente.gov.br/publicacoes/relatorio-mensal-da-divida-rmd/2026/5,https://cdn.tesouro.gov.br/sistemas-internos/apex/producao/sistemas/thot/arquivos/publicacoes/54943_1730238/anexos/28577_919203/Anexo%20RMD_Maio_26.zip
2016-06-30,Instituições Financeiras,instituicoes_financeiras,163.010081103,18.302709249,18.302709249,18.302709249,890.633615438,890.633615438,OK_EXATO,https://www.tesourotransparente.gov.br/publicacoes/relatorio-mensal-da-divida-rmd/2026/5,https://cdn.tesouro.gov.br/sistemas-internos/apex/producao/sistemas/thot/arquivos/publicacoes/54943_1730238/anexos/28577_919203/Anexo%20RMD_Maio_26.zip
2016-06-30,Fundos,fundos,169.951598461,19.082100149,19.082100149,19.082100149,890.633615438,890.633615438,OK_EXATO,https://www.tesourotransparente.gov.br/publicacoes/relatorio-mensal-da-divida-rmd/2026/5,https://cdn.tesouro.gov.br/sistemas-internos/apex/producao/sistemas/thot/arquivos/publicacoes/54943_1730238/anexos/28577_919203/Anexo%20RMD_Maio_26.zip
2016-06-30,Não-residentes,nao_residentes,50.544369876,5.675102421,5.675102421,5.675102421,890.633615438,890.633615438,OK_EXATO,https://www.tesourotransparente.gov.br/publicacoes/relatorio-mensal-da-divida-rmd/2026/5,https://cdn.tesouro.gov.br/sistemas-internos/apex/producao/sistemas/thot/arquivos/publicacoes/54943_1730238/anexos/28577_919203/Anexo%20RMD_Maio_26.zip
2016-06-30,Previdência,previdencia,314.358278453,35.296026672,35.296026672,35.296026672,890.633615438,890.633615438,OK_EXATO,https://www.tesourotransparente.gov.br/publicacoes/relatorio-mensal-da-divida-rmd/2026/5,https://cdn.tesouro.gov.br/sistemas-internos/apex/producao/sistemas/thot/arquivos/publicacoes/54943_1730238/anexos/28577_919203/Anexo%20RMD_Maio_26.zip
2016-06-30,Governo,governo,106.385863175,11.944963825,11.944963825,11.944963825,890.633615438,890.633615438,OK_EXATO,https://www.tesourotransparente.gov.br/publicacoes/relatorio-mensal-da-divida-rmd/2026/5,https://cdn.tesouro.gov.br/sistemas-internos/apex/producao/sistemas/thot/arquivos/publicacoes/54943_1730238/anexos/28577_919203/Anexo%20RMD_Maio_26.zip
2016-06-30,Seguradoras,seguradoras,40.446227643,4.541286893,4.541286893,4.541286893,890.633615438,890.633615438,OK_EXATO,https://www.tesourotransparente.gov.br/publicacoes/relatorio-mensal-da-divida-rmd/2026/5,https://cdn.tesouro.gov.br/sistemas-internos/apex/producao/sistemas/thot/arquivos/publicacoes/54943_1730238/anexos/28577_919203/Anexo%20RMD_Maio_26.zip
2016-06-30,Outros,outros,45.937196726,5.157810791,5.157810791,5.157810791,890.633615438,890.633615438,OK_EXATO,https://www.tesourotransparente.gov.br/publicacoes/relatorio-mensal-da-divida-rmd/2026/5,https://cdn.tesouro.gov.br/sistemas-internos/apex/producao/sistemas/thot/arquivos/publicacoes/54943_1730238/anexos/28577_919203/Anexo%20RMD_Maio_26.zip
2016-07-31,Instituições Financeiras,instituicoes_financeiras,161.485296672,17.799757345,17.799757345,17.799757345,907.233135517,907.233135517,OK_EXATO,https://www.tesourotransparente.gov.br/publicacoes/relatorio-mensal-da-divida-rmd/2026/5,https://cdn.tesouro.gov.br/sistemas-internos/apex/producao/sistemas/thot/arquivos/publicacoes/54943_1730238/anexos/28577_919203/Anexo%20RMD_Maio_26.zip
2016-07-31,Fundos,fundos,173.715296327,19.147812125,19.147812125,19.147812125,907.233135517,907.233135517,OK_EXATO,https://www.tesourotransparente.gov.br/publicacoes/relatorio-mensal-da-divida-rmd/2026/5,https://cdn.tesouro.gov.br/sistemas-internos/apex/producao/sistemas/thot/arquivos/publicacoes/54943_1730238/anexos/28577_919203/Anexo%20RMD_Maio_26.zip
2016-07-31,Não-residentes,nao_residentes,48.093076374,5.301071411,5.301071411,5.301071411,907.233135517,907.233135517,OK_EXATO,https://www.tesourotransparente.gov.br/publicacoes/relatorio-mensal-da-divida-rmd/2026/5,https://cdn.tesouro.gov.br/sistemas-internos/apex/producao/sistemas/thot/arquivos/publicacoes/54943_1730238/anexos/28577_919203/Anexo%20RMD_Maio_26.zip
2016-07-31,Previdência,previdencia,327.749848877,36.12630933,36.12630933,36.12630933,907.233135517,907.233135517,OK_EXATO,https://www.tesourotransparente.gov.br/publicacoes/relatorio-mensal-da-divida-rmd/2026/5,https://cdn.tesouro.gov.br/sistemas-internos/apex/producao/sistemas/thot/arquivos/publicacoes/54943_1730238/anexos/28577_919203/Anexo%20RMD_Maio_26.zip
2016-07-31,Governo,governo,106.520606669,11.741260598,11.741260598,11.741260598,907.233135517,907.233135517,OK_EXATO,https://www.tesourotransparente.gov.br/publicacoes/relatorio-mensal-da-divida-rmd/2026/5,https://cdn.tesouro.gov.br/sistemas-internos/apex/producao/sistemas/thot/arquivos/publicacoes/54943_1730238/anexos/28577_919203/Anexo%20RMD_Maio_26.zip
2016-07-31,Seguradoras,seguradoras,41.751149759,4.602030958,4.602030958,4.602030958,907.233135517,907.233135517,OK_EXATO,https://www.tesourotransparente.gov.br/publicacoes/relatorio-mensal-da-divida-rmd/2026/5,https://cdn.tesouro.gov.br/sistemas-internos/apex/producao/sistemas/thot/arquivos/publicacoes/54943_1730238/anexos/28577_919203/Anexo%20RMD_Maio_26.zip
2016-07-31,Outros,outros,47.917860838,5.281758234,5.281758234,5.281758234,907.233135517,907.233135517,OK_EXATO,https://www.tesourotransparente.gov.br/publicacoes/relatorio-mensal-da-divida-rmd/2026/5,https://cdn.tesouro.gov.br/sistemas-internos/apex/producao/sistemas/thot/arquivos/publicacoes/54943_1730238/anexos/28577_919203/Anexo%20RMD_Maio_26.zip
2016-08-31,Instituições Financeiras,instituicoes_financeiras,130.923373058,15.696170207,15.696170207,15.696170207,834.110304159,834.110304159,OK_EXATO,https://www.tesourotransparente.gov.br/publicacoes/relatorio-mensal-da-divida-rmd/2026/5,https://cdn.tesouro.gov.br/sistemas-internos/apex/producao/sistemas/thot/arquivos/publicacoes/54943_1730238/anexos/28577_919203/Anexo%20RMD_Maio_26.zip
2016-08-31,Fundos,fundos,155.561043841,18.649936713,18.649936713,18.649936713,834.110304159,834.110304159,OK_EXATO,https://www.tesourotransparente.gov.br/publicacoes/relatorio-mensal-da-divida-rmd/2026/5,https://cdn.tesouro.gov.br/sistemas-internos/apex/producao/sistemas/thot/arquivos/publicacoes/54943_1730238/anexos/28577_919203/Anexo%20RMD_Maio_26.zip
2016-08-31,Não-residentes,nao_residentes,43.115607011,5.169053397,5.169053397,5.169053397,834.110304159,834.110304159,OK_EXATO,https://www.tesourotransparente.gov.br/publicacoes/relatorio-mensal-da-divida-rmd/2026/5,https://cdn.tesouro.gov.br/sistemas-internos/apex/producao/sistemas/thot/arquivos/publicacoes/54943_1730238/anexos/28577_919203/Anexo%20RMD_Maio_26.zip
2016-08-31,Previdência,previdencia,318.753562565,38.214797369,38.214797369,38.214797369,834.110304159,834.110304159,OK_EXATO,https://www.tesourotransparente.gov.br/publicacoes/relatorio-mensal-da-divida-rmd/2026/5,https://cdn.tesouro.gov.br/sistemas-internos/apex/producao/sistemas/thot/arquivos/publicacoes/54943_1730238/anexos/28577_919203/Anexo%20RMD_Maio_26.zip
2016-08-31,Governo,governo,96.623598374,11.58403126,11.58403126,11.58403126,834.110304159,834.110304159,OK_EXATO,https://www.tesourotransparente.gov.br/publicacoes/relatorio-mensal-da-divida-rmd/2026/5,https://cdn.tesouro.gov.br/sistemas-internos/apex/producao/sistemas/thot/arquivos/publicacoes/54943_1730238/anexos/28577_919203/Anexo%20RMD_Maio_26.zip
2016-08-31,Seguradoras,seguradoras,40.381691691,4.841289154,4.841289154,4.841289154,834.110304159,834.110304159,OK_EXATO,https://www.tesourotransparente.gov.br/publicacoes/relatorio-mensal-da-divida-rmd/2026/5,https://cdn.tesouro.gov.br/sistemas-internos/apex/producao/sistemas/thot/arquivos/publicacoes/54943_1730238/anexos/28577_919203/Anexo%20RMD_Maio_26.zip
2016-08-31,Outros,outros,48.751427618,5.8447219,5.8447219,5.8447219,834.110304159,834.110304159,OK_EXATO,https://www.tesourotransparente.gov.br/publicacoes/relatorio-mensal-da-divida-rmd/2026/5,https://cdn.tesouro.gov.br/sistemas-internos/apex/producao/sistemas/thot/arquivos/publicacoes/54943_1730238/anexos/28577_919203/Anexo%20RMD_Maio_26.zip
2016-09-30,Instituições Financeiras,instituicoes_financeiras,133.431247578,15.66651846,15.66651846,15.66651846,851.696871356,851.696871356,OK_EXATO,https://www.tesourotransparente.gov.br/publicacoes/relatorio-mensal-da-divida-rmd/2026/5,https://cdn.tesouro.gov.br/sistemas-internos/apex/producao/sistemas/thot/arquivos/publicacoes/54943_1730238/anexos/28577_919203/Anexo%20RMD_Maio_26.zip
2016-09-30,Fundos,fundos,160.355137318,18.827724125,18.827724125,18.827724125,851.696871356,851.696871356,OK_EXATO,https://www.tesourotransparente.gov.br/publicacoes/relatorio-mensal-da-divida-rmd/2026/5,https://cdn.tesouro.gov.br/sistemas-internos/apex/producao/sistemas/thot/arquivos/publicacoes/54943_1730238/anexos/28577_919203/Anexo%20RMD_Maio_26.zip
2016-09-30,Não-residentes,nao_residentes,41.108990766,4.826716188,4.826716188,4.826716188,851.696871356,851.696871356,OK_EXATO,https://www.tesourotransparente.gov.br/publicacoes/relatorio-mensal-da-divida-rmd/2026/5,https://cdn.tesouro.gov.br/sistemas-internos/apex/producao/sistemas/thot/arquivos/publicacoes/54943_1730238/anexos/28577_919203/Anexo%20RMD_Maio_26.zip
2016-09-30,Previdência,previdencia,325.460852467,38.213226256,38.213226256,38.213226256,851.696871356,851.696871356,OK_EXATO,https://www.tesourotransparente.gov.br/publicacoes/relatorio-mensal-da-divida-rmd/2026/5,https://cdn.tesouro.gov.br/sistemas-internos/apex/producao/sistemas/thot/arquivos/publicacoes/54943_1730238/anexos/28577_919203/Anexo%20RMD_Maio_26.zip
2016-09-30,Governo,governo,99.184498499,11.645516361,11.645516361,11.645516361,851.696871356,851.696871356,OK_EXATO,https://www.tesourotransparente.gov.br/publicacoes/relatorio-mensal-da-divida-rmd/2026/5,https://cdn.tesouro.gov.br/sistemas-internos/apex/producao/sistemas/thot/arquivos/publicacoes/54943_1730238/anexos/28577_919203/Anexo%20RMD_Maio_26.zip
2016-09-30,Seguradoras,seguradoras,41.100736217,4.825747,4.825747,4.825747,851.696871356,851.696871356,OK_EXATO,https://www.tesourotransparente.gov.br/publicacoes/relatorio-mensal-da-divida-rmd/2026/5,https://cdn.tesouro.gov.br/sistemas-internos/apex/producao/sistemas/thot/arquivos/publicacoes/54943_1730238/anexos/28577_919203/Anexo%20RMD_Maio_26.zip
2016-09-30,Outros,outros,51.055408512,5.99455161,5.99455161,5.99455161,851.696871356,851.696871356,OK_EXATO,https://www.tesourotransparente.gov.br/publicacoes/relatorio-mensal-da-divida-rmd/2026/5,https://cdn.tesouro.gov.br/sistemas-internos/apex/producao/sistemas/thot/arquivos/publicacoes/54943_1730238/anexos/28577_919203/Anexo%20RMD_Maio_26.zip
2016-10-31,Instituições Financeiras,instituicoes_financeiras,136.971856934,15.724323922,15.724323922,15.724323922,871.082646339,871.082646339,OK_EXATO,https://www.tesourotransparente.gov.br/publicacoes/relatorio-mensal-da-divida-rmd/2026/5,https://cdn.tesouro.gov.br/sistemas-internos/apex/producao/sistemas/thot/arquivos/publicacoes/54943_1730238/anexos/28577_919203/Anexo%20RMD_Maio_26.zip
2016-10-31,Fundos,fundos,164.724920627,18.910366464,18.910366464,18.910366464,871.082646339,871.082646339,OK_EXATO,https://www.tesourotransparente.gov.br/publicacoes/relatorio-mensal-da-divida-rmd/2026/5,https://cdn.tesouro.gov.br/sistemas-internos/apex/producao/sistemas/thot/arquivos/publicacoes/54943_1730238/anexos/28577_919203/Anexo%20RMD_Maio_26.zip
2016-10-31,Não-residentes,nao_residentes,41.333893265,4.74511729,4.74511729,4.74511729,871.082646339,871.082646339,OK_EXATO,https://www.tesourotransparente.gov.br/publicacoes/relatorio-mensal-da-divida-rmd/2026/5,https://cdn.tesouro.gov.br/sistemas-internos/apex/producao/sistemas/thot/arquivos/publicacoes/54943_1730238/anexos/28577_919203/Anexo%20RMD_Maio_26.zip
2016-10-31,Previdência,previdencia,332.337889728,38.152279939,38.152279939,38.152279939,871.082646339,871.082646339,OK_EXATO,https://www.tesourotransparente.gov.br/publicacoes/relatorio-mensal-da-divida-rmd/2026/5,https://cdn.tesouro.gov.br/sistemas-internos/apex/producao/sistemas/thot/arquivos/publicacoes/54943_1730238/anexos/28577_919203/Anexo%20RMD_Maio_26.zip
2016-10-31,Governo,governo,101.289112521,11.627956652,11.627956652,11.627956652,871.082646339,871.082646339,OK_EXATO,https://www.tesourotransparente.gov.br/publicacoes/relatorio-mensal-da-divida-rmd/2026/5,https://cdn.tesouro.gov.br/sistemas-internos/apex/producao/sistemas/thot/arquivos/publicacoes/54943_1730238/anexos/28577_919203/Anexo%20RMD_Maio_26.zip
2016-10-31,Seguradoras,seguradoras,41.600151544,4.775683653,4.775683653,4.775683653,871.082646339,871.082646339,OK_EXATO,https://www.tesourotransparente.gov.br/publicacoes/relatorio-mensal-da-divida-rmd/2026/5,https://cdn.tesouro.gov.br/sistemas-internos/apex/producao/sistemas/thot/arquivos/publicacoes/54943_1730238/anexos/28577_919203/Anexo%20RMD_Maio_26.zip
2016-10-31,Outros,outros,52.82482172,6.064272081,6.064272081,6.064272081,871.082646339,871.082646339,OK_EXATO,https://www.tesourotransparente.gov.br/publicacoes/relatorio-mensal-da-divida-rmd/2026/5,https://cdn.tesouro.gov.br/sistemas-internos/apex/producao/sistemas/thot/arquivos/publicacoes/54943_1730238/anexos/28577_919203/Anexo%20RMD_Maio_26.zip
2016-11-30,Instituições Financeiras,instituicoes_financeiras,136.742564981,15.591197813,15.591197813,15.591197813,877.049772692,877.049772692,OK_EXATO,https://www.tesourotransparente.gov.br/publicacoes/relatorio-mensal-da-divida-rmd/2026/5,https://cdn.tesouro.gov.br/sistemas-internos/apex/producao/sistemas/thot/arquivos/publicacoes/54943_1730238/anexos/28577_919203/Anexo%20RMD_Maio_26.zip
2016-11-30,Fundos,fundos,157.60164193,17.969520868,17.969520868,17.969520868,877.049772692,877.049772692,OK_EXATO,https://www.tesourotransparente.gov.br/publicacoes/relatorio-mensal-da-divida-rmd/2026/5,https://cdn.tesouro.gov.br/sistemas-internos/apex/producao/sistemas/thot/arquivos/publicacoes/54943_1730238/anexos/28577_919203/Anexo%20RMD_Maio_26.zip
2016-11-30,Não-residentes,nao_residentes,38.594551222,4.400497261,4.400497261,4.400497261,877.049772692,877.049772692,OK_EXATO,https://www.tesourotransparente.gov.br/publicacoes/relatorio-mensal-da-divida-rmd/2026/5,https://cdn.tesouro.gov.br/sistemas-internos/apex/producao/sistemas/thot/arquivos/publicacoes/54943_1730238/anexos/28577_919203/Anexo%20RMD_Maio_26.zip
2016-11-30,Previdência,previdencia,340.990782702,38.879296628,38.879296628,38.879296628,877.049772692,877.049772692,OK_EXATO,https://www.tesourotransparente.gov.br/publicacoes/relatorio-mensal-da-divida-rmd/2026/5,https://cdn.tesouro.gov.br/sistemas-internos/apex/producao/sistemas/thot/arquivos/publicacoes/54943_1730238/anexos/28577_919203/Anexo%20RMD_Maio_26.zip
2016-11-30,Governo,governo,103.578003656,11.809820478,11.809820478,11.809820478,877.049772692,877.049772692,OK_EXATO,https://www.tesourotransparente.gov.br/publicacoes/relatorio-mensal-da-divida-rmd/2026/5,https://cdn.tesouro.gov.br/sistemas-internos/apex/producao/sistemas/thot/arquivos/publicacoes/54943_1730238/anexos/28577_919203/Anexo%20RMD_Maio_26.zip
2016-11-30,Seguradoras,seguradoras,43.639441489,4.97570866,4.97570866,4.97570866,877.049772692,877.049772692,OK_EXATO,https://www.tesourotransparente.gov.br/publicacoes/relatorio-mensal-da-divida-rmd/2026/5,https://cdn.tesouro.gov.br/sistemas-internos/apex/producao/sistemas/thot/arquivos/publicacoes/54943_1730238/anexos/28577_919203/Anexo%20RMD_Maio_26.zip
2016-11-30,Outros,outros,55.902786713,6.373958292,6.373958292,6.373958292,877.049772692,877.049772692,OK_EXATO,https://www.tesourotransparente.gov.br/publicacoes/relatorio-mensal-da-divida-rmd/2026/5,https://cdn.tesouro.gov.br/sistemas-internos/apex/producao/sistemas/thot/arquivos/publicacoes/54943_1730238/anexos/28577_919203/Anexo%20RMD_Maio_26.zip
2016-12-31,Instituições Financeiras,instituicoes_financeiras,132.783567526,15.082642606,15.082642606,15.082642606,880.373360229,880.373360229,OK_EXATO,https://www.tesourotransparente.gov.br/publicacoes/relatorio-mensal-da-divida-rmd/2026/5,https://cdn.tesouro.gov.br/sistemas-internos/apex/producao/sistemas/thot/arquivos/publicacoes/54943_1730238/anexos/28577_919203/Anexo%20RMD_Maio_26.zip
2016-12-31,Fundos,fundos,161.217904169,18.312446906,18.312446906,18.312446906,880.373360229,880.373360229,OK_EXATO,https://www.tesourotransparente.gov.br/publicacoes/relatorio-mensal-da-divida-rmd/2026/5,https://cdn.tesouro.gov.br/sistemas-internos/apex/producao/sistemas/thot/arquivos/publicacoes/54943_1730238/anexos/28577_919203/Anexo%20RMD_Maio_26.zip
2016-12-31,Não-residentes,nao_residentes,38.909338832,4.419640642,4.419640642,4.419640642,880.373360229,880.373360229,OK_EXATO,https://www.tesourotransparente.gov.br/publicacoes/relatorio-mensal-da-divida-rmd/2026/5,https://cdn.tesouro.gov.br/sistemas-internos/apex/producao/sistemas/thot/arquivos/publicacoes/54943_1730238/anexos/28577_919203/Anexo%20RMD_Maio_26.zip
2016-12-31,Previdência,previdencia,344.412571491,39.121194149,39.121194149,39.121194149,880.373360229,880.373360229,OK_EXATO,https://www.tesourotransparente.gov.br/publicacoes/relatorio-mensal-da-divida-rmd/2026/5,https://cdn.tesouro.gov.br/sistemas-internos/apex/producao/sistemas/thot/arquivos/publicacoes/54943_1730238/anexos/28577_919203/Anexo%20RMD_Maio_26.zip
2016-12-31,Governo,governo,104.442232053,11.863402139,11.863402139,11.863402139,880.373360229,880.373360229,OK_EXATO,https://www.tesourotransparente.gov.br/publicacoes/relatorio-mensal-da-divida-rmd/2026/5,https://cdn.tesouro.gov.br/sistemas-internos/apex/producao/sistemas/thot/arquivos/publicacoes/54943_1730238/anexos/28577_919203/Anexo%20RMD_Maio_26.zip
2016-12-31,Seguradoras,seguradoras,41.205074699,4.680409081,4.680409081,4.680409081,880.373360229,880.373360229,OK_EXATO,https://www.tesourotransparente.gov.br/publicacoes/relatorio-mensal-da-divida-rmd/2026/5,https://cdn.tesouro.gov.br/sistemas-internos/apex/producao/sistemas/thot/arquivos/publicacoes/54943_1730238/anexos/28577_919203/Anexo%20RMD_Maio_26.zip
2016-12-31,Outros,outros,57.40267146,6.520264476,6.520264476,6.520264476,880.373360229,880.373360229,OK_EXATO,https://www.tesourotransparente.gov.br/publicacoes/relatorio-mensal-da-divida-rmd/2026/5,https://cdn.tesouro.gov.br/sistemas-internos/apex/producao/sistemas/thot/arquivos/publicacoes/54943_1730238/anexos/28577_919203/Anexo%20RMD_Maio_26.zip
2017-01-31,Instituições Financeiras,instituicoes_financeiras,130.090175072,14.456227587,14.456227587,14.456227587,899.890198117,899.890198117,OK_EXATO,https://www.tesourotransparente.gov.br/publicacoes/relatorio-mensal-da-divida-rmd/2026/5,https://cdn.tesouro.gov.br/sistemas-internos/apex/producao/sistemas/thot/arquivos/publicacoes/54943_1730238/anexos/28577_919203/Anexo%20RMD_Maio_26.zip
2017-01-31,Fundos,fundos,170.841543741,18.984709923,18.984709923,18.984709923,899.890198117,899.890198117,OK_EXATO,https://www.tesourotransparente.gov.br/publicacoes/relatorio-mensal-da-divida-rmd/2026/5,https://cdn.tesouro.gov.br/sistemas-internos/apex/producao/sistemas/thot/arquivos/publicacoes/54943_1730238/anexos/28577_919203/Anexo%20RMD_Maio_26.zip
2017-01-31,Não-residentes,nao_residentes,38.90883569,4.32373147,4.32373147,4.32373147,899.890198117,899.890198117,OK_EXATO,https://www.tesourotransparente.gov.br/publicacoes/relatorio-mensal-da-divida-rmd/2026/5,https://cdn.tesouro.gov.br/sistemas-internos/apex/producao/sistemas/thot/arquivos/publicacoes/54943_1730238/anexos/28577_919203/Anexo%20RMD_Maio_26.zip
2017-01-31,Previdência,previdencia,353.08898288,39.236896192,39.236896192,39.236896192,899.890198117,899.890198117,OK_EXATO,https://www.tesourotransparente.gov.br/publicacoes/relatorio-mensal-da-divida-rmd/2026/5,https://cdn.tesouro.gov.br/sistemas-internos/apex/producao/sistemas/thot/arquivos/publicacoes/54943_1730238/anexos/28577_919203/Anexo%20RMD_Maio_26.zip
2017-01-31,Governo,governo,105.88690661,11.766647401,11.766647401,11.766647401,899.890198117,899.890198117,OK_EXATO,https://www.tesourotransparente.gov.br/publicacoes/relatorio-mensal-da-divida-rmd/2026/5,https://cdn.tesouro.gov.br/sistemas-internos/apex/producao/sistemas/thot/arquivos/publicacoes/54943_1730238/anexos/28577_919203/Anexo%20RMD_Maio_26.zip
2017-01-31,Seguradoras,seguradoras,42.035098363,4.671136373,4.671136373,4.671136373,899.890198117,899.890198117,OK_EXATO,https://www.tesourotransparente.gov.br/publicacoes/relatorio-mensal-da-divida-rmd/2026/5,https://cdn.tesouro.gov.br/sistemas-internos/apex/producao/sistemas/thot/arquivos/publicacoes/54943_1730238/anexos/28577_919203/Anexo%20RMD_Maio_26.zip
2017-01-31,Outros,outros,59.038655761,6.560651053,6.560651053,6.560651053,899.890198117,899.890198117,OK_EXATO,https://www.tesourotransparente.gov.br/publicacoes/relatorio-mensal-da-divida-rmd/2026/5,https://cdn.tesouro.gov.br/sistemas-internos/apex/producao/sistemas/thot/arquivos/publicacoes/54943_1730238/anexos/28577_919203/Anexo%20RMD_Maio_26.zip
2017-02-28,Instituições Financeiras,instituicoes_financeiras,124.903564593,13.799854648,13.799854648,13.799854648,905.107827423,905.107827423,OK_EXATO,https://www.tesourotransparente.gov.br/publicacoes/relatorio-mensal-da-divida-rmd/2026/5,https://cdn.tesouro.gov.br/sistemas-internos/apex/producao/sistemas/thot/arquivos/publicacoes/54943_1730238/anexos/28577_919203/Anexo%20RMD_Maio_26.zip
2017-02-28,Fundos,fundos,158.503469255,17.512108994,17.512108994,17.512108994,905.107827423,905.107827423,OK_EXATO,https://www.tesourotransparente.gov.br/publicacoes/relatorio-mensal-da-divida-rmd/2026/5,https://cdn.tesouro.gov.br/sistemas-internos/apex/producao/sistemas/thot/arquivos/publicacoes/54943_1730238/anexos/28577_919203/Anexo%20RMD_Maio_26.zip
2017-02-28,Não-residentes,nao_residentes,38.641660392,4.269288058,4.269288058,4.269288058,905.107827423,905.107827423,OK_EXATO,https://www.tesourotransparente.gov.br/publicacoes/relatorio-mensal-da-divida-rmd/2026/5,https://cdn.tesouro.gov.br/sistemas-internos/apex/producao/sistemas/thot/arquivos/publicacoes/54943_1730238/anexos/28577_919203/Anexo%20RMD_Maio_26.zip
2017-02-28,Previdência,previdencia,376.047632841,41.547274418,41.547274418,41.547274418,905.107827423,905.107827423,OK_EXATO,https://www.tesourotransparente.gov.br/publicacoes/relatorio-mensal-da-divida-rmd/2026/5,https://cdn.tesouro.gov.br/sistemas-internos/apex/producao/sistemas/thot/arquivos/publicacoes/54943_1730238/anexos/28577_919203/Anexo%20RMD_Maio_26.zip
2017-02-28,Governo,governo,103.93893865,11.483597368,11.483597368,11.483597368,905.107827423,905.107827423,OK_EXATO,https://www.tesourotransparente.gov.br/publicacoes/relatorio-mensal-da-divida-rmd/2026/5,https://cdn.tesouro.gov.br/sistemas-internos/apex/producao/sistemas/thot/arquivos/publicacoes/54943_1730238/anexos/28577_919203/Anexo%20RMD_Maio_26.zip
2017-02-28,Seguradoras,seguradoras,43.971162217,4.858113131,4.858113131,4.858113131,905.107827423,905.107827423,OK_EXATO,https://www.tesourotransparente.gov.br/publicacoes/relatorio-mensal-da-divida-rmd/2026/5,https://cdn.tesouro.gov.br/sistemas-internos/apex/producao/sistemas/thot/arquivos/publicacoes/54943_1730238/anexos/28577_919203/Anexo%20RMD_Maio_26.zip
2017-02-28,Outros,outros,59.101399475,6.529763381,6.529763381,6.529763381,905.107827423,905.107827423,OK_EXATO,https://www.tesourotransparente.gov.br/publicacoes/relatorio-mensal-da-divida-rmd/2026/5,https://cdn.tesouro.gov.br/sistemas-internos/apex/producao/sistemas/thot/arquivos/publicacoes/54943_1730238/anexos/28577_919203/Anexo%20RMD_Maio_26.zip
2017-03-31,Instituições Financeiras,instituicoes_financeiras,121.791222078,13.193092375,13.193092375,13.193092375,923.143859067,923.143859067,OK_EXATO,https://www.tesourotransparente.gov.br/publicacoes/relatorio-mensal-da-divida-rmd/2026/5,https://cdn.tesouro.gov.br/sistemas-internos/apex/producao/sistemas/thot/arquivos/publicacoes/54943_1730238/anexos/28577_919203/Anexo%20RMD_Maio_26.zip
2017-03-31,Fundos,fundos,165.846629293,17.965415429,17.965415429,17.965415429,923.143859067,923.143859067,OK_EXATO,https://www.tesourotransparente.gov.br/publicacoes/relatorio-mensal-da-divida-rmd/2026/5,https://cdn.tesouro.gov.br/sistemas-internos/apex/producao/sistemas/thot/arquivos/publicacoes/54943_1730238/anexos/28577_919203/Anexo%20RMD_Maio_26.zip
2017-03-31,Não-residentes,nao_residentes,41.735443503,4.521011876,4.521011876,4.521011876,923.143859067,923.143859067,OK_EXATO,https://www.tesourotransparente.gov.br/publicacoes/relatorio-mensal-da-divida-rmd/2026/5,https://cdn.tesouro.gov.br/sistemas-internos/apex/producao/sistemas/thot/arquivos/publicacoes/54943_1730238/anexos/28577_919203/Anexo%20RMD_Maio_26.zip
2017-03-31,Previdência,previdencia,385.94103842,41.807247552,41.807247552,41.807247552,923.143859067,923.143859067,OK_EXATO,https://www.tesourotransparente.gov.br/publicacoes/relatorio-mensal-da-divida-rmd/2026/5,https://cdn.tesouro.gov.br/sistemas-internos/apex/producao/sistemas/thot/arquivos/publicacoes/54943_1730238/anexos/28577_919203/Anexo%20RMD_Maio_26.zip
2017-03-31,Governo,governo,104.280819357,11.296269626,11.296269626,11.296269626,923.143859067,923.143859067,OK_EXATO,https://www.tesourotransparente.gov.br/publicacoes/relatorio-mensal-da-divida-rmd/2026/5,https://cdn.tesouro.gov.br/sistemas-internos/apex/producao/sistemas/thot/arquivos/publicacoes/54943_1730238/anexos/28577_919203/Anexo%20RMD_Maio_26.zip
2017-03-31,Seguradoras,seguradoras,44.223750634,4.790558936,4.790558936,4.790558936,923.143859067,923.143859067,OK_EXATO,https://www.tesourotransparente.gov.br/publicacoes/relatorio-mensal-da-divida-rmd/2026/5,https://cdn.tesouro.gov.br/sistemas-internos/apex/producao/sistemas/thot/arquivos/publicacoes/54943_1730238/anexos/28577_919203/Anexo%20RMD_Maio_26.zip
2017-03-31,Outros,outros,59.324955782,6.426404206,6.426404206,6.426404206,923.143859067,923.143859067,OK_EXATO,https://www.tesourotransparente.gov.br/publicacoes/relatorio-mensal-da-divida-rmd/2026/5,https://cdn.tesouro.gov.br/sistemas-internos/apex/producao/sistemas/thot/arquivos/publicacoes/54943_1730238/anexos/28577_919203/Anexo%20RMD_Maio_26.zip
2017-04-30,Instituições Financeiras,instituicoes_financeiras,120.581812733,12.885299494,12.885299494,12.885299494,935.809158232,935.809158232,OK_EXATO,https://www.tesourotransparente.gov.br/publicacoes/relatorio-mensal-da-divida-rmd/2026/5,https://cdn.tesouro.gov.br/sistemas-internos/apex/producao/sistemas/thot/arquivos/publicacoes/54943_1730238/anexos/28577_919203/Anexo%20RMD_Maio_26.zip
2017-04-30,Fundos,fundos,176.385046628,18.848399278,18.848399278,18.848399278,935.809158232,935.809158232,OK_EXATO,https://www.tesourotransparente.gov.br/publicacoes/relatorio-mensal-da-divida-rmd/2026/5,https://cdn.tesouro.gov.br/sistemas-internos/apex/producao/sistemas/thot/arquivos/publicacoes/54943_1730238/anexos/28577_919203/Anexo%20RMD_Maio_26.zip
2017-04-30,Não-residentes,nao_residentes,39.618187404,4.233575517,4.233575517,4.233575517,935.809158232,935.809158232,OK_EXATO,https://www.tesourotransparente.gov.br/publicacoes/relatorio-mensal-da-divida-rmd/2026/5,https://cdn.tesouro.gov.br/sistemas-internos/apex/producao/sistemas/thot/arquivos/publicacoes/54943_1730238/anexos/28577_919203/Anexo%20RMD_Maio_26.zip
2017-04-30,Previdência,previdencia,388.28109602,41.49148281,41.49148281,41.49148281,935.809158232,935.809158232,OK_EXATO,https://www.tesourotransparente.gov.br/publicacoes/relatorio-mensal-da-divida-rmd/2026/5,https://cdn.tesouro.gov.br/sistemas-internos/apex/producao/sistemas/thot/arquivos/publicacoes/54943_1730238/anexos/28577_919203/Anexo%20RMD_Maio_26.zip
2017-04-30,Governo,governo,105.103037534,11.231246949,11.231246949,11.231246949,935.809158232,935.809158232,OK_EXATO,https://www.tesourotransparente.gov.br/publicacoes/relatorio-mensal-da-divida-rmd/2026/5,https://cdn.tesouro.gov.br/sistemas-internos/apex/producao/sistemas/thot/arquivos/publicacoes/54943_1730238/anexos/28577_919203/Anexo%20RMD_Maio_26.zip
2017-04-30,Seguradoras,seguradoras,45.953548881,4.910568408,4.910568408,4.910568408,935.809158232,935.809158232,OK_EXATO,https://www.tesourotransparente.gov.br/publicacoes/relatorio-mensal-da-divida-rmd/2026/5,https://cdn.tesouro.gov.br/sistemas-internos/apex/producao/sistemas/thot/arquivos/publicacoes/54943_1730238/anexos/28577_919203/Anexo%20RMD_Maio_26.zip
2017-04-30,Outros,outros,59.886429032,6.399427544,6.399427544,6.399427544,935.809158232,935.809158232,OK_EXATO,https://www.tesourotransparente.gov.br/publicacoes/relatorio-mensal-da-divida-rmd/2026/5,https://cdn.tesouro.gov.br/sistemas-internos/apex/producao/sistemas/thot/arquivos/publicacoes/54943_1730238/anexos/28577_919203/Anexo%20RMD_Maio_26.zip
2017-05-31,Instituições Financeiras,instituicoes_financeiras,100.903415371,11.350051134,11.350051134,11.350051134,889.012870345,889.012870345,OK_EXATO,https://www.tesourotransparente.gov.br/publicacoes/relatorio-mensal-da-divida-rmd/2026/5,https://cdn.tesouro.gov.br/sistemas-internos/apex/producao/sistemas/thot/arquivos/publicacoes/54943_1730238/anexos/28577_919203/Anexo%20RMD_Maio_26.zip
2017-05-31,Fundos,fundos,160.750088176,18.081862877,18.081862877,18.081862877,889.012870345,889.012870345,OK_EXATO,https://www.tesourotransparente.gov.br/publicacoes/relatorio-mensal-da-divida-rmd/2026/5,https://cdn.tesouro.gov.br/sistemas-internos/apex/producao/sistemas/thot/arquivos/publicacoes/54943_1730238/anexos/28577_919203/Anexo%20RMD_Maio_26.zip
2017-05-31,Não-residentes,nao_residentes,37.751840412,4.24648975,4.24648975,4.24648975,889.012870345,889.012870345,OK_EXATO,https://www.tesourotransparente.gov.br/publicacoes/relatorio-mensal-da-divida-rmd/2026/5,https://cdn.tesouro.gov.br/sistemas-internos/apex/producao/sistemas/thot/arquivos/publicacoes/54943_1730238/anexos/28577_919203/Anexo%20RMD_Maio_26.zip
2017-05-31,Previdência,previdencia,391.416220307,44.028183771,44.028183771,44.028183771,889.012870345,889.012870345,OK_EXATO,https://www.tesourotransparente.gov.br/publicacoes/relatorio-mensal-da-divida-rmd/2026/5,https://cdn.tesouro.gov.br/sistemas-internos/apex/producao/sistemas/thot/arquivos/publicacoes/54943_1730238/anexos/28577_919203/Anexo%20RMD_Maio_26.zip
2017-05-31,Governo,governo,94.660994099,10.647876679,10.647876679,10.647876679,889.012870345,889.012870345,OK_EXATO,https://www.tesourotransparente.gov.br/publicacoes/relatorio-mensal-da-divida-rmd/2026/5,https://cdn.tesouro.gov.br/sistemas-internos/apex/producao/sistemas/thot/arquivos/publicacoes/54943_1730238/anexos/28577_919203/Anexo%20RMD_Maio_26.zip
2017-05-31,Seguradoras,seguradoras,43.880899491,4.935912736,4.935912736,4.935912736,889.012870345,889.012870345,OK_EXATO,https://www.tesourotransparente.gov.br/publicacoes/relatorio-mensal-da-divida-rmd/2026/5,https://cdn.tesouro.gov.br/sistemas-internos/apex/producao/sistemas/thot/arquivos/publicacoes/54943_1730238/anexos/28577_919203/Anexo%20RMD_Maio_26.zip
2017-05-31,Outros,outros,59.649412489,6.709623053,6.709623053,6.709623053,889.012870345,889.012870345,OK_EXATO,https://www.tesourotransparente.gov.br/publicacoes/relatorio-mensal-da-divida-rmd/2026/5,https://cdn.tesouro.gov.br/sistemas-internos/apex/producao/sistemas/thot/arquivos/publicacoes/54943_1730238/anexos/28577_919203/Anexo%20RMD_Maio_26.zip
2017-06-30,Instituições Financeiras,instituicoes_financeiras,100.989997715,11.129457963,11.129457963,11.129457963,907.411646179,907.411646179,OK_EXATO,https://www.tesourotransparente.gov.br/publicacoes/relatorio-mensal-da-divida-rmd/2026/5,https://cdn.tesouro.gov.br/sistemas-internos/apex/producao/sistemas/thot/arquivos/publicacoes/54943_1730238/anexos/28577_919203/Anexo%20RMD_Maio_26.zip
2017-06-30,Fundos,fundos,170.723300775,18.814316688,18.814316688,18.814316688,907.411646179,907.411646179,OK_EXATO,https://www.tesourotransparente.gov.br/publicacoes/relatorio-mensal-da-divida-rmd/2026/5,https://cdn.tesouro.gov.br/sistemas-internos/apex/producao/sistemas/thot/arquivos/publicacoes/54943_1730238/anexos/28577_919203/Anexo%20RMD_Maio_26.zip
2017-06-30,Não-residentes,nao_residentes,37.876968037,4.174176979,4.174176979,4.174176979,907.411646179,907.411646179,OK_EXATO,https://www.tesourotransparente.gov.br/publicacoes/relatorio-mensal-da-divida-rmd/2026/5,https://cdn.tesouro.gov.br/sistemas-internos/apex/producao/sistemas/thot/arquivos/publicacoes/54943_1730238/anexos/28577_919203/Anexo%20RMD_Maio_26.zip
2017-06-30,Previdência,previdencia,395.308065665,43.564358836,43.564358836,43.564358836,907.411646179,907.411646179,OK_EXATO,https://www.tesourotransparente.gov.br/publicacoes/relatorio-mensal-da-divida-rmd/2026/5,https://cdn.tesouro.gov.br/sistemas-internos/apex/producao/sistemas/thot/arquivos/publicacoes/54943_1730238/anexos/28577_919203/Anexo%20RMD_Maio_26.zip
2017-06-30,Governo,governo,95.722716151,10.548984747,10.548984747,10.548984747,907.411646179,907.411646179,OK_EXATO,https://www.tesourotransparente.gov.br/publicacoes/relatorio-mensal-da-divida-rmd/2026/5,https://cdn.tesouro.gov.br/sistemas-internos/apex/producao/sistemas/thot/arquivos/publicacoes/54943_1730238/anexos/28577_919203/Anexo%20RMD_Maio_26.zip
2017-06-30,Seguradoras,seguradoras,45.300617166,4.992289592,4.992289592,4.992289592,907.411646179,907.411646179,OK_EXATO,https://www.tesourotransparente.gov.br/publicacoes/relatorio-mensal-da-divida-rmd/2026/5,https://cdn.tesouro.gov.br/sistemas-internos/apex/producao/sistemas/thot/arquivos/publicacoes/54943_1730238/anexos/28577_919203/Anexo%20RMD_Maio_26.zip
2017-06-30,Outros,outros,61.48998067,6.776415195,6.776415195,6.776415195,907.411646179,907.411646179,OK_EXATO,https://www.tesourotransparente.gov.br/publicacoes/relatorio-mensal-da-divida-rmd/2026/5,https://cdn.tesouro.gov.br/sistemas-internos/apex/producao/sistemas/thot/arquivos/publicacoes/54943_1730238/anexos/28577_919203/Anexo%20RMD_Maio_26.zip
2017-07-31,Instituições Financeiras,instituicoes_financeiras,102.803976806,11.202515458,11.202515458,11.202515458,917.686542701,917.686542701,OK_EXATO,https://www.tesourotransparente.gov.br/publicacoes/relatorio-mensal-da-divida-rmd/2026/5,https://cdn.tesouro.gov.br/sistemas-internos/apex/producao/sistemas/thot/arquivos/publicacoes/54943_1730238/anexos/28577_919203/Anexo%20RMD_Maio_26.zip
2017-07-31,Fundos,fundos,181.028999194,19.726670357,19.726670357,19.726670357,917.686542701,917.686542701,OK_EXATO,https://www.tesourotransparente.gov.br/publicacoes/relatorio-mensal-da-divida-rmd/2026/5,https://cdn.tesouro.gov.br/sistemas-internos/apex/producao/sistemas/thot/arquivos/publicacoes/54943_1730238/anexos/28577_919203/Anexo%20RMD_Maio_26.zip
2017-07-31,Não-residentes,nao_residentes,34.893712897,3.80235639,3.80235639,3.80235639,917.686542701,917.686542701,OK_EXATO,https://www.tesourotransparente.gov.br/publicacoes/relatorio-mensal-da-divida-rmd/2026/5,https://cdn.tesouro.gov.br/sistemas-internos/apex/producao/sistemas/thot/arquivos/publicacoes/54943_1730238/anexos/28577_919203/Anexo%20RMD_Maio_26.zip
2017-07-31,Previdência,previdencia,394.069568095,42.941630912,42.941630912,42.941630912,917.686542701,917.686542701,OK_EXATO,https://www.tesourotransparente.gov.br/publicacoes/relatorio-mensal-da-divida-rmd/2026/5,https://cdn.tesouro.gov.br/sistemas-internos/apex/producao/sistemas/thot/arquivos/publicacoes/54943_1730238/anexos/28577_919203/Anexo%20RMD_Maio_26.zip
2017-07-31,Governo,governo,96.257799483,10.489180674,10.489180674,10.489180674,917.686542701,917.686542701,OK_EXATO,https://www.tesourotransparente.gov.br/publicacoes/relatorio-mensal-da-divida-rmd/2026/5,https://cdn.tesouro.gov.br/sistemas-internos/apex/producao/sistemas/thot/arquivos/publicacoes/54943_1730238/anexos/28577_919203/Anexo%20RMD_Maio_26.zip
2017-07-31,Seguradoras,seguradoras,47.262852875,5.150217495,5.150217495,5.150217495,917.686542701,917.686542701,OK_EXATO,https://www.tesourotransparente.gov.br/publicacoes/relatorio-mensal-da-divida-rmd/2026/5,https://cdn.tesouro.gov.br/sistemas-internos/apex/producao/sistemas/thot/arquivos/publicacoes/54943_1730238/anexos/28577_919203/Anexo%20RMD_Maio_26.zip
2017-07-31,Outros,outros,61.369633351,6.687428713,6.687428713,6.687428713,917.686542701,917.686542701,OK_EXATO,https://www.tesourotransparente.gov.br/publicacoes/relatorio-mensal-da-divida-rmd/2026/5,https://cdn.tesouro.gov.br/sistemas-internos/apex/producao/sistemas/thot/arquivos/publicacoes/54943_1730238/anexos/28577_919203/Anexo%20RMD_Maio_26.zip
2017-08-31,Instituições Financeiras,instituicoes_financeiras,99.793187996,10.899988268,10.899988268,10.899988268,915.534820275,915.534820275,OK_EXATO,https://www.tesourotransparente.gov.br/publicacoes/relatorio-mensal-da-divida-rmd/2026/5,https://cdn.tesouro.gov.br/sistemas-internos/apex/producao/sistemas/thot/arquivos/publicacoes/54943_1730238/anexos/28577_919203/Anexo%20RMD_Maio_26.zip
2017-08-31,Fundos,fundos,189.495376197,20.697779265,20.697779265,20.697779265,915.534820275,915.534820275,OK_EXATO,https://www.tesourotransparente.gov.br/publicacoes/relatorio-mensal-da-divida-rmd/2026/5,https://cdn.tesouro.gov.br/sistemas-internos/apex/producao/sistemas/thot/arquivos/publicacoes/54943_1730238/anexos/28577_919203/Anexo%20RMD_Maio_26.zip
2017-08-31,Não-residentes,nao_residentes,35.519613107,3.879657258,3.879657258,3.879657258,915.534820275,915.534820275,OK_EXATO,https://www.tesourotransparente.gov.br/publicacoes/relatorio-mensal-da-divida-rmd/2026/5,https://cdn.tesouro.gov.br/sistemas-internos/apex/producao/sistemas/thot/arquivos/publicacoes/54943_1730238/anexos/28577_919203/Anexo%20RMD_Maio_26.zip
2017-08-31,Previdência,previdencia,386.741960592,42.242190251,42.242190251,42.242190251,915.534820275,915.534820275,OK_EXATO,https://www.tesourotransparente.gov.br/publicacoes/relatorio-mensal-da-divida-rmd/2026/5,https://cdn.tesouro.gov.br/sistemas-internos/apex/producao/sistemas/thot/arquivos/publicacoes/54943_1730238/anexos/28577_919203/Anexo%20RMD_Maio_26.zip
2017-08-31,Governo,governo,96.033020006,10.489281006,10.489281006,10.489281006,915.534820275,915.534820275,OK_EXATO,https://www.tesourotransparente.gov.br/publicacoes/relatorio-mensal-da-divida-rmd/2026/5,https://cdn.tesouro.gov.br/sistemas-internos/apex/producao/sistemas/thot/arquivos/publicacoes/54943_1730238/anexos/28577_919203/Anexo%20RMD_Maio_26.zip
2017-08-31,Seguradoras,seguradoras,48.042747695,5.247506335,5.247506335,5.247506335,915.534820275,915.534820275,OK_EXATO,https://www.tesourotransparente.gov.br/publicacoes/relatorio-mensal-da-divida-rmd/2026/5,https://cdn.tesouro.gov.br/sistemas-internos/apex/producao/sistemas/thot/arquivos/publicacoes/54943_1730238/anexos/28577_919203/Anexo%20RMD_Maio_26.zip
2017-08-31,Outros,outros,59.908914683,6.543597617,6.543597617,6.543597617,915.534820275,915.534820275,OK_EXATO,https://www.tesourotransparente.gov.br/publicacoes/relatorio-mensal-da-divida-rmd/2026/5,https://cdn.tesouro.gov.br/sistemas-internos/apex/producao/sistemas/thot/arquivos/publicacoes/54943_1730238/anexos/28577_919203/Anexo%20RMD_Maio_26.zip
2017-09-30,Instituições Financeiras,instituicoes_financeiras,102.535088126,11.106139093,11.106139093,11.106139093,923.228921138,923.228921138,OK_EXATO,https://www.tesourotransparente.gov.br/publicacoes/relatorio-mensal-da-divida-rmd/2026/5,https://cdn.tesouro.gov.br/sistemas-internos/apex/producao/sistemas/thot/arquivos/publicacoes/54943_1730238/anexos/28577_919203/Anexo%20RMD_Maio_26.zip
2017-09-30,Fundos,fundos,195.071728468,21.129291338,21.129291338,21.129291338,923.228921138,923.228921138,OK_EXATO,https://www.tesourotransparente.gov.br/publicacoes/relatorio-mensal-da-divida-rmd/2026/5,https://cdn.tesouro.gov.br/sistemas-internos/apex/producao/sistemas/thot/arquivos/publicacoes/54943_1730238/anexos/28577_919203/Anexo%20RMD_Maio_26.zip
2017-09-30,Não-residentes,nao_residentes,34.435642203,3.729913721,3.729913721,3.729913721,923.228921138,923.228921138,OK_EXATO,https://www.tesourotransparente.gov.br/publicacoes/relatorio-mensal-da-divida-rmd/2026/5,https://cdn.tesouro.gov.br/sistemas-internos/apex/producao/sistemas/thot/arquivos/publicacoes/54943_1730238/anexos/28577_919203/Anexo%20RMD_Maio_26.zip
2017-09-30,Previdência,previdencia,389.768141828,42.217930234,42.217930234,42.217930234,923.228921138,923.228921138,OK_EXATO,https://www.tesourotransparente.gov.br/publicacoes/relatorio-mensal-da-divida-rmd/2026/5,https://cdn.tesouro.gov.br/sistemas-internos/apex/producao/sistemas/thot/arquivos/publicacoes/54943_1730238/anexos/28577_919203/Anexo%20RMD_Maio_26.zip
2017-09-30,Governo,governo,96.388001047,10.440314297,10.440314297,10.440314297,923.228921138,923.228921138,OK_EXATO,https://www.tesourotransparente.gov.br/publicacoes/relatorio-mensal-da-divida-rmd/2026/5,https://cdn.tesouro.gov.br/sistemas-internos/apex/producao/sistemas/thot/arquivos/publicacoes/54943_1730238/anexos/28577_919203/Anexo%20RMD_Maio_26.zip
2017-09-30,Seguradoras,seguradoras,46.912588009,5.081360314,5.081360314,5.081360314,923.228921138,923.228921138,OK_EXATO,https://www.tesourotransparente.gov.br/publicacoes/relatorio-mensal-da-divida-rmd/2026/5,https://cdn.tesouro.gov.br/sistemas-internos/apex/producao/sistemas/thot/arquivos/publicacoes/54943_1730238/anexos/28577_919203/Anexo%20RMD_Maio_26.zip
2017-09-30,Outros,outros,58.117731459,6.295051003,6.295051003,6.295051003,923.228921138,923.228921138,OK_EXATO,https://www.tesourotransparente.gov.br/publicacoes/relatorio-mensal-da-divida-rmd/2026/5,https://cdn.tesouro.gov.br/sistemas-internos/apex/producao/sistemas/thot/arquivos/publicacoes/54943_1730238/anexos/28577_919203/Anexo%20RMD_Maio_26.zip
2017-10-31,Instituições Financeiras,instituicoes_financeiras,104.445468202,11.170996033,11.170594595,11.170996033,934.970059035,934.970059035,OK_ARREDONDAMENTO,https://www.tesourotransparente.gov.br/publicacoes/relatorio-mensal-da-divida-rmd/2026/5,https://cdn.tesouro.gov.br/sistemas-internos/apex/producao/sistemas/thot/arquivos/publicacoes/54943_1730238/anexos/28577_919203/Anexo%20RMD_Maio_26.zip
2017-10-31,Fundos,fundos,204.420575957,21.863863338,21.863077645,21.863863338,934.970059035,934.970059035,OK_ARREDONDAMENTO,https://www.tesourotransparente.gov.br/publicacoes/relatorio-mensal-da-divida-rmd/2026/5,https://cdn.tesouro.gov.br/sistemas-internos/apex/producao/sistemas/thot/arquivos/publicacoes/54943_1730238/anexos/28577_919203/Anexo%20RMD_Maio_26.zip
2017-10-31,Não-residentes,nao_residentes,34.29379179,3.667902673,3.667770865,3.667902673,934.970059035,934.970059035,OK_ARREDONDAMENTO,https://www.tesourotransparente.gov.br/publicacoes/relatorio-mensal-da-divida-rmd/2026/5,https://cdn.tesouro.gov.br/sistemas-internos/apex/producao/sistemas/thot/arquivos/publicacoes/54943_1730238/anexos/28577_919203/Anexo%20RMD_Maio_26.zip
2017-10-31,Previdência,previdencia,393.188432894,42.05358547,42.052074245,42.05358547,934.970059035,934.970059035,OK_ARREDONDAMENTO,https://www.tesourotransparente.gov.br/publicacoes/relatorio-mensal-da-divida-rmd/2026/5,https://cdn.tesouro.gov.br/sistemas-internos/apex/producao/sistemas/thot/arquivos/publicacoes/54943_1730238/anexos/28577_919203/Anexo%20RMD_Maio_26.zip
2017-10-31,Governo,governo,96.948460147,10.369151312,10.36877869,10.369151312,934.970059035,934.970059035,OK_ARREDONDAMENTO,https://www.tesourotransparente.gov.br/publicacoes/relatorio-mensal-da-divida-rmd/2026/5,https://cdn.tesouro.gov.br/sistemas-internos/apex/producao/sistemas/thot/arquivos/publicacoes/54943_1730238/anexos/28577_919203/Anexo%20RMD_Maio_26.zip
2017-10-31,Seguradoras,seguradoras,44.280902377,4.736077049,4.735906854,4.736077049,934.970059035,934.970059035,OK_ARREDONDAMENTO,https://www.tesourotransparente.gov.br/publicacoes/relatorio-mensal-da-divida-rmd/2026/5,https://cdn.tesouro.gov.br/sistemas-internos/apex/producao/sistemas/thot/arquivos/publicacoes/54943_1730238/anexos/28577_919203/Anexo%20RMD_Maio_26.zip
2017-10-31,Outros,outros,57.392427669,6.138424125,6.138424125,6.138424125,934.970059035,934.970059035,OK_ARREDONDAMENTO,https://www.tesourotransparente.gov.br/publicacoes/relatorio-mensal-da-divida-rmd/2026/5,https://cdn.tesouro.gov.br/sistemas-internos/apex/producao/sistemas/thot/arquivos/publicacoes/54943_1730238/anexos/28577_919203/Anexo%20RMD_Maio_26.zip
2017-11-30,Instituições Financeiras,instituicoes_financeiras,105.432880186,11.219287006,11.219287006,11.219287006,939.746706951,939.746706951,OK_EXATO,https://www.tesourotransparente.gov.br/publicacoes/relatorio-mensal-da-divida-rmd/2026/5,https://cdn.tesouro.gov.br/sistemas-internos/apex/producao/sistemas/thot/arquivos/publicacoes/54943_1730238/anexos/28577_919203/Anexo%20RMD_Maio_26.zip
2017-11-30,Fundos,fundos,207.512123956,22.08170802,22.08170802,22.08170802,939.746706951,939.746706951,OK_EXATO,https://www.tesourotransparente.gov.br/publicacoes/relatorio-mensal-da-divida-rmd/2026/5,https://cdn.tesouro.gov.br/sistemas-internos/apex/producao/sistemas/thot/arquivos/publicacoes/54943_1730238/anexos/28577_919203/Anexo%20RMD_Maio_26.zip
2017-11-30,Não-residentes,nao_residentes,31.734473128,3.376917726,3.376917726,3.376917726,939.746706951,939.746706951,OK_EXATO,https://www.tesourotransparente.gov.br/publicacoes/relatorio-mensal-da-divida-rmd/2026/5,https://cdn.tesouro.gov.br/sistemas-internos/apex/producao/sistemas/thot/arquivos/publicacoes/54943_1730238/anexos/28577_919203/Anexo%20RMD_Maio_26.zip
2017-11-30,Previdência,previdencia,396.940865264,42.23913341,42.23913341,42.23913341,939.746706951,939.746706951,OK_EXATO,https://www.tesourotransparente.gov.br/publicacoes/relatorio-mensal-da-divida-rmd/2026/5,https://cdn.tesouro.gov.br/sistemas-internos/apex/producao/sistemas/thot/arquivos/publicacoes/54943_1730238/anexos/28577_919203/Anexo%20RMD_Maio_26.zip
2017-11-30,Governo,governo,96.801135362,10.300768776,10.300768776,10.300768776,939.746706951,939.746706951,OK_EXATO,https://www.tesourotransparente.gov.br/publicacoes/relatorio-mensal-da-divida-rmd/2026/5,https://cdn.tesouro.gov.br/sistemas-internos/apex/producao/sistemas/thot/arquivos/publicacoes/54943_1730238/anexos/28577_919203/Anexo%20RMD_Maio_26.zip
2017-11-30,Seguradoras,seguradoras,44.254693238,4.709215037,4.709215037,4.709215037,939.746706951,939.746706951,OK_EXATO,https://www.tesourotransparente.gov.br/publicacoes/relatorio-mensal-da-divida-rmd/2026/5,https://cdn.tesouro.gov.br/sistemas-internos/apex/producao/sistemas/thot/arquivos/publicacoes/54943_1730238/anexos/28577_919203/Anexo%20RMD_Maio_26.zip
2017-11-30,Outros,outros,57.070535818,6.072970024,6.072970024,6.072970024,939.746706951,939.746706951,OK_EXATO,https://www.tesourotransparente.gov.br/publicacoes/relatorio-mensal-da-divida-rmd/2026/5,https://cdn.tesouro.gov.br/sistemas-internos/apex/producao/sistemas/thot/arquivos/publicacoes/54943_1730238/anexos/28577_919203/Anexo%20RMD_Maio_26.zip
2017-12-31,Instituições Financeiras,instituicoes_financeiras,104.548104134,11.008770411,11.008770411,11.008770411,949.680120771,949.680120771,OK_EXATO,https://www.tesourotransparente.gov.br/publicacoes/relatorio-mensal-da-divida-rmd/2026/5,https://cdn.tesouro.gov.br/sistemas-internos/apex/producao/sistemas/thot/arquivos/publicacoes/54943_1730238/anexos/28577_919203/Anexo%20RMD_Maio_26.zip
2017-12-31,Fundos,fundos,206.034152207,21.695110564,21.695110564,21.695110564,949.680120771,949.680120771,OK_EXATO,https://www.tesourotransparente.gov.br/publicacoes/relatorio-mensal-da-divida-rmd/2026/5,https://cdn.tesouro.gov.br/sistemas-internos/apex/producao/sistemas/thot/arquivos/publicacoes/54943_1730238/anexos/28577_919203/Anexo%20RMD_Maio_26.zip
2017-12-31,Não-residentes,nao_residentes,32.380192227,3.409589347,3.409589347,3.409589347,949.680120771,949.680120771,OK_EXATO,https://www.tesourotransparente.gov.br/publicacoes/relatorio-mensal-da-divida-rmd/2026/5,https://cdn.tesouro.gov.br/sistemas-internos/apex/producao/sistemas/thot/arquivos/publicacoes/54943_1730238/anexos/28577_919203/Anexo%20RMD_Maio_26.zip
2017-12-31,Previdência,previdencia,403.336907738,42.470817164,42.470817164,42.470817164,949.680120771,949.680120771,OK_EXATO,https://www.tesourotransparente.gov.br/publicacoes/relatorio-mensal-da-divida-rmd/2026/5,https://cdn.tesouro.gov.br/sistemas-internos/apex/producao/sistemas/thot/arquivos/publicacoes/54943_1730238/anexos/28577_919203/Anexo%20RMD_Maio_26.zip
2017-12-31,Governo,governo,97.141453093,10.228860326,10.228860326,10.228860326,949.680120771,949.680120771,OK_EXATO,https://www.tesourotransparente.gov.br/publicacoes/relatorio-mensal-da-divida-rmd/2026/5,https://cdn.tesouro.gov.br/sistemas-internos/apex/producao/sistemas/thot/arquivos/publicacoes/54943_1730238/anexos/28577_919203/Anexo%20RMD_Maio_26.zip
2017-12-31,Seguradoras,seguradoras,48.771500854,5.135571419,5.135571419,5.135571419,949.680120771,949.680120771,OK_EXATO,https://www.tesourotransparente.gov.br/publicacoes/relatorio-mensal-da-divida-rmd/2026/5,https://cdn.tesouro.gov.br/sistemas-internos/apex/producao/sistemas/thot/arquivos/publicacoes/54943_1730238/anexos/28577_919203/Anexo%20RMD_Maio_26.zip
2017-12-31,Outros,outros,57.467810518,6.051280769,6.051280769,6.051280769,949.680120771,949.680120771,OK_EXATO,https://www.tesourotransparente.gov.br/publicacoes/relatorio-mensal-da-divida-rmd/2026/5,https://cdn.tesouro.gov.br/sistemas-internos/apex/producao/sistemas/thot/arquivos/publicacoes/54943_1730238/anexos/28577_919203/Anexo%20RMD_Maio_26.zip
2018-01-31,Instituições Financeiras,instituicoes_financeiras,99.593025505,10.333443263,10.333086869,10.333443263,963.793219435,963.793219435,OK_ARREDONDAMENTO,https://www.tesourotransparente.gov.br/publicacoes/relatorio-mensal-da-divida-rmd/2026/5,https://cdn.tesouro.gov.br/sistemas-internos/apex/producao/sistemas/thot/arquivos/publicacoes/54943_1730238/anexos/28577_919203/Anexo%20RMD_Maio_26.zip
2018-01-31,Fundos,fundos,218.327146249,22.652903325,22.65212204,22.652903325,963.793219435,963.793219435,OK_ARREDONDAMENTO,https://www.tesourotransparente.gov.br/publicacoes/relatorio-mensal-da-divida-rmd/2026/5,https://cdn.tesouro.gov.br/sistemas-internos/apex/producao/sistemas/thot/arquivos/publicacoes/54943_1730238/anexos/28577_919203/Anexo%20RMD_Maio_26.zip
2018-01-31,Não-residentes,nao_residentes,31.668419168,3.285810538,3.285697212,3.285810538,963.793219435,963.793219435,OK_ARREDONDAMENTO,https://www.tesourotransparente.gov.br/publicacoes/relatorio-mensal-da-divida-rmd/2026/5,https://cdn.tesouro.gov.br/sistemas-internos/apex/producao/sistemas/thot/arquivos/publicacoes/54943_1730238/anexos/28577_919203/Anexo%20RMD_Maio_26.zip
2018-01-31,Previdência,previdencia,413.689365404,42.923041692,42.921561304,42.923041692,963.793219435,963.793219435,OK_ARREDONDAMENTO,https://www.tesourotransparente.gov.br/publicacoes/relatorio-mensal-da-divida-rmd/2026/5,https://cdn.tesouro.gov.br/sistemas-internos/apex/producao/sistemas/thot/arquivos/publicacoes/54943_1730238/anexos/28577_919203/Anexo%20RMD_Maio_26.zip
2018-01-31,Governo,governo,97.921013163,10.159960787,10.159610376,10.159960787,963.793219435,963.793219435,OK_ARREDONDAMENTO,https://www.tesourotransparente.gov.br/publicacoes/relatorio-mensal-da-divida-rmd/2026/5,https://cdn.tesouro.gov.br/sistemas-internos/apex/producao/sistemas/thot/arquivos/publicacoes/54943_1730238/anexos/28577_919203/Anexo%20RMD_Maio_26.zip
2018-01-31,Seguradoras,seguradoras,45.276696228,4.697760403,4.69759838,4.697760403,963.793219435,963.793219435,OK_ARREDONDAMENTO,https://www.tesourotransparente.gov.br/publicacoes/relatorio-mensal-da-divida-rmd/2026/5,https://cdn.tesouro.gov.br/sistemas-internos/apex/producao/sistemas/thot/arquivos/publicacoes/54943_1730238/anexos/28577_919203/Anexo%20RMD_Maio_26.zip
2018-01-31,Outros,outros,57.317553718,5.947079992,5.947079992,5.947079992,963.793219435,963.793219435,OK_ARREDONDAMENTO,https://www.tesourotransparente.gov.br/publicacoes/relatorio-mensal-da-divida-rmd/2026/5,https://cdn.tesouro.gov.br/sistemas-internos/apex/producao/sistemas/thot/arquivos/publicacoes/54943_1730238/anexos/28577_919203/Anexo%20RMD_Maio_26.zip
2018-02-28,Instituições Financeiras,instituicoes_financeiras,99.417573237,10.342673211,10.342320737,10.342673211,961.236724838,961.236724838,OK_ARREDONDAMENTO,https://www.tesourotransparente.gov.br/publicacoes/relatorio-mensal-da-divida-rmd/2026/5,https://cdn.tesouro.gov.br/sistemas-internos/apex/producao/sistemas/thot/arquivos/publicacoes/54943_1730238/anexos/28577_919203/Anexo%20RMD_Maio_26.zip
2018-02-28,Fundos,fundos,224.375660362,23.342393665,23.341598164,23.342393665,961.236724838,961.236724838,OK_ARREDONDAMENTO,https://www.tesourotransparente.gov.br/publicacoes/relatorio-mensal-da-divida-rmd/2026/5,https://cdn.tesouro.gov.br/sistemas-internos/apex/producao/sistemas/thot/arquivos/publicacoes/54943_1730238/anexos/28577_919203/Anexo%20RMD_Maio_26.zip
2018-02-28,Não-residentes,nao_residentes,31.738955179,3.301887491,3.301774964,3.301887491,961.236724838,961.236724838,OK_ARREDONDAMENTO,https://www.tesourotransparente.gov.br/publicacoes/relatorio-mensal-da-divida-rmd/2026/5,https://cdn.tesouro.gov.br/sistemas-internos/apex/producao/sistemas/thot/arquivos/publicacoes/54943_1730238/anexos/28577_919203/Anexo%20RMD_Maio_26.zip
2018-02-28,Previdência,previdencia,407.524985748,42.395902614,42.394457776,42.395902614,961.236724838,961.236724838,OK_ARREDONDAMENTO,https://www.tesourotransparente.gov.br/publicacoes/relatorio-mensal-da-divida-rmd/2026/5,https://cdn.tesouro.gov.br/sistemas-internos/apex/producao/sistemas/thot/arquivos/publicacoes/54943_1730238/anexos/28577_919203/Anexo%20RMD_Maio_26.zip
2018-02-28,Governo,governo,97.214405537,10.113471846,10.113127182,10.113471846,961.236724838,961.236724838,OK_ARREDONDAMENTO,https://www.tesourotransparente.gov.br/publicacoes/relatorio-mensal-da-divida-rmd/2026/5,https://cdn.tesouro.gov.br/sistemas-internos/apex/producao/sistemas/thot/arquivos/publicacoes/54943_1730238/anexos/28577_919203/Anexo%20RMD_Maio_26.zip
2018-02-28,Seguradoras,seguradoras,44.635292566,4.643527595,4.643369345,4.643527595,961.236724838,961.236724838,OK_ARREDONDAMENTO,https://www.tesourotransparente.gov.br/publicacoes/relatorio-mensal-da-divida-rmd/2026/5,https://cdn.tesouro.gov.br/sistemas-internos/apex/producao/sistemas/thot/arquivos/publicacoes/54943_1730238/anexos/28577_919203/Anexo%20RMD_Maio_26.zip
2018-02-28,Outros,outros,56.329852209,5.860143579,5.860143579,5.860143579,961.236724838,961.236724838,OK_ARREDONDAMENTO,https://www.tesourotransparente.gov.br/publicacoes/relatorio-mensal-da-divida-rmd/2026/5,https://cdn.tesouro.gov.br/sistemas-internos/apex/producao/sistemas/thot/arquivos/publicacoes/54943_1730238/anexos/28577_919203/Anexo%20RMD_Maio_26.zip
2018-03-31,Instituições Financeiras,instituicoes_financeiras,96.352916296,9.881193678,9.880859075,9.881193678,975.114135337,975.114135337,OK_ARREDONDAMENTO,https://www.tesourotransparente.gov.br/publicacoes/relatorio-mensal-da-divida-rmd/2026/5,https://cdn.tesouro.gov.br/sistemas-internos/apex/producao/sistemas/thot/arquivos/publicacoes/54943_1730238/anexos/28577_919203/Anexo%20RMD_Maio_26.zip
2018-03-31,Fundos,fundos,233.401735204,23.935837534,23.935027004,23.935837534,975.114135337,975.114135337,OK_ARREDONDAMENTO,https://www.tesourotransparente.gov.br/publicacoes/relatorio-mensal-da-divida-rmd/2026/5,https://cdn.tesouro.gov.br/sistemas-internos/apex/producao/sistemas/thot/arquivos/publicacoes/54943_1730238/anexos/28577_919203/Anexo%20RMD_Maio_26.zip
2018-03-31,Não-residentes,nao_residentes,31.674937812,3.248331315,3.248221318,3.248331315,975.114135337,975.114135337,OK_ARREDONDAMENTO,https://www.tesourotransparente.gov.br/publicacoes/relatorio-mensal-da-divida-rmd/2026/5,https://cdn.tesouro.gov.br/sistemas-internos/apex/producao/sistemas/thot/arquivos/publicacoes/54943_1730238/anexos/28577_919203/Anexo%20RMD_Maio_26.zip
2018-03-31,Previdência,previdencia,414.398382501,42.497423377,42.495984304,42.497423377,975.114135337,975.114135337,OK_ARREDONDAMENTO,https://www.tesourotransparente.gov.br/publicacoes/relatorio-mensal-da-divida-rmd/2026/5,https://cdn.tesouro.gov.br/sistemas-internos/apex/producao/sistemas/thot/arquivos/publicacoes/54943_1730238/anexos/28577_919203/Anexo%20RMD_Maio_26.zip
2018-03-31,Governo,governo,97.772763135,10.02680195,10.026462416,10.02680195,975.114135337,975.114135337,OK_ARREDONDAMENTO,https://www.tesourotransparente.gov.br/publicacoes/relatorio-mensal-da-divida-rmd/2026/5,https://cdn.tesouro.gov.br/sistemas-internos/apex/producao/sistemas/thot/arquivos/publicacoes/54943_1730238/anexos/28577_919203/Anexo%20RMD_Maio_26.zip
2018-03-31,Seguradoras,seguradoras,44.98156472,4.612953816,4.61279761,4.612953816,975.114135337,975.114135337,OK_ARREDONDAMENTO,https://www.tesourotransparente.gov.br/publicacoes/relatorio-mensal-da-divida-rmd/2026/5,https://cdn.tesouro.gov.br/sistemas-internos/apex/producao/sistemas/thot/arquivos/publicacoes/54943_1730238/anexos/28577_919203/Anexo%20RMD_Maio_26.zip
2018-03-31,Outros,outros,56.531835668,5.79745833,5.79745833,5.79745833,975.114135337,975.114135337,OK_ARREDONDAMENTO,https://www.tesourotransparente.gov.br/publicacoes/relatorio-mensal-da-divida-rmd/2026/5,https://cdn.tesouro.gov.br/sistemas-internos/apex/producao/sistemas/thot/arquivos/publicacoes/54943_1730238/anexos/28577_919203/Anexo%20RMD_Maio_26.zip
2018-04-30,Instituições Financeiras,instituicoes_financeiras,101.659190271,10.319572041,10.319224548,10.319572041,985.110524622,985.110524622,OK_ARREDONDAMENTO,https://www.tesourotransparente.gov.br/publicacoes/relatorio-mensal-da-divida-rmd/2026/5,https://cdn.tesouro.gov.br/sistemas-internos/apex/producao/sistemas/thot/arquivos/publicacoes/54943_1730238/anexos/28577_919203/Anexo%20RMD_Maio_26.zip
2018-04-30,Fundos,fundos,230.705542273,23.419254643,23.418466043,23.419254643,985.110524622,985.110524622,OK_ARREDONDAMENTO,https://www.tesourotransparente.gov.br/publicacoes/relatorio-mensal-da-divida-rmd/2026/5,https://cdn.tesouro.gov.br/sistemas-internos/apex/producao/sistemas/thot/arquivos/publicacoes/54943_1730238/anexos/28577_919203/Anexo%20RMD_Maio_26.zip
2018-04-30,Não-residentes,nao_residentes,32.353305021,3.284230978,3.284120388,3.284230978,985.110524622,985.110524622,OK_ARREDONDAMENTO,https://www.tesourotransparente.gov.br/publicacoes/relatorio-mensal-da-divida-rmd/2026/5,https://cdn.tesouro.gov.br/sistemas-internos/apex/producao/sistemas/thot/arquivos/publicacoes/54943_1730238/anexos/28577_919203/Anexo%20RMD_Maio_26.zip
2018-04-30,Previdência,previdencia,419.69895903,42.604250847,42.602816228,42.604250847,985.110524622,985.110524622,OK_ARREDONDAMENTO,https://www.tesourotransparente.gov.br/publicacoes/relatorio-mensal-da-divida-rmd/2026/5,https://cdn.tesouro.gov.br/sistemas-internos/apex/producao/sistemas/thot/arquivos/publicacoes/54943_1730238/anexos/28577_919203/Anexo%20RMD_Maio_26.zip
2018-04-30,Governo,governo,98.354802654,9.984138855,9.983802658,9.984138855,985.110524622,985.110524622,OK_ARREDONDAMENTO,https://www.tesourotransparente.gov.br/publicacoes/relatorio-mensal-da-divida-rmd/2026/5,https://cdn.tesouro.gov.br/sistemas-internos/apex/producao/sistemas/thot/arquivos/publicacoes/54943_1730238/anexos/28577_919203/Anexo%20RMD_Maio_26.zip
2018-04-30,Seguradoras,seguradoras,45.522433995,4.621048386,4.62089278,4.621048386,985.110524622,985.110524622,OK_ARREDONDAMENTO,https://www.tesourotransparente.gov.br/publicacoes/relatorio-mensal-da-divida-rmd/2026/5,https://cdn.tesouro.gov.br/sistemas-internos/apex/producao/sistemas/thot/arquivos/publicacoes/54943_1730238/anexos/28577_919203/Anexo%20RMD_Maio_26.zip
2018-04-30,Outros,outros,56.816291377,5.76750425,5.76750425,5.76750425,985.110524622,985.110524622,OK_ARREDONDAMENTO,https://www.tesourotransparente.gov.br/publicacoes/relatorio-mensal-da-divida-rmd/2026/5,https://cdn.tesouro.gov.br/sistemas-internos/apex/producao/sistemas/thot/arquivos/publicacoes/54943_1730238/anexos/28577_919203/Anexo%20RMD_Maio_26.zip
2018-05-31,Instituições Financeiras,instituicoes_financeiras,106.611108172,10.819130458,10.818773478,10.819130458,985.394423218,985.394423218,OK_ARREDONDAMENTO,https://www.tesourotransparente.gov.br/publicacoes/relatorio-mensal-da-divida-rmd/2026/5,https://cdn.tesouro.gov.br/sistemas-internos/apex/producao/sistemas/thot/arquivos/publicacoes/54943_1730238/anexos/28577_919203/Anexo%20RMD_Maio_26.zip
2018-05-31,Fundos,fundos,221.342959533,22.46237185,22.461630699,22.46237185,985.394423218,985.394423218,OK_ARREDONDAMENTO,https://www.tesourotransparente.gov.br/publicacoes/relatorio-mensal-da-divida-rmd/2026/5,https://cdn.tesouro.gov.br/sistemas-internos/apex/producao/sistemas/thot/arquivos/publicacoes/54943_1730238/anexos/28577_919203/Anexo%20RMD_Maio_26.zip
2018-05-31,Não-residentes,nao_residentes,31.700762236,3.217063289,3.216957141,3.217063289,985.394423218,985.394423218,OK_ARREDONDAMENTO,https://www.tesourotransparente.gov.br/publicacoes/relatorio-mensal-da-divida-rmd/2026/5,https://cdn.tesouro.gov.br/sistemas-internos/apex/producao/sistemas/thot/arquivos/publicacoes/54943_1730238/anexos/28577_919203/Anexo%20RMD_Maio_26.zip
2018-05-31,Previdência,previdencia,423.900363798,43.018344108,43.016924708,43.018344108,985.394423218,985.394423218,OK_ARREDONDAMENTO,https://www.tesourotransparente.gov.br/publicacoes/relatorio-mensal-da-divida-rmd/2026/5,https://cdn.tesouro.gov.br/sistemas-internos/apex/producao/sistemas/thot/arquivos/publicacoes/54943_1730238/anexos/28577_919203/Anexo%20RMD_Maio_26.zip
2018-05-31,Governo,governo,98.182671377,9.963794097,9.96346534,9.963794097,985.394423218,985.394423218,OK_ARREDONDAMENTO,https://www.tesourotransparente.gov.br/publicacoes/relatorio-mensal-da-divida-rmd/2026/5,https://cdn.tesouro.gov.br/sistemas-internos/apex/producao/sistemas/thot/arquivos/publicacoes/54943_1730238/anexos/28577_919203/Anexo%20RMD_Maio_26.zip
2018-05-31,Seguradoras,seguradoras,46.130319317,4.681406575,4.681252111,4.681406575,985.394423218,985.394423218,OK_ARREDONDAMENTO,https://www.tesourotransparente.gov.br/publicacoes/relatorio-mensal-da-divida-rmd/2026/5,https://cdn.tesouro.gov.br/sistemas-internos/apex/producao/sistemas/thot/arquivos/publicacoes/54943_1730238/anexos/28577_919203/Anexo%20RMD_Maio_26.zip
2018-05-31,Outros,outros,57.526238785,5.837889624,5.840996523,5.837889624,985.394423218,985.394423218,OK_ARREDONDAMENTO,https://www.tesourotransparente.gov.br/publicacoes/relatorio-mensal-da-divida-rmd/2026/5,https://cdn.tesouro.gov.br/sistemas-internos/apex/producao/sistemas/thot/arquivos/publicacoes/54943_1730238/anexos/28577_919203/Anexo%20RMD_Maio_26.zip
2018-06-30,Instituições Financeiras,instituicoes_financeiras,112.519961417,11.335609126,11.33523604,11.335609126,992.62386488,992.62386488,OK_ARREDONDAMENTO,https://www.tesourotransparente.gov.br/publicacoes/relatorio-mensal-da-divida-rmd/2026/5,https://cdn.tesouro.gov.br/sistemas-internos/apex/producao/sistemas/thot/arquivos/publicacoes/54943_1730238/anexos/28577_919203/Anexo%20RMD_Maio_26.zip
2018-06-30,Fundos,fundos,209.852162169,21.141156242,21.140460429,21.141156242,992.62386488,992.62386488,OK_ARREDONDAMENTO,https://www.tesourotransparente.gov.br/publicacoes/relatorio-mensal-da-divida-rmd/2026/5,https://cdn.tesouro.gov.br/sistemas-internos/apex/producao/sistemas/thot/arquivos/publicacoes/54943_1730238/anexos/28577_919203/Anexo%20RMD_Maio_26.zip
2018-06-30,Não-residentes,nao_residentes,29.506960718,2.972622537,2.9725247,2.972622537,992.62386488,992.62386488,OK_ARREDONDAMENTO,https://www.tesourotransparente.gov.br/publicacoes/relatorio-mensal-da-divida-rmd/2026/5,https://cdn.tesouro.gov.br/sistemas-internos/apex/producao/sistemas/thot/arquivos/publicacoes/54943_1730238/anexos/28577_919203/Anexo%20RMD_Maio_26.zip
2018-06-30,Previdência,previdencia,434.20745869,43.743403121,43.741963406,43.743403121,992.62386488,992.62386488,OK_ARREDONDAMENTO,https://www.tesourotransparente.gov.br/publicacoes/relatorio-mensal-da-divida-rmd/2026/5,https://cdn.tesouro.gov.br/sistemas-internos/apex/producao/sistemas/thot/arquivos/publicacoes/54943_1730238/anexos/28577_919203/Anexo%20RMD_Maio_26.zip
2018-06-30,Governo,governo,99.865099085,10.060719132,10.060388006,10.060719132,992.62386488,992.62386488,OK_ARREDONDAMENTO,https://www.tesourotransparente.gov.br/publicacoes/relatorio-mensal-da-divida-rmd/2026/5,https://cdn.tesouro.gov.br/sistemas-internos/apex/producao/sistemas/thot/arquivos/publicacoes/54943_1730238/anexos/28577_919203/Anexo%20RMD_Maio_26.zip
2018-06-30,Seguradoras,seguradoras,47.695587452,4.805001082,4.804842937,4.805001082,992.62386488,992.62386488,OK_ARREDONDAMENTO,https://www.tesourotransparente.gov.br/publicacoes/relatorio-mensal-da-divida-rmd/2026/5,https://cdn.tesouro.gov.br/sistemas-internos/apex/producao/sistemas/thot/arquivos/publicacoes/54943_1730238/anexos/28577_919203/Anexo%20RMD_Maio_26.zip
2018-06-30,Outros,outros,58.976635348,5.941488759,5.944584481,5.941488759,992.62386488,992.62386488,OK_ARREDONDAMENTO,https://www.tesourotransparente.gov.br/publicacoes/relatorio-mensal-da-divida-rmd/2026/5,https://cdn.tesouro.gov.br/sistemas-internos/apex/producao/sistemas/thot/arquivos/publicacoes/54943_1730238/anexos/28577_919203/Anexo%20RMD_Maio_26.zip
2018-07-31,Instituições Financeiras,instituicoes_financeiras,117.06,11.64744857,11.65,11.64744857,1005.026974784,1005.026974784,OK_ARREDONDAMENTO,https://www.tesourotransparente.gov.br/publicacoes/relatorio-mensal-da-divida-rmd/2026/5,https://cdn.tesouro.gov.br/sistemas-internos/apex/producao/sistemas/thot/arquivos/publicacoes/54943_1730238/anexos/28577_919203/Anexo%20RMD_Maio_26.zip
2018-07-31,Fundos,fundos,211.95,21.088986198,21.09,21.088986198,1005.026974784,1005.026974784,OK_ARREDONDAMENTO,https://www.tesourotransparente.gov.br/publicacoes/relatorio-mensal-da-divida-rmd/2026/5,https://cdn.tesouro.gov.br/sistemas-internos/apex/producao/sistemas/thot/arquivos/publicacoes/54943_1730238/anexos/28577_919203/Anexo%20RMD_Maio_26.zip
2018-07-31,Não-residentes,nao_residentes,29.81,2.966089543,2.97,2.966089543,1005.026974784,1005.026974784,OK_ARREDONDAMENTO,https://www.tesourotransparente.gov.br/publicacoes/relatorio-mensal-da-divida-rmd/2026/5,https://cdn.tesouro.gov.br/sistemas-internos/apex/producao/sistemas/thot/arquivos/publicacoes/54943_1730238/anexos/28577_919203/Anexo%20RMD_Maio_26.zip
2018-07-31,Previdência,previdencia,437.87,43.567984839,43.57,43.567984839,1005.026974784,1005.026974784,OK_ARREDONDAMENTO,https://www.tesourotransparente.gov.br/publicacoes/relatorio-mensal-da-divida-rmd/2026/5,https://cdn.tesouro.gov.br/sistemas-internos/apex/producao/sistemas/thot/arquivos/publicacoes/54943_1730238/anexos/28577_919203/Anexo%20RMD_Maio_26.zip
2018-07-31,Governo,governo,101.3,10.079331455,10.08,10.079331455,1005.026974784,1005.026974784,OK_ARREDONDAMENTO,https://www.tesourotransparente.gov.br/publicacoes/relatorio-mensal-da-divida-rmd/2026/5,https://cdn.tesouro.gov.br/sistemas-internos/apex/producao/sistemas/thot/arquivos/publicacoes/54943_1730238/anexos/28577_919203/Anexo%20RMD_Maio_26.zip
2018-07-31,Seguradoras,seguradoras,46.98,4.674501399,4.67,4.674501399,1005.026974784,1005.026974784,OK_ARREDONDAMENTO,https://www.tesourotransparente.gov.br/publicacoes/relatorio-mensal-da-divida-rmd/2026/5,https://cdn.tesouro.gov.br/sistemas-internos/apex/producao/sistemas/thot/arquivos/publicacoes/54943_1730238/anexos/28577_919203/Anexo%20RMD_Maio_26.zip
2018-07-31,Outros,outros,60.056974784,5.975657996,5.975657996,5.975657996,1005.026974784,1005.026974784,OK_ARREDONDAMENTO,https://www.tesourotransparente.gov.br/publicacoes/relatorio-mensal-da-divida-rmd/2026/5,https://cdn.tesouro.gov.br/sistemas-internos/apex/producao/sistemas/thot/arquivos/publicacoes/54943_1730238/anexos/28577_919203/Anexo%20RMD_Maio_26.zip
2018-08-31,Instituições Financeiras,instituicoes_financeiras,96.895864681,10.333693415,10.333335128,10.333693415,937.669241661,937.669241661,OK_ARREDONDAMENTO,https://www.tesourotransparente.gov.br/publicacoes/relatorio-mensal-da-divida-rmd/2026/5,https://cdn.tesouro.gov.br/sistemas-internos/apex/producao/sistemas/thot/arquivos/publicacoes/54943_1730238/anexos/28577_919203/Anexo%20RMD_Maio_26.zip
2018-08-31,Fundos,fundos,187.205626452,19.964995985,19.964303764,19.964995985,937.669241661,937.669241661,OK_ARREDONDAMENTO,https://www.tesourotransparente.gov.br/publicacoes/relatorio-mensal-da-divida-rmd/2026/5,https://cdn.tesouro.gov.br/sistemas-internos/apex/producao/sistemas/thot/arquivos/publicacoes/54943_1730238/anexos/28577_919203/Anexo%20RMD_Maio_26.zip
2018-08-31,Não-residentes,nao_residentes,27.548511504,2.937977517,2.937875652,2.937977517,937.669241661,937.669241661,OK_ARREDONDAMENTO,https://www.tesourotransparente.gov.br/publicacoes/relatorio-mensal-da-divida-rmd/2026/5,https://cdn.tesouro.gov.br/sistemas-internos/apex/producao/sistemas/thot/arquivos/publicacoes/54943_1730238/anexos/28577_919203/Anexo%20RMD_Maio_26.zip
2018-08-31,Previdência,previdencia,430.007644857,45.859203411,45.857613392,45.859203411,937.669241661,937.669241661,OK_ARREDONDAMENTO,https://www.tesourotransparente.gov.br/publicacoes/relatorio-mensal-da-divida-rmd/2026/5,https://cdn.tesouro.gov.br/sistemas-internos/apex/producao/sistemas/thot/arquivos/publicacoes/54943_1730238/anexos/28577_919203/Anexo%20RMD_Maio_26.zip
2018-08-31,Governo,governo,89.852202095,9.582505014,9.582172772,9.582505014,937.669241661,937.669241661,OK_ARREDONDAMENTO,https://www.tesourotransparente.gov.br/publicacoes/relatorio-mensal-da-divida-rmd/2026/5,https://cdn.tesouro.gov.br/sistemas-internos/apex/producao/sistemas/thot/arquivos/publicacoes/54943_1730238/anexos/28577_919203/Anexo%20RMD_Maio_26.zip
2018-08-31,Seguradoras,seguradoras,47.429311942,5.058213476,5.058038099,5.058213476,937.669241661,937.669241661,OK_ARREDONDAMENTO,https://www.tesourotransparente.gov.br/publicacoes/relatorio-mensal-da-divida-rmd/2026/5,https://cdn.tesouro.gov.br/sistemas-internos/apex/producao/sistemas/thot/arquivos/publicacoes/54943_1730238/anexos/28577_919203/Anexo%20RMD_Maio_26.zip
2018-08-31,Outros,outros,58.730080131,6.263411182,6.266661193,6.263411182,937.669241661,937.669241661,OK_ARREDONDAMENTO,https://www.tesourotransparente.gov.br/publicacoes/relatorio-mensal-da-divida-rmd/2026/5,https://cdn.tesouro.gov.br/sistemas-internos/apex/producao/sistemas/thot/arquivos/publicacoes/54943_1730238/anexos/28577_919203/Anexo%20RMD_Maio_26.zip
2018-09-30,Instituições Financeiras,instituicoes_financeiras,99.078010945,10.471592599,10.471586739,10.471586739,946.159908386,946.160437857,OK_ARREDONDAMENTO,https://www.tesourotransparente.gov.br/publicacoes/relatorio-mensal-da-divida-rmd/2026/5,https://cdn.tesouro.gov.br/sistemas-internos/apex/producao/sistemas/thot/arquivos/publicacoes/54943_1730238/anexos/28577_919203/Anexo%20RMD_Maio_26.zip
2018-09-30,Fundos,fundos,196.90469926,20.810932435,20.810920789,20.810920789,946.159908386,946.160437857,OK_ARREDONDAMENTO,https://www.tesourotransparente.gov.br/publicacoes/relatorio-mensal-da-divida-rmd/2026/5,https://cdn.tesouro.gov.br/sistemas-internos/apex/producao/sistemas/thot/arquivos/publicacoes/54943_1730238/anexos/28577_919203/Anexo%20RMD_Maio_26.zip
2018-09-30,Não-residentes,nao_residentes,22.074119936,2.333022118,2.333020813,2.333020813,946.159908386,946.160437857,OK_ARREDONDAMENTO,https://www.tesourotransparente.gov.br/publicacoes/relatorio-mensal-da-divida-rmd/2026/5,https://cdn.tesouro.gov.br/sistemas-internos/apex/producao/sistemas/thot/arquivos/publicacoes/54943_1730238/anexos/28577_919203/Anexo%20RMD_Maio_26.zip
2018-09-30,Previdência,previdencia,428.52429166,45.290895108,45.290869763,45.290869763,946.159908386,946.160437857,OK_ARREDONDAMENTO,https://www.tesourotransparente.gov.br/publicacoes/relatorio-mensal-da-divida-rmd/2026/5,https://cdn.tesouro.gov.br/sistemas-internos/apex/producao/sistemas/thot/arquivos/publicacoes/54943_1730238/anexos/28577_919203/Anexo%20RMD_Maio_26.zip
2018-09-30,Governo,governo,90.181261504,9.531291773,9.531286439,9.531286439,946.159908386,946.160437857,OK_ARREDONDAMENTO,https://www.tesourotransparente.gov.br/publicacoes/relatorio-mensal-da-divida-rmd/2026/5,https://cdn.tesouro.gov.br/sistemas-internos/apex/producao/sistemas/thot/arquivos/publicacoes/54943_1730238/anexos/28577_919203/Anexo%20RMD_Maio_26.zip
2018-09-30,Seguradoras,seguradoras,49.254158606,5.205690726,5.205687813,5.205687813,946.159908386,946.160437857,OK_ARREDONDAMENTO,https://www.tesourotransparente.gov.br/publicacoes/relatorio-mensal-da-divida-rmd/2026/5,https://cdn.tesouro.gov.br/sistemas-internos/apex/producao/sistemas/thot/arquivos/publicacoes/54943_1730238/anexos/28577_919203/Anexo%20RMD_Maio_26.zip
2018-09-30,Outros,outros,60.143366476,6.356575241,6.356571684,6.356571684,946.159908386,946.160437857,OK_ARREDONDAMENTO,https://www.tesourotransparente.gov.br/publicacoes/relatorio-mensal-da-divida-rmd/2026/5,https://cdn.tesouro.gov.br/sistemas-internos/apex/producao/sistemas/thot/arquivos/publicacoes/54943_1730238/anexos/28577_919203/Anexo%20RMD_Maio_26.zip
2018-10-31,Instituições Financeiras,instituicoes_financeiras,105.988929032,11.039105451,11.038725335,11.039105451,960.122443858,960.122443858,OK_ARREDONDAMENTO,https://www.tesourotransparente.gov.br/publicacoes/relatorio-mensal-da-divida-rmd/2026/5,https://cdn.tesouro.gov.br/sistemas-internos/apex/producao/sistemas/thot/arquivos/publicacoes/54943_1730238/anexos/28577_919203/Anexo%20RMD_Maio_26.zip
2018-10-31,Fundos,fundos,196.627658357,20.479435682,20.478730502,20.479435682,960.122443858,960.122443858,OK_ARREDONDAMENTO,https://www.tesourotransparente.gov.br/publicacoes/relatorio-mensal-da-divida-rmd/2026/5,https://cdn.tesouro.gov.br/sistemas-internos/apex/producao/sistemas/thot/arquivos/publicacoes/54943_1730238/anexos/28577_919203/Anexo%20RMD_Maio_26.zip
2018-10-31,Não-residentes,nao_residentes,19.02360298,1.981372595,1.981304369,1.981372595,960.122443858,960.122443858,OK_ARREDONDAMENTO,https://www.tesourotransparente.gov.br/publicacoes/relatorio-mensal-da-divida-rmd/2026/5,https://cdn.tesouro.gov.br/sistemas-internos/apex/producao/sistemas/thot/arquivos/publicacoes/54943_1730238/anexos/28577_919203/Anexo%20RMD_Maio_26.zip
2018-10-31,Previdência,previdencia,436.577791353,45.471053629,45.469487899,45.471053629,960.122443858,960.122443858,OK_ARREDONDAMENTO,https://www.tesourotransparente.gov.br/publicacoes/relatorio-mensal-da-divida-rmd/2026/5,https://cdn.tesouro.gov.br/sistemas-internos/apex/producao/sistemas/thot/arquivos/publicacoes/54943_1730238/anexos/28577_919203/Anexo%20RMD_Maio_26.zip
2018-10-31,Governo,governo,91.333286804,9.512670742,9.512343187,9.512670742,960.122443858,960.122443858,OK_ARREDONDAMENTO,https://www.tesourotransparente.gov.br/publicacoes/relatorio-mensal-da-divida-rmd/2026/5,https://cdn.tesouro.gov.br/sistemas-internos/apex/producao/sistemas/thot/arquivos/publicacoes/54943_1730238/anexos/28577_919203/Anexo%20RMD_Maio_26.zip
2018-10-31,Seguradoras,seguradoras,49.339986886,5.138926519,5.138749568,5.138926519,960.122443858,960.122443858,OK_ARREDONDAMENTO,https://www.tesourotransparente.gov.br/publicacoes/relatorio-mensal-da-divida-rmd/2026/5,https://cdn.tesouro.gov.br/sistemas-internos/apex/producao/sistemas/thot/arquivos/publicacoes/54943_1730238/anexos/28577_919203/Anexo%20RMD_Maio_26.zip
2018-10-31,Outros,outros,61.231188448,6.377435382,6.38065914,6.377435382,960.122443858,960.122443858,OK_ARREDONDAMENTO,https://www.tesourotransparente.gov.br/publicacoes/relatorio-mensal-da-divida-rmd/2026/5,https://cdn.tesouro.gov.br/sistemas-internos/apex/producao/sistemas/thot/arquivos/publicacoes/54943_1730238/anexos/28577_919203/Anexo%20RMD_Maio_26.zip
2018-11-30,Instituições Financeiras,instituicoes_financeiras,105.503042044,11.024674338,11.024307523,11.024674338,956.97195953,956.97195953,OK_ARREDONDAMENTO,https://www.tesourotransparente.gov.br/publicacoes/relatorio-mensal-da-divida-rmd/2026/5,https://cdn.tesouro.gov.br/sistemas-internos/apex/producao/sistemas/thot/arquivos/publicacoes/54943_1730238/anexos/28577_919203/Anexo%20RMD_Maio_26.zip
2018-11-30,Fundos,fundos,198.520399071,20.744641167,20.743950946,20.744641167,956.97195953,956.97195953,OK_ARREDONDAMENTO,https://www.tesourotransparente.gov.br/publicacoes/relatorio-mensal-da-divida-rmd/2026/5,https://cdn.tesouro.gov.br/sistemas-internos/apex/producao/sistemas/thot/arquivos/publicacoes/54943_1730238/anexos/28577_919203/Anexo%20RMD_Maio_26.zip
2018-11-30,Não-residentes,nao_residentes,17.233229544,1.800808203,1.800748286,1.800808203,956.97195953,956.97195953,OK_ARREDONDAMENTO,https://www.tesourotransparente.gov.br/publicacoes/relatorio-mensal-da-divida-rmd/2026/5,https://cdn.tesouro.gov.br/sistemas-internos/apex/producao/sistemas/thot/arquivos/publicacoes/54943_1730238/anexos/28577_919203/Anexo%20RMD_Maio_26.zip
2018-11-30,Previdência,previdencia,434.649019266,45.419201152,45.417689954,45.419201152,956.97195953,956.97195953,OK_ARREDONDAMENTO,https://www.tesourotransparente.gov.br/publicacoes/relatorio-mensal-da-divida-rmd/2026/5,https://cdn.tesouro.gov.br/sistemas-internos/apex/producao/sistemas/thot/arquivos/publicacoes/54943_1730238/anexos/28577_919203/Anexo%20RMD_Maio_26.zip
2018-11-30,Governo,governo,90.724868205,9.480410298,9.480094864,9.480410298,956.97195953,956.97195953,OK_ARREDONDAMENTO,https://www.tesourotransparente.gov.br/publicacoes/relatorio-mensal-da-divida-rmd/2026/5,https://cdn.tesouro.gov.br/sistemas-internos/apex/producao/sistemas/thot/arquivos/publicacoes/54943_1730238/anexos/28577_919203/Anexo%20RMD_Maio_26.zip
2018-11-30,Seguradoras,seguradoras,49.987155435,5.223471277,5.22329748,5.223471277,956.97195953,956.97195953,OK_ARREDONDAMENTO,https://www.tesourotransparente.gov.br/publicacoes/relatorio-mensal-da-divida-rmd/2026/5,https://cdn.tesouro.gov.br/sistemas-internos/apex/producao/sistemas/thot/arquivos/publicacoes/54943_1730238/anexos/28577_919203/Anexo%20RMD_Maio_26.zip
2018-11-30,Outros,outros,60.354245965,6.306793565,6.309910946,6.306793565,956.97195953,956.97195953,OK_ARREDONDAMENTO,https://www.tesourotransparente.gov.br/publicacoes/relatorio-mensal-da-divida-rmd/2026/5,https://cdn.tesouro.gov.br/sistemas-internos/apex/producao/sistemas/thot/arquivos/publicacoes/54943_1730238/anexos/28577_919203/Anexo%20RMD_Maio_26.zip
2018-12-31,Instituições Financeiras,instituicoes_financeiras,102.530160443,10.653671342,10.653317438,10.653671342,962.39274848,962.39274848,OK_ARREDONDAMENTO,https://www.tesourotransparente.gov.br/publicacoes/relatorio-mensal-da-divida-rmd/2026/5,https://cdn.tesouro.gov.br/sistemas-internos/apex/producao/sistemas/thot/arquivos/publicacoes/54943_1730238/anexos/28577_919203/Anexo%20RMD_Maio_26.zip
2018-12-31,Fundos,fundos,199.98506465,20.779984571,20.779294282,20.779984571,962.39274848,962.39274848,OK_ARREDONDAMENTO,https://www.tesourotransparente.gov.br/publicacoes/relatorio-mensal-da-divida-rmd/2026/5,https://cdn.tesouro.gov.br/sistemas-internos/apex/producao/sistemas/thot/arquivos/publicacoes/54943_1730238/anexos/28577_919203/Anexo%20RMD_Maio_26.zip
2018-12-31,Não-residentes,nao_residentes,15.729024011,1.63436643,1.634312139,1.63436643,962.39274848,962.39274848,OK_ARREDONDAMENTO,https://www.tesourotransparente.gov.br/publicacoes/relatorio-mensal-da-divida-rmd/2026/5,https://cdn.tesouro.gov.br/sistemas-internos/apex/producao/sistemas/thot/arquivos/publicacoes/54943_1730238/anexos/28577_919203/Anexo%20RMD_Maio_26.zip
2018-12-31,Previdência,previdencia,442.37383802,45.966040239,45.964513294,45.966040239,962.39274848,962.39274848,OK_ARREDONDAMENTO,https://www.tesourotransparente.gov.br/publicacoes/relatorio-mensal-da-divida-rmd/2026/5,https://cdn.tesouro.gov.br/sistemas-internos/apex/producao/sistemas/thot/arquivos/publicacoes/54943_1730238/anexos/28577_919203/Anexo%20RMD_Maio_26.zip
2018-12-31,Governo,governo,91.038634671,9.459613533,9.459299294,9.459613533,962.39274848,962.39274848,OK_ARREDONDAMENTO,https://www.tesourotransparente.gov.br/publicacoes/relatorio-mensal-da-divida-rmd/2026/5,https://cdn.tesouro.gov.br/sistemas-internos/apex/producao/sistemas/thot/arquivos/publicacoes/54943_1730238/anexos/28577_919203/Anexo%20RMD_Maio_26.zip
2018-12-31,Seguradoras,seguradoras,50.111264887,5.206945394,5.206772424,5.206945394,962.39274848,962.39274848,OK_ARREDONDAMENTO,https://www.tesourotransparente.gov.br/publicacoes/relatorio-mensal-da-divida-rmd/2026/5,https://cdn.tesouro.gov.br/sistemas-internos/apex/producao/sistemas/thot/arquivos/publicacoes/54943_1730238/anexos/28577_919203/Anexo%20RMD_Maio_26.zip
2018-12-31,Outros,outros,60.624761799,6.299378491,6.299378491,6.299378491,962.39274848,962.39274848,OK_ARREDONDAMENTO,https://www.tesourotransparente.gov.br/publicacoes/relatorio-mensal-da-divida-rmd/2026/5,https://cdn.tesouro.gov.br/sistemas-internos/apex/producao/sistemas/thot/arquivos/publicacoes/54943_1730238/anexos/28577_919203/Anexo%20RMD_Maio_26.zip
2019-01-31,Instituições Financeiras,instituicoes_financeiras,97.931910551,9.998016558,9.998016558,9.998016558,979.513386337,979.513386337,OK_EXATO,https://www.tesourotransparente.gov.br/publicacoes/relatorio-mensal-da-divida-rmd/2026/5,https://cdn.tesouro.gov.br/sistemas-internos/apex/producao/sistemas/thot/arquivos/publicacoes/54943_1730238/anexos/28577_919203/Anexo%20RMD_Maio_26.zip
2019-01-31,Fundos,fundos,205.548560909,20.98476282,20.98476282,20.98476282,979.513386337,979.513386337,OK_EXATO,https://www.tesourotransparente.gov.br/publicacoes/relatorio-mensal-da-divida-rmd/2026/5,https://cdn.tesouro.gov.br/sistemas-internos/apex/producao/sistemas/thot/arquivos/publicacoes/54943_1730238/anexos/28577_919203/Anexo%20RMD_Maio_26.zip
2019-01-31,Não-residentes,nao_residentes,17.602495436,1.797065327,1.797065327,1.797065327,979.513386337,979.513386337,OK_EXATO,https://www.tesourotransparente.gov.br/publicacoes/relatorio-mensal-da-divida-rmd/2026/5,https://cdn.tesouro.gov.br/sistemas-internos/apex/producao/sistemas/thot/arquivos/publicacoes/54943_1730238/anexos/28577_919203/Anexo%20RMD_Maio_26.zip
2019-01-31,Previdência,previdencia,454.056135549,46.355276189,46.355276189,46.355276189,979.513386337,979.513386337,OK_EXATO,https://www.tesourotransparente.gov.br/publicacoes/relatorio-mensal-da-divida-rmd/2026/5,https://cdn.tesouro.gov.br/sistemas-internos/apex/producao/sistemas/thot/arquivos/publicacoes/54943_1730238/anexos/28577_919203/Anexo%20RMD_Maio_26.zip
2019-01-31,Governo,governo,91.789506683,9.370929276,9.370929276,9.370929276,979.513386337,979.513386337,OK_EXATO,https://www.tesourotransparente.gov.br/publicacoes/relatorio-mensal-da-divida-rmd/2026/5,https://cdn.tesouro.gov.br/sistemas-internos/apex/producao/sistemas/thot/arquivos/publicacoes/54943_1730238/anexos/28577_919203/Anexo%20RMD_Maio_26.zip
2019-01-31,Seguradoras,seguradoras,51.854144362,5.293867862,5.293867862,5.293867862,979.513386337,979.513386337,OK_EXATO,https://www.tesourotransparente.gov.br/publicacoes/relatorio-mensal-da-divida-rmd/2026/5,https://cdn.tesouro.gov.br/sistemas-internos/apex/producao/sistemas/thot/arquivos/publicacoes/54943_1730238/anexos/28577_919203/Anexo%20RMD_Maio_26.zip
2019-01-31,Outros,outros,60.730632847,6.200081969,6.200081969,6.200081969,979.513386337,979.513386337,OK_EXATO,https://www.tesourotransparente.gov.br/publicacoes/relatorio-mensal-da-divida-rmd/2026/5,https://cdn.tesouro.gov.br/sistemas-internos/apex/producao/sistemas/thot/arquivos/publicacoes/54943_1730238/anexos/28577_919203/Anexo%20RMD_Maio_26.zip
2019-02-28,Instituições Financeiras,instituicoes_financeiras,101.118183359,10.332696423,10.332696423,10.332696423,978.623383689,978.623383689,OK_EXATO,https://www.tesourotransparente.gov.br/publicacoes/relatorio-mensal-da-divida-rmd/2026/5,https://cdn.tesouro.gov.br/sistemas-internos/apex/producao/sistemas/thot/arquivos/publicacoes/54943_1730238/anexos/28577_919203/Anexo%20RMD_Maio_26.zip
2019-02-28,Fundos,fundos,205.996704179,21.049640507,21.049640507,21.049640507,978.623383689,978.623383689,OK_EXATO,https://www.tesourotransparente.gov.br/publicacoes/relatorio-mensal-da-divida-rmd/2026/5,https://cdn.tesouro.gov.br/sistemas-internos/apex/producao/sistemas/thot/arquivos/publicacoes/54943_1730238/anexos/28577_919203/Anexo%20RMD_Maio_26.zip
2019-02-28,Não-residentes,nao_residentes,17.06381849,1.743655299,1.743655299,1.743655299,978.623383689,978.623383689,OK_EXATO,https://www.tesourotransparente.gov.br/publicacoes/relatorio-mensal-da-divida-rmd/2026/5,https://cdn.tesouro.gov.br/sistemas-internos/apex/producao/sistemas/thot/arquivos/publicacoes/54943_1730238/anexos/28577_919203/Anexo%20RMD_Maio_26.zip
2019-02-28,Previdência,previdencia,453.250380788,46.315098162,46.315098162,46.315098162,978.623383689,978.623383689,OK_EXATO,https://www.tesourotransparente.gov.br/publicacoes/relatorio-mensal-da-divida-rmd/2026/5,https://cdn.tesouro.gov.br/sistemas-internos/apex/producao/sistemas/thot/arquivos/publicacoes/54943_1730238/anexos/28577_919203/Anexo%20RMD_Maio_26.zip
2019-02-28,Governo,governo,91.177930664,9.316958105,9.316958105,9.316958105,978.623383689,978.623383689,OK_EXATO,https://www.tesourotransparente.gov.br/publicacoes/relatorio-mensal-da-divida-rmd/2026/5,https://cdn.tesouro.gov.br/sistemas-internos/apex/producao/sistemas/thot/arquivos/publicacoes/54943_1730238/anexos/28577_919203/Anexo%20RMD_Maio_26.zip
2019-02-28,Seguradoras,seguradoras,49.83554132,5.092412684,5.092412684,5.092412684,978.623383689,978.623383689,OK_EXATO,https://www.tesourotransparente.gov.br/publicacoes/relatorio-mensal-da-divida-rmd/2026/5,https://cdn.tesouro.gov.br/sistemas-internos/apex/producao/sistemas/thot/arquivos/publicacoes/54943_1730238/anexos/28577_919203/Anexo%20RMD_Maio_26.zip
2019-02-28,Outros,outros,60.18082489,6.149538821,6.149538821,6.149538821,978.623383689,978.623383689,OK_EXATO,https://www.tesourotransparente.gov.br/publicacoes/relatorio-mensal-da-divida-rmd/2026/5,https://cdn.tesouro.gov.br/sistemas-internos/apex/producao/sistemas/thot/arquivos/publicacoes/54943_1730238/anexos/28577_919203/Anexo%20RMD_Maio_26.zip
2019-03-31,Instituições Financeiras,instituicoes_financeiras,107.112005905,10.758182854,10.758182854,10.758182854,995.632881102,995.632881102,OK_EXATO,https://www.tesourotransparente.gov.br/publicacoes/relatorio-mensal-da-divida-rmd/2026/5,https://cdn.tesouro.gov.br/sistemas-internos/apex/producao/sistemas/thot/arquivos/publicacoes/54943_1730238/anexos/28577_919203/Anexo%20RMD_Maio_26.zip
2019-03-31,Fundos,fundos,208.126742222,20.90396432,20.90396432,20.90396432,995.632881102,995.632881102,OK_EXATO,https://www.tesourotransparente.gov.br/publicacoes/relatorio-mensal-da-divida-rmd/2026/5,https://cdn.tesouro.gov.br/sistemas-internos/apex/producao/sistemas/thot/arquivos/publicacoes/54943_1730238/anexos/28577_919203/Anexo%20RMD_Maio_26.zip
2019-03-31,Não-residentes,nao_residentes,17.352296054,1.742840798,1.742840798,1.742840798,995.632881102,995.632881102,OK_EXATO,https://www.tesourotransparente.gov.br/publicacoes/relatorio-mensal-da-divida-rmd/2026/5,https://cdn.tesouro.gov.br/sistemas-internos/apex/producao/sistemas/thot/arquivos/publicacoes/54943_1730238/anexos/28577_919203/Anexo%20RMD_Maio_26.zip
2019-03-31,Previdência,previdencia,457.124317111,45.912938975,45.912938975,45.912938975,995.632881102,995.632881102,OK_EXATO,https://www.tesourotransparente.gov.br/publicacoes/relatorio-mensal-da-divida-rmd/2026/5,https://cdn.tesouro.gov.br/sistemas-internos/apex/producao/sistemas/thot/arquivos/publicacoes/54943_1730238/anexos/28577_919203/Anexo%20RMD_Maio_26.zip
2019-03-31,Governo,governo,94.558631381,9.497339147,9.497339147,9.497339147,995.632881102,995.632881102,OK_EXATO,https://www.tesourotransparente.gov.br/publicacoes/relatorio-mensal-da-divida-rmd/2026/5,https://cdn.tesouro.gov.br/sistemas-internos/apex/producao/sistemas/thot/arquivos/publicacoes/54943_1730238/anexos/28577_919203/Anexo%20RMD_Maio_26.zip
2019-03-31,Seguradoras,seguradoras,49.925807527,5.014479581,5.014479581,5.014479581,995.632881102,995.632881102,OK_EXATO,https://www.tesourotransparente.gov.br/publicacoes/relatorio-mensal-da-divida-rmd/2026/5,https://cdn.tesouro.gov.br/sistemas-internos/apex/producao/sistemas/thot/arquivos/publicacoes/54943_1730238/anexos/28577_919203/Anexo%20RMD_Maio_26.zip
2019-03-31,Outros,outros,61.433080902,6.170254324,6.170254324,6.170254324,995.632881102,995.632881102,OK_EXATO,https://www.tesourotransparente.gov.br/publicacoes/relatorio-mensal-da-divida-rmd/2026/5,https://cdn.tesouro.gov.br/sistemas-internos/apex/producao/sistemas/thot/arquivos/publicacoes/54943_1730238/anexos/28577_919203/Anexo%20RMD_Maio_26.zip
2019-04-30,Instituições Financeiras,instituicoes_financeiras,112.678681743,11.135146801,11.135146801,11.135146801,1011.919139973,1011.919139973,OK_EXATO,https://www.tesourotransparente.gov.br/publicacoes/relatorio-mensal-da-divida-rmd/2026/5,https://cdn.tesouro.gov.br/sistemas-internos/apex/producao/sistemas/thot/arquivos/publicacoes/54943_1730238/anexos/28577_919203/Anexo%20RMD_Maio_26.zip
2019-04-30,Fundos,fundos,202.508215893,20.012292277,20.012292277,20.012292277,1011.919139973,1011.919139973,OK_EXATO,https://www.tesourotransparente.gov.br/publicacoes/relatorio-mensal-da-divida-rmd/2026/5,https://cdn.tesouro.gov.br/sistemas-internos/apex/producao/sistemas/thot/arquivos/publicacoes/54943_1730238/anexos/28577_919203/Anexo%20RMD_Maio_26.zip
2019-04-30,Não-residentes,nao_residentes,19.260645171,1.90337789,1.90337789,1.90337789,1011.919139973,1011.919139973,OK_EXATO,https://www.tesourotransparente.gov.br/publicacoes/relatorio-mensal-da-divida-rmd/2026/5,https://cdn.tesouro.gov.br/sistemas-internos/apex/producao/sistemas/thot/arquivos/publicacoes/54943_1730238/anexos/28577_919203/Anexo%20RMD_Maio_26.zip
2019-04-30,Previdência,previdencia,469.588533826,46.405736909,46.405736909,46.405736909,1011.919139973,1011.919139973,OK_EXATO,https://www.tesourotransparente.gov.br/publicacoes/relatorio-mensal-da-divida-rmd/2026/5,https://cdn.tesouro.gov.br/sistemas-internos/apex/producao/sistemas/thot/arquivos/publicacoes/54943_1730238/anexos/28577_919203/Anexo%20RMD_Maio_26.zip
2019-04-30,Governo,governo,95.589591195,9.446366554,9.446366554,9.446366554,1011.919139973,1011.919139973,OK_EXATO,https://www.tesourotransparente.gov.br/publicacoes/relatorio-mensal-da-divida-rmd/2026/5,https://cdn.tesouro.gov.br/sistemas-internos/apex/producao/sistemas/thot/arquivos/publicacoes/54943_1730238/anexos/28577_919203/Anexo%20RMD_Maio_26.zip
2019-04-30,Seguradoras,seguradoras,50.051561292,4.946201659,4.946201659,4.946201659,1011.919139973,1011.919139973,OK_EXATO,https://www.tesourotransparente.gov.br/publicacoes/relatorio-mensal-da-divida-rmd/2026/5,https://cdn.tesouro.gov.br/sistemas-internos/apex/producao/sistemas/thot/arquivos/publicacoes/54943_1730238/anexos/28577_919203/Anexo%20RMD_Maio_26.zip
2019-04-30,Outros,outros,62.241910853,6.15087791,6.15087791,6.15087791,1011.919139973,1011.919139973,OK_EXATO,https://www.tesourotransparente.gov.br/publicacoes/relatorio-mensal-da-divida-rmd/2026/5,https://cdn.tesouro.gov.br/sistemas-internos/apex/producao/sistemas/thot/arquivos/publicacoes/54943_1730238/anexos/28577_919203/Anexo%20RMD_Maio_26.zip
2019-05-31,Instituições Financeiras,instituicoes_financeiras,81.023914898,8.663595557,8.663595557,8.663595557,935.222730141,935.222730141,OK_EXATO,https://www.tesourotransparente.gov.br/publicacoes/relatorio-mensal-da-divida-rmd/2026/5,https://cdn.tesouro.gov.br/sistemas-internos/apex/producao/sistemas/thot/arquivos/publicacoes/54943_1730238/anexos/28577_919203/Anexo%20RMD_Maio_26.zip
2019-05-31,Fundos,fundos,188.701285789,20.177149219,20.177149219,20.177149219,935.222730141,935.222730141,OK_EXATO,https://www.tesourotransparente.gov.br/publicacoes/relatorio-mensal-da-divida-rmd/2026/5,https://cdn.tesouro.gov.br/sistemas-internos/apex/producao/sistemas/thot/arquivos/publicacoes/54943_1730238/anexos/28577_919203/Anexo%20RMD_Maio_26.zip
2019-05-31,Não-residentes,nao_residentes,19.388498153,2.073142314,2.073142314,2.073142314,935.222730141,935.222730141,OK_EXATO,https://www.tesourotransparente.gov.br/publicacoes/relatorio-mensal-da-divida-rmd/2026/5,https://cdn.tesouro.gov.br/sistemas-internos/apex/producao/sistemas/thot/arquivos/publicacoes/54943_1730238/anexos/28577_919203/Anexo%20RMD_Maio_26.zip
2019-05-31,Previdência,previdencia,460.880509161,49.280293807,49.280293807,49.280293807,935.222730141,935.222730141,OK_EXATO,https://www.tesourotransparente.gov.br/publicacoes/relatorio-mensal-da-divida-rmd/2026/5,https://cdn.tesouro.gov.br/sistemas-internos/apex/producao/sistemas/thot/arquivos/publicacoes/54943_1730238/anexos/28577_919203/Anexo%20RMD_Maio_26.zip
2019-05-31,Governo,governo,82.235984587,8.793197806,8.793197806,8.793197806,935.222730141,935.222730141,OK_EXATO,https://www.tesourotransparente.gov.br/publicacoes/relatorio-mensal-da-divida-rmd/2026/5,https://cdn.tesouro.gov.br/sistemas-internos/apex/producao/sistemas/thot/arquivos/publicacoes/54943_1730238/anexos/28577_919203/Anexo%20RMD_Maio_26.zip
2019-05-31,Seguradoras,seguradoras,48.691947576,5.206454677,5.206454677,5.206454677,935.222730141,935.222730141,OK_EXATO,https://www.tesourotransparente.gov.br/publicacoes/relatorio-mensal-da-divida-rmd/2026/5,https://cdn.tesouro.gov.br/sistemas-internos/apex/producao/sistemas/thot/arquivos/publicacoes/54943_1730238/anexos/28577_919203/Anexo%20RMD_Maio_26.zip
2019-05-31,Outros,outros,54.300589977,5.80616662,5.80616662,5.80616662,935.222730141,935.222730141,OK_EXATO,https://www.tesourotransparente.gov.br/publicacoes/relatorio-mensal-da-divida-rmd/2026/5,https://cdn.tesouro.gov.br/sistemas-internos/apex/producao/sistemas/thot/arquivos/publicacoes/54943_1730238/anexos/28577_919203/Anexo%20RMD_Maio_26.zip
2019-06-30,Instituições Financeiras,instituicoes_financeiras,85.89889254,9.055906331,9.055906331,9.055906331,948.539984844,948.539984844,OK_EXATO,https://www.tesourotransparente.gov.br/publicacoes/relatorio-mensal-da-divida-rmd/2026/5,https://cdn.tesouro.gov.br/sistemas-internos/apex/producao/sistemas/thot/arquivos/publicacoes/54943_1730238/anexos/28577_919203/Anexo%20RMD_Maio_26.zip
2019-06-30,Fundos,fundos,202.957761936,21.396858876,21.396858876,21.396858876,948.539984844,948.539984844,OK_EXATO,https://www.tesourotransparente.gov.br/publicacoes/relatorio-mensal-da-divida-rmd/2026/5,https://cdn.tesouro.gov.br/sistemas-internos/apex/producao/sistemas/thot/arquivos/publicacoes/54943_1730238/anexos/28577_919203/Anexo%20RMD_Maio_26.zip
2019-06-30,Não-residentes,nao_residentes,19.011082358,2.004246807,2.004246807,2.004246807,948.539984844,948.539984844,OK_EXATO,https://www.tesourotransparente.gov.br/publicacoes/relatorio-mensal-da-divida-rmd/2026/5,https://cdn.tesouro.gov.br/sistemas-internos/apex/producao/sistemas/thot/arquivos/publicacoes/54943_1730238/anexos/28577_919203/Anexo%20RMD_Maio_26.zip
2019-06-30,Previdência,previdencia,455.571569056,48.028715324,48.028715324,48.028715324,948.539984844,948.539984844,OK_EXATO,https://www.tesourotransparente.gov.br/publicacoes/relatorio-mensal-da-divida-rmd/2026/5,https://cdn.tesouro.gov.br/sistemas-internos/apex/producao/sistemas/thot/arquivos/publicacoes/54943_1730238/anexos/28577_919203/Anexo%20RMD_Maio_26.zip
2019-06-30,Governo,governo,82.625934219,8.710854106,8.710854106,8.710854106,948.539984844,948.539984844,OK_EXATO,https://www.tesourotransparente.gov.br/publicacoes/relatorio-mensal-da-divida-rmd/2026/5,https://cdn.tesouro.gov.br/sistemas-internos/apex/producao/sistemas/thot/arquivos/publicacoes/54943_1730238/anexos/28577_919203/Anexo%20RMD_Maio_26.zip
2019-06-30,Seguradoras,seguradoras,48.433974078,5.106160505,5.106160505,5.106160505,948.539984844,948.539984844,OK_EXATO,https://www.tesourotransparente.gov.br/publicacoes/relatorio-mensal-da-divida-rmd/2026/5,https://cdn.tesouro.gov.br/sistemas-internos/apex/producao/sistemas/thot/arquivos/publicacoes/54943_1730238/anexos/28577_919203/Anexo%20RMD_Maio_26.zip
2019-06-30,Outros,outros,54.040770657,5.697258051,5.697258051,5.697258051,948.539984844,948.539984844,OK_EXATO,https://www.tesourotransparente.gov.br/publicacoes/relatorio-mensal-da-divida-rmd/2026/5,https://cdn.tesouro.gov.br/sistemas-internos/apex/producao/sistemas/thot/arquivos/publicacoes/54943_1730238/anexos/28577_919203/Anexo%20RMD_Maio_26.zip
2019-07-31,Instituições Financeiras,instituicoes_financeiras,81.905585856,8.478639538,8.478639538,8.478639538,966.022738559,966.022738559,OK_EXATO,https://www.tesourotransparente.gov.br/publicacoes/relatorio-mensal-da-divida-rmd/2026/5,https://cdn.tesouro.gov.br/sistemas-internos/apex/producao/sistemas/thot/arquivos/publicacoes/54943_1730238/anexos/28577_919203/Anexo%20RMD_Maio_26.zip
2019-07-31,Fundos,fundos,193.982034375,20.080483267,20.080483267,20.080483267,966.022738559,966.022738559,OK_EXATO,https://www.tesourotransparente.gov.br/publicacoes/relatorio-mensal-da-divida-rmd/2026/5,https://cdn.tesouro.gov.br/sistemas-internos/apex/producao/sistemas/thot/arquivos/publicacoes/54943_1730238/anexos/28577_919203/Anexo%20RMD_Maio_26.zip
2019-07-31,Não-residentes,nao_residentes,19.364820722,2.00459264,2.00459264,2.00459264,966.022738559,966.022738559,OK_EXATO,https://www.tesourotransparente.gov.br/publicacoes/relatorio-mensal-da-divida-rmd/2026/5,https://cdn.tesouro.gov.br/sistemas-internos/apex/producao/sistemas/thot/arquivos/publicacoes/54943_1730238/anexos/28577_919203/Anexo%20RMD_Maio_26.zip
2019-07-31,Previdência,previdencia,484.900628715,50.195570907,50.195570907,50.195570907,966.022738559,966.022738559,OK_EXATO,https://www.tesourotransparente.gov.br/publicacoes/relatorio-mensal-da-divida-rmd/2026/5,https://cdn.tesouro.gov.br/sistemas-internos/apex/producao/sistemas/thot/arquivos/publicacoes/54943_1730238/anexos/28577_919203/Anexo%20RMD_Maio_26.zip
2019-07-31,Governo,governo,82.949316002,8.586683594,8.586683594,8.586683594,966.022738559,966.022738559,OK_EXATO,https://www.tesourotransparente.gov.br/publicacoes/relatorio-mensal-da-divida-rmd/2026/5,https://cdn.tesouro.gov.br/sistemas-internos/apex/producao/sistemas/thot/arquivos/publicacoes/54943_1730238/anexos/28577_919203/Anexo%20RMD_Maio_26.zip
2019-07-31,Seguradoras,seguradoras,48.76085093,5.047588321,5.047588321,5.047588321,966.022738559,966.022738559,OK_EXATO,https://www.tesourotransparente.gov.br/publicacoes/relatorio-mensal-da-divida-rmd/2026/5,https://cdn.tesouro.gov.br/sistemas-internos/apex/producao/sistemas/thot/arquivos/publicacoes/54943_1730238/anexos/28577_919203/Anexo%20RMD_Maio_26.zip
2019-07-31,Outros,outros,54.159501958,5.606441732,5.606441732,5.606441732,966.022738559,966.022738559,OK_EXATO,https://www.tesourotransparente.gov.br/publicacoes/relatorio-mensal-da-divida-rmd/2026/5,https://cdn.tesouro.gov.br/sistemas-internos/apex/producao/sistemas/thot/arquivos/publicacoes/54943_1730238/anexos/28577_919203/Anexo%20RMD_Maio_26.zip
2019-08-31,Instituições Financeiras,instituicoes_financeiras,73.688823227,7.662165752,7.661912328,7.662165752,961.723168312,961.723168312,OK_ARREDONDAMENTO,https://www.tesourotransparente.gov.br/publicacoes/relatorio-mensal-da-divida-rmd/2026/5,https://cdn.tesouro.gov.br/sistemas-internos/apex/producao/sistemas/thot/arquivos/publicacoes/54943_1730238/anexos/28577_919203/Anexo%20RMD_Maio_26.zip
2019-08-31,Fundos,fundos,210.263345865,21.86318816,21.862465042,21.86318816,961.723168312,961.723168312,OK_ARREDONDAMENTO,https://www.tesourotransparente.gov.br/publicacoes/relatorio-mensal-da-divida-rmd/2026/5,https://cdn.tesouro.gov.br/sistemas-internos/apex/producao/sistemas/thot/arquivos/publicacoes/54943_1730238/anexos/28577_919203/Anexo%20RMD_Maio_26.zip
2019-08-31,Não-residentes,nao_residentes,19.692115786,2.04758671,2.047518987,2.04758671,961.723168312,961.723168312,OK_ARREDONDAMENTO,https://www.tesourotransparente.gov.br/publicacoes/relatorio-mensal-da-divida-rmd/2026/5,https://cdn.tesouro.gov.br/sistemas-internos/apex/producao/sistemas/thot/arquivos/publicacoes/54943_1730238/anexos/28577_919203/Anexo%20RMD_Maio_26.zip
2019-08-31,Previdência,previdencia,472.392350364,49.119368851,49.117744243,49.119368851,961.723168312,961.723168312,OK_ARREDONDAMENTO,https://www.tesourotransparente.gov.br/publicacoes/relatorio-mensal-da-divida-rmd/2026/5,https://cdn.tesouro.gov.br/sistemas-internos/apex/producao/sistemas/thot/arquivos/publicacoes/54943_1730238/anexos/28577_919203/Anexo%20RMD_Maio_26.zip
2019-08-31,Governo,governo,82.144938972,8.541432886,8.541150381,8.541432886,961.723168312,961.723168312,OK_ARREDONDAMENTO,https://www.tesourotransparente.gov.br/publicacoes/relatorio-mensal-da-divida-rmd/2026/5,https://cdn.tesouro.gov.br/sistemas-internos/apex/producao/sistemas/thot/arquivos/publicacoes/54943_1730238/anexos/28577_919203/Anexo%20RMD_Maio_26.zip
2019-08-31,Seguradoras,seguradoras,49.542063987,5.151385099,5.151214719,5.151385099,961.723168312,961.723168312,OK_ARREDONDAMENTO,https://www.tesourotransparente.gov.br/publicacoes/relatorio-mensal-da-divida-rmd/2026/5,https://cdn.tesouro.gov.br/sistemas-internos/apex/producao/sistemas/thot/arquivos/publicacoes/54943_1730238/anexos/28577_919203/Anexo%20RMD_Maio_26.zip
2019-08-31,Outros,outros,53.99953011,5.614872542,5.61818012,5.614872542,961.723168312,961.723168312,OK_ARREDONDAMENTO,https://www.tesourotransparente.gov.br/publicacoes/relatorio-mensal-da-divida-rmd/2026/5,https://cdn.tesouro.gov.br/sistemas-internos/apex/producao/sistemas/thot/arquivos/publicacoes/54943_1730238/anexos/28577_919203/Anexo%20RMD_Maio_26.zip
2019-09-30,Instituições Financeiras,instituicoes_financeiras,68.588025704,7.062772456,7.063135213,7.063361699,971.120422415,971.039409112,DIVERGENCIA_RELEVANTE_NA_FONTE,https://www.tesourotransparente.gov.br/publicacoes/relatorio-mensal-da-divida-rmd/2026/5,https://cdn.tesouro.gov.br/sistemas-internos/apex/producao/sistemas/thot/arquivos/publicacoes/54943_1730238/anexos/28577_919203/Anexo%20RMD_Maio_26.zip
2019-09-30,Fundos,fundos,205.720669568,21.183847525,21.184935568,21.185614882,971.120422415,971.039409112,DIVERGENCIA_RELEVANTE_NA_FONTE,https://www.tesourotransparente.gov.br/publicacoes/relatorio-mensal-da-divida-rmd/2026/5,https://cdn.tesouro.gov.br/sistemas-internos/apex/producao/sistemas/thot/arquivos/publicacoes/54943_1730238/anexos/28577_919203/Anexo%20RMD_Maio_26.zip
2019-09-30,Não-residentes,nao_residentes,20.083293631,2.068053886,2.068160105,2.068226422,971.120422415,971.039409112,DIVERGENCIA_RELEVANTE_NA_FONTE,https://www.tesourotransparente.gov.br/publicacoes/relatorio-mensal-da-divida-rmd/2026/5,https://cdn.tesouro.gov.br/sistemas-internos/apex/producao/sistemas/thot/arquivos/publicacoes/54943_1730238/anexos/28577_919203/Anexo%20RMD_Maio_26.zip
2019-09-30,Previdência,previdencia,489.548749509,50.410715109,50.4133043,50.414920848,971.120422415,971.039409112,DIVERGENCIA_RELEVANTE_NA_FONTE,https://www.tesourotransparente.gov.br/publicacoes/relatorio-mensal-da-divida-rmd/2026/5,https://cdn.tesouro.gov.br/sistemas-internos/apex/producao/sistemas/thot/arquivos/publicacoes/54943_1730238/anexos/28577_919203/Anexo%20RMD_Maio_26.zip
2019-09-30,Governo,governo,82.661597067,8.511982156,8.512419347,8.512692306,971.120422415,971.039409112,DIVERGENCIA_RELEVANTE_NA_FONTE,https://www.tesourotransparente.gov.br/publicacoes/relatorio-mensal-da-divida-rmd/2026/5,https://cdn.tesouro.gov.br/sistemas-internos/apex/producao/sistemas/thot/arquivos/publicacoes/54943_1730238/anexos/28577_919203/Anexo%20RMD_Maio_26.zip
2019-09-30,Seguradoras,seguradoras,50.517884344,5.202020592,5.202287777,5.202454593,971.120422415,971.039409112,DIVERGENCIA_RELEVANTE_NA_FONTE,https://www.tesourotransparente.gov.br/publicacoes/relatorio-mensal-da-divida-rmd/2026/5,https://cdn.tesouro.gov.br/sistemas-internos/apex/producao/sistemas/thot/arquivos/publicacoes/54943_1730238/anexos/28577_919203/Anexo%20RMD_Maio_26.zip
2019-09-30,Outros,outros,54.000202592,5.560608277,5.564278787,5.561072196,971.120422415,971.039409112,DIVERGENCIA_RELEVANTE_NA_FONTE,https://www.tesourotransparente.gov.br/publicacoes/relatorio-mensal-da-divida-rmd/2026/5,https://cdn.tesouro.gov.br/sistemas-internos/apex/producao/sistemas/thot/arquivos/publicacoes/54943_1730238/anexos/28577_919203/Anexo%20RMD_Maio_26.zip
2019-10-31,Instituições Financeiras,instituicoes_financeiras,68.305468585,6.955630074,6.955407541,6.955630074,982.016982732,982.016982732,OK_ARREDONDAMENTO,https://www.tesourotransparente.gov.br/publicacoes/relatorio-mensal-da-divida-rmd/2026/5,https://cdn.tesouro.gov.br/sistemas-internos/apex/producao/sistemas/thot/arquivos/publicacoes/54943_1730238/anexos/28577_919203/Anexo%20RMD_Maio_26.zip
2019-10-31,Fundos,fundos,216.406724399,22.036963536,22.036258502,22.036963536,982.016982732,982.016982732,OK_ARREDONDAMENTO,https://www.tesourotransparente.gov.br/publicacoes/relatorio-mensal-da-divida-rmd/2026/5,https://cdn.tesouro.gov.br/sistemas-internos/apex/producao/sistemas/thot/arquivos/publicacoes/54943_1730238/anexos/28577_919203/Anexo%20RMD_Maio_26.zip
2019-10-31,Não-residentes,nao_residentes,18.400130805,1.873708004,1.873648058,1.873708004,982.016982732,982.016982732,OK_ARREDONDAMENTO,https://www.tesourotransparente.gov.br/publicacoes/relatorio-mensal-da-divida-rmd/2026/5,https://cdn.tesouro.gov.br/sistemas-internos/apex/producao/sistemas/thot/arquivos/publicacoes/54943_1730238/anexos/28577_919203/Anexo%20RMD_Maio_26.zip
2019-10-31,Previdência,previdencia,488.208947712,49.714919018,49.713328478,49.714919018,982.016982732,982.016982732,OK_ARREDONDAMENTO,https://www.tesourotransparente.gov.br/publicacoes/relatorio-mensal-da-divida-rmd/2026/5,https://cdn.tesouro.gov.br/sistemas-internos/apex/producao/sistemas/thot/arquivos/publicacoes/54943_1730238/anexos/28577_919203/Anexo%20RMD_Maio_26.zip
2019-10-31,Governo,governo,82.892851293,8.441081239,8.440811182,8.441081239,982.016982732,982.016982732,OK_ARREDONDAMENTO,https://www.tesourotransparente.gov.br/publicacoes/relatorio-mensal-da-divida-rmd/2026/5,https://cdn.tesouro.gov.br/sistemas-internos/apex/producao/sistemas/thot/arquivos/publicacoes/54943_1730238/anexos/28577_919203/Anexo%20RMD_Maio_26.zip
2019-10-31,Seguradoras,seguradoras,53.812557294,5.47979905,5.479623734,5.47979905,982.016982732,982.016982732,OK_ARREDONDAMENTO,https://www.tesourotransparente.gov.br/publicacoes/relatorio-mensal-da-divida-rmd/2026/5,https://cdn.tesouro.gov.br/sistemas-internos/apex/producao/sistemas/thot/arquivos/publicacoes/54943_1730238/anexos/28577_919203/Anexo%20RMD_Maio_26.zip
2019-10-31,Outros,outros,53.990302644,5.497899078,5.497899078,5.497899078,982.016982732,982.016982732,OK_ARREDONDAMENTO,https://www.tesourotransparente.gov.br/publicacoes/relatorio-mensal-da-divida-rmd/2026/5,https://cdn.tesouro.gov.br/sistemas-internos/apex/producao/sistemas/thot/arquivos/publicacoes/54943_1730238/anexos/28577_919203/Anexo%20RMD_Maio_26.zip
2019-11-30,Instituições Financeiras,instituicoes_financeiras,63.260670406,6.42408996,6.423885704,6.42408996,984.741353202,984.741353202,OK_ARREDONDAMENTO,https://www.tesourotransparente.gov.br/publicacoes/relatorio-mensal-da-divida-rmd/2026/5,https://cdn.tesouro.gov.br/sistemas-internos/apex/producao/sistemas/thot/arquivos/publicacoes/54943_1730238/anexos/28577_919203/Anexo%20RMD_Maio_26.zip
2019-11-30,Fundos,fundos,217.882139876,22.125824123,22.125120624,22.125824123,984.741353202,984.741353202,OK_ARREDONDAMENTO,https://www.tesourotransparente.gov.br/publicacoes/relatorio-mensal-da-divida-rmd/2026/5,https://cdn.tesouro.gov.br/sistemas-internos/apex/producao/sistemas/thot/arquivos/publicacoes/54943_1730238/anexos/28577_919203/Anexo%20RMD_Maio_26.zip
2019-11-30,Não-residentes,nao_residentes,17.042257482,1.730632864,1.730577838,1.730632864,984.741353202,984.741353202,OK_ARREDONDAMENTO,https://www.tesourotransparente.gov.br/publicacoes/relatorio-mensal-da-divida-rmd/2026/5,https://cdn.tesouro.gov.br/sistemas-internos/apex/producao/sistemas/thot/arquivos/publicacoes/54943_1730238/anexos/28577_919203/Anexo%20RMD_Maio_26.zip
2019-11-30,Previdência,previdencia,495.204691894,50.287792859,50.286193938,50.287792859,984.741353202,984.741353202,OK_ARREDONDAMENTO,https://www.tesourotransparente.gov.br/publicacoes/relatorio-mensal-da-divida-rmd/2026/5,https://cdn.tesouro.gov.br/sistemas-internos/apex/producao/sistemas/thot/arquivos/publicacoes/54943_1730238/anexos/28577_919203/Anexo%20RMD_Maio_26.zip
2019-11-30,Governo,governo,82.827961316,8.411138727,8.410871291,8.411138727,984.741353202,984.741353202,OK_ARREDONDAMENTO,https://www.tesourotransparente.gov.br/publicacoes/relatorio-mensal-da-divida-rmd/2026/5,https://cdn.tesouro.gov.br/sistemas-internos/apex/producao/sistemas/thot/arquivos/publicacoes/54943_1730238/anexos/28577_919203/Anexo%20RMD_Maio_26.zip
2019-11-30,Seguradoras,seguradoras,54.923977667,5.577502914,5.577325575,5.577502914,984.741353202,984.741353202,OK_ARREDONDAMENTO,https://www.tesourotransparente.gov.br/publicacoes/relatorio-mensal-da-divida-rmd/2026/5,https://cdn.tesouro.gov.br/sistemas-internos/apex/producao/sistemas/thot/arquivos/publicacoes/54943_1730238/anexos/28577_919203/Anexo%20RMD_Maio_26.zip
2019-11-30,Outros,outros,53.599654561,5.443018554,5.443018554,5.443018554,984.741353202,984.741353202,OK_ARREDONDAMENTO,https://www.tesourotransparente.gov.br/publicacoes/relatorio-mensal-da-divida-rmd/2026/5,https://cdn.tesouro.gov.br/sistemas-internos/apex/producao/sistemas/thot/arquivos/publicacoes/54943_1730238/anexos/28577_919203/Anexo%20RMD_Maio_26.zip
2019-12-31,Instituições Financeiras,instituicoes_financeiras,62.444096331,6.230724565,6.230521405,6.230724565,1002.196384671,1002.196384671,OK_ARREDONDAMENTO,https://www.tesourotransparente.gov.br/publicacoes/relatorio-mensal-da-divida-rmd/2026/5,https://cdn.tesouro.gov.br/sistemas-internos/apex/producao/sistemas/thot/arquivos/publicacoes/54943_1730238/anexos/28577_919203/Anexo%20RMD_Maio_26.zip
2019-12-31,Fundos,fundos,226.94347078,22.644610802,22.643872448,22.644610802,1002.196384671,1002.196384671,OK_ARREDONDAMENTO,https://www.tesourotransparente.gov.br/publicacoes/relatorio-mensal-da-divida-rmd/2026/5,https://cdn.tesouro.gov.br/sistemas-internos/apex/producao/sistemas/thot/arquivos/publicacoes/54943_1730238/anexos/28577_919203/Anexo%20RMD_Maio_26.zip
2019-12-31,Não-residentes,nao_residentes,17.353170708,1.731514,1.731457542,1.731514,1002.196384671,1002.196384671,OK_ARREDONDAMENTO,https://www.tesourotransparente.gov.br/publicacoes/relatorio-mensal-da-divida-rmd/2026/5,https://cdn.tesouro.gov.br/sistemas-internos/apex/producao/sistemas/thot/arquivos/publicacoes/54943_1730238/anexos/28577_919203/Anexo%20RMD_Maio_26.zip
2019-12-31,Previdência,previdencia,501.979424254,50.087930064,50.086296888,50.087930064,1002.196384671,1002.196384671,OK_ARREDONDAMENTO,https://www.tesourotransparente.gov.br/publicacoes/relatorio-mensal-da-divida-rmd/2026/5,https://cdn.tesouro.gov.br/sistemas-internos/apex/producao/sistemas/thot/arquivos/publicacoes/54943_1730238/anexos/28577_919203/Anexo%20RMD_Maio_26.zip
2019-12-31,Governo,governo,83.830751872,8.364703082,8.364430341,8.364703082,1002.196384671,1002.196384671,OK_ARREDONDAMENTO,https://www.tesourotransparente.gov.br/publicacoes/relatorio-mensal-da-divida-rmd/2026/5,https://cdn.tesouro.gov.br/sistemas-internos/apex/producao/sistemas/thot/arquivos/publicacoes/54943_1730238/anexos/28577_919203/Anexo%20RMD_Maio_26.zip
2019-12-31,Seguradoras,seguradoras,55.820322777,5.569798857,5.569617247,5.569798857,1002.196384671,1002.196384671,OK_ARREDONDAMENTO,https://www.tesourotransparente.gov.br/publicacoes/relatorio-mensal-da-divida-rmd/2026/5,https://cdn.tesouro.gov.br/sistemas-internos/apex/producao/sistemas/thot/arquivos/publicacoes/54943_1730238/anexos/28577_919203/Anexo%20RMD_Maio_26.zip
2019-12-31,Outros,outros,53.825147949,5.370718631,5.370718631,5.370718631,1002.196384671,1002.196384671,OK_ARREDONDAMENTO,https://www.tesourotransparente.gov.br/publicacoes/relatorio-mensal-da-divida-rmd/2026/5,https://cdn.tesouro.gov.br/sistemas-internos/apex/producao/sistemas/thot/arquivos/publicacoes/54943_1730238/anexos/28577_919203/Anexo%20RMD_Maio_26.zip
2020-01-31,Instituições Financeiras,instituicoes_financeiras,70.425908613,6.885527284,6.885312056,6.885527284,1022.810682534,1022.810682534,OK_ARREDONDAMENTO,https://www.tesourotransparente.gov.br/publicacoes/relatorio-mensal-da-divida-rmd/2026/5,https://cdn.tesouro.gov.br/sistemas-internos/apex/producao/sistemas/thot/arquivos/publicacoes/54943_1730238/anexos/28577_919203/Anexo%20RMD_Maio_26.zip
2020-01-31,Fundos,fundos,230.573777581,22.543153051,22.542448395,22.543153051,1022.810682534,1022.810682534,OK_ARREDONDAMENTO,https://www.tesourotransparente.gov.br/publicacoes/relatorio-mensal-da-divida-rmd/2026/5,https://cdn.tesouro.gov.br/sistemas-internos/apex/producao/sistemas/thot/arquivos/publicacoes/54943_1730238/anexos/28577_919203/Anexo%20RMD_Maio_26.zip
2020-01-31,Não-residentes,nao_residentes,18.017916987,1.761608213,1.761553149,1.761608213,1022.810682534,1022.810682534,OK_ARREDONDAMENTO,https://www.tesourotransparente.gov.br/publicacoes/relatorio-mensal-da-divida-rmd/2026/5,https://cdn.tesouro.gov.br/sistemas-internos/apex/producao/sistemas/thot/arquivos/publicacoes/54943_1730238/anexos/28577_919203/Anexo%20RMD_Maio_26.zip
2020-01-31,Previdência,previdencia,506.86252633,49.555849874,49.554300852,49.555849874,1022.810682534,1022.810682534,OK_ARREDONDAMENTO,https://www.tesourotransparente.gov.br/publicacoes/relatorio-mensal-da-divida-rmd/2026/5,https://cdn.tesouro.gov.br/sistemas-internos/apex/producao/sistemas/thot/arquivos/publicacoes/54943_1730238/anexos/28577_919203/Anexo%20RMD_Maio_26.zip
2020-01-31,Governo,governo,84.905001273,8.301145336,8.300885858,8.301145336,1022.810682534,1022.810682534,OK_ARREDONDAMENTO,https://www.tesourotransparente.gov.br/publicacoes/relatorio-mensal-da-divida-rmd/2026/5,https://cdn.tesouro.gov.br/sistemas-internos/apex/producao/sistemas/thot/arquivos/publicacoes/54943_1730238/anexos/28577_919203/Anexo%20RMD_Maio_26.zip
2020-01-31,Seguradoras,seguradoras,57.96724162,5.667445854,5.6672687,5.667445854,1022.810682534,1022.810682534,OK_ARREDONDAMENTO,https://www.tesourotransparente.gov.br/publicacoes/relatorio-mensal-da-divida-rmd/2026/5,https://cdn.tesouro.gov.br/sistemas-internos/apex/producao/sistemas/thot/arquivos/publicacoes/54943_1730238/anexos/28577_919203/Anexo%20RMD_Maio_26.zip
2020-01-31,Outros,outros,54.05831013,5.285270388,5.285270388,5.285270388,1022.810682534,1022.810682534,OK_ARREDONDAMENTO,https://www.tesourotransparente.gov.br/publicacoes/relatorio-mensal-da-divida-rmd/2026/5,https://cdn.tesouro.gov.br/sistemas-internos/apex/producao/sistemas/thot/arquivos/publicacoes/54943_1730238/anexos/28577_919203/Anexo%20RMD_Maio_26.zip
2020-02-29,Instituições Financeiras,instituicoes_financeiras,75.327149587,7.354132421,7.353907495,7.354132421,1024.283290991,1024.283290991,OK_ARREDONDAMENTO,https://www.tesourotransparente.gov.br/publicacoes/relatorio-mensal-da-divida-rmd/2026/5,https://cdn.tesouro.gov.br/sistemas-internos/apex/producao/sistemas/thot/arquivos/publicacoes/54943_1730238/anexos/28577_919203/Anexo%20RMD_Maio_26.zip
2020-02-29,Fundos,fundos,232.483757328,22.697212712,22.696518517,22.697212712,1024.283290991,1024.283290991,OK_ARREDONDAMENTO,https://www.tesourotransparente.gov.br/publicacoes/relatorio-mensal-da-divida-rmd/2026/5,https://cdn.tesouro.gov.br/sistemas-internos/apex/producao/sistemas/thot/arquivos/publicacoes/54943_1730238/anexos/28577_919203/Anexo%20RMD_Maio_26.zip
2020-02-29,Não-residentes,nao_residentes,18.643961969,1.820195851,1.820140181,1.820195851,1024.283290991,1024.283290991,OK_ARREDONDAMENTO,https://www.tesourotransparente.gov.br/publicacoes/relatorio-mensal-da-divida-rmd/2026/5,https://cdn.tesouro.gov.br/sistemas-internos/apex/producao/sistemas/thot/arquivos/publicacoes/54943_1730238/anexos/28577_919203/Anexo%20RMD_Maio_26.zip
2020-02-29,Previdência,previdencia,502.338131036,49.042890327,49.041390349,49.042890327,1024.283290991,1024.283290991,OK_ARREDONDAMENTO,https://www.tesourotransparente.gov.br/publicacoes/relatorio-mensal-da-divida-rmd/2026/5,https://cdn.tesouro.gov.br/sistemas-internos/apex/producao/sistemas/thot/arquivos/publicacoes/54943_1730238/anexos/28577_919203/Anexo%20RMD_Maio_26.zip
2020-02-29,Governo,governo,84.008356717,8.201672082,8.201421234,8.201672082,1024.283290991,1024.283290991,OK_ARREDONDAMENTO,https://www.tesourotransparente.gov.br/publicacoes/relatorio-mensal-da-divida-rmd/2026/5,https://cdn.tesouro.gov.br/sistemas-internos/apex/producao/sistemas/thot/arquivos/publicacoes/54943_1730238/anexos/28577_919203/Anexo%20RMD_Maio_26.zip
2020-02-29,Seguradoras,seguradoras,58.101678608,5.672422768,5.672249277,5.672422768,1024.283290991,1024.283290991,OK_ARREDONDAMENTO,https://www.tesourotransparente.gov.br/publicacoes/relatorio-mensal-da-divida-rmd/2026/5,https://cdn.tesouro.gov.br/sistemas-internos/apex/producao/sistemas/thot/arquivos/publicacoes/54943_1730238/anexos/28577_919203/Anexo%20RMD_Maio_26.zip
2020-02-29,Outros,outros,53.380255746,5.211473839,5.211473839,5.211473839,1024.283290991,1024.283290991,OK_ARREDONDAMENTO,https://www.tesourotransparente.gov.br/publicacoes/relatorio-mensal-da-divida-rmd/2026/5,https://cdn.tesouro.gov.br/sistemas-internos/apex/producao/sistemas/thot/arquivos/publicacoes/54943_1730238/anexos/28577_919203/Anexo%20RMD_Maio_26.zip
2020-03-31,Instituições Financeiras,instituicoes_financeiras,78.012940107,7.730777642,7.730536709,7.730777642,1009.121510374,1009.121510374,OK_ARREDONDAMENTO,https://www.tesourotransparente.gov.br/publicacoes/relatorio-mensal-da-divida-rmd/2026/5,https://cdn.tesouro.gov.br/sistemas-internos/apex/producao/sistemas/thot/arquivos/publicacoes/54943_1730238/anexos/28577_919203/Anexo%20RMD_Maio_26.zip
2020-03-31,Fundos,fundos,212.266561832,21.034787154,21.034131596,21.034787154,1009.121510374,1009.121510374,OK_ARREDONDAMENTO,https://www.tesourotransparente.gov.br/publicacoes/relatorio-mensal-da-divida-rmd/2026/5,https://cdn.tesouro.gov.br/sistemas-internos/apex/producao/sistemas/thot/arquivos/publicacoes/54943_1730238/anexos/28577_919203/Anexo%20RMD_Maio_26.zip
2020-03-31,Não-residentes,nao_residentes,17.468008321,1.731011394,1.730957446,1.731011394,1009.121510374,1009.121510374,OK_ARREDONDAMENTO,https://www.tesourotransparente.gov.br/publicacoes/relatorio-mensal-da-divida-rmd/2026/5,https://cdn.tesouro.gov.br/sistemas-internos/apex/producao/sistemas/thot/arquivos/publicacoes/54943_1730238/anexos/28577_919203/Anexo%20RMD_Maio_26.zip
2020-03-31,Previdência,previdencia,505.350976817,50.078307877,50.076747166,50.078307877,1009.121510374,1009.121510374,OK_ARREDONDAMENTO,https://www.tesourotransparente.gov.br/publicacoes/relatorio-mensal-da-divida-rmd/2026/5,https://cdn.tesouro.gov.br/sistemas-internos/apex/producao/sistemas/thot/arquivos/publicacoes/54943_1730238/anexos/28577_919203/Anexo%20RMD_Maio_26.zip
2020-03-31,Governo,governo,84.553576203,8.378929131,8.378667999,8.378929131,1009.121510374,1009.121510374,OK_ARREDONDAMENTO,https://www.tesourotransparente.gov.br/publicacoes/relatorio-mensal-da-divida-rmd/2026/5,https://cdn.tesouro.gov.br/sistemas-internos/apex/producao/sistemas/thot/arquivos/publicacoes/54943_1730238/anexos/28577_919203/Anexo%20RMD_Maio_26.zip
2020-03-31,Seguradoras,seguradoras,56.61967761,5.610788892,5.610614029,5.610788892,1009.121510374,1009.121510374,OK_ARREDONDAMENTO,https://www.tesourotransparente.gov.br/publicacoes/relatorio-mensal-da-divida-rmd/2026/5,https://cdn.tesouro.gov.br/sistemas-internos/apex/producao/sistemas/thot/arquivos/publicacoes/54943_1730238/anexos/28577_919203/Anexo%20RMD_Maio_26.zip
2020-03-31,Outros,outros,54.849769485,5.43539791,5.43539791,5.43539791,1009.121510374,1009.121510374,OK_ARREDONDAMENTO,https://www.tesourotransparente.gov.br/publicacoes/relatorio-mensal-da-divida-rmd/2026/5,https://cdn.tesouro.gov.br/sistemas-internos/apex/producao/sistemas/thot/arquivos/publicacoes/54943_1730238/anexos/28577_919203/Anexo%20RMD_Maio_26.zip
2020-04-30,Instituições Financeiras,instituicoes_financeiras,83.216920374,8.196528609,8.196274109,8.196528609,1015.270297208,1015.270297208,OK_ARREDONDAMENTO,https://www.tesourotransparente.gov.br/publicacoes/relatorio-mensal-da-divida-rmd/2026/5,https://cdn.tesouro.gov.br/sistemas-internos/apex/producao/sistemas/thot/arquivos/publicacoes/54943_1730238/anexos/28577_919203/Anexo%20RMD_Maio_26.zip
2020-04-30,Fundos,fundos,212.799420467,20.959878473,20.959227673,20.959878473,1015.270297208,1015.270297208,OK_ARREDONDAMENTO,https://www.tesourotransparente.gov.br/publicacoes/relatorio-mensal-da-divida-rmd/2026/5,https://cdn.tesouro.gov.br/sistemas-internos/apex/producao/sistemas/thot/arquivos/publicacoes/54943_1730238/anexos/28577_919203/Anexo%20RMD_Maio_26.zip
2020-04-30,Não-residentes,nao_residentes,17.855427847,1.75868711,1.758632503,1.75868711,1015.270297208,1015.270297208,OK_ARREDONDAMENTO,https://www.tesourotransparente.gov.br/publicacoes/relatorio-mensal-da-divida-rmd/2026/5,https://cdn.tesouro.gov.br/sistemas-internos/apex/producao/sistemas/thot/arquivos/publicacoes/54943_1730238/anexos/28577_919203/Anexo%20RMD_Maio_26.zip
2020-04-30,Previdência,previdencia,504.700594435,49.710958335,49.70941482,49.710958335,1015.270297208,1015.270297208,OK_ARREDONDAMENTO,https://www.tesourotransparente.gov.br/publicacoes/relatorio-mensal-da-divida-rmd/2026/5,https://cdn.tesouro.gov.br/sistemas-internos/apex/producao/sistemas/thot/arquivos/publicacoes/54943_1730238/anexos/28577_919203/Anexo%20RMD_Maio_26.zip
2020-04-30,Governo,governo,85.213841214,8.3932172,8.392956592,8.3932172,1015.270297208,1015.270297208,OK_ARREDONDAMENTO,https://www.tesourotransparente.gov.br/publicacoes/relatorio-mensal-da-divida-rmd/2026/5,https://cdn.tesouro.gov.br/sistemas-internos/apex/producao/sistemas/thot/arquivos/publicacoes/54943_1730238/anexos/28577_919203/Anexo%20RMD_Maio_26.zip
2020-04-30,Seguradoras,seguradoras,55.137736749,5.430843087,5.43067446,5.430843087,1015.270297208,1015.270297208,OK_ARREDONDAMENTO,https://www.tesourotransparente.gov.br/publicacoes/relatorio-mensal-da-divida-rmd/2026/5,https://cdn.tesouro.gov.br/sistemas-internos/apex/producao/sistemas/thot/arquivos/publicacoes/54943_1730238/anexos/28577_919203/Anexo%20RMD_Maio_26.zip
2020-04-30,Outros,outros,56.346356122,5.549887185,5.549887185,5.549887185,1015.270297208,1015.270297208,OK_ARREDONDAMENTO,https://www.tesourotransparente.gov.br/publicacoes/relatorio-mensal-da-divida-rmd/2026/5,https://cdn.tesouro.gov.br/sistemas-internos/apex/producao/sistemas/thot/arquivos/publicacoes/54943_1730238/anexos/28577_919203/Anexo%20RMD_Maio_26.zip
2020-05-31,Instituições Financeiras,instituicoes_financeiras,88.606660909,8.737789279,8.737530471,8.737789279,1014.062688835,1014.062688835,OK_ARREDONDAMENTO,https://www.tesourotransparente.gov.br/publicacoes/relatorio-mensal-da-divida-rmd/2026/5,https://cdn.tesouro.gov.br/sistemas-internos/apex/producao/sistemas/thot/arquivos/publicacoes/54943_1730238/anexos/28577_919203/Anexo%20RMD_Maio_26.zip
2020-05-31,Fundos,fundos,218.030963134,21.500738123,21.500101283,21.500738123,1014.062688835,1014.062688835,OK_ARREDONDAMENTO,https://www.tesourotransparente.gov.br/publicacoes/relatorio-mensal-da-divida-rmd/2026/5,https://cdn.tesouro.gov.br/sistemas-internos/apex/producao/sistemas/thot/arquivos/publicacoes/54943_1730238/anexos/28577_919203/Anexo%20RMD_Maio_26.zip
2020-05-31,Não-residentes,nao_residentes,18.726468213,1.846677569,1.846622872,1.846677569,1014.062688835,1014.062688835,OK_ARREDONDAMENTO,https://www.tesourotransparente.gov.br/publicacoes/relatorio-mensal-da-divida-rmd/2026/5,https://cdn.tesouro.gov.br/sistemas-internos/apex/producao/sistemas/thot/arquivos/publicacoes/54943_1730238/anexos/28577_919203/Anexo%20RMD_Maio_26.zip
2020-05-31,Previdência,previdencia,491.746865719,48.492748144,48.491311815,48.492748144,1014.062688835,1014.062688835,OK_ARREDONDAMENTO,https://www.tesourotransparente.gov.br/publicacoes/relatorio-mensal-da-divida-rmd/2026/5,https://cdn.tesouro.gov.br/sistemas-internos/apex/producao/sistemas/thot/arquivos/publicacoes/54943_1730238/anexos/28577_919203/Anexo%20RMD_Maio_26.zip
2020-05-31,Governo,governo,84.61014974,8.343680393,8.343433258,8.343680393,1014.062688835,1014.062688835,OK_ARREDONDAMENTO,https://www.tesourotransparente.gov.br/publicacoes/relatorio-mensal-da-divida-rmd/2026/5,https://cdn.tesouro.gov.br/sistemas-internos/apex/producao/sistemas/thot/arquivos/publicacoes/54943_1730238/anexos/28577_919203/Anexo%20RMD_Maio_26.zip
2020-05-31,Seguradoras,seguradoras,55.243029646,5.447693743,5.447532385,5.447693743,1014.062688835,1014.062688835,OK_ARREDONDAMENTO,https://www.tesourotransparente.gov.br/publicacoes/relatorio-mensal-da-divida-rmd/2026/5,https://cdn.tesouro.gov.br/sistemas-internos/apex/producao/sistemas/thot/arquivos/publicacoes/54943_1730238/anexos/28577_919203/Anexo%20RMD_Maio_26.zip
2020-05-31,Outros,outros,57.098551474,5.630672749,5.630672749,5.630672749,1014.062688835,1014.062688835,OK_ARREDONDAMENTO,https://www.tesourotransparente.gov.br/publicacoes/relatorio-mensal-da-divida-rmd/2026/5,https://cdn.tesouro.gov.br/sistemas-internos/apex/producao/sistemas/thot/arquivos/publicacoes/54943_1730238/anexos/28577_919203/Anexo%20RMD_Maio_26.zip
2020-06-30,Instituições Financeiras,instituicoes_financeiras,84.539328469,8.196654111,8.196422719,8.196654111,1031.388263151,1031.388263151,OK_ARREDONDAMENTO,https://www.tesourotransparente.gov.br/publicacoes/relatorio-mensal-da-divida-rmd/2026/5,https://cdn.tesouro.gov.br/sistemas-internos/apex/producao/sistemas/thot/arquivos/publicacoes/54943_1730238/anexos/28577_919203/Anexo%20RMD_Maio_26.zip
2020-06-30,Fundos,fundos,233.430728,22.632672519,22.632033597,22.632672519,1031.388263151,1031.388263151,OK_ARREDONDAMENTO,https://www.tesourotransparente.gov.br/publicacoes/relatorio-mensal-da-divida-rmd/2026/5,https://cdn.tesouro.gov.br/sistemas-internos/apex/producao/sistemas/thot/arquivos/publicacoes/54943_1730238/anexos/28577_919203/Anexo%20RMD_Maio_26.zip
2020-06-30,Não-residentes,nao_residentes,19.452745891,1.886074002,1.886020758,1.886074002,1031.388263151,1031.388263151,OK_ARREDONDAMENTO,https://www.tesourotransparente.gov.br/publicacoes/relatorio-mensal-da-divida-rmd/2026/5,https://cdn.tesouro.gov.br/sistemas-internos/apex/producao/sistemas/thot/arquivos/publicacoes/54943_1730238/anexos/28577_919203/Anexo%20RMD_Maio_26.zip
2020-06-30,Previdência,previdencia,496.544142054,48.143280256,48.141921167,48.143280256,1031.388263151,1031.388263151,OK_ARREDONDAMENTO,https://www.tesourotransparente.gov.br/publicacoes/relatorio-mensal-da-divida-rmd/2026/5,https://cdn.tesouro.gov.br/sistemas-internos/apex/producao/sistemas/thot/arquivos/publicacoes/54943_1730238/anexos/28577_919203/Anexo%20RMD_Maio_26.zip
2020-06-30,Governo,governo,83.898319244,8.134503973,8.134274335,8.134503973,1031.388263151,1031.388263151,OK_ARREDONDAMENTO,https://www.tesourotransparente.gov.br/publicacoes/relatorio-mensal-da-divida-rmd/2026/5,https://cdn.tesouro.gov.br/sistemas-internos/apex/producao/sistemas/thot/arquivos/publicacoes/54943_1730238/anexos/28577_919203/Anexo%20RMD_Maio_26.zip
2020-06-30,Seguradoras,seguradoras,56.216426445,5.450559062,5.450405193,5.450559062,1031.388263151,1031.388263151,OK_ARREDONDAMENTO,https://www.tesourotransparente.gov.br/publicacoes/relatorio-mensal-da-divida-rmd/2026/5,https://cdn.tesouro.gov.br/sistemas-internos/apex/producao/sistemas/thot/arquivos/publicacoes/54943_1730238/anexos/28577_919203/Anexo%20RMD_Maio_26.zip
2020-06-30,Outros,outros,57.306573048,5.556256077,5.556256077,5.556256077,1031.388263151,1031.388263151,OK_ARREDONDAMENTO,https://www.tesourotransparente.gov.br/publicacoes/relatorio-mensal-da-divida-rmd/2026/5,https://cdn.tesouro.gov.br/sistemas-internos/apex/producao/sistemas/thot/arquivos/publicacoes/54943_1730238/anexos/28577_919203/Anexo%20RMD_Maio_26.zip
2020-07-31,Instituições Financeiras,instituicoes_financeiras,77.845126957,7.376107891,7.375895272,7.376107891,1055.368605059,1055.368605059,OK_ARREDONDAMENTO,https://www.tesourotransparente.gov.br/publicacoes/relatorio-mensal-da-divida-rmd/2026/5,https://cdn.tesouro.gov.br/sistemas-internos/apex/producao/sistemas/thot/arquivos/publicacoes/54943_1730238/anexos/28577_919203/Anexo%20RMD_Maio_26.zip
2020-07-31,Fundos,fundos,245.078510423,23.222077031,23.221407644,23.222077031,1055.368605059,1055.368605059,OK_ARREDONDAMENTO,https://www.tesourotransparente.gov.br/publicacoes/relatorio-mensal-da-divida-rmd/2026/5,https://cdn.tesouro.gov.br/sistemas-internos/apex/producao/sistemas/thot/arquivos/publicacoes/54943_1730238/anexos/28577_919203/Anexo%20RMD_Maio_26.zip
2020-07-31,Não-residentes,nao_residentes,16.349279573,1.54915349,1.549108835,1.54915349,1055.368605059,1055.368605059,OK_ARREDONDAMENTO,https://www.tesourotransparente.gov.br/publicacoes/relatorio-mensal-da-divida-rmd/2026/5,https://cdn.tesouro.gov.br/sistemas-internos/apex/producao/sistemas/thot/arquivos/publicacoes/54943_1730238/anexos/28577_919203/Anexo%20RMD_Maio_26.zip
2020-07-31,Previdência,previdencia,516.802199233,48.968881276,48.967469726,48.968881276,1055.368605059,1055.368605059,OK_ARREDONDAMENTO,https://www.tesourotransparente.gov.br/publicacoes/relatorio-mensal-da-divida-rmd/2026/5,https://cdn.tesouro.gov.br/sistemas-internos/apex/producao/sistemas/thot/arquivos/publicacoes/54943_1730238/anexos/28577_919203/Anexo%20RMD_Maio_26.zip
2020-07-31,Governo,governo,84.67193106,8.02297232,8.022741055,8.02297232,1055.368605059,1055.368605059,OK_ARREDONDAMENTO,https://www.tesourotransparente.gov.br/publicacoes/relatorio-mensal-da-divida-rmd/2026/5,https://cdn.tesouro.gov.br/sistemas-internos/apex/producao/sistemas/thot/arquivos/publicacoes/54943_1730238/anexos/28577_919203/Anexo%20RMD_Maio_26.zip
2020-07-31,Seguradoras,seguradoras,57.283659335,5.427834319,5.427677859,5.427834319,1055.368605059,1055.368605059,OK_ARREDONDAMENTO,https://www.tesourotransparente.gov.br/publicacoes/relatorio-mensal-da-divida-rmd/2026/5,https://cdn.tesouro.gov.br/sistemas-internos/apex/producao/sistemas/thot/arquivos/publicacoes/54943_1730238/anexos/28577_919203/Anexo%20RMD_Maio_26.zip
2020-07-31,Outros,outros,57.337898476,5.432973674,5.432973674,5.432973674,1055.368605059,1055.368605059,OK_ARREDONDAMENTO,https://www.tesourotransparente.gov.br/publicacoes/relatorio-mensal-da-divida-rmd/2026/5,https://cdn.tesouro.gov.br/sistemas-internos/apex/producao/sistemas/thot/arquivos/publicacoes/54943_1730238/anexos/28577_919203/Anexo%20RMD_Maio_26.zip
2020-08-31,Instituições Financeiras,instituicoes_financeiras,63.137095823,6.354784457,6.354594967,6.354784457,993.53638583,993.53638583,OK_ARREDONDAMENTO,https://www.tesourotransparente.gov.br/publicacoes/relatorio-mensal-da-divida-rmd/2026/5,https://cdn.tesouro.gov.br/sistemas-internos/apex/producao/sistemas/thot/arquivos/publicacoes/54943_1730238/anexos/28577_919203/Anexo%20RMD_Maio_26.zip
2020-08-31,Fundos,fundos,226.329161909,22.780158345,22.779479076,22.780158345,993.53638583,993.53638583,OK_ARREDONDAMENTO,https://www.tesourotransparente.gov.br/publicacoes/relatorio-mensal-da-divida-rmd/2026/5,https://cdn.tesouro.gov.br/sistemas-internos/apex/producao/sistemas/thot/arquivos/publicacoes/54943_1730238/anexos/28577_919203/Anexo%20RMD_Maio_26.zip
2020-08-31,Não-residentes,nao_residentes,15.96217317,1.606601771,1.606553865,1.606601771,993.53638583,993.53638583,OK_ARREDONDAMENTO,https://www.tesourotransparente.gov.br/publicacoes/relatorio-mensal-da-divida-rmd/2026/5,https://cdn.tesouro.gov.br/sistemas-internos/apex/producao/sistemas/thot/arquivos/publicacoes/54943_1730238/anexos/28577_919203/Anexo%20RMD_Maio_26.zip
2020-08-31,Previdência,previdencia,502.142824283,50.540959692,50.539452638,50.540959692,993.53638583,993.53638583,OK_ARREDONDAMENTO,https://www.tesourotransparente.gov.br/publicacoes/relatorio-mensal-da-divida-rmd/2026/5,https://cdn.tesouro.gov.br/sistemas-internos/apex/producao/sistemas/thot/arquivos/publicacoes/54943_1730238/anexos/28577_919203/Anexo%20RMD_Maio_26.zip
2020-08-31,Governo,governo,75.516024908,7.600730681,7.600504039,7.600730681,993.53638583,993.53638583,OK_ARREDONDAMENTO,https://www.tesourotransparente.gov.br/publicacoes/relatorio-mensal-da-divida-rmd/2026/5,https://cdn.tesouro.gov.br/sistemas-internos/apex/producao/sistemas/thot/arquivos/publicacoes/54943_1730238/anexos/28577_919203/Anexo%20RMD_Maio_26.zip
2020-08-31,Seguradoras,seguradoras,56.077371795,5.644219235,5.644050933,5.644219235,993.53638583,993.53638583,OK_ARREDONDAMENTO,https://www.tesourotransparente.gov.br/publicacoes/relatorio-mensal-da-divida-rmd/2026/5,https://cdn.tesouro.gov.br/sistemas-internos/apex/producao/sistemas/thot/arquivos/publicacoes/54943_1730238/anexos/28577_919203/Anexo%20RMD_Maio_26.zip
2020-08-31,Outros,outros,54.371733941,5.472545819,5.472545819,5.472545819,993.53638583,993.53638583,OK_ARREDONDAMENTO,https://www.tesourotransparente.gov.br/publicacoes/relatorio-mensal-da-divida-rmd/2026/5,https://cdn.tesouro.gov.br/sistemas-internos/apex/producao/sistemas/thot/arquivos/publicacoes/54943_1730238/anexos/28577_919203/Anexo%20RMD_Maio_26.zip
2020-09-30,Instituições Financeiras,instituicoes_financeiras,68.919523362,6.797677871,6.797494696,6.797677871,1013.868627914,1013.868627914,OK_ARREDONDAMENTO,https://www.tesourotransparente.gov.br/publicacoes/relatorio-mensal-da-divida-rmd/2026/5,https://cdn.tesouro.gov.br/sistemas-internos/apex/producao/sistemas/thot/arquivos/publicacoes/54943_1730238/anexos/28577_919203/Anexo%20RMD_Maio_26.zip
2020-09-30,Fundos,fundos,228.011679528,22.489272599,22.488666586,22.489272599,1013.868627914,1013.868627914,OK_ARREDONDAMENTO,https://www.tesourotransparente.gov.br/publicacoes/relatorio-mensal-da-divida-rmd/2026/5,https://cdn.tesouro.gov.br/sistemas-internos/apex/producao/sistemas/thot/arquivos/publicacoes/54943_1730238/anexos/28577_919203/Anexo%20RMD_Maio_26.zip
2020-09-30,Não-residentes,nao_residentes,15.793780054,1.55777382,1.557731843,1.55777382,1013.868627914,1013.868627914,OK_ARREDONDAMENTO,https://www.tesourotransparente.gov.br/publicacoes/relatorio-mensal-da-divida-rmd/2026/5,https://cdn.tesouro.gov.br/sistemas-internos/apex/producao/sistemas/thot/arquivos/publicacoes/54943_1730238/anexos/28577_919203/Anexo%20RMD_Maio_26.zip
2020-09-30,Previdência,previdencia,513.360899159,50.633867646,50.632503226,50.633867646,1013.868627914,1013.868627914,OK_ARREDONDAMENTO,https://www.tesourotransparente.gov.br/publicacoes/relatorio-mensal-da-divida-rmd/2026/5,https://cdn.tesouro.gov.br/sistemas-internos/apex/producao/sistemas/thot/arquivos/publicacoes/54943_1730238/anexos/28577_919203/Anexo%20RMD_Maio_26.zip
2020-09-30,Governo,governo,76.304247924,7.526048822,7.525846019,7.526048822,1013.868627914,1013.868627914,OK_ARREDONDAMENTO,https://www.tesourotransparente.gov.br/publicacoes/relatorio-mensal-da-divida-rmd/2026/5,https://cdn.tesouro.gov.br/sistemas-internos/apex/producao/sistemas/thot/arquivos/publicacoes/54943_1730238/anexos/28577_919203/Anexo%20RMD_Maio_26.zip
2020-09-30,Seguradoras,seguradoras,56.120411851,5.535274522,5.535125365,5.535274522,1013.868627914,1013.868627914,OK_ARREDONDAMENTO,https://www.tesourotransparente.gov.br/publicacoes/relatorio-mensal-da-divida-rmd/2026/5,https://cdn.tesouro.gov.br/sistemas-internos/apex/producao/sistemas/thot/arquivos/publicacoes/54943_1730238/anexos/28577_919203/Anexo%20RMD_Maio_26.zip
2020-09-30,Outros,outros,55.358086037,5.46008472,5.46008472,5.46008472,1013.868627914,1013.868627914,OK_ARREDONDAMENTO,https://www.tesourotransparente.gov.br/publicacoes/relatorio-mensal-da-divida-rmd/2026/5,https://cdn.tesouro.gov.br/sistemas-internos/apex/producao/sistemas/thot/arquivos/publicacoes/54943_1730238/anexos/28577_919203/Anexo%20RMD_Maio_26.zip
2020-10-31,Instituições Financeiras,instituicoes_financeiras,75.096776785,7.148530645,7.14833925,7.148530645,1050.520456746,1050.520456746,OK_ARREDONDAMENTO,https://www.tesourotransparente.gov.br/publicacoes/relatorio-mensal-da-divida-rmd/2026/5,https://cdn.tesouro.gov.br/sistemas-internos/apex/producao/sistemas/thot/arquivos/publicacoes/54943_1730238/anexos/28577_919203/Anexo%20RMD_Maio_26.zip
2020-10-31,Fundos,fundos,240.188695186,22.863780866,22.863168709,22.863780866,1050.520456746,1050.520456746,OK_ARREDONDAMENTO,https://www.tesourotransparente.gov.br/publicacoes/relatorio-mensal-da-divida-rmd/2026/5,https://cdn.tesouro.gov.br/sistemas-internos/apex/producao/sistemas/thot/arquivos/publicacoes/54943_1730238/anexos/28577_919203/Anexo%20RMD_Maio_26.zip
2020-10-31,Não-residentes,nao_residentes,16.624262892,1.58247874,1.582436371,1.58247874,1050.520456746,1050.520456746,OK_ARREDONDAMENTO,https://www.tesourotransparente.gov.br/publicacoes/relatorio-mensal-da-divida-rmd/2026/5,https://cdn.tesouro.gov.br/sistemas-internos/apex/producao/sistemas/thot/arquivos/publicacoes/54943_1730238/anexos/28577_919203/Anexo%20RMD_Maio_26.zip
2020-10-31,Previdência,previdencia,524.647852885,49.941707419,49.940370275,49.941707419,1050.520456746,1050.520456746,OK_ARREDONDAMENTO,https://www.tesourotransparente.gov.br/publicacoes/relatorio-mensal-da-divida-rmd/2026/5,https://cdn.tesouro.gov.br/sistemas-internos/apex/producao/sistemas/thot/arquivos/publicacoes/54943_1730238/anexos/28577_919203/Anexo%20RMD_Maio_26.zip
2020-10-31,Governo,governo,77.52501286,7.379676651,7.379479067,7.379676651,1050.520456746,1050.520456746,OK_ARREDONDAMENTO,https://www.tesourotransparente.gov.br/publicacoes/relatorio-mensal-da-divida-rmd/2026/5,https://cdn.tesouro.gov.br/sistemas-internos/apex/producao/sistemas/thot/arquivos/publicacoes/54943_1730238/anexos/28577_919203/Anexo%20RMD_Maio_26.zip
2020-10-31,Seguradoras,seguradoras,59.398073971,5.654156812,5.654005428,5.654156812,1050.520456746,1050.520456746,OK_ARREDONDAMENTO,https://www.tesourotransparente.gov.br/publicacoes/relatorio-mensal-da-divida-rmd/2026/5,https://cdn.tesouro.gov.br/sistemas-internos/apex/producao/sistemas/thot/arquivos/publicacoes/54943_1730238/anexos/28577_919203/Anexo%20RMD_Maio_26.zip
2020-10-31,Outros,outros,57.039782167,5.429668866,5.429668866,5.429668866,1050.520456746,1050.520456746,OK_ARREDONDAMENTO,https://www.tesourotransparente.gov.br/publicacoes/relatorio-mensal-da-divida-rmd/2026/5,https://cdn.tesouro.gov.br/sistemas-internos/apex/producao/sistemas/thot/arquivos/publicacoes/54943_1730238/anexos/28577_919203/Anexo%20RMD_Maio_26.zip
2020-11-30,Instituições Financeiras,instituicoes_financeiras,80.833371268,7.477482621,7.477300631,7.477482621,1081.023860048,1081.023860048,OK_ARREDONDAMENTO,https://www.tesourotransparente.gov.br/publicacoes/relatorio-mensal-da-divida-rmd/2026/5,https://cdn.tesouro.gov.br/sistemas-internos/apex/producao/sistemas/thot/arquivos/publicacoes/54943_1730238/anexos/28577_919203/Anexo%20RMD_Maio_26.zip
2020-11-30,Fundos,fundos,255.218362573,23.608948147,23.60837354,23.608948147,1081.023860048,1081.023860048,OK_ARREDONDAMENTO,https://www.tesourotransparente.gov.br/publicacoes/relatorio-mensal-da-divida-rmd/2026/5,https://cdn.tesouro.gov.br/sistemas-internos/apex/producao/sistemas/thot/arquivos/publicacoes/54943_1730238/anexos/28577_919203/Anexo%20RMD_Maio_26.zip
2020-11-30,Não-residentes,nao_residentes,18.079690903,1.672459931,1.672419226,1.672459931,1081.023860048,1081.023860048,OK_ARREDONDAMENTO,https://www.tesourotransparente.gov.br/publicacoes/relatorio-mensal-da-divida-rmd/2026/5,https://cdn.tesouro.gov.br/sistemas-internos/apex/producao/sistemas/thot/arquivos/publicacoes/54943_1730238/anexos/28577_919203/Anexo%20RMD_Maio_26.zip
2020-11-30,Previdência,previdencia,529.078111918,48.942315843,48.941124659,48.942315843,1081.023860048,1081.023860048,OK_ARREDONDAMENTO,https://www.tesourotransparente.gov.br/publicacoes/relatorio-mensal-da-divida-rmd/2026/5,https://cdn.tesouro.gov.br/sistemas-internos/apex/producao/sistemas/thot/arquivos/publicacoes/54943_1730238/anexos/28577_919203/Anexo%20RMD_Maio_26.zip
2020-11-30,Governo,governo,79.975588103,7.398133479,7.397953419,7.398133479,1081.023860048,1081.023860048,OK_ARREDONDAMENTO,https://www.tesourotransparente.gov.br/publicacoes/relatorio-mensal-da-divida-rmd/2026/5,https://cdn.tesouro.gov.br/sistemas-internos/apex/producao/sistemas/thot/arquivos/publicacoes/54943_1730238/anexos/28577_919203/Anexo%20RMD_Maio_26.zip
2020-11-30,Seguradoras,seguradoras,59.958685538,5.546471984,5.546336991,5.546471984,1081.023860048,1081.023860048,OK_ARREDONDAMENTO,https://www.tesourotransparente.gov.br/publicacoes/relatorio-mensal-da-divida-rmd/2026/5,https://cdn.tesouro.gov.br/sistemas-internos/apex/producao/sistemas/thot/arquivos/publicacoes/54943_1730238/anexos/28577_919203/Anexo%20RMD_Maio_26.zip
2020-11-30,Outros,outros,57.880049746,5.354187996,5.354187996,5.354187996,1081.023860048,1081.023860048,OK_ARREDONDAMENTO,https://www.tesourotransparente.gov.br/publicacoes/relatorio-mensal-da-divida-rmd/2026/5,https://cdn.tesouro.gov.br/sistemas-internos/apex/producao/sistemas/thot/arquivos/publicacoes/54943_1730238/anexos/28577_919203/Anexo%20RMD_Maio_26.zip
2020-12-31,Instituições Financeiras,instituicoes_financeiras,84.473412335,7.372826679,7.372658938,7.372826679,1145.739836498,1145.739836498,OK_ARREDONDAMENTO,https://www.tesourotransparente.gov.br/publicacoes/relatorio-mensal-da-divida-rmd/2026/5,https://cdn.tesouro.gov.br/sistemas-internos/apex/producao/sistemas/thot/arquivos/publicacoes/54943_1730238/anexos/28577_919203/Anexo%20RMD_Maio_26.zip
2020-12-31,Fundos,fundos,291.010644818,25.399365157,25.398787291,25.399365157,1145.739836498,1145.739836498,OK_ARREDONDAMENTO,https://www.tesourotransparente.gov.br/publicacoes/relatorio-mensal-da-divida-rmd/2026/5,https://cdn.tesouro.gov.br/sistemas-internos/apex/producao/sistemas/thot/arquivos/publicacoes/54943_1730238/anexos/28577_919203/Anexo%20RMD_Maio_26.zip
2020-12-31,Não-residentes,nao_residentes,20.117118726,1.755819086,1.755779139,1.755819086,1145.739836498,1145.739836498,OK_ARREDONDAMENTO,https://www.tesourotransparente.gov.br/publicacoes/relatorio-mensal-da-divida-rmd/2026/5,https://cdn.tesouro.gov.br/sistemas-internos/apex/producao/sistemas/thot/arquivos/publicacoes/54943_1730238/anexos/28577_919203/Anexo%20RMD_Maio_26.zip
2020-12-31,Previdência,previdencia,544.383750095,47.513731543,47.512650549,47.513731543,1145.739836498,1145.739836498,OK_ARREDONDAMENTO,https://www.tesourotransparente.gov.br/publicacoes/relatorio-mensal-da-divida-rmd/2026/5,https://cdn.tesouro.gov.br/sistemas-internos/apex/producao/sistemas/thot/arquivos/publicacoes/54943_1730238/anexos/28577_919203/Anexo%20RMD_Maio_26.zip
2020-12-31,Governo,governo,82.485064121,7.199283947,7.199120155,7.199283947,1145.739836498,1145.739836498,OK_ARREDONDAMENTO,https://www.tesourotransparente.gov.br/publicacoes/relatorio-mensal-da-divida-rmd/2026/5,https://cdn.tesouro.gov.br/sistemas-internos/apex/producao/sistemas/thot/arquivos/publicacoes/54943_1730238/anexos/28577_919203/Anexo%20RMD_Maio_26.zip
2020-12-31,Seguradoras,seguradoras,61.672192249,5.382739631,5.382617167,5.382739631,1145.739836498,1145.739836498,OK_ARREDONDAMENTO,https://www.tesourotransparente.gov.br/publicacoes/relatorio-mensal-da-divida-rmd/2026/5,https://cdn.tesouro.gov.br/sistemas-internos/apex/producao/sistemas/thot/arquivos/publicacoes/54943_1730238/anexos/28577_919203/Anexo%20RMD_Maio_26.zip
2020-12-31,Outros,outros,61.597654155,5.376233958,5.376233958,5.376233958,1145.739836498,1145.739836498,OK_ARREDONDAMENTO,https://www.tesourotransparente.gov.br/publicacoes/relatorio-mensal-da-divida-rmd/2026/5,https://cdn.tesouro.gov.br/sistemas-internos/apex/producao/sistemas/thot/arquivos/publicacoes/54943_1730238/anexos/28577_919203/Anexo%20RMD_Maio_26.zip
2021-01-31,Instituições Financeiras,instituicoes_financeiras,91.385496317,7.663859587,7.663682076,7.663859587,1192.421328677,1192.421328677,OK_ARREDONDAMENTO,https://www.tesourotransparente.gov.br/publicacoes/relatorio-mensal-da-divida-rmd/2026/5,https://cdn.tesouro.gov.br/sistemas-internos/apex/producao/sistemas/thot/arquivos/publicacoes/54943_1730238/anexos/28577_919203/Anexo%20RMD_Maio_26.zip
2021-01-31,Fundos,fundos,307.957364662,25.826220754,25.825622564,25.826220754,1192.421328677,1192.421328677,OK_ARREDONDAMENTO,https://www.tesourotransparente.gov.br/publicacoes/relatorio-mensal-da-divida-rmd/2026/5,https://cdn.tesouro.gov.br/sistemas-internos/apex/producao/sistemas/thot/arquivos/publicacoes/54943_1730238/anexos/28577_919203/Anexo%20RMD_Maio_26.zip
2021-01-31,Não-residentes,nao_residentes,25.346185201,2.125606494,2.125557261,2.125606494,1192.421328677,1192.421328677,OK_ARREDONDAMENTO,https://www.tesourotransparente.gov.br/publicacoes/relatorio-mensal-da-divida-rmd/2026/5,https://cdn.tesouro.gov.br/sistemas-internos/apex/producao/sistemas/thot/arquivos/publicacoes/54943_1730238/anexos/28577_919203/Anexo%20RMD_Maio_26.zip
2021-01-31,Previdência,previdencia,552.791949774,46.358777429,46.357703662,46.358777429,1192.421328677,1192.421328677,OK_ARREDONDAMENTO,https://www.tesourotransparente.gov.br/publicacoes/relatorio-mensal-da-divida-rmd/2026/5,https://cdn.tesouro.gov.br/sistemas-internos/apex/producao/sistemas/thot/arquivos/publicacoes/54943_1730238/anexos/28577_919203/Anexo%20RMD_Maio_26.zip
2021-01-31,Governo,governo,87.097907324,7.304289619,7.304120436,7.304289619,1192.421328677,1192.421328677,OK_ARREDONDAMENTO,https://www.tesourotransparente.gov.br/publicacoes/relatorio-mensal-da-divida-rmd/2026/5,https://cdn.tesouro.gov.br/sistemas-internos/apex/producao/sistemas/thot/arquivos/publicacoes/54943_1730238/anexos/28577_919203/Anexo%20RMD_Maio_26.zip
2021-01-31,Seguradoras,seguradoras,64.469184217,5.40657758,5.406452352,5.40657758,1192.421328677,1192.421328677,OK_ARREDONDAMENTO,https://www.tesourotransparente.gov.br/publicacoes/relatorio-mensal-da-divida-rmd/2026/5,https://cdn.tesouro.gov.br/sistemas-internos/apex/producao/sistemas/thot/arquivos/publicacoes/54943_1730238/anexos/28577_919203/Anexo%20RMD_Maio_26.zip
2021-01-31,Outros,outros,63.373241182,5.314668537,5.314668537,5.314668537,1192.421328677,1192.421328677,OK_ARREDONDAMENTO,https://www.tesourotransparente.gov.br/publicacoes/relatorio-mensal-da-divida-rmd/2026/5,https://cdn.tesouro.gov.br/sistemas-internos/apex/producao/sistemas/thot/arquivos/publicacoes/54943_1730238/anexos/28577_919203/Anexo%20RMD_Maio_26.zip
2021-02-28,Instituições Financeiras,instituicoes_financeiras,101.677575027,8.372708551,8.372528195,8.372708551,1214.392862396,1214.392862396,OK_ARREDONDAMENTO,https://www.tesourotransparente.gov.br/publicacoes/relatorio-mensal-da-divida-rmd/2026/5,https://cdn.tesouro.gov.br/sistemas-internos/apex/producao/sistemas/thot/arquivos/publicacoes/54943_1730238/anexos/28577_919203/Anexo%20RMD_Maio_26.zip
2021-02-28,Fundos,fundos,296.006503192,24.374855317,24.374330262,24.374855317,1214.392862396,1214.392862396,OK_ARREDONDAMENTO,https://www.tesourotransparente.gov.br/publicacoes/relatorio-mensal-da-divida-rmd/2026/5,https://cdn.tesouro.gov.br/sistemas-internos/apex/producao/sistemas/thot/arquivos/publicacoes/54943_1730238/anexos/28577_919203/Anexo%20RMD_Maio_26.zip
2021-02-28,Não-residentes,nao_residentes,26.131588523,2.151823296,2.151776944,2.151823296,1214.392862396,1214.392862396,OK_ARREDONDAMENTO,https://www.tesourotransparente.gov.br/publicacoes/relatorio-mensal-da-divida-rmd/2026/5,https://cdn.tesouro.gov.br/sistemas-internos/apex/producao/sistemas/thot/arquivos/publicacoes/54943_1730238/anexos/28577_919203/Anexo%20RMD_Maio_26.zip
2021-02-28,Previdência,previdencia,570.888997893,47.010239896,47.009227256,47.010239896,1214.392862396,1214.392862396,OK_ARREDONDAMENTO,https://www.tesourotransparente.gov.br/publicacoes/relatorio-mensal-da-divida-rmd/2026/5,https://cdn.tesouro.gov.br/sistemas-internos/apex/producao/sistemas/thot/arquivos/publicacoes/54943_1730238/anexos/28577_919203/Anexo%20RMD_Maio_26.zip
2021-02-28,Governo,governo,88.45718537,7.28406664,7.283909735,7.28406664,1214.392862396,1214.392862396,OK_ARREDONDAMENTO,https://www.tesourotransparente.gov.br/publicacoes/relatorio-mensal-da-divida-rmd/2026/5,https://cdn.tesouro.gov.br/sistemas-internos/apex/producao/sistemas/thot/arquivos/publicacoes/54943_1730238/anexos/28577_919203/Anexo%20RMD_Maio_26.zip
2021-02-28,Seguradoras,seguradoras,66.974001512,5.515019364,5.514900565,5.515019364,1214.392862396,1214.392862396,OK_ARREDONDAMENTO,https://www.tesourotransparente.gov.br/publicacoes/relatorio-mensal-da-divida-rmd/2026/5,https://cdn.tesouro.gov.br/sistemas-internos/apex/producao/sistemas/thot/arquivos/publicacoes/54943_1730238/anexos/28577_919203/Anexo%20RMD_Maio_26.zip
2021-02-28,Outros,outros,64.257010879,5.291286936,5.291286936,5.291286936,1214.392862396,1214.392862396,OK_ARREDONDAMENTO,https://www.tesourotransparente.gov.br/publicacoes/relatorio-mensal-da-divida-rmd/2026/5,https://cdn.tesouro.gov.br/sistemas-internos/apex/producao/sistemas/thot/arquivos/publicacoes/54943_1730238/anexos/28577_919203/Anexo%20RMD_Maio_26.zip
2021-03-31,Instituições Financeiras,instituicoes_financeiras,110.118378306,8.788575103,8.78838871,8.788575103,1252.971921044,1252.971921044,OK_ARREDONDAMENTO,https://www.tesourotransparente.gov.br/publicacoes/relatorio-mensal-da-divida-rmd/2026/5,https://cdn.tesouro.gov.br/sistemas-internos/apex/producao/sistemas/thot/arquivos/publicacoes/54943_1730238/anexos/28577_919203/Anexo%20RMD_Maio_26.zip
2021-03-31,Fundos,fundos,296.902217304,23.695839653,23.695337097,23.695839653,1252.971921044,1252.971921044,OK_ARREDONDAMENTO,https://www.tesourotransparente.gov.br/publicacoes/relatorio-mensal-da-divida-rmd/2026/5,https://cdn.tesouro.gov.br/sistemas-internos/apex/producao/sistemas/thot/arquivos/publicacoes/54943_1730238/anexos/28577_919203/Anexo%20RMD_Maio_26.zip
2021-03-31,Não-residentes,nao_residentes,24.130901138,1.925893209,1.925852363,1.925893209,1252.971921044,1252.971921044,OK_ARREDONDAMENTO,https://www.tesourotransparente.gov.br/publicacoes/relatorio-mensal-da-divida-rmd/2026/5,https://cdn.tesouro.gov.br/sistemas-internos/apex/producao/sistemas/thot/arquivos/publicacoes/54943_1730238/anexos/28577_919203/Anexo%20RMD_Maio_26.zip
2021-03-31,Previdência,previdencia,594.69075417,47.46241669,47.461410077,47.46241669,1252.971921044,1252.971921044,OK_ARREDONDAMENTO,https://www.tesourotransparente.gov.br/publicacoes/relatorio-mensal-da-divida-rmd/2026/5,https://cdn.tesouro.gov.br/sistemas-internos/apex/producao/sistemas/thot/arquivos/publicacoes/54943_1730238/anexos/28577_919203/Anexo%20RMD_Maio_26.zip
2021-03-31,Governo,governo,89.842902542,7.17038435,7.170232276,7.17038435,1252.971921044,1252.971921044,OK_ARREDONDAMENTO,https://www.tesourotransparente.gov.br/publicacoes/relatorio-mensal-da-divida-rmd/2026/5,https://cdn.tesouro.gov.br/sistemas-internos/apex/producao/sistemas/thot/arquivos/publicacoes/54943_1730238/anexos/28577_919203/Anexo%20RMD_Maio_26.zip
2021-03-31,Seguradoras,seguradoras,69.201225973,5.52296702,5.522849886,5.52296702,1252.971921044,1252.971921044,OK_ARREDONDAMENTO,https://www.tesourotransparente.gov.br/publicacoes/relatorio-mensal-da-divida-rmd/2026/5,https://cdn.tesouro.gov.br/sistemas-internos/apex/producao/sistemas/thot/arquivos/publicacoes/54943_1730238/anexos/28577_919203/Anexo%20RMD_Maio_26.zip
2021-03-31,Outros,outros,68.08554161,5.433923974,5.433923974,5.433923974,1252.971921044,1252.971921044,OK_ARREDONDAMENTO,https://www.tesourotransparente.gov.br/publicacoes/relatorio-mensal-da-divida-rmd/2026/5,https://cdn.tesouro.gov.br/sistemas-internos/apex/producao/sistemas/thot/arquivos/publicacoes/54943_1730238/anexos/28577_919203/Anexo%20RMD_Maio_26.zip
2021-04-30,Instituições Financeiras,instituicoes_financeiras,130.679767175,9.870547715,9.870335806,9.870547715,1323.936330067,1323.936330067,OK_ARREDONDAMENTO,https://www.tesourotransparente.gov.br/publicacoes/relatorio-mensal-da-divida-rmd/2026/5,https://cdn.tesouro.gov.br/sistemas-internos/apex/producao/sistemas/thot/arquivos/publicacoes/54943_1730238/anexos/28577_919203/Anexo%20RMD_Maio_26.zip
2021-04-30,Fundos,fundos,305.397253175,23.067367081,23.066871852,23.067367081,1323.936330067,1323.936330067,OK_ARREDONDAMENTO,https://www.tesourotransparente.gov.br/publicacoes/relatorio-mensal-da-divida-rmd/2026/5,https://cdn.tesouro.gov.br/sistemas-internos/apex/producao/sistemas/thot/arquivos/publicacoes/54943_1730238/anexos/28577_919203/Anexo%20RMD_Maio_26.zip
2021-04-30,Não-residentes,nao_residentes,26.801804692,2.024402842,2.02435938,2.024402842,1323.936330067,1323.936330067,OK_ARREDONDAMENTO,https://www.tesourotransparente.gov.br/publicacoes/relatorio-mensal-da-divida-rmd/2026/5,https://cdn.tesouro.gov.br/sistemas-internos/apex/producao/sistemas/thot/arquivos/publicacoes/54943_1730238/anexos/28577_919203/Anexo%20RMD_Maio_26.zip
2021-04-30,Previdência,previdencia,617.51284442,46.642185912,46.641184559,46.642185912,1323.936330067,1323.936330067,OK_ARREDONDAMENTO,https://www.tesourotransparente.gov.br/publicacoes/relatorio-mensal-da-divida-rmd/2026/5,https://cdn.tesouro.gov.br/sistemas-internos/apex/producao/sistemas/thot/arquivos/publicacoes/54943_1730238/anexos/28577_919203/Anexo%20RMD_Maio_26.zip
2021-04-30,Governo,governo,91.449457615,6.907390902,6.907242609,6.907390902,1323.936330067,1323.936330067,OK_ARREDONDAMENTO,https://www.tesourotransparente.gov.br/publicacoes/relatorio-mensal-da-divida-rmd/2026/5,https://cdn.tesouro.gov.br/sistemas-internos/apex/producao/sistemas/thot/arquivos/publicacoes/54943_1730238/anexos/28577_919203/Anexo%20RMD_Maio_26.zip
2021-04-30,Seguradoras,seguradoras,81.994888691,6.193265252,6.19313229,6.193265252,1323.936330067,1323.936330067,OK_ARREDONDAMENTO,https://www.tesourotransparente.gov.br/publicacoes/relatorio-mensal-da-divida-rmd/2026/5,https://cdn.tesouro.gov.br/sistemas-internos/apex/producao/sistemas/thot/arquivos/publicacoes/54943_1730238/anexos/28577_919203/Anexo%20RMD_Maio_26.zip
2021-04-30,Outros,outros,70.1003143,5.294840296,5.294840296,5.294840296,1323.936330067,1323.936330067,OK_ARREDONDAMENTO,https://www.tesourotransparente.gov.br/publicacoes/relatorio-mensal-da-divida-rmd/2026/5,https://cdn.tesouro.gov.br/sistemas-internos/apex/producao/sistemas/thot/arquivos/publicacoes/54943_1730238/anexos/28577_919203/Anexo%20RMD_Maio_26.zip
2021-05-31,Instituições Financeiras,instituicoes_financeiras,101.434740376,7.774424421,7.774264741,7.774424421,1304.723473911,1304.723473911,OK_ARREDONDAMENTO,https://www.tesourotransparente.gov.br/publicacoes/relatorio-mensal-da-divida-rmd/2026/5,https://cdn.tesouro.gov.br/sistemas-internos/apex/producao/sistemas/thot/arquivos/publicacoes/54943_1730238/anexos/28577_919203/Anexo%20RMD_Maio_26.zip
2021-05-31,Fundos,fundos,310.736303441,23.816257594,23.815768432,23.816257594,1304.723473911,1304.723473911,OK_ARREDONDAMENTO,https://www.tesourotransparente.gov.br/publicacoes/relatorio-mensal-da-divida-rmd/2026/5,https://cdn.tesouro.gov.br/sistemas-internos/apex/producao/sistemas/thot/arquivos/publicacoes/54943_1730238/anexos/28577_919203/Anexo%20RMD_Maio_26.zip
2021-05-31,Não-residentes,nao_residentes,29.286497222,2.244651668,2.244605565,2.244651668,1304.723473911,1304.723473911,OK_ARREDONDAMENTO,https://www.tesourotransparente.gov.br/publicacoes/relatorio-mensal-da-divida-rmd/2026/5,https://cdn.tesouro.gov.br/sistemas-internos/apex/producao/sistemas/thot/arquivos/publicacoes/54943_1730238/anexos/28577_919203/Anexo%20RMD_Maio_26.zip
2021-05-31,Previdência,previdencia,626.110253479,47.987965726,47.9869801,47.987965726,1304.723473911,1304.723473911,OK_ARREDONDAMENTO,https://www.tesourotransparente.gov.br/publicacoes/relatorio-mensal-da-divida-rmd/2026/5,https://cdn.tesouro.gov.br/sistemas-internos/apex/producao/sistemas/thot/arquivos/publicacoes/54943_1730238/anexos/28577_919203/Anexo%20RMD_Maio_26.zip
2021-05-31,Governo,governo,84.467155148,6.473950752,6.473817783,6.473950752,1304.723473911,1304.723473911,OK_ARREDONDAMENTO,https://www.tesourotransparente.gov.br/publicacoes/relatorio-mensal-da-divida-rmd/2026/5,https://cdn.tesouro.gov.br/sistemas-internos/apex/producao/sistemas/thot/arquivos/publicacoes/54943_1730238/anexos/28577_919203/Anexo%20RMD_Maio_26.zip
2021-05-31,Seguradoras,seguradoras,81.34650868,6.234770073,6.234642016,6.234770073,1304.723473911,1304.723473911,OK_ARREDONDAMENTO,https://www.tesourotransparente.gov.br/publicacoes/relatorio-mensal-da-divida-rmd/2026/5,https://cdn.tesouro.gov.br/sistemas-internos/apex/producao/sistemas/thot/arquivos/publicacoes/54943_1730238/anexos/28577_919203/Anexo%20RMD_Maio_26.zip
2021-05-31,Outros,outros,71.342015565,5.467979767,5.467979767,5.467979767,1304.723473911,1304.723473911,OK_ARREDONDAMENTO,https://www.tesourotransparente.gov.br/publicacoes/relatorio-mensal-da-divida-rmd/2026/5,https://cdn.tesouro.gov.br/sistemas-internos/apex/producao/sistemas/thot/arquivos/publicacoes/54943_1730238/anexos/28577_919203/Anexo%20RMD_Maio_26.zip
2021-06-30,Instituições Financeiras,instituicoes_financeiras,108.213587802,7.979802624,7.979648641,7.979802624,1356.093538992,1356.093538992,OK_ARREDONDAMENTO,https://www.tesourotransparente.gov.br/publicacoes/relatorio-mensal-da-divida-rmd/2026/5,https://cdn.tesouro.gov.br/sistemas-internos/apex/producao/sistemas/thot/arquivos/publicacoes/54943_1730238/anexos/28577_919203/Anexo%20RMD_Maio_26.zip
2021-06-30,Fundos,fundos,333.616197105,24.601267355,24.600792635,24.601267355,1356.093538992,1356.093538992,OK_ARREDONDAMENTO,https://www.tesourotransparente.gov.br/publicacoes/relatorio-mensal-da-divida-rmd/2026/5,https://cdn.tesouro.gov.br/sistemas-internos/apex/producao/sistemas/thot/arquivos/publicacoes/54943_1730238/anexos/28577_919203/Anexo%20RMD_Maio_26.zip
2021-06-30,Não-residentes,nao_residentes,32.96940706,2.431204494,2.43115758,2.431204494,1356.093538992,1356.093538992,OK_ARREDONDAMENTO,https://www.tesourotransparente.gov.br/publicacoes/relatorio-mensal-da-divida-rmd/2026/5,https://cdn.tesouro.gov.br/sistemas-internos/apex/producao/sistemas/thot/arquivos/publicacoes/54943_1730238/anexos/28577_919203/Anexo%20RMD_Maio_26.zip
2021-06-30,Previdência,previdencia,642.04747854,47.345368153,47.344454552,47.345368153,1356.093538992,1356.093538992,OK_ARREDONDAMENTO,https://www.tesourotransparente.gov.br/publicacoes/relatorio-mensal-da-divida-rmd/2026/5,https://cdn.tesouro.gov.br/sistemas-internos/apex/producao/sistemas/thot/arquivos/publicacoes/54943_1730238/anexos/28577_919203/Anexo%20RMD_Maio_26.zip
2021-06-30,Governo,governo,84.027583335,6.196297005,6.196177437,6.196297005,1356.093538992,1356.093538992,OK_ARREDONDAMENTO,https://www.tesourotransparente.gov.br/publicacoes/relatorio-mensal-da-divida-rmd/2026/5,https://cdn.tesouro.gov.br/sistemas-internos/apex/producao/sistemas/thot/arquivos/publicacoes/54943_1730238/anexos/28577_919203/Anexo%20RMD_Maio_26.zip
2021-06-30,Seguradoras,seguradoras,81.694191498,6.02422983,6.024113583,6.02422983,1356.093538992,1356.093538992,OK_ARREDONDAMENTO,https://www.tesourotransparente.gov.br/publicacoes/relatorio-mensal-da-divida-rmd/2026/5,https://cdn.tesouro.gov.br/sistemas-internos/apex/producao/sistemas/thot/arquivos/publicacoes/54943_1730238/anexos/28577_919203/Anexo%20RMD_Maio_26.zip
2021-06-30,Outros,outros,73.525093651,5.42183054,5.42183054,5.42183054,1356.093538992,1356.093538992,OK_ARREDONDAMENTO,https://www.tesourotransparente.gov.br/publicacoes/relatorio-mensal-da-divida-rmd/2026/5,https://cdn.tesouro.gov.br/sistemas-internos/apex/producao/sistemas/thot/arquivos/publicacoes/54943_1730238/anexos/28577_919203/Anexo%20RMD_Maio_26.zip
2021-07-31,Instituições Financeiras,instituicoes_financeiras,119.365846813,8.513613469,8.513443144,8.513613469,1402.058564771,1402.058564771,OK_ARREDONDAMENTO,https://www.tesourotransparente.gov.br/publicacoes/relatorio-mensal-da-divida-rmd/2026/5,https://cdn.tesouro.gov.br/sistemas-internos/apex/producao/sistemas/thot/arquivos/publicacoes/54943_1730238/anexos/28577_919203/Anexo%20RMD_Maio_26.zip
2021-07-31,Fundos,fundos,362.161193099,25.830675137,25.830158364,25.830675137,1402.058564771,1402.058564771,OK_ARREDONDAMENTO,https://www.tesourotransparente.gov.br/publicacoes/relatorio-mensal-da-divida-rmd/2026/5,https://cdn.tesouro.gov.br/sistemas-internos/apex/producao/sistemas/thot/arquivos/publicacoes/54943_1730238/anexos/28577_919203/Anexo%20RMD_Maio_26.zip
2021-07-31,Não-residentes,nao_residentes,33.31542892,2.376179552,2.376132013,2.376179552,1402.058564771,1402.058564771,OK_ARREDONDAMENTO,https://www.tesourotransparente.gov.br/publicacoes/relatorio-mensal-da-divida-rmd/2026/5,https://cdn.tesouro.gov.br/sistemas-internos/apex/producao/sistemas/thot/arquivos/publicacoes/54943_1730238/anexos/28577_919203/Anexo%20RMD_Maio_26.zip
2021-07-31,Previdência,previdencia,643.22481169,45.877171457,45.87625363,45.877171457,1402.058564771,1402.058564771,OK_ARREDONDAMENTO,https://www.tesourotransparente.gov.br/publicacoes/relatorio-mensal-da-divida-rmd/2026/5,https://cdn.tesouro.gov.br/sistemas-internos/apex/producao/sistemas/thot/arquivos/publicacoes/54943_1730238/anexos/28577_919203/Anexo%20RMD_Maio_26.zip
2021-07-31,Governo,governo,82.135775931,5.858227181,5.85810998,5.858227181,1402.058564771,1402.058564771,OK_ARREDONDAMENTO,https://www.tesourotransparente.gov.br/publicacoes/relatorio-mensal-da-divida-rmd/2026/5,https://cdn.tesouro.gov.br/sistemas-internos/apex/producao/sistemas/thot/arquivos/publicacoes/54943_1730238/anexos/28577_919203/Anexo%20RMD_Maio_26.zip
2021-07-31,Seguradoras,seguradoras,85.169651897,6.07461443,6.0744929,6.07461443,1402.058564771,1402.058564771,OK_ARREDONDAMENTO,https://www.tesourotransparente.gov.br/publicacoes/relatorio-mensal-da-divida-rmd/2026/5,https://cdn.tesouro.gov.br/sistemas-internos/apex/producao/sistemas/thot/arquivos/publicacoes/54943_1730238/anexos/28577_919203/Anexo%20RMD_Maio_26.zip
2021-07-31,Outros,outros,76.685856421,5.469518774,5.469518774,5.469518774,1402.058564771,1402.058564771,OK_ARREDONDAMENTO,https://www.tesourotransparente.gov.br/publicacoes/relatorio-mensal-da-divida-rmd/2026/5,https://cdn.tesouro.gov.br/sistemas-internos/apex/producao/sistemas/thot/arquivos/publicacoes/54943_1730238/anexos/28577_919203/Anexo%20RMD_Maio_26.zip
2021-08-31,Instituições Financeiras,instituicoes_financeiras,124.636943113,8.831493217,8.831325778,8.831493217,1411.27825211,1411.27825211,OK_ARREDONDAMENTO,https://www.tesourotransparente.gov.br/publicacoes/relatorio-mensal-da-divida-rmd/2026/5,https://cdn.tesouro.gov.br/sistemas-internos/apex/producao/sistemas/thot/arquivos/publicacoes/54943_1730238/anexos/28577_919203/Anexo%20RMD_Maio_26.zip
2021-08-31,Fundos,fundos,360.620712522,25.552771892,25.552287428,25.552771892,1411.27825211,1411.27825211,OK_ARREDONDAMENTO,https://www.tesourotransparente.gov.br/publicacoes/relatorio-mensal-da-divida-rmd/2026/5,https://cdn.tesouro.gov.br/sistemas-internos/apex/producao/sistemas/thot/arquivos/publicacoes/54943_1730238/anexos/28577_919203/Anexo%20RMD_Maio_26.zip
2021-08-31,Não-residentes,nao_residentes,36.046317061,2.554160883,2.554112457,2.554160883,1411.27825211,1411.27825211,OK_ARREDONDAMENTO,https://www.tesourotransparente.gov.br/publicacoes/relatorio-mensal-da-divida-rmd/2026/5,https://cdn.tesouro.gov.br/sistemas-internos/apex/producao/sistemas/thot/arquivos/publicacoes/54943_1730238/anexos/28577_919203/Anexo%20RMD_Maio_26.zip
2021-08-31,Previdência,previdencia,641.078456158,45.425376264,45.424515029,45.425376264,1411.27825211,1411.27825211,OK_ARREDONDAMENTO,https://www.tesourotransparente.gov.br/publicacoes/relatorio-mensal-da-divida-rmd/2026/5,https://cdn.tesouro.gov.br/sistemas-internos/apex/producao/sistemas/thot/arquivos/publicacoes/54943_1730238/anexos/28577_919203/Anexo%20RMD_Maio_26.zip
2021-08-31,Governo,governo,81.924160174,5.80496157,5.804851511,5.80496157,1411.27825211,1411.27825211,OK_ARREDONDAMENTO,https://www.tesourotransparente.gov.br/publicacoes/relatorio-mensal-da-divida-rmd/2026/5,https://cdn.tesouro.gov.br/sistemas-internos/apex/producao/sistemas/thot/arquivos/publicacoes/54943_1730238/anexos/28577_919203/Anexo%20RMD_Maio_26.zip
2021-08-31,Seguradoras,seguradoras,87.433509174,6.195341638,6.195224178,6.195341638,1411.27825211,1411.27825211,OK_ARREDONDAMENTO,https://www.tesourotransparente.gov.br/publicacoes/relatorio-mensal-da-divida-rmd/2026/5,https://cdn.tesouro.gov.br/sistemas-internos/apex/producao/sistemas/thot/arquivos/publicacoes/54943_1730238/anexos/28577_919203/Anexo%20RMD_Maio_26.zip
2021-08-31,Outros,outros,79.538153907,5.635894537,5.635894537,5.635894537,1411.27825211,1411.27825211,OK_ARREDONDAMENTO,https://www.tesourotransparente.gov.br/publicacoes/relatorio-mensal-da-divida-rmd/2026/5,https://cdn.tesouro.gov.br/sistemas-internos/apex/producao/sistemas/thot/arquivos/publicacoes/54943_1730238/anexos/28577_919203/Anexo%20RMD_Maio_26.zip
2021-09-30,Instituições Financeiras,instituicoes_financeiras,152.759493062,10.448306593,10.448102806,10.448306593,1462.050253881,1462.050253881,OK_ARREDONDAMENTO,https://www.tesourotransparente.gov.br/publicacoes/relatorio-mensal-da-divida-rmd/2026/5,https://cdn.tesouro.gov.br/sistemas-internos/apex/producao/sistemas/thot/arquivos/publicacoes/54943_1730238/anexos/28577_919203/Anexo%20RMD_Maio_26.zip
2021-09-30,Fundos,fundos,360.994589121,24.690983649,24.690502068,24.690983649,1462.050253881,1462.050253881,OK_ARREDONDAMENTO,https://www.tesourotransparente.gov.br/publicacoes/relatorio-mensal-da-divida-rmd/2026/5,https://cdn.tesouro.gov.br/sistemas-internos/apex/producao/sistemas/thot/arquivos/publicacoes/54943_1730238/anexos/28577_919203/Anexo%20RMD_Maio_26.zip
2021-09-30,Não-residentes,nao_residentes,43.252954849,2.958376754,2.958319053,2.958376754,1462.050253881,1462.050253881,OK_ARREDONDAMENTO,https://www.tesourotransparente.gov.br/publicacoes/relatorio-mensal-da-divida-rmd/2026/5,https://cdn.tesouro.gov.br/sistemas-internos/apex/producao/sistemas/thot/arquivos/publicacoes/54943_1730238/anexos/28577_919203/Anexo%20RMD_Maio_26.zip
2021-09-30,Previdência,previdencia,646.593435127,44.225116983,44.224254403,44.225116983,1462.050253881,1462.050253881,OK_ARREDONDAMENTO,https://www.tesourotransparente.gov.br/publicacoes/relatorio-mensal-da-divida-rmd/2026/5,https://cdn.tesouro.gov.br/sistemas-internos/apex/producao/sistemas/thot/arquivos/publicacoes/54943_1730238/anexos/28577_919203/Anexo%20RMD_Maio_26.zip
2021-09-30,Governo,governo,83.636733634,5.720510182,5.720398607,5.720510182,1462.050253881,1462.050253881,OK_ARREDONDAMENTO,https://www.tesourotransparente.gov.br/publicacoes/relatorio-mensal-da-divida-rmd/2026/5,https://cdn.tesouro.gov.br/sistemas-internos/apex/producao/sistemas/thot/arquivos/publicacoes/54943_1730238/anexos/28577_919203/Anexo%20RMD_Maio_26.zip
2021-09-30,Seguradoras,seguradoras,89.477301206,6.119988076,6.11986871,6.119988076,1462.050253881,1462.050253881,OK_ARREDONDAMENTO,https://www.tesourotransparente.gov.br/publicacoes/relatorio-mensal-da-divida-rmd/2026/5,https://cdn.tesouro.gov.br/sistemas-internos/apex/producao/sistemas/thot/arquivos/publicacoes/54943_1730238/anexos/28577_919203/Anexo%20RMD_Maio_26.zip
2021-09-30,Outros,outros,85.335746881,5.836717764,5.836717764,5.836717764,1462.050253881,1462.050253881,OK_ARREDONDAMENTO,https://www.tesourotransparente.gov.br/publicacoes/relatorio-mensal-da-divida-rmd/2026/5,https://cdn.tesouro.gov.br/sistemas-internos/apex/producao/sistemas/thot/arquivos/publicacoes/54943_1730238/anexos/28577_919203/Anexo%20RMD_Maio_26.zip
2021-10-31,Instituições Financeiras,instituicoes_financeiras,156.734593038,10.452543194,10.452543194,10.452543194,1499.487637928,1499.487637928,OK_EXATO,https://www.tesourotransparente.gov.br/publicacoes/relatorio-mensal-da-divida-rmd/2026/5,https://cdn.tesouro.gov.br/sistemas-internos/apex/producao/sistemas/thot/arquivos/publicacoes/54943_1730238/anexos/28577_919203/Anexo%20RMD_Maio_26.zip
2021-10-31,Fundos,fundos,355.500703801,23.708145023,23.708145023,23.708145023,1499.487637928,1499.487637928,OK_EXATO,https://www.tesourotransparente.gov.br/publicacoes/relatorio-mensal-da-divida-rmd/2026/5,https://cdn.tesouro.gov.br/sistemas-internos/apex/producao/sistemas/thot/arquivos/publicacoes/54943_1730238/anexos/28577_919203/Anexo%20RMD_Maio_26.zip
2021-10-31,Não-residentes,nao_residentes,46.744905948,3.117391885,3.117391885,3.117391885,1499.487637928,1499.487637928,OK_EXATO,https://www.tesourotransparente.gov.br/publicacoes/relatorio-mensal-da-divida-rmd/2026/5,https://cdn.tesouro.gov.br/sistemas-internos/apex/producao/sistemas/thot/arquivos/publicacoes/54943_1730238/anexos/28577_919203/Anexo%20RMD_Maio_26.zip
2021-10-31,Previdência,previdencia,671.17312059,44.760163646,44.760163646,44.760163646,1499.487637928,1499.487637928,OK_EXATO,https://www.tesourotransparente.gov.br/publicacoes/relatorio-mensal-da-divida-rmd/2026/5,https://cdn.tesouro.gov.br/sistemas-internos/apex/producao/sistemas/thot/arquivos/publicacoes/54943_1730238/anexos/28577_919203/Anexo%20RMD_Maio_26.zip
2021-10-31,Governo,governo,87.001587464,5.802087677,5.802087677,5.802087677,1499.487637928,1499.487637928,OK_EXATO,https://www.tesourotransparente.gov.br/publicacoes/relatorio-mensal-da-divida-rmd/2026/5,https://cdn.tesouro.gov.br/sistemas-internos/apex/producao/sistemas/thot/arquivos/publicacoes/54943_1730238/anexos/28577_919203/Anexo%20RMD_Maio_26.zip
2021-10-31,Seguradoras,seguradoras,90.694243843,6.048348886,6.048348886,6.048348886,1499.487637928,1499.487637928,OK_EXATO,https://www.tesourotransparente.gov.br/publicacoes/relatorio-mensal-da-divida-rmd/2026/5,https://cdn.tesouro.gov.br/sistemas-internos/apex/producao/sistemas/thot/arquivos/publicacoes/54943_1730238/anexos/28577_919203/Anexo%20RMD_Maio_26.zip
2021-10-31,Outros,outros,91.638483244,6.111319689,6.111319689,6.111319689,1499.487637928,1499.487637928,OK_EXATO,https://www.tesourotransparente.gov.br/publicacoes/relatorio-mensal-da-divida-rmd/2026/5,https://cdn.tesouro.gov.br/sistemas-internos/apex/producao/sistemas/thot/arquivos/publicacoes/54943_1730238/anexos/28577_919203/Anexo%20RMD_Maio_26.zip
2021-11-30,Instituições Financeiras,instituicoes_financeiras,160.155472983,10.515025137,10.514840574,10.515025137,1523.110700172,1523.110700172,OK_ARREDONDAMENTO,https://www.tesourotransparente.gov.br/publicacoes/relatorio-mensal-da-divida-rmd/2026/5,https://cdn.tesouro.gov.br/sistemas-internos/apex/producao/sistemas/thot/arquivos/publicacoes/54943_1730238/anexos/28577_919203/Anexo%20RMD_Maio_26.zip
2021-11-30,Fundos,fundos,362.026969171,23.76892035,23.768503152,23.76892035,1523.110700172,1523.110700172,OK_ARREDONDAMENTO,https://www.tesourotransparente.gov.br/publicacoes/relatorio-mensal-da-divida-rmd/2026/5,https://cdn.tesouro.gov.br/sistemas-internos/apex/producao/sistemas/thot/arquivos/publicacoes/54943_1730238/anexos/28577_919203/Anexo%20RMD_Maio_26.zip
2021-11-30,Não-residentes,nao_residentes,49.645785048,3.25949946,3.259442248,3.25949946,1523.110700172,1523.110700172,OK_ARREDONDAMENTO,https://www.tesourotransparente.gov.br/publicacoes/relatorio-mensal-da-divida-rmd/2026/5,https://cdn.tesouro.gov.br/sistemas-internos/apex/producao/sistemas/thot/arquivos/publicacoes/54943_1730238/anexos/28577_919203/Anexo%20RMD_Maio_26.zip
2021-11-30,Previdência,previdencia,673.403141797,44.212357101,44.211581074,44.212357101,1523.110700172,1523.110700172,OK_ARREDONDAMENTO,https://www.tesourotransparente.gov.br/publicacoes/relatorio-mensal-da-divida-rmd/2026/5,https://cdn.tesouro.gov.br/sistemas-internos/apex/producao/sistemas/thot/arquivos/publicacoes/54943_1730238/anexos/28577_919203/Anexo%20RMD_Maio_26.zip
2021-11-30,Governo,governo,92.073783875,6.045114374,6.045008269,6.045114374,1523.110700172,1523.110700172,OK_ARREDONDAMENTO,https://www.tesourotransparente.gov.br/publicacoes/relatorio-mensal-da-divida-rmd/2026/5,https://cdn.tesouro.gov.br/sistemas-internos/apex/producao/sistemas/thot/arquivos/publicacoes/54943_1730238/anexos/28577_919203/Anexo%20RMD_Maio_26.zip
2021-11-30,Seguradoras,seguradoras,90.911303385,5.96879159,5.968686825,5.96879159,1523.110700172,1523.110700172,OK_ARREDONDAMENTO,https://www.tesourotransparente.gov.br/publicacoes/relatorio-mensal-da-divida-rmd/2026/5,https://cdn.tesouro.gov.br/sistemas-internos/apex/producao/sistemas/thot/arquivos/publicacoes/54943_1730238/anexos/28577_919203/Anexo%20RMD_Maio_26.zip
2021-11-30,Outros,outros,94.894243913,6.230291987,6.230291987,6.230291987,1523.110700172,1523.110700172,OK_ARREDONDAMENTO,https://www.tesourotransparente.gov.br/publicacoes/relatorio-mensal-da-divida-rmd/2026/5,https://cdn.tesouro.gov.br/sistemas-internos/apex/producao/sistemas/thot/arquivos/publicacoes/54943_1730238/anexos/28577_919203/Anexo%20RMD_Maio_26.zip
2021-12-31,Instituições Financeiras,instituicoes_financeiras,171.15429789,11.008214072,11.008027936,11.008214072,1554.787150558,1554.787150558,OK_ARREDONDAMENTO,https://www.tesourotransparente.gov.br/publicacoes/relatorio-mensal-da-divida-rmd/2026/5,https://cdn.tesouro.gov.br/sistemas-internos/apex/producao/sistemas/thot/arquivos/publicacoes/54943_1730238/anexos/28577_919203/Anexo%20RMD_Maio_26.zip
2021-12-31,Fundos,fundos,366.322115234,23.560917332,23.560518945,23.560917332,1554.787150558,1554.787150558,OK_ARREDONDAMENTO,https://www.tesourotransparente.gov.br/publicacoes/relatorio-mensal-da-divida-rmd/2026/5,https://cdn.tesouro.gov.br/sistemas-internos/apex/producao/sistemas/thot/arquivos/publicacoes/54943_1730238/anexos/28577_919203/Anexo%20RMD_Maio_26.zip
2021-12-31,Não-residentes,nao_residentes,50.84644535,3.270315511,3.270260214,3.270315511,1554.787150558,1554.787150558,OK_ARREDONDAMENTO,https://www.tesourotransparente.gov.br/publicacoes/relatorio-mensal-da-divida-rmd/2026/5,https://cdn.tesouro.gov.br/sistemas-internos/apex/producao/sistemas/thot/arquivos/publicacoes/54943_1730238/anexos/28577_919203/Anexo%20RMD_Maio_26.zip
2021-12-31,Previdência,previdencia,677.81456134,43.595328216,43.59459107,43.595328216,1554.787150558,1554.787150558,OK_ARREDONDAMENTO,https://www.tesourotransparente.gov.br/publicacoes/relatorio-mensal-da-divida-rmd/2026/5,https://cdn.tesouro.gov.br/sistemas-internos/apex/producao/sistemas/thot/arquivos/publicacoes/54943_1730238/anexos/28577_919203/Anexo%20RMD_Maio_26.zip
2021-12-31,Governo,governo,95.89220206,6.167545315,6.167441029,6.167545315,1554.787150558,1554.787150558,OK_ARREDONDAMENTO,https://www.tesourotransparente.gov.br/publicacoes/relatorio-mensal-da-divida-rmd/2026/5,https://cdn.tesouro.gov.br/sistemas-internos/apex/producao/sistemas/thot/arquivos/publicacoes/54943_1730238/anexos/28577_919203/Anexo%20RMD_Maio_26.zip
2021-12-31,Seguradoras,seguradoras,93.738608264,6.029031577,6.028929633,6.029031577,1554.787150558,1554.787150558,OK_ARREDONDAMENTO,https://www.tesourotransparente.gov.br/publicacoes/relatorio-mensal-da-divida-rmd/2026/5,https://cdn.tesouro.gov.br/sistemas-internos/apex/producao/sistemas/thot/arquivos/publicacoes/54943_1730238/anexos/28577_919203/Anexo%20RMD_Maio_26.zip
2021-12-31,Outros,outros,99.018920421,6.368647978,6.368647978,6.368647978,1554.787150558,1554.787150558,OK_ARREDONDAMENTO,https://www.tesourotransparente.gov.br/publicacoes/relatorio-mensal-da-divida-rmd/2026/5,https://cdn.tesouro.gov.br/sistemas-internos/apex/producao/sistemas/thot/arquivos/publicacoes/54943_1730238/anexos/28577_919203/Anexo%20RMD_Maio_26.zip
2022-01-31,Instituições Financeiras,instituicoes_financeiras,195.311385748,12.249886568,12.249670088,12.249886568,1594.393422869,1594.393422869,OK_ARREDONDAMENTO,https://www.tesourotransparente.gov.br/publicacoes/relatorio-mensal-da-divida-rmd/2026/5,https://cdn.tesouro.gov.br/sistemas-internos/apex/producao/sistemas/thot/arquivos/publicacoes/54943_1730238/anexos/28577_919203/Anexo%20RMD_Maio_26.zip
2022-01-31,Fundos,fundos,369.99978902,23.206304273,23.205894171,23.206304273,1594.393422869,1594.393422869,OK_ARREDONDAMENTO,https://www.tesourotransparente.gov.br/publicacoes/relatorio-mensal-da-divida-rmd/2026/5,https://cdn.tesouro.gov.br/sistemas-internos/apex/producao/sistemas/thot/arquivos/publicacoes/54943_1730238/anexos/28577_919203/Anexo%20RMD_Maio_26.zip
2022-01-31,Não-residentes,nao_residentes,54.443047116,3.414655777,3.414595433,3.414655777,1594.393422869,1594.393422869,OK_ARREDONDAMENTO,https://www.tesourotransparente.gov.br/publicacoes/relatorio-mensal-da-divida-rmd/2026/5,https://cdn.tesouro.gov.br/sistemas-internos/apex/producao/sistemas/thot/arquivos/publicacoes/54943_1730238/anexos/28577_919203/Anexo%20RMD_Maio_26.zip
2022-01-31,Previdência,previdencia,674.374134377,42.296595351,42.295847886,42.296595351,1594.393422869,1594.393422869,OK_ARREDONDAMENTO,https://www.tesourotransparente.gov.br/publicacoes/relatorio-mensal-da-divida-rmd/2026/5,https://cdn.tesouro.gov.br/sistemas-internos/apex/producao/sistemas/thot/arquivos/publicacoes/54943_1730238/anexos/28577_919203/Anexo%20RMD_Maio_26.zip
2022-01-31,Governo,governo,101.173037161,6.345550333,6.345438195,6.345550333,1594.393422869,1594.393422869,OK_ARREDONDAMENTO,https://www.tesourotransparente.gov.br/publicacoes/relatorio-mensal-da-divida-rmd/2026/5,https://cdn.tesouro.gov.br/sistemas-internos/apex/producao/sistemas/thot/arquivos/publicacoes/54943_1730238/anexos/28577_919203/Anexo%20RMD_Maio_26.zip
2022-01-31,Seguradoras,seguradoras,95.985838275,6.020210376,6.020103987,6.020210376,1594.393422869,1594.393422869,OK_ARREDONDAMENTO,https://www.tesourotransparente.gov.br/publicacoes/relatorio-mensal-da-divida-rmd/2026/5,https://cdn.tesouro.gov.br/sistemas-internos/apex/producao/sistemas/thot/arquivos/publicacoes/54943_1730238/anexos/28577_919203/Anexo%20RMD_Maio_26.zip
2022-01-31,Outros,outros,103.106191172,6.466797322,6.466797322,6.466797322,1594.393422869,1594.393422869,OK_ARREDONDAMENTO,https://www.tesourotransparente.gov.br/publicacoes/relatorio-mensal-da-divida-rmd/2026/5,https://cdn.tesouro.gov.br/sistemas-internos/apex/producao/sistemas/thot/arquivos/publicacoes/54943_1730238/anexos/28577_919203/Anexo%20RMD_Maio_26.zip
2022-02-28,Instituições Financeiras,instituicoes_financeiras,201.167273905,12.541946924,12.541737856,12.541946924,1603.955710583,1603.955710583,OK_ARREDONDAMENTO,https://www.tesourotransparente.gov.br/publicacoes/relatorio-mensal-da-divida-rmd/2026/5,https://cdn.tesouro.gov.br/sistemas-internos/apex/producao/sistemas/thot/arquivos/publicacoes/54943_1730238/anexos/28577_919203/Anexo%20RMD_Maio_26.zip
2022-02-28,Fundos,fundos,367.89869925,22.936961215,22.936578868,22.936961215,1603.955710583,1603.955710583,OK_ARREDONDAMENTO,https://www.tesourotransparente.gov.br/publicacoes/relatorio-mensal-da-divida-rmd/2026/5,https://cdn.tesouro.gov.br/sistemas-internos/apex/producao/sistemas/thot/arquivos/publicacoes/54943_1730238/anexos/28577_919203/Anexo%20RMD_Maio_26.zip
2022-02-28,Não-residentes,nao_residentes,52.790346185,3.291259593,3.291204729,3.291259593,1603.955710583,1603.955710583,OK_ARREDONDAMENTO,https://www.tesourotransparente.gov.br/publicacoes/relatorio-mensal-da-divida-rmd/2026/5,https://cdn.tesouro.gov.br/sistemas-internos/apex/producao/sistemas/thot/arquivos/publicacoes/54943_1730238/anexos/28577_919203/Anexo%20RMD_Maio_26.zip
2022-02-28,Previdência,previdencia,677.599336532,42.245514141,42.24480993,42.245514141,1603.955710583,1603.955710583,OK_ARREDONDAMENTO,https://www.tesourotransparente.gov.br/publicacoes/relatorio-mensal-da-divida-rmd/2026/5,https://cdn.tesouro.gov.br/sistemas-internos/apex/producao/sistemas/thot/arquivos/publicacoes/54943_1730238/anexos/28577_919203/Anexo%20RMD_Maio_26.zip
2022-02-28,Governo,governo,100.704945991,6.278536578,6.278431918,6.278536578,1603.955710583,1603.955710583,OK_ARREDONDAMENTO,https://www.tesourotransparente.gov.br/publicacoes/relatorio-mensal-da-divida-rmd/2026/5,https://cdn.tesouro.gov.br/sistemas-internos/apex/producao/sistemas/thot/arquivos/publicacoes/54943_1730238/anexos/28577_919203/Anexo%20RMD_Maio_26.zip
2022-02-28,Seguradoras,seguradoras,96.684229886,6.02786157,6.027761089,6.02786157,1603.955710583,1603.955710583,OK_ARREDONDAMENTO,https://www.tesourotransparente.gov.br/publicacoes/relatorio-mensal-da-divida-rmd/2026/5,https://cdn.tesouro.gov.br/sistemas-internos/apex/producao/sistemas/thot/arquivos/publicacoes/54943_1730238/anexos/28577_919203/Anexo%20RMD_Maio_26.zip
2022-02-28,Outros,outros,107.110878834,6.677919978,6.677919978,6.677919978,1603.955710583,1603.955710583,OK_ARREDONDAMENTO,https://www.tesourotransparente.gov.br/publicacoes/relatorio-mensal-da-divida-rmd/2026/5,https://cdn.tesouro.gov.br/sistemas-internos/apex/producao/sistemas/thot/arquivos/publicacoes/54943_1730238/anexos/28577_919203/Anexo%20RMD_Maio_26.zip
2022-03-31,Instituições Financeiras,instituicoes_financeiras,220.196227996,13.353451693,13.353217456,13.353451693,1648.983596563,1648.983596563,OK_ARREDONDAMENTO,https://www.tesourotransparente.gov.br/publicacoes/relatorio-mensal-da-divida-rmd/2026/5,https://cdn.tesouro.gov.br/sistemas-internos/apex/producao/sistemas/thot/arquivos/publicacoes/54943_1730238/anexos/28577_919203/Anexo%20RMD_Maio_26.zip
2022-03-31,Fundos,fundos,350.16004644,21.23490174,21.234529251,21.23490174,1648.983596563,1648.983596563,OK_ARREDONDAMENTO,https://www.tesourotransparente.gov.br/publicacoes/relatorio-mensal-da-divida-rmd/2026/5,https://cdn.tesouro.gov.br/sistemas-internos/apex/producao/sistemas/thot/arquivos/publicacoes/54943_1730238/anexos/28577_919203/Anexo%20RMD_Maio_26.zip
2022-03-31,Não-residentes,nao_residentes,58.780249274,3.564635173,3.564572644,3.564635173,1648.983596563,1648.983596563,OK_ARREDONDAMENTO,https://www.tesourotransparente.gov.br/publicacoes/relatorio-mensal-da-divida-rmd/2026/5,https://cdn.tesouro.gov.br/sistemas-internos/apex/producao/sistemas/thot/arquivos/publicacoes/54943_1730238/anexos/28577_919203/Anexo%20RMD_Maio_26.zip
2022-03-31,Previdência,previdencia,704.445403049,42.719976385,42.719227019,42.719976385,1648.983596563,1648.983596563,OK_ARREDONDAMENTO,https://www.tesourotransparente.gov.br/publicacoes/relatorio-mensal-da-divida-rmd/2026/5,https://cdn.tesouro.gov.br/sistemas-internos/apex/producao/sistemas/thot/arquivos/publicacoes/54943_1730238/anexos/28577_919203/Anexo%20RMD_Maio_26.zip
2022-03-31,Governo,governo,102.474812936,6.214422821,6.214313811,6.214422821,1648.983596563,1648.983596563,OK_ARREDONDAMENTO,https://www.tesourotransparente.gov.br/publicacoes/relatorio-mensal-da-divida-rmd/2026/5,https://cdn.tesouro.gov.br/sistemas-internos/apex/producao/sistemas/thot/arquivos/publicacoes/54943_1730238/anexos/28577_919203/Anexo%20RMD_Maio_26.zip
2022-03-31,Seguradoras,seguradoras,99.108133419,6.010255871,6.010150443,6.010255871,1648.983596563,1648.983596563,OK_ARREDONDAMENTO,https://www.tesourotransparente.gov.br/publicacoes/relatorio-mensal-da-divida-rmd/2026/5,https://cdn.tesouro.gov.br/sistemas-internos/apex/producao/sistemas/thot/arquivos/publicacoes/54943_1730238/anexos/28577_919203/Anexo%20RMD_Maio_26.zip
2022-03-31,Outros,outros,113.818723449,6.902356317,6.902356317,6.902356317,1648.983596563,1648.983596563,OK_ARREDONDAMENTO,https://www.tesourotransparente.gov.br/publicacoes/relatorio-mensal-da-divida-rmd/2026/5,https://cdn.tesouro.gov.br/sistemas-internos/apex/producao/sistemas/thot/arquivos/publicacoes/54943_1730238/anexos/28577_919203/Anexo%20RMD_Maio_26.zip
2022-04-30,Instituições Financeiras,instituicoes_financeiras,228.852860039,13.489299904,13.48905414,13.489299904,1696.551056573,1696.551056573,OK_ARREDONDAMENTO,https://www.tesourotransparente.gov.br/publicacoes/relatorio-mensal-da-divida-rmd/2026/5,https://cdn.tesouro.gov.br/sistemas-internos/apex/producao/sistemas/thot/arquivos/publicacoes/54943_1730238/anexos/28577_919203/Anexo%20RMD_Maio_26.zip
2022-04-30,Fundos,fundos,344.045775694,20.279128905,20.278759435,20.279128905,1696.551056573,1696.551056573,OK_ARREDONDAMENTO,https://www.tesourotransparente.gov.br/publicacoes/relatorio-mensal-da-divida-rmd/2026/5,https://cdn.tesouro.gov.br/sistemas-internos/apex/producao/sistemas/thot/arquivos/publicacoes/54943_1730238/anexos/28577_919203/Anexo%20RMD_Maio_26.zip
2022-04-30,Não-residentes,nao_residentes,63.524859157,3.744352928,3.744284709,3.744352928,1696.551056573,1696.551056573,OK_ARREDONDAMENTO,https://www.tesourotransparente.gov.br/publicacoes/relatorio-mensal-da-divida-rmd/2026/5,https://cdn.tesouro.gov.br/sistemas-internos/apex/producao/sistemas/thot/arquivos/publicacoes/54943_1730238/anexos/28577_919203/Anexo%20RMD_Maio_26.zip
2022-04-30,Previdência,previdencia,735.526630939,43.354229045,43.353439167,43.354229045,1696.551056573,1696.551056573,OK_ARREDONDAMENTO,https://www.tesourotransparente.gov.br/publicacoes/relatorio-mensal-da-divida-rmd/2026/5,https://cdn.tesouro.gov.br/sistemas-internos/apex/producao/sistemas/thot/arquivos/publicacoes/54943_1730238/anexos/28577_919203/Anexo%20RMD_Maio_26.zip
2022-04-30,Governo,governo,104.225098096,6.143351695,6.143239768,6.143351695,1696.551056573,1696.551056573,OK_ARREDONDAMENTO,https://www.tesourotransparente.gov.br/publicacoes/relatorio-mensal-da-divida-rmd/2026/5,https://cdn.tesouro.gov.br/sistemas-internos/apex/producao/sistemas/thot/arquivos/publicacoes/54943_1730238/anexos/28577_919203/Anexo%20RMD_Maio_26.zip
2022-04-30,Seguradoras,seguradoras,101.14714719,5.961927688,5.961819067,5.961927688,1696.551056573,1696.551056573,OK_ARREDONDAMENTO,https://www.tesourotransparente.gov.br/publicacoes/relatorio-mensal-da-divida-rmd/2026/5,https://cdn.tesouro.gov.br/sistemas-internos/apex/producao/sistemas/thot/arquivos/publicacoes/54943_1730238/anexos/28577_919203/Anexo%20RMD_Maio_26.zip
2022-04-30,Outros,outros,119.228685459,7.027709835,7.027709835,7.027709835,1696.551056573,1696.551056573,OK_ARREDONDAMENTO,https://www.tesourotransparente.gov.br/publicacoes/relatorio-mensal-da-divida-rmd/2026/5,https://cdn.tesouro.gov.br/sistemas-internos/apex/producao/sistemas/thot/arquivos/publicacoes/54943_1730238/anexos/28577_919203/Anexo%20RMD_Maio_26.zip
2022-05-31,Instituições Financeiras,instituicoes_financeiras,237.320485966,13.808937541,13.808720511,13.808937541,1718.600618384,1718.600618384,OK_ARREDONDAMENTO,https://www.tesourotransparente.gov.br/publicacoes/relatorio-mensal-da-divida-rmd/2026/5,https://cdn.tesouro.gov.br/sistemas-internos/apex/producao/sistemas/thot/arquivos/publicacoes/54943_1730238/anexos/28577_919203/Anexo%20RMD_Maio_26.zip
2022-05-31,Fundos,fundos,335.854625726,19.542331251,19.542024112,19.542331251,1718.600618384,1718.600618384,OK_ARREDONDAMENTO,https://www.tesourotransparente.gov.br/publicacoes/relatorio-mensal-da-divida-rmd/2026/5,https://cdn.tesouro.gov.br/sistemas-internos/apex/producao/sistemas/thot/arquivos/publicacoes/54943_1730238/anexos/28577_919203/Anexo%20RMD_Maio_26.zip
2022-05-31,Não-residentes,nao_residentes,63.525024739,3.696322698,3.696264604,3.696322698,1718.600618384,1718.600618384,OK_ARREDONDAMENTO,https://www.tesourotransparente.gov.br/publicacoes/relatorio-mensal-da-divida-rmd/2026/5,https://cdn.tesouro.gov.br/sistemas-internos/apex/producao/sistemas/thot/arquivos/publicacoes/54943_1730238/anexos/28577_919203/Anexo%20RMD_Maio_26.zip
2022-05-31,Previdência,previdencia,749.902058585,43.634457626,43.63377184,43.634457626,1718.600618384,1718.600618384,OK_ARREDONDAMENTO,https://www.tesourotransparente.gov.br/publicacoes/relatorio-mensal-da-divida-rmd/2026/5,https://cdn.tesouro.gov.br/sistemas-internos/apex/producao/sistemas/thot/arquivos/publicacoes/54943_1730238/anexos/28577_919203/Anexo%20RMD_Maio_26.zip
2022-05-31,Governo,governo,104.922121374,6.1050904,6.104994449,6.1050904,1718.600618384,1718.600618384,OK_ARREDONDAMENTO,https://www.tesourotransparente.gov.br/publicacoes/relatorio-mensal-da-divida-rmd/2026/5,https://cdn.tesouro.gov.br/sistemas-internos/apex/producao/sistemas/thot/arquivos/publicacoes/54943_1730238/anexos/28577_919203/Anexo%20RMD_Maio_26.zip
2022-05-31,Seguradoras,seguradoras,101.310985166,5.894969668,5.894877019,5.894969668,1718.600618384,1718.600618384,OK_ARREDONDAMENTO,https://www.tesourotransparente.gov.br/publicacoes/relatorio-mensal-da-divida-rmd/2026/5,https://cdn.tesouro.gov.br/sistemas-internos/apex/producao/sistemas/thot/arquivos/publicacoes/54943_1730238/anexos/28577_919203/Anexo%20RMD_Maio_26.zip
2022-05-31,Outros,outros,125.765316828,7.317890817,7.317890817,7.317890817,1718.600618384,1718.600618384,OK_ARREDONDAMENTO,https://www.tesourotransparente.gov.br/publicacoes/relatorio-mensal-da-divida-rmd/2026/5,https://cdn.tesouro.gov.br/sistemas-internos/apex/producao/sistemas/thot/arquivos/publicacoes/54943_1730238/anexos/28577_919203/Anexo%20RMD_Maio_26.zip
2022-06-30,Instituições Financeiras,instituicoes_financeiras,253.946023309,14.523629522,14.524055602,14.523629522,1748.502486439,1748.502486439,OK_ARREDONDAMENTO,https://www.tesourotransparente.gov.br/publicacoes/relatorio-mensal-da-divida-rmd/2026/5,https://cdn.tesouro.gov.br/sistemas-internos/apex/producao/sistemas/thot/arquivos/publicacoes/54943_1730238/anexos/28577_919203/Anexo%20RMD_Maio_26.zip
2022-06-30,Fundos,fundos,336.968017787,19.271806612,19.272371989,19.271806612,1748.502486439,1748.502486439,OK_ARREDONDAMENTO,https://www.tesourotransparente.gov.br/publicacoes/relatorio-mensal-da-divida-rmd/2026/5,https://cdn.tesouro.gov.br/sistemas-internos/apex/producao/sistemas/thot/arquivos/publicacoes/54943_1730238/anexos/28577_919203/Anexo%20RMD_Maio_26.zip
2022-06-30,Não-residentes,nao_residentes,66.464718988,3.801236744,3.801348261,3.801236744,1748.502486439,1748.502486439,OK_ARREDONDAMENTO,https://www.tesourotransparente.gov.br/publicacoes/relatorio-mensal-da-divida-rmd/2026/5,https://cdn.tesouro.gov.br/sistemas-internos/apex/producao/sistemas/thot/arquivos/publicacoes/54943_1730238/anexos/28577_919203/Anexo%20RMD_Maio_26.zip
2022-06-30,Previdência,previdencia,749.034023232,42.83860212,42.839858878,42.83860212,1748.502486439,1748.502486439,OK_ARREDONDAMENTO,https://www.tesourotransparente.gov.br/publicacoes/relatorio-mensal-da-divida-rmd/2026/5,https://cdn.tesouro.gov.br/sistemas-internos/apex/producao/sistemas/thot/arquivos/publicacoes/54943_1730238/anexos/28577_919203/Anexo%20RMD_Maio_26.zip
2022-06-30,Governo,governo,105.75360886,6.048238975,6.048416412,6.048238975,1748.502486439,1748.502486439,OK_ARREDONDAMENTO,https://www.tesourotransparente.gov.br/publicacoes/relatorio-mensal-da-divida-rmd/2026/5,https://cdn.tesouro.gov.br/sistemas-internos/apex/producao/sistemas/thot/arquivos/publicacoes/54943_1730238/anexos/28577_919203/Anexo%20RMD_Maio_26.zip
2022-06-30,Seguradoras,seguradoras,101.155054027,5.785239358,5.78540908,5.785239358,1748.502486439,1748.502486439,OK_ARREDONDAMENTO,https://www.tesourotransparente.gov.br/publicacoes/relatorio-mensal-da-divida-rmd/2026/5,https://cdn.tesouro.gov.br/sistemas-internos/apex/producao/sistemas/thot/arquivos/publicacoes/54943_1730238/anexos/28577_919203/Anexo%20RMD_Maio_26.zip
2022-06-30,Outros,outros,135.181040235,7.731246669,7.731246669,7.731246669,1748.502486439,1748.502486439,OK_ARREDONDAMENTO,https://www.tesourotransparente.gov.br/publicacoes/relatorio-mensal-da-divida-rmd/2026/5,https://cdn.tesouro.gov.br/sistemas-internos/apex/producao/sistemas/thot/arquivos/publicacoes/54943_1730238/anexos/28577_919203/Anexo%20RMD_Maio_26.zip
2022-07-31,Instituições Financeiras,instituicoes_financeiras,252.480660798,14.307759646,14.307491049,14.307759646,1764.641474644,1764.641474644,OK_ARREDONDAMENTO,https://www.tesourotransparente.gov.br/publicacoes/relatorio-mensal-da-divida-rmd/2026/5,https://cdn.tesouro.gov.br/sistemas-internos/apex/producao/sistemas/thot/arquivos/publicacoes/54943_1730238/anexos/28577_919203/Anexo%20RMD_Maio_26.zip
2022-07-31,Fundos,fundos,362.635848855,20.5501148,20.549729018,20.5501148,1764.641474644,1764.641474644,OK_ARREDONDAMENTO,https://www.tesourotransparente.gov.br/publicacoes/relatorio-mensal-da-divida-rmd/2026/5,https://cdn.tesouro.gov.br/sistemas-internos/apex/producao/sistemas/thot/arquivos/publicacoes/54943_1730238/anexos/28577_919203/Anexo%20RMD_Maio_26.zip
2022-07-31,Não-residentes,nao_residentes,67.646997396,3.833469765,3.8333978,3.833469765,1764.641474644,1764.641474644,OK_ARREDONDAMENTO,https://www.tesourotransparente.gov.br/publicacoes/relatorio-mensal-da-divida-rmd/2026/5,https://cdn.tesouro.gov.br/sistemas-internos/apex/producao/sistemas/thot/arquivos/publicacoes/54943_1730238/anexos/28577_919203/Anexo%20RMD_Maio_26.zip
2022-07-31,Previdência,previdencia,744.706710681,42.2015872,42.200794959,42.2015872,1764.641474644,1764.641474644,OK_ARREDONDAMENTO,https://www.tesourotransparente.gov.br/publicacoes/relatorio-mensal-da-divida-rmd/2026/5,https://cdn.tesouro.gov.br/sistemas-internos/apex/producao/sistemas/thot/arquivos/publicacoes/54943_1730238/anexos/28577_919203/Anexo%20RMD_Maio_26.zip
2022-07-31,Governo,governo,106.190221522,6.017665517,6.017552549,6.017665517,1764.641474644,1764.641474644,OK_ARREDONDAMENTO,https://www.tesourotransparente.gov.br/publicacoes/relatorio-mensal-da-divida-rmd/2026/5,https://cdn.tesouro.gov.br/sistemas-internos/apex/producao/sistemas/thot/arquivos/publicacoes/54943_1730238/anexos/28577_919203/Anexo%20RMD_Maio_26.zip
2022-07-31,Seguradoras,seguradoras,100.706811163,5.706927589,5.706820454,5.706927589,1764.641474644,1764.641474644,OK_ARREDONDAMENTO,https://www.tesourotransparente.gov.br/publicacoes/relatorio-mensal-da-divida-rmd/2026/5,https://cdn.tesouro.gov.br/sistemas-internos/apex/producao/sistemas/thot/arquivos/publicacoes/54943_1730238/anexos/28577_919203/Anexo%20RMD_Maio_26.zip
2022-07-31,Outros,outros,130.274224229,7.382475483,7.382475483,7.382475483,1764.641474644,1764.641474644,OK_ARREDONDAMENTO,https://www.tesourotransparente.gov.br/publicacoes/relatorio-mensal-da-divida-rmd/2026/5,https://cdn.tesouro.gov.br/sistemas-internos/apex/producao/sistemas/thot/arquivos/publicacoes/54943_1730238/anexos/28577_919203/Anexo%20RMD_Maio_26.zip
2022-08-31,Instituições Financeiras,instituicoes_financeiras,214.72711521,13.415430916,13.415167065,13.415430916,1600.597972307,1600.597972307,OK_ARREDONDAMENTO,https://www.tesourotransparente.gov.br/publicacoes/relatorio-mensal-da-divida-rmd/2026/5,https://cdn.tesouro.gov.br/sistemas-internos/apex/producao/sistemas/thot/arquivos/publicacoes/54943_1730238/anexos/28577_919203/Anexo%20RMD_Maio_26.zip
2022-08-31,Fundos,fundos,324.187248151,20.254133378,20.253735025,20.254133378,1600.597972307,1600.597972307,OK_ARREDONDAMENTO,https://www.tesourotransparente.gov.br/publicacoes/relatorio-mensal-da-divida-rmd/2026/5,https://cdn.tesouro.gov.br/sistemas-internos/apex/producao/sistemas/thot/arquivos/publicacoes/54943_1730238/anexos/28577_919203/Anexo%20RMD_Maio_26.zip
2022-08-31,Não-residentes,nao_residentes,51.770194904,3.23442837,3.234364756,3.23442837,1600.597972307,1600.597972307,OK_ARREDONDAMENTO,https://www.tesourotransparente.gov.br/publicacoes/relatorio-mensal-da-divida-rmd/2026/5,https://cdn.tesouro.gov.br/sistemas-internos/apex/producao/sistemas/thot/arquivos/publicacoes/54943_1730238/anexos/28577_919203/Anexo%20RMD_Maio_26.zip
2022-08-31,Previdência,previdencia,709.990744671,44.357843566,44.356971149,44.357843566,1600.597972307,1600.597972307,OK_ARREDONDAMENTO,https://www.tesourotransparente.gov.br/publicacoes/relatorio-mensal-da-divida-rmd/2026/5,https://cdn.tesouro.gov.br/sistemas-internos/apex/producao/sistemas/thot/arquivos/publicacoes/54943_1730238/anexos/28577_919203/Anexo%20RMD_Maio_26.zip
2022-08-31,Governo,governo,84.026413113,5.249688839,5.24958559,5.249688839,1600.597972307,1600.597972307,OK_ARREDONDAMENTO,https://www.tesourotransparente.gov.br/publicacoes/relatorio-mensal-da-divida-rmd/2026/5,https://cdn.tesouro.gov.br/sistemas-internos/apex/producao/sistemas/thot/arquivos/publicacoes/54943_1730238/anexos/28577_919203/Anexo%20RMD_Maio_26.zip
2022-08-31,Seguradoras,seguradoras,97.333282982,6.081057496,6.080937896,6.081057496,1600.597972307,1600.597972307,OK_ARREDONDAMENTO,https://www.tesourotransparente.gov.br/publicacoes/relatorio-mensal-da-divida-rmd/2026/5,https://cdn.tesouro.gov.br/sistemas-internos/apex/producao/sistemas/thot/arquivos/publicacoes/54943_1730238/anexos/28577_919203/Anexo%20RMD_Maio_26.zip
2022-08-31,Outros,outros,118.562973277,7.407417436,7.407417436,7.407417436,1600.597972307,1600.597972307,OK_ARREDONDAMENTO,https://www.tesourotransparente.gov.br/publicacoes/relatorio-mensal-da-divida-rmd/2026/5,https://cdn.tesouro.gov.br/sistemas-internos/apex/producao/sistemas/thot/arquivos/publicacoes/54943_1730238/anexos/28577_919203/Anexo%20RMD_Maio_26.zip
2022-09-30,Instituições Financeiras,instituicoes_financeiras,223.855552854,13.733843346,13.733563309,13.733843346,1629.955630106,1629.955630106,OK_ARREDONDAMENTO,https://www.tesourotransparente.gov.br/publicacoes/relatorio-mensal-da-divida-rmd/2026/5,https://cdn.tesouro.gov.br/sistemas-internos/apex/producao/sistemas/thot/arquivos/publicacoes/54943_1730238/anexos/28577_919203/Anexo%20RMD_Maio_26.zip
2022-09-30,Fundos,fundos,332.836587522,20.419978395,20.419562026,20.419978395,1629.955630106,1629.955630106,OK_ARREDONDAMENTO,https://www.tesourotransparente.gov.br/publicacoes/relatorio-mensal-da-divida-rmd/2026/5,https://cdn.tesouro.gov.br/sistemas-internos/apex/producao/sistemas/thot/arquivos/publicacoes/54943_1730238/anexos/28577_919203/Anexo%20RMD_Maio_26.zip
2022-09-30,Não-residentes,nao_residentes,54.113650343,3.319946221,3.319878526,3.319946221,1629.955630106,1629.955630106,OK_ARREDONDAMENTO,https://www.tesourotransparente.gov.br/publicacoes/relatorio-mensal-da-divida-rmd/2026/5,https://cdn.tesouro.gov.br/sistemas-internos/apex/producao/sistemas/thot/arquivos/publicacoes/54943_1730238/anexos/28577_919203/Anexo%20RMD_Maio_26.zip
2022-09-30,Previdência,previdencia,713.254212411,43.7591183,43.758226038,43.7591183,1629.955630106,1629.955630106,OK_ARREDONDAMENTO,https://www.tesourotransparente.gov.br/publicacoes/relatorio-mensal-da-divida-rmd/2026/5,https://cdn.tesouro.gov.br/sistemas-internos/apex/producao/sistemas/thot/arquivos/publicacoes/54943_1730238/anexos/28577_919203/Anexo%20RMD_Maio_26.zip
2022-09-30,Governo,governo,87.882194731,5.391692455,5.391582517,5.391692455,1629.955630106,1629.955630106,OK_ARREDONDAMENTO,https://www.tesourotransparente.gov.br/publicacoes/relatorio-mensal-da-divida-rmd/2026/5,https://cdn.tesouro.gov.br/sistemas-internos/apex/producao/sistemas/thot/arquivos/publicacoes/54943_1730238/anexos/28577_919203/Anexo%20RMD_Maio_26.zip
2022-09-30,Seguradoras,seguradoras,97.544326765,5.984477428,5.984355402,5.984477428,1629.955630106,1629.955630106,OK_ARREDONDAMENTO,https://www.tesourotransparente.gov.br/publicacoes/relatorio-mensal-da-divida-rmd/2026/5,https://cdn.tesouro.gov.br/sistemas-internos/apex/producao/sistemas/thot/arquivos/publicacoes/54943_1730238/anexos/28577_919203/Anexo%20RMD_Maio_26.zip
2022-09-30,Outros,outros,120.469105479,7.390943855,7.390943855,7.390943855,1629.955630106,1629.955630106,OK_ARREDONDAMENTO,https://www.tesourotransparente.gov.br/publicacoes/relatorio-mensal-da-divida-rmd/2026/5,https://cdn.tesouro.gov.br/sistemas-internos/apex/producao/sistemas/thot/arquivos/publicacoes/54943_1730238/anexos/28577_919203/Anexo%20RMD_Maio_26.zip
2022-10-31,Instituições Financeiras,instituicoes_financeiras,234.21633532,14.038237861,14.037939998,14.038237861,1668.416917032,1668.416917032,OK_ARREDONDAMENTO,https://www.tesourotransparente.gov.br/publicacoes/relatorio-mensal-da-divida-rmd/2026/5,https://cdn.tesouro.gov.br/sistemas-internos/apex/producao/sistemas/thot/arquivos/publicacoes/54943_1730238/anexos/28577_919203/Anexo%20RMD_Maio_26.zip
2022-10-31,Fundos,fundos,341.636836805,20.47670659,20.476272117,20.47670659,1668.416917032,1668.416917032,OK_ARREDONDAMENTO,https://www.tesourotransparente.gov.br/publicacoes/relatorio-mensal-da-divida-rmd/2026/5,https://cdn.tesouro.gov.br/sistemas-internos/apex/producao/sistemas/thot/arquivos/publicacoes/54943_1730238/anexos/28577_919203/Anexo%20RMD_Maio_26.zip
2022-10-31,Não-residentes,nao_residentes,54.688760304,3.277883348,3.277813798,3.277883348,1668.416917032,1668.416917032,OK_ARREDONDAMENTO,https://www.tesourotransparente.gov.br/publicacoes/relatorio-mensal-da-divida-rmd/2026/5,https://cdn.tesouro.gov.br/sistemas-internos/apex/producao/sistemas/thot/arquivos/publicacoes/54943_1730238/anexos/28577_919203/Anexo%20RMD_Maio_26.zip
2022-10-31,Previdência,previdencia,725.377568332,43.476996722,43.476074231,43.476996722,1668.416917032,1668.416917032,OK_ARREDONDAMENTO,https://www.tesourotransparente.gov.br/publicacoes/relatorio-mensal-da-divida-rmd/2026/5,https://cdn.tesouro.gov.br/sistemas-internos/apex/producao/sistemas/thot/arquivos/publicacoes/54943_1730238/anexos/28577_919203/Anexo%20RMD_Maio_26.zip
2022-10-31,Governo,governo,91.920376639,5.509436862,5.509319963,5.509436862,1668.416917032,1668.416917032,OK_ARREDONDAMENTO,https://www.tesourotransparente.gov.br/publicacoes/relatorio-mensal-da-divida-rmd/2026/5,https://cdn.tesouro.gov.br/sistemas-internos/apex/producao/sistemas/thot/arquivos/publicacoes/54943_1730238/anexos/28577_919203/Anexo%20RMD_Maio_26.zip
2022-10-31,Seguradoras,seguradoras,99.333755768,5.95377299,5.953646663,5.95377299,1668.416917032,1668.416917032,OK_ARREDONDAMENTO,https://www.tesourotransparente.gov.br/publicacoes/relatorio-mensal-da-divida-rmd/2026/5,https://cdn.tesouro.gov.br/sistemas-internos/apex/producao/sistemas/thot/arquivos/publicacoes/54943_1730238/anexos/28577_919203/Anexo%20RMD_Maio_26.zip
2022-10-31,Outros,outros,121.243283864,7.266965626,7.266965626,7.266965626,1668.416917032,1668.416917032,OK_ARREDONDAMENTO,https://www.tesourotransparente.gov.br/publicacoes/relatorio-mensal-da-divida-rmd/2026/5,https://cdn.tesouro.gov.br/sistemas-internos/apex/producao/sistemas/thot/arquivos/publicacoes/54943_1730238/anexos/28577_919203/Anexo%20RMD_Maio_26.zip
2022-11-30,Instituições Financeiras,instituicoes_financeiras,232.159767566,13.792236258,13.791978087,13.792236258,1683.264143846,1683.264143846,OK_ARREDONDAMENTO,https://www.tesourotransparente.gov.br/publicacoes/relatorio-mensal-da-divida-rmd/2026/5,https://cdn.tesouro.gov.br/sistemas-internos/apex/producao/sistemas/thot/arquivos/publicacoes/54943_1730238/anexos/28577_919203/Anexo%20RMD_Maio_26.zip
2022-11-30,Fundos,fundos,343.423090949,20.402210325,20.401828424,20.402210325,1683.264143846,1683.264143846,OK_ARREDONDAMENTO,https://www.tesourotransparente.gov.br/publicacoes/relatorio-mensal-da-divida-rmd/2026/5,https://cdn.tesouro.gov.br/sistemas-internos/apex/producao/sistemas/thot/arquivos/publicacoes/54943_1730238/anexos/28577_919203/Anexo%20RMD_Maio_26.zip
2022-11-30,Não-residentes,nao_residentes,55.552834811,3.300304056,3.300242279,3.300304056,1683.264143846,1683.264143846,OK_ARREDONDAMENTO,https://www.tesourotransparente.gov.br/publicacoes/relatorio-mensal-da-divida-rmd/2026/5,https://cdn.tesouro.gov.br/sistemas-internos/apex/producao/sistemas/thot/arquivos/publicacoes/54943_1730238/anexos/28577_919203/Anexo%20RMD_Maio_26.zip
2022-11-30,Previdência,previdencia,732.663939428,43.526379511,43.525564759,43.526379511,1683.264143846,1683.264143846,OK_ARREDONDAMENTO,https://www.tesourotransparente.gov.br/publicacoes/relatorio-mensal-da-divida-rmd/2026/5,https://cdn.tesouro.gov.br/sistemas-internos/apex/producao/sistemas/thot/arquivos/publicacoes/54943_1730238/anexos/28577_919203/Anexo%20RMD_Maio_26.zip
2022-11-30,Governo,governo,97.408102972,5.786857834,5.786749512,5.786857834,1683.264143846,1683.264143846,OK_ARREDONDAMENTO,https://www.tesourotransparente.gov.br/publicacoes/relatorio-mensal-da-divida-rmd/2026/5,https://cdn.tesouro.gov.br/sistemas-internos/apex/producao/sistemas/thot/arquivos/publicacoes/54943_1730238/anexos/28577_919203/Anexo%20RMD_Maio_26.zip
2022-11-30,Seguradoras,seguradoras,99.782301867,5.92790515,5.927794188,5.92790515,1683.264143846,1683.264143846,OK_ARREDONDAMENTO,https://www.tesourotransparente.gov.br/publicacoes/relatorio-mensal-da-divida-rmd/2026/5,https://cdn.tesouro.gov.br/sistemas-internos/apex/producao/sistemas/thot/arquivos/publicacoes/54943_1730238/anexos/28577_919203/Anexo%20RMD_Maio_26.zip
2022-11-30,Outros,outros,122.274106254,7.264106866,7.264106866,7.264106866,1683.264143846,1683.264143846,OK_ARREDONDAMENTO,https://www.tesourotransparente.gov.br/publicacoes/relatorio-mensal-da-divida-rmd/2026/5,https://cdn.tesouro.gov.br/sistemas-internos/apex/producao/sistemas/thot/arquivos/publicacoes/54943_1730238/anexos/28577_919203/Anexo%20RMD_Maio_26.zip
2022-12-31,Instituições Financeiras,instituicoes_financeiras,243.023917647,14.208698232,14.208440254,14.208698232,1710.388338793,1710.388338793,OK_ARREDONDAMENTO,https://www.tesourotransparente.gov.br/publicacoes/relatorio-mensal-da-divida-rmd/2026/5,https://cdn.tesouro.gov.br/sistemas-internos/apex/producao/sistemas/thot/arquivos/publicacoes/54943_1730238/anexos/28577_919203/Anexo%20RMD_Maio_26.zip
2022-12-31,Fundos,fundos,340.927918321,19.932778457,19.932416551,19.932778457,1710.388338793,1710.388338793,OK_ARREDONDAMENTO,https://www.tesourotransparente.gov.br/publicacoes/relatorio-mensal-da-divida-rmd/2026/5,https://cdn.tesouro.gov.br/sistemas-internos/apex/producao/sistemas/thot/arquivos/publicacoes/54943_1730238/anexos/28577_919203/Anexo%20RMD_Maio_26.zip
2022-12-31,Não-residentes,nao_residentes,54.419146879,3.181683694,3.181625926,3.181683694,1710.388338793,1710.388338793,OK_ARREDONDAMENTO,https://www.tesourotransparente.gov.br/publicacoes/relatorio-mensal-da-divida-rmd/2026/5,https://cdn.tesouro.gov.br/sistemas-internos/apex/producao/sistemas/thot/arquivos/publicacoes/54943_1730238/anexos/28577_919203/Anexo%20RMD_Maio_26.zip
2022-12-31,Previdência,previdencia,747.84934826,43.723950363,43.723156496,43.723950363,1710.388338793,1710.388338793,OK_ARREDONDAMENTO,https://www.tesourotransparente.gov.br/publicacoes/relatorio-mensal-da-divida-rmd/2026/5,https://cdn.tesouro.gov.br/sistemas-internos/apex/producao/sistemas/thot/arquivos/publicacoes/54943_1730238/anexos/28577_919203/Anexo%20RMD_Maio_26.zip
2022-12-31,Governo,governo,99.612490259,5.823969212,5.82386347,5.823969212,1710.388338793,1710.388338793,OK_ARREDONDAMENTO,https://www.tesourotransparente.gov.br/publicacoes/relatorio-mensal-da-divida-rmd/2026/5,https://cdn.tesouro.gov.br/sistemas-internos/apex/producao/sistemas/thot/arquivos/publicacoes/54943_1730238/anexos/28577_919203/Anexo%20RMD_Maio_26.zip
2022-12-31,Seguradoras,seguradoras,100.6767802,5.886194259,5.886087387,5.886194259,1710.388338793,1710.388338793,OK_ARREDONDAMENTO,https://www.tesourotransparente.gov.br/publicacoes/relatorio-mensal-da-divida-rmd/2026/5,https://cdn.tesouro.gov.br/sistemas-internos/apex/producao/sistemas/thot/arquivos/publicacoes/54943_1730238/anexos/28577_919203/Anexo%20RMD_Maio_26.zip
2022-12-31,Outros,outros,123.878737228,7.242725784,7.242725784,7.242725784,1710.388338793,1710.388338793,OK_ARREDONDAMENTO,https://www.tesourotransparente.gov.br/publicacoes/relatorio-mensal-da-divida-rmd/2026/5,https://cdn.tesouro.gov.br/sistemas-internos/apex/producao/sistemas/thot/arquivos/publicacoes/54943_1730238/anexos/28577_919203/Anexo%20RMD_Maio_26.zip
2023-01-31,Instituições Financeiras,instituicoes_financeiras,252.737552642,14.494420317,14.494144281,14.494312144,1743.688585749,1743.701599157,DIVERGENCIA_RELEVANTE_NA_FONTE,https://www.tesourotransparente.gov.br/publicacoes/relatorio-mensal-da-divida-rmd/2026/5,https://cdn.tesouro.gov.br/sistemas-internos/apex/producao/sistemas/thot/arquivos/publicacoes/54943_1730238/anexos/28577_919203/Anexo%20RMD_Maio_26.zip
2023-01-31,Fundos,fundos,346.597652432,19.877267952,19.876889402,19.877119606,1743.688585749,1743.701599157,DIVERGENCIA_RELEVANTE_NA_FONTE,https://www.tesourotransparente.gov.br/publicacoes/relatorio-mensal-da-divida-rmd/2026/5,https://cdn.tesouro.gov.br/sistemas-internos/apex/producao/sistemas/thot/arquivos/publicacoes/54943_1730238/anexos/28577_919203/Anexo%20RMD_Maio_26.zip
2023-01-31,Não-residentes,nao_residentes,61.641895725,3.535143616,3.535076292,3.535117233,1743.688585749,1743.701599157,DIVERGENCIA_RELEVANTE_NA_FONTE,https://www.tesourotransparente.gov.br/publicacoes/relatorio-mensal-da-divida-rmd/2026/5,https://cdn.tesouro.gov.br/sistemas-internos/apex/producao/sistemas/thot/arquivos/publicacoes/54943_1730238/anexos/28577_919203/Anexo%20RMD_Maio_26.zip
2023-01-31,Previdência,previdencia,753.655850704,43.22192947,43.221106337,43.2216069,1743.688585749,1743.701599157,DIVERGENCIA_RELEVANTE_NA_FONTE,https://www.tesourotransparente.gov.br/publicacoes/relatorio-mensal-da-divida-rmd/2026/5,https://cdn.tesouro.gov.br/sistemas-internos/apex/producao/sistemas/thot/arquivos/publicacoes/54943_1730238/anexos/28577_919203/Anexo%20RMD_Maio_26.zip
2023-01-31,Governo,governo,100.06287942,5.738575124,5.738465837,5.738532296,1743.688585749,1743.701599157,DIVERGENCIA_RELEVANTE_NA_FONTE,https://www.tesourotransparente.gov.br/publicacoes/relatorio-mensal-da-divida-rmd/2026/5,https://cdn.tesouro.gov.br/sistemas-internos/apex/producao/sistemas/thot/arquivos/publicacoes/54943_1730238/anexos/28577_919203/Anexo%20RMD_Maio_26.zip
2023-01-31,Seguradoras,seguradoras,103.503482791,5.935892661,5.935779616,5.935848361,1743.688585749,1743.701599157,DIVERGENCIA_RELEVANTE_NA_FONTE,https://www.tesourotransparente.gov.br/publicacoes/relatorio-mensal-da-divida-rmd/2026/5,https://cdn.tesouro.gov.br/sistemas-internos/apex/producao/sistemas/thot/arquivos/publicacoes/54943_1730238/anexos/28577_919203/Anexo%20RMD_Maio_26.zip
2023-01-31,Outros,outros,125.489272035,7.19677086,7.19671715,7.19671715,1743.688585749,1743.701599157,DIVERGENCIA_RELEVANTE_NA_FONTE,https://www.tesourotransparente.gov.br/publicacoes/relatorio-mensal-da-divida-rmd/2026/5,https://cdn.tesouro.gov.br/sistemas-internos/apex/producao/sistemas/thot/arquivos/publicacoes/54943_1730238/anexos/28577_919203/Anexo%20RMD_Maio_26.zip
2023-02-28,Instituições Financeiras,instituicoes_financeiras,262.326252809,15.037114224,15.036849616,15.035478647,1744.525238752,1744.715010183,DIVERGENCIA_RELEVANTE_NA_FONTE,https://www.tesourotransparente.gov.br/publicacoes/relatorio-mensal-da-divida-rmd/2026/5,https://cdn.tesouro.gov.br/sistemas-internos/apex/producao/sistemas/thot/arquivos/publicacoes/54943_1730238/anexos/28577_919203/Anexo%20RMD_Maio_26.zip
2023-02-28,Fundos,fundos,343.224043643,19.674352427,19.674006218,19.672212461,1744.525238752,1744.715010183,DIVERGENCIA_RELEVANTE_NA_FONTE,https://www.tesourotransparente.gov.br/publicacoes/relatorio-mensal-da-divida-rmd/2026/5,https://cdn.tesouro.gov.br/sistemas-internos/apex/producao/sistemas/thot/arquivos/publicacoes/54943_1730238/anexos/28577_919203/Anexo%20RMD_Maio_26.zip
2023-02-28,Não-residentes,nao_residentes,61.25699534,3.511384873,3.511323083,3.511002942,1744.525238752,1744.715010183,DIVERGENCIA_RELEVANTE_NA_FONTE,https://www.tesourotransparente.gov.br/publicacoes/relatorio-mensal-da-divida-rmd/2026/5,https://cdn.tesouro.gov.br/sistemas-internos/apex/producao/sistemas/thot/arquivos/publicacoes/54943_1730238/anexos/28577_919203/Anexo%20RMD_Maio_26.zip
2023-02-28,Previdência,previdencia,749.585312955,42.967868639,42.967112535,42.963195054,1744.525238752,1744.715010183,DIVERGENCIA_RELEVANTE_NA_FONTE,https://www.tesourotransparente.gov.br/publicacoes/relatorio-mensal-da-divida-rmd/2026/5,https://cdn.tesouro.gov.br/sistemas-internos/apex/producao/sistemas/thot/arquivos/publicacoes/54943_1730238/anexos/28577_919203/Anexo%20RMD_Maio_26.zip
2023-02-28,Governo,governo,99.497718897,5.703426737,5.703326374,5.702806379,1744.525238752,1744.715010183,DIVERGENCIA_RELEVANTE_NA_FONTE,https://www.tesourotransparente.gov.br/publicacoes/relatorio-mensal-da-divida-rmd/2026/5,https://cdn.tesouro.gov.br/sistemas-internos/apex/producao/sistemas/thot/arquivos/publicacoes/54943_1730238/anexos/28577_919203/Anexo%20RMD_Maio_26.zip
2023-02-28,Seguradoras,seguradoras,102.501424208,5.875605691,5.875502298,5.874966605,1744.525238752,1744.715010183,DIVERGENCIA_RELEVANTE_NA_FONTE,https://www.tesourotransparente.gov.br/publicacoes/relatorio-mensal-da-divida-rmd/2026/5,https://cdn.tesouro.gov.br/sistemas-internos/apex/producao/sistemas/thot/arquivos/publicacoes/54943_1730238/anexos/28577_919203/Anexo%20RMD_Maio_26.zip
2023-02-28,Outros,outros,126.1334909,7.23024741,7.229460982,7.229460982,1744.525238752,1744.715010183,DIVERGENCIA_RELEVANTE_NA_FONTE,https://www.tesourotransparente.gov.br/publicacoes/relatorio-mensal-da-divida-rmd/2026/5,https://cdn.tesouro.gov.br/sistemas-internos/apex/producao/sistemas/thot/arquivos/publicacoes/54943_1730238/anexos/28577_919203/Anexo%20RMD_Maio_26.zip
2023-03-31,Instituições Financeiras,instituicoes_financeiras,284.77972136,15.843803557,15.84351193,15.839882932,1797.420173373,1797.86506368,DIVERGENCIA_RELEVANTE_NA_FONTE,https://www.tesourotransparente.gov.br/publicacoes/relatorio-mensal-da-divida-rmd/2026/5,https://cdn.tesouro.gov.br/sistemas-internos/apex/producao/sistemas/thot/arquivos/publicacoes/54943_1730238/anexos/28577_919203/Anexo%20RMD_Maio_26.zip
2023-03-31,Fundos,fundos,346.516645876,19.27855551,19.278200662,19.273784939,1797.420173373,1797.86506368,DIVERGENCIA_RELEVANTE_NA_FONTE,https://www.tesourotransparente.gov.br/publicacoes/relatorio-mensal-da-divida-rmd/2026/5,https://cdn.tesouro.gov.br/sistemas-internos/apex/producao/sistemas/thot/arquivos/publicacoes/54943_1730238/anexos/28577_919203/Anexo%20RMD_Maio_26.zip
2023-03-31,Não-residentes,nao_residentes,63.088610462,3.509953399,3.509888793,3.509084844,1797.420173373,1797.86506368,DIVERGENCIA_RELEVANTE_NA_FONTE,https://www.tesourotransparente.gov.br/publicacoes/relatorio-mensal-da-divida-rmd/2026/5,https://cdn.tesouro.gov.br/sistemas-internos/apex/producao/sistemas/thot/arquivos/publicacoes/54943_1730238/anexos/28577_919203/Anexo%20RMD_Maio_26.zip
2023-03-31,Previdência,previdencia,768.287450153,42.743898257,42.743111497,42.733321075,1797.420173373,1797.86506368,DIVERGENCIA_RELEVANTE_NA_FONTE,https://www.tesourotransparente.gov.br/publicacoes/relatorio-mensal-da-divida-rmd/2026/5,https://cdn.tesouro.gov.br/sistemas-internos/apex/producao/sistemas/thot/arquivos/publicacoes/54943_1730238/anexos/28577_919203/Anexo%20RMD_Maio_26.zip
2023-03-31,Governo,governo,100.387236612,5.585073435,5.584970634,5.583691382,1797.420173373,1797.86506368,DIVERGENCIA_RELEVANTE_NA_FONTE,https://www.tesourotransparente.gov.br/publicacoes/relatorio-mensal-da-divida-rmd/2026/5,https://cdn.tesouro.gov.br/sistemas-internos/apex/producao/sistemas/thot/arquivos/publicacoes/54943_1730238/anexos/28577_919203/Anexo%20RMD_Maio_26.zip
2023-03-31,Seguradoras,seguradoras,104.700294165,5.82503166,5.824924442,5.823590228,1797.420173373,1797.86506368,DIVERGENCIA_RELEVANTE_NA_FONTE,https://www.tesourotransparente.gov.br/publicacoes/relatorio-mensal-da-divida-rmd/2026/5,https://cdn.tesouro.gov.br/sistemas-internos/apex/producao/sistemas/thot/arquivos/publicacoes/54943_1730238/anexos/28577_919203/Anexo%20RMD_Maio_26.zip
2023-03-31,Outros,outros,129.660214744,7.213684183,7.211899122,7.211899122,1797.420173373,1797.86506368,DIVERGENCIA_RELEVANTE_NA_FONTE,https://www.tesourotransparente.gov.br/publicacoes/relatorio-mensal-da-divida-rmd/2026/5,https://cdn.tesouro.gov.br/sistemas-internos/apex/producao/sistemas/thot/arquivos/publicacoes/54943_1730238/anexos/28577_919203/Anexo%20RMD_Maio_26.zip
2023-04-30,Instituições Financeiras,instituicoes_financeiras,315.373960906,17.051684877,17.051361473,17.046172671,1849.517881597,1850.115958513,DIVERGENCIA_RELEVANTE_NA_FONTE,https://www.tesourotransparente.gov.br/publicacoes/relatorio-mensal-da-divida-rmd/2026/5,https://cdn.tesouro.gov.br/sistemas-internos/apex/producao/sistemas/thot/arquivos/publicacoes/54943_1730238/anexos/28577_919203/Anexo%20RMD_Maio_26.zip
2023-04-30,Fundos,fundos,353.68162592,19.122909242,19.122546556,19.116727484,1849.517881597,1850.115958513,DIVERGENCIA_RELEVANTE_NA_FONTE,https://www.tesourotransparente.gov.br/publicacoes/relatorio-mensal-da-divida-rmd/2026/5,https://cdn.tesouro.gov.br/sistemas-internos/apex/producao/sistemas/thot/arquivos/publicacoes/54943_1730238/anexos/28577_919203/Anexo%20RMD_Maio_26.zip
2023-04-30,Não-residentes,nao_residentes,62.317116194,3.369370841,3.369306937,3.368281642,1849.517881597,1850.115958513,DIVERGENCIA_RELEVANTE_NA_FONTE,https://www.tesourotransparente.gov.br/publicacoes/relatorio-mensal-da-divida-rmd/2026/5,https://cdn.tesouro.gov.br/sistemas-internos/apex/producao/sistemas/thot/arquivos/publicacoes/54943_1730238/anexos/28577_919203/Anexo%20RMD_Maio_26.zip
2023-04-30,Previdência,previdencia,778.688895781,42.102263705,42.10146519,42.088653535,1849.517881597,1850.115958513,DIVERGENCIA_RELEVANTE_NA_FONTE,https://www.tesourotransparente.gov.br/publicacoes/relatorio-mensal-da-divida-rmd/2026/5,https://cdn.tesouro.gov.br/sistemas-internos/apex/producao/sistemas/thot/arquivos/publicacoes/54943_1730238/anexos/28577_919203/Anexo%20RMD_Maio_26.zip
2023-04-30,Governo,governo,101.286081388,5.47635048,5.476246615,5.47458017,1849.517881597,1850.115958513,DIVERGENCIA_RELEVANTE_NA_FONTE,https://www.tesourotransparente.gov.br/publicacoes/relatorio-mensal-da-divida-rmd/2026/5,https://cdn.tesouro.gov.br/sistemas-internos/apex/producao/sistemas/thot/arquivos/publicacoes/54943_1730238/anexos/28577_919203/Anexo%20RMD_Maio_26.zip
2023-04-30,Seguradoras,seguradoras,106.291761023,5.74699829,5.746889292,5.745140489,1849.517881597,1850.115958513,DIVERGENCIA_RELEVANTE_NA_FONTE,https://www.tesourotransparente.gov.br/publicacoes/relatorio-mensal-da-divida-rmd/2026/5,https://cdn.tesouro.gov.br/sistemas-internos/apex/producao/sistemas/thot/arquivos/publicacoes/54943_1730238/anexos/28577_919203/Anexo%20RMD_Maio_26.zip
2023-04-30,Outros,outros,131.878440384,7.130422566,7.128117553,7.128117553,1849.517881597,1850.115958513,DIVERGENCIA_RELEVANTE_NA_FONTE,https://www.tesourotransparente.gov.br/publicacoes/relatorio-mensal-da-divida-rmd/2026/5,https://cdn.tesouro.gov.br/sistemas-internos/apex/producao/sistemas/thot/arquivos/publicacoes/54943_1730238/anexos/28577_919203/Anexo%20RMD_Maio_26.zip
2023-05-31,Instituições Financeiras,instituicoes_financeiras,235.4620744,13.829001449,13.828747876,13.822901787,1702.668665387,1703.420005627,DIVERGENCIA_RELEVANTE_NA_FONTE,https://www.tesourotransparente.gov.br/publicacoes/relatorio-mensal-da-divida-rmd/2026/5,https://cdn.tesouro.gov.br/sistemas-internos/apex/producao/sistemas/thot/arquivos/publicacoes/54943_1730238/anexos/28577_919203/Anexo%20RMD_Maio_26.zip
2023-05-31,Fundos,fundos,328.201652496,19.275720472,19.275367027,19.267218385,1702.668665387,1703.420005627,DIVERGENCIA_RELEVANTE_NA_FONTE,https://www.tesourotransparente.gov.br/publicacoes/relatorio-mensal-da-divida-rmd/2026/5,https://cdn.tesouro.gov.br/sistemas-internos/apex/producao/sistemas/thot/arquivos/publicacoes/54943_1730238/anexos/28577_919203/Anexo%20RMD_Maio_26.zip
2023-05-31,Não-residentes,nao_residentes,59.927440652,3.51961846,3.519553923,3.518066035,1702.668665387,1703.420005627,DIVERGENCIA_RELEVANTE_NA_FONTE,https://www.tesourotransparente.gov.br/publicacoes/relatorio-mensal-da-divida-rmd/2026/5,https://cdn.tesouro.gov.br/sistemas-internos/apex/producao/sistemas/thot/arquivos/publicacoes/54943_1730238/anexos/28577_919203/Anexo%20RMD_Maio_26.zip
2023-05-31,Previdência,previdencia,758.854004256,44.568507055,44.567689834,44.548848889,1702.668665387,1703.420005627,DIVERGENCIA_RELEVANTE_NA_FONTE,https://www.tesourotransparente.gov.br/publicacoes/relatorio-mensal-da-divida-rmd/2026/5,https://cdn.tesouro.gov.br/sistemas-internos/apex/producao/sistemas/thot/arquivos/publicacoes/54943_1730238/anexos/28577_919203/Anexo%20RMD_Maio_26.zip
2023-05-31,Governo,governo,86.210294514,5.063245496,5.063152655,5.061012212,1702.668665387,1703.420005627,DIVERGENCIA_RELEVANTE_NA_FONTE,https://www.tesourotransparente.gov.br/publicacoes/relatorio-mensal-da-divida-rmd/2026/5,https://cdn.tesouro.gov.br/sistemas-internos/apex/producao/sistemas/thot/arquivos/publicacoes/54943_1730238/anexos/28577_919203/Anexo%20RMD_Maio_26.zip
2023-05-31,Seguradoras,seguradoras,104.728862959,6.150865702,6.150752918,6.148152694,1702.668665387,1703.420005627,DIVERGENCIA_RELEVANTE_NA_FONTE,https://www.tesourotransparente.gov.br/publicacoes/relatorio-mensal-da-divida-rmd/2026/5,https://cdn.tesouro.gov.br/sistemas-internos/apex/producao/sistemas/thot/arquivos/publicacoes/54943_1730238/anexos/28577_919203/Anexo%20RMD_Maio_26.zip
2023-05-31,Outros,outros,129.284336111,7.593041367,7.589692248,7.589692248,1702.668665387,1703.420005627,DIVERGENCIA_RELEVANTE_NA_FONTE,https://www.tesourotransparente.gov.br/publicacoes/relatorio-mensal-da-divida-rmd/2026/5,https://cdn.tesouro.gov.br/sistemas-internos/apex/producao/sistemas/thot/arquivos/publicacoes/54943_1730238/anexos/28577_919203/Anexo%20RMD_Maio_26.zip
2023-06-30,Instituições Financeiras,instituicoes_financeiras,245.054253776,14.092558351,14.09231387,14.092558351,1738.891177011,1738.891177011,OK_ARREDONDAMENTO,https://www.tesourotransparente.gov.br/publicacoes/relatorio-mensal-da-divida-rmd/2026/5,https://cdn.tesouro.gov.br/sistemas-internos/apex/producao/sistemas/thot/arquivos/publicacoes/54943_1730238/anexos/28577_919203/Anexo%20RMD_Maio_26.zip
2023-06-30,Fundos,fundos,349.662602354,20.108366008,20.108017163,20.108366008,1738.891177011,1738.891177011,OK_ARREDONDAMENTO,https://www.tesourotransparente.gov.br/publicacoes/relatorio-mensal-da-divida-rmd/2026/5,https://cdn.tesouro.gov.br/sistemas-internos/apex/producao/sistemas/thot/arquivos/publicacoes/54943_1730238/anexos/28577_919203/Anexo%20RMD_Maio_26.zip
2023-06-30,Não-residentes,nao_residentes,59.447425297,3.418697276,3.418637967,3.418697276,1738.891177011,1738.891177011,OK_ARREDONDAMENTO,https://www.tesourotransparente.gov.br/publicacoes/relatorio-mensal-da-divida-rmd/2026/5,https://cdn.tesouro.gov.br/sistemas-internos/apex/producao/sistemas/thot/arquivos/publicacoes/54943_1730238/anexos/28577_919203/Anexo%20RMD_Maio_26.zip
2023-06-30,Previdência,previdencia,756.267635517,43.49137229,43.490617791,43.49137229,1738.891177011,1738.891177011,OK_ARREDONDAMENTO,https://www.tesourotransparente.gov.br/publicacoes/relatorio-mensal-da-divida-rmd/2026/5,https://cdn.tesouro.gov.br/sistemas-internos/apex/producao/sistemas/thot/arquivos/publicacoes/54943_1730238/anexos/28577_919203/Anexo%20RMD_Maio_26.zip
2023-06-30,Governo,governo,91.206127669,5.245073923,5.24498293,5.245073923,1738.891177011,1738.891177011,OK_ARREDONDAMENTO,https://www.tesourotransparente.gov.br/publicacoes/relatorio-mensal-da-divida-rmd/2026/5,https://cdn.tesouro.gov.br/sistemas-internos/apex/producao/sistemas/thot/arquivos/publicacoes/54943_1730238/anexos/28577_919203/Anexo%20RMD_Maio_26.zip
2023-06-30,Seguradoras,seguradoras,106.565942824,6.128384814,6.128278497,6.128384814,1738.891177011,1738.891177011,OK_ARREDONDAMENTO,https://www.tesourotransparente.gov.br/publicacoes/relatorio-mensal-da-divida-rmd/2026/5,https://cdn.tesouro.gov.br/sistemas-internos/apex/producao/sistemas/thot/arquivos/publicacoes/54943_1730238/anexos/28577_919203/Anexo%20RMD_Maio_26.zip
2023-06-30,Outros,outros,130.687189574,7.515547339,7.515547339,7.515547339,1738.891177011,1738.891177011,OK_ARREDONDAMENTO,https://www.tesourotransparente.gov.br/publicacoes/relatorio-mensal-da-divida-rmd/2026/5,https://cdn.tesouro.gov.br/sistemas-internos/apex/producao/sistemas/thot/arquivos/publicacoes/54943_1730238/anexos/28577_919203/Anexo%20RMD_Maio_26.zip
2023-07-31,Instituições Financeiras,instituicoes_financeiras,271.836552687,15.319673371,15.319394724,15.319673371,1774.427862198,1774.427862198,OK_ARREDONDAMENTO,https://www.tesourotransparente.gov.br/publicacoes/relatorio-mensal-da-divida-rmd/2026/5,https://cdn.tesouro.gov.br/sistemas-internos/apex/producao/sistemas/thot/arquivos/publicacoes/54943_1730238/anexos/28577_919203/Anexo%20RMD_Maio_26.zip
2023-07-31,Fundos,fundos,343.253884879,19.344482365,19.344130512,19.344482365,1774.427862198,1774.427862198,OK_ARREDONDAMENTO,https://www.tesourotransparente.gov.br/publicacoes/relatorio-mensal-da-divida-rmd/2026/5,https://cdn.tesouro.gov.br/sistemas-internos/apex/producao/sistemas/thot/arquivos/publicacoes/54943_1730238/anexos/28577_919203/Anexo%20RMD_Maio_26.zip
2023-07-31,Não-residentes,nao_residentes,63.018388924,3.551476522,3.551411925,3.551476522,1774.427862198,1774.427862198,OK_ARREDONDAMENTO,https://www.tesourotransparente.gov.br/publicacoes/relatorio-mensal-da-divida-rmd/2026/5,https://cdn.tesouro.gov.br/sistemas-internos/apex/producao/sistemas/thot/arquivos/publicacoes/54943_1730238/anexos/28577_919203/Anexo%20RMD_Maio_26.zip
2023-07-31,Previdência,previdencia,765.751433561,43.154835983,43.154051047,43.154835983,1774.427862198,1774.427862198,OK_ARREDONDAMENTO,https://www.tesourotransparente.gov.br/publicacoes/relatorio-mensal-da-divida-rmd/2026/5,https://cdn.tesouro.gov.br/sistemas-internos/apex/producao/sistemas/thot/arquivos/publicacoes/54943_1730238/anexos/28577_919203/Anexo%20RMD_Maio_26.zip
2023-07-31,Governo,governo,91.949006393,5.181895999,5.181801746,5.181895999,1774.427862198,1774.427862198,OK_ARREDONDAMENTO,https://www.tesourotransparente.gov.br/publicacoes/relatorio-mensal-da-divida-rmd/2026/5,https://cdn.tesouro.gov.br/sistemas-internos/apex/producao/sistemas/thot/arquivos/publicacoes/54943_1730238/anexos/28577_919203/Anexo%20RMD_Maio_26.zip
2023-07-31,Seguradoras,seguradoras,107.341737127,6.049371711,6.04926168,6.049371711,1774.427862198,1774.427862198,OK_ARREDONDAMENTO,https://www.tesourotransparente.gov.br/publicacoes/relatorio-mensal-da-divida-rmd/2026/5,https://cdn.tesouro.gov.br/sistemas-internos/apex/producao/sistemas/thot/arquivos/publicacoes/54943_1730238/anexos/28577_919203/Anexo%20RMD_Maio_26.zip
2023-07-31,Outros,outros,131.276858627,7.39826405,7.39826405,7.39826405,1774.427862198,1774.427862198,OK_ARREDONDAMENTO,https://www.tesourotransparente.gov.br/publicacoes/relatorio-mensal-da-divida-rmd/2026/5,https://cdn.tesouro.gov.br/sistemas-internos/apex/producao/sistemas/thot/arquivos/publicacoes/54943_1730238/anexos/28577_919203/Anexo%20RMD_Maio_26.zip
2023-08-31,Instituições Financeiras,instituicoes_financeiras,272.978639285,15.391798021,15.391529811,15.391798021,1773.533143473,1773.533143473,OK_ARREDONDAMENTO,https://www.tesourotransparente.gov.br/publicacoes/relatorio-mensal-da-divida-rmd/2026/5,https://cdn.tesouro.gov.br/sistemas-internos/apex/producao/sistemas/thot/arquivos/publicacoes/54943_1730238/anexos/28577_919203/Anexo%20RMD_Maio_26.zip
2023-08-31,Fundos,fundos,334.327500491,18.850930512,18.850602025,18.850930512,1773.533143473,1773.533143473,OK_ARREDONDAMENTO,https://www.tesourotransparente.gov.br/publicacoes/relatorio-mensal-da-divida-rmd/2026/5,https://cdn.tesouro.gov.br/sistemas-internos/apex/producao/sistemas/thot/arquivos/publicacoes/54943_1730238/anexos/28577_919203/Anexo%20RMD_Maio_26.zip
2023-08-31,Não-residentes,nao_residentes,58.428997668,3.294497082,3.294439674,3.294497082,1773.533143473,1773.533143473,OK_ARREDONDAMENTO,https://www.tesourotransparente.gov.br/publicacoes/relatorio-mensal-da-divida-rmd/2026/5,https://cdn.tesouro.gov.br/sistemas-internos/apex/producao/sistemas/thot/arquivos/publicacoes/54943_1730238/anexos/28577_919203/Anexo%20RMD_Maio_26.zip
2023-08-31,Previdência,previdencia,775.742441093,43.739946104,43.739183913,43.739946104,1773.533143473,1773.533143473,OK_ARREDONDAMENTO,https://www.tesourotransparente.gov.br/publicacoes/relatorio-mensal-da-divida-rmd/2026/5,https://cdn.tesouro.gov.br/sistemas-internos/apex/producao/sistemas/thot/arquivos/publicacoes/54943_1730238/anexos/28577_919203/Anexo%20RMD_Maio_26.zip
2023-08-31,Governo,governo,94.27717829,5.315783279,5.315690649,5.315783279,1773.533143473,1773.533143473,OK_ARREDONDAMENTO,https://www.tesourotransparente.gov.br/publicacoes/relatorio-mensal-da-divida-rmd/2026/5,https://cdn.tesouro.gov.br/sistemas-internos/apex/producao/sistemas/thot/arquivos/publicacoes/54943_1730238/anexos/28577_919203/Anexo%20RMD_Maio_26.zip
2023-08-31,Seguradoras,seguradoras,108.372492501,6.110542275,6.110435796,6.110542275,1773.533143473,1773.533143473,OK_ARREDONDAMENTO,https://www.tesourotransparente.gov.br/publicacoes/relatorio-mensal-da-divida-rmd/2026/5,https://cdn.tesouro.gov.br/sistemas-internos/apex/producao/sistemas/thot/arquivos/publicacoes/54943_1730238/anexos/28577_919203/Anexo%20RMD_Maio_26.zip
2023-08-31,Outros,outros,129.405894146,7.296502725,7.296502725,7.296502725,1773.533143473,1773.533143473,OK_ARREDONDAMENTO,https://www.tesourotransparente.gov.br/publicacoes/relatorio-mensal-da-divida-rmd/2026/5,https://cdn.tesouro.gov.br/sistemas-internos/apex/producao/sistemas/thot/arquivos/publicacoes/54943_1730238/anexos/28577_919203/Anexo%20RMD_Maio_26.zip
2023-09-30,Instituições Financeiras,instituicoes_financeiras,268.454742068,14.991390482,14.991110853,14.991390482,1790.726099704,1790.726099704,OK_ARREDONDAMENTO,https://www.tesourotransparente.gov.br/publicacoes/relatorio-mensal-da-divida-rmd/2026/5,https://cdn.tesouro.gov.br/sistemas-internos/apex/producao/sistemas/thot/arquivos/publicacoes/54943_1730238/anexos/28577_919203/Anexo%20RMD_Maio_26.zip
2023-09-30,Fundos,fundos,345.466576678,19.291983109,19.291623263,19.291983109,1790.726099704,1790.726099704,OK_ARREDONDAMENTO,https://www.tesourotransparente.gov.br/publicacoes/relatorio-mensal-da-divida-rmd/2026/5,https://cdn.tesouro.gov.br/sistemas-internos/apex/producao/sistemas/thot/arquivos/publicacoes/54943_1730238/anexos/28577_919203/Anexo%20RMD_Maio_26.zip
2023-09-30,Não-residentes,nao_residentes,55.062691956,3.074880741,3.074823386,3.074880741,1790.726099704,1790.726099704,OK_ARREDONDAMENTO,https://www.tesourotransparente.gov.br/publicacoes/relatorio-mensal-da-divida-rmd/2026/5,https://cdn.tesouro.gov.br/sistemas-internos/apex/producao/sistemas/thot/arquivos/publicacoes/54943_1730238/anexos/28577_919203/Anexo%20RMD_Maio_26.zip
2023-09-30,Previdência,previdencia,783.894464206,43.775229743,43.77441322,43.775229743,1790.726099704,1790.726099704,OK_ARREDONDAMENTO,https://www.tesourotransparente.gov.br/publicacoes/relatorio-mensal-da-divida-rmd/2026/5,https://cdn.tesouro.gov.br/sistemas-internos/apex/producao/sistemas/thot/arquivos/publicacoes/54943_1730238/anexos/28577_919203/Anexo%20RMD_Maio_26.zip
2023-09-30,Governo,governo,95.520789716,5.334193193,5.334093696,5.334193193,1790.726099704,1790.726099704,OK_ARREDONDAMENTO,https://www.tesourotransparente.gov.br/publicacoes/relatorio-mensal-da-divida-rmd/2026/5,https://cdn.tesouro.gov.br/sistemas-internos/apex/producao/sistemas/thot/arquivos/publicacoes/54943_1730238/anexos/28577_919203/Anexo%20RMD_Maio_26.zip
2023-09-30,Seguradoras,seguradoras,110.699827292,6.181840278,6.18172497,6.181840278,1790.726099704,1790.726099704,OK_ARREDONDAMENTO,https://www.tesourotransparente.gov.br/publicacoes/relatorio-mensal-da-divida-rmd/2026/5,https://cdn.tesouro.gov.br/sistemas-internos/apex/producao/sistemas/thot/arquivos/publicacoes/54943_1730238/anexos/28577_919203/Anexo%20RMD_Maio_26.zip
2023-09-30,Outros,outros,131.627007789,7.350482456,7.350482456,7.350482456,1790.726099704,1790.726099704,OK_ARREDONDAMENTO,https://www.tesourotransparente.gov.br/publicacoes/relatorio-mensal-da-divida-rmd/2026/5,https://cdn.tesouro.gov.br/sistemas-internos/apex/producao/sistemas/thot/arquivos/publicacoes/54943_1730238/anexos/28577_919203/Anexo%20RMD_Maio_26.zip
2023-10-31,Instituições Financeiras,instituicoes_financeiras,266.390846714,14.724356968,14.724062999,14.724356968,1809.18492605,1809.18492605,OK_ARREDONDAMENTO,https://www.tesourotransparente.gov.br/publicacoes/relatorio-mensal-da-divida-rmd/2026/5,https://cdn.tesouro.gov.br/sistemas-internos/apex/producao/sistemas/thot/arquivos/publicacoes/54943_1730238/anexos/28577_919203/Anexo%20RMD_Maio_26.zip
2023-10-31,Fundos,fundos,352.395085329,19.478113058,19.477724182,19.478113058,1809.18492605,1809.18492605,OK_ARREDONDAMENTO,https://www.tesourotransparente.gov.br/publicacoes/relatorio-mensal-da-divida-rmd/2026/5,https://cdn.tesouro.gov.br/sistemas-internos/apex/producao/sistemas/thot/arquivos/publicacoes/54943_1730238/anexos/28577_919203/Anexo%20RMD_Maio_26.zip
2023-10-31,Não-residentes,nao_residentes,56.927221368,3.146567305,3.146504484,3.146567305,1809.18492605,1809.18492605,OK_ARREDONDAMENTO,https://www.tesourotransparente.gov.br/publicacoes/relatorio-mensal-da-divida-rmd/2026/5,https://cdn.tesouro.gov.br/sistemas-internos/apex/producao/sistemas/thot/arquivos/publicacoes/54943_1730238/anexos/28577_919203/Anexo%20RMD_Maio_26.zip
2023-10-31,Previdência,previdencia,793.601098321,43.865117761,43.864242004,43.865117761,1809.18492605,1809.18492605,OK_ARREDONDAMENTO,https://www.tesourotransparente.gov.br/publicacoes/relatorio-mensal-da-divida-rmd/2026/5,https://cdn.tesouro.gov.br/sistemas-internos/apex/producao/sistemas/thot/arquivos/publicacoes/54943_1730238/anexos/28577_919203/Anexo%20RMD_Maio_26.zip
2023-10-31,Governo,governo,96.094787593,5.311496144,5.311390102,5.311496144,1809.18492605,1809.18492605,OK_ARREDONDAMENTO,https://www.tesourotransparente.gov.br/publicacoes/relatorio-mensal-da-divida-rmd/2026/5,https://cdn.tesouro.gov.br/sistemas-internos/apex/producao/sistemas/thot/arquivos/publicacoes/54943_1730238/anexos/28577_919203/Anexo%20RMD_Maio_26.zip
2023-10-31,Seguradoras,seguradoras,110.521741342,6.108924508,6.108802545,6.108924508,1809.18492605,1809.18492605,OK_ARREDONDAMENTO,https://www.tesourotransparente.gov.br/publicacoes/relatorio-mensal-da-divida-rmd/2026/5,https://cdn.tesouro.gov.br/sistemas-internos/apex/producao/sistemas/thot/arquivos/publicacoes/54943_1730238/anexos/28577_919203/Anexo%20RMD_Maio_26.zip
2023-10-31,Outros,outros,133.254145383,7.365424256,7.365424256,7.365424256,1809.18492605,1809.18492605,OK_ARREDONDAMENTO,https://www.tesourotransparente.gov.br/publicacoes/relatorio-mensal-da-divida-rmd/2026/5,https://cdn.tesouro.gov.br/sistemas-internos/apex/producao/sistemas/thot/arquivos/publicacoes/54943_1730238/anexos/28577_919203/Anexo%20RMD_Maio_26.zip
2023-11-30,Instituições Financeiras,instituicoes_financeiras,279.130443787,15.246306496,15.246058597,15.246306496,1830.806981785,1830.806981785,OK_ARREDONDAMENTO,https://www.tesourotransparente.gov.br/publicacoes/relatorio-mensal-da-divida-rmd/2026/5,https://cdn.tesouro.gov.br/sistemas-internos/apex/producao/sistemas/thot/arquivos/publicacoes/54943_1730238/anexos/28577_919203/Anexo%20RMD_Maio_26.zip
2023-11-30,Fundos,fundos,365.662999221,19.972777188,19.972452439,19.972777188,1830.806981785,1830.806981785,OK_ARREDONDAMENTO,https://www.tesourotransparente.gov.br/publicacoes/relatorio-mensal-da-divida-rmd/2026/5,https://cdn.tesouro.gov.br/sistemas-internos/apex/producao/sistemas/thot/arquivos/publicacoes/54943_1730238/anexos/28577_919203/Anexo%20RMD_Maio_26.zip
2023-11-30,Não-residentes,nao_residentes,55.591978539,3.03647403,3.036424658,3.03647403,1830.806981785,1830.806981785,OK_ARREDONDAMENTO,https://www.tesourotransparente.gov.br/publicacoes/relatorio-mensal-da-divida-rmd/2026/5,https://cdn.tesouro.gov.br/sistemas-internos/apex/producao/sistemas/thot/arquivos/publicacoes/54943_1730238/anexos/28577_919203/Anexo%20RMD_Maio_26.zip
2023-11-30,Previdência,previdencia,789.943291391,43.147273265,43.146571708,43.147273265,1830.806981785,1830.806981785,OK_ARREDONDAMENTO,https://www.tesourotransparente.gov.br/publicacoes/relatorio-mensal-da-divida-rmd/2026/5,https://cdn.tesouro.gov.br/sistemas-internos/apex/producao/sistemas/thot/arquivos/publicacoes/54943_1730238/anexos/28577_919203/Anexo%20RMD_Maio_26.zip
2023-11-30,Governo,governo,95.637506191,5.223789681,5.223704744,5.223789681,1830.806981785,1830.806981785,OK_ARREDONDAMENTO,https://www.tesourotransparente.gov.br/publicacoes/relatorio-mensal-da-divida-rmd/2026/5,https://cdn.tesouro.gov.br/sistemas-internos/apex/producao/sistemas/thot/arquivos/publicacoes/54943_1730238/anexos/28577_919203/Anexo%20RMD_Maio_26.zip
2023-11-30,Seguradoras,seguradoras,111.959957275,6.115333751,6.115234318,6.115333751,1830.806981785,1830.806981785,OK_ARREDONDAMENTO,https://www.tesourotransparente.gov.br/publicacoes/relatorio-mensal-da-divida-rmd/2026/5,https://cdn.tesouro.gov.br/sistemas-internos/apex/producao/sistemas/thot/arquivos/publicacoes/54943_1730238/anexos/28577_919203/Anexo%20RMD_Maio_26.zip
2023-11-30,Outros,outros,132.880805381,7.258045589,7.258045589,7.258045589,1830.806981785,1830.806981785,OK_ARREDONDAMENTO,https://www.tesourotransparente.gov.br/publicacoes/relatorio-mensal-da-divida-rmd/2026/5,https://cdn.tesouro.gov.br/sistemas-internos/apex/producao/sistemas/thot/arquivos/publicacoes/54943_1730238/anexos/28577_919203/Anexo%20RMD_Maio_26.zip
2023-12-31,Instituições Financeiras,instituicoes_financeiras,282.358743241,15.18549923,15.222644193,15.18549923,1859.397172046,1859.397172046,DIVERGENCIA_RELEVANTE_NA_FONTE,https://www.tesourotransparente.gov.br/publicacoes/relatorio-mensal-da-divida-rmd/2026/5,https://cdn.tesouro.gov.br/sistemas-internos/apex/producao/sistemas/thot/arquivos/publicacoes/54943_1730238/anexos/28577_919203/Anexo%20RMD_Maio_26.zip
2023-12-31,Fundos,fundos,373.818870153,20.104304544,20.153481304,20.104304544,1859.397172046,1859.397172046,DIVERGENCIA_RELEVANTE_NA_FONTE,https://www.tesourotransparente.gov.br/publicacoes/relatorio-mensal-da-divida-rmd/2026/5,https://cdn.tesouro.gov.br/sistemas-internos/apex/producao/sistemas/thot/arquivos/publicacoes/54943_1730238/anexos/28577_919203/Anexo%20RMD_Maio_26.zip
2023-12-31,Não-residentes,nao_residentes,50.920337192,2.738540101,2.745238792,2.738540101,1859.397172046,1859.397172046,DIVERGENCIA_RELEVANTE_NA_FONTE,https://www.tesourotransparente.gov.br/publicacoes/relatorio-mensal-da-divida-rmd/2026/5,https://cdn.tesouro.gov.br/sistemas-internos/apex/producao/sistemas/thot/arquivos/publicacoes/54943_1730238/anexos/28577_919203/Anexo%20RMD_Maio_26.zip
2023-12-31,Previdência,previdencia,809.382213371,43.529280647,43.635756799,43.529280647,1859.397172046,1859.397172046,DIVERGENCIA_RELEVANTE_NA_FONTE,https://www.tesourotransparente.gov.br/publicacoes/relatorio-mensal-da-divida-rmd/2026/5,https://cdn.tesouro.gov.br/sistemas-internos/apex/producao/sistemas/thot/arquivos/publicacoes/54943_1730238/anexos/28577_919203/Anexo%20RMD_Maio_26.zip
2023-12-31,Governo,governo,92.170870433,4.95702972,4.969155017,4.95702972,1859.397172046,1859.397172046,DIVERGENCIA_RELEVANTE_NA_FONTE,https://www.tesourotransparente.gov.br/publicacoes/relatorio-mensal-da-divida-rmd/2026/5,https://cdn.tesouro.gov.br/sistemas-internos/apex/producao/sistemas/thot/arquivos/publicacoes/54943_1730238/anexos/28577_919203/Anexo%20RMD_Maio_26.zip
2023-12-31,Seguradoras,seguradoras,113.588233417,6.108874162,6.123816964,6.108874162,1859.397172046,1859.397172046,DIVERGENCIA_RELEVANTE_NA_FONTE,https://www.tesourotransparente.gov.br/publicacoes/relatorio-mensal-da-divida-rmd/2026/5,https://cdn.tesouro.gov.br/sistemas-internos/apex/producao/sistemas/thot/arquivos/publicacoes/54943_1730238/anexos/28577_919203/Anexo%20RMD_Maio_26.zip
2023-12-31,Outros,outros,137.157904238,7.376471595,7.376471595,7.376471595,1859.397172046,1859.397172046,DIVERGENCIA_RELEVANTE_NA_FONTE,https://www.tesourotransparente.gov.br/publicacoes/relatorio-mensal-da-divida-rmd/2026/5,https://cdn.tesouro.gov.br/sistemas-internos/apex/producao/sistemas/thot/arquivos/publicacoes/54943_1730238/anexos/28577_919203/Anexo%20RMD_Maio_26.zip
2024-01-31,Instituições Financeiras,instituicoes_financeiras,287.129703329,15.210913907,15.210659401,15.210913907,1887.655831125,1887.655831125,OK_ARREDONDAMENTO,https://www.tesourotransparente.gov.br/publicacoes/relatorio-mensal-da-divida-rmd/2026/5,https://cdn.tesouro.gov.br/sistemas-internos/apex/producao/sistemas/thot/arquivos/publicacoes/54943_1730238/anexos/28577_919203/Anexo%20RMD_Maio_26.zip
2024-01-31,Fundos,fundos,363.413591004,19.25211074,19.251788618,19.25211074,1887.655831125,1887.655831125,OK_ARREDONDAMENTO,https://www.tesourotransparente.gov.br/publicacoes/relatorio-mensal-da-divida-rmd/2026/5,https://cdn.tesouro.gov.br/sistemas-internos/apex/producao/sistemas/thot/arquivos/publicacoes/54943_1730238/anexos/28577_919203/Anexo%20RMD_Maio_26.zip
2024-01-31,Não-residentes,nao_residentes,53.513620096,2.834924631,2.834877197,2.834924631,1887.655831125,1887.655831125,OK_ARREDONDAMENTO,https://www.tesourotransparente.gov.br/publicacoes/relatorio-mensal-da-divida-rmd/2026/5,https://cdn.tesouro.gov.br/sistemas-internos/apex/producao/sistemas/thot/arquivos/publicacoes/54943_1730238/anexos/28577_919203/Anexo%20RMD_Maio_26.zip
2024-01-31,Previdência,previdencia,833.375175963,44.148682309,44.147943622,44.148682309,1887.655831125,1887.655831125,OK_ARREDONDAMENTO,https://www.tesourotransparente.gov.br/publicacoes/relatorio-mensal-da-divida-rmd/2026/5,https://cdn.tesouro.gov.br/sistemas-internos/apex/producao/sistemas/thot/arquivos/publicacoes/54943_1730238/anexos/28577_919203/Anexo%20RMD_Maio_26.zip
2024-01-31,Governo,governo,94.212057077,4.990955211,4.990871704,4.990955211,1887.655831125,1887.655831125,OK_ARREDONDAMENTO,https://www.tesourotransparente.gov.br/publicacoes/relatorio-mensal-da-divida-rmd/2026/5,https://cdn.tesouro.gov.br/sistemas-internos/apex/producao/sistemas/thot/arquivos/publicacoes/54943_1730238/anexos/28577_919203/Anexo%20RMD_Maio_26.zip
2024-01-31,Seguradoras,seguradoras,120.995552245,6.409831191,6.409723943,6.409831191,1887.655831125,1887.655831125,OK_ARREDONDAMENTO,https://www.tesourotransparente.gov.br/publicacoes/relatorio-mensal-da-divida-rmd/2026/5,https://cdn.tesouro.gov.br/sistemas-internos/apex/producao/sistemas/thot/arquivos/publicacoes/54943_1730238/anexos/28577_919203/Anexo%20RMD_Maio_26.zip
2024-01-31,Outros,outros,135.016131412,7.152582011,7.152582011,7.152582011,1887.655831125,1887.655831125,OK_ARREDONDAMENTO,https://www.tesourotransparente.gov.br/publicacoes/relatorio-mensal-da-divida-rmd/2026/5,https://cdn.tesouro.gov.br/sistemas-internos/apex/producao/sistemas/thot/arquivos/publicacoes/54943_1730238/anexos/28577_919203/Anexo%20RMD_Maio_26.zip
2024-02-29,Instituições Financeiras,instituicoes_financeiras,304.60948601,16.186568269,16.18631394,16.186568269,1881.865760221,1881.865760221,OK_ARREDONDAMENTO,https://www.tesourotransparente.gov.br/publicacoes/relatorio-mensal-da-divida-rmd/2026/5,https://cdn.tesouro.gov.br/sistemas-internos/apex/producao/sistemas/thot/arquivos/publicacoes/54943_1730238/anexos/28577_919203/Anexo%20RMD_Maio_26.zip
2024-02-29,Fundos,fundos,348.680430938,18.52844333,18.528152205,18.52844333,1881.865760221,1881.865760221,OK_ARREDONDAMENTO,https://www.tesourotransparente.gov.br/publicacoes/relatorio-mensal-da-divida-rmd/2026/5,https://cdn.tesouro.gov.br/sistemas-internos/apex/producao/sistemas/thot/arquivos/publicacoes/54943_1730238/anexos/28577_919203/Anexo%20RMD_Maio_26.zip
2024-02-29,Não-residentes,nao_residentes,53.527506566,2.844384955,2.844340264,2.844384955,1881.865760221,1881.865760221,OK_ARREDONDAMENTO,https://www.tesourotransparente.gov.br/publicacoes/relatorio-mensal-da-divida-rmd/2026/5,https://cdn.tesouro.gov.br/sistemas-internos/apex/producao/sistemas/thot/arquivos/publicacoes/54943_1730238/anexos/28577_919203/Anexo%20RMD_Maio_26.zip
2024-02-29,Previdência,previdencia,823.239390504,43.745914714,43.745227363,43.745914714,1881.865760221,1881.865760221,OK_ARREDONDAMENTO,https://www.tesourotransparente.gov.br/publicacoes/relatorio-mensal-da-divida-rmd/2026/5,https://cdn.tesouro.gov.br/sistemas-internos/apex/producao/sistemas/thot/arquivos/publicacoes/54943_1730238/anexos/28577_919203/Anexo%20RMD_Maio_26.zip
2024-02-29,Governo,governo,95.591557251,5.079616159,5.079536347,5.079616159,1881.865760221,1881.865760221,OK_ARREDONDAMENTO,https://www.tesourotransparente.gov.br/publicacoes/relatorio-mensal-da-divida-rmd/2026/5,https://cdn.tesouro.gov.br/sistemas-internos/apex/producao/sistemas/thot/arquivos/publicacoes/54943_1730238/anexos/28577_919203/Anexo%20RMD_Maio_26.zip
2024-02-29,Seguradoras,seguradoras,120.714635383,6.414625205,6.414524416,6.414625205,1881.865760221,1881.865760221,OK_ARREDONDAMENTO,https://www.tesourotransparente.gov.br/publicacoes/relatorio-mensal-da-divida-rmd/2026/5,https://cdn.tesouro.gov.br/sistemas-internos/apex/producao/sistemas/thot/arquivos/publicacoes/54943_1730238/anexos/28577_919203/Anexo%20RMD_Maio_26.zip
2024-02-29,Outros,outros,135.502753569,7.200447366,7.200447366,7.200447366,1881.865760221,1881.865760221,OK_ARREDONDAMENTO,https://www.tesourotransparente.gov.br/publicacoes/relatorio-mensal-da-divida-rmd/2026/5,https://cdn.tesouro.gov.br/sistemas-internos/apex/producao/sistemas/thot/arquivos/publicacoes/54943_1730238/anexos/28577_919203/Anexo%20RMD_Maio_26.zip
2024-03-31,Instituições Financeiras,instituicoes_financeiras,320.340583884,16.80856393,16.808276781,16.80856393,1905.81768448,1905.81768448,OK_ARREDONDAMENTO,https://www.tesourotransparente.gov.br/publicacoes/relatorio-mensal-da-divida-rmd/2026/5,https://cdn.tesouro.gov.br/sistemas-internos/apex/producao/sistemas/thot/arquivos/publicacoes/54943_1730238/anexos/28577_919203/Anexo%20RMD_Maio_26.zip
2024-03-31,Fundos,fundos,348.507739006,18.286520366,18.286207968,18.286520366,1905.81768448,1905.81768448,OK_ARREDONDAMENTO,https://www.tesourotransparente.gov.br/publicacoes/relatorio-mensal-da-divida-rmd/2026/5,https://cdn.tesouro.gov.br/sistemas-internos/apex/producao/sistemas/thot/arquivos/publicacoes/54943_1730238/anexos/28577_919203/Anexo%20RMD_Maio_26.zip
2024-03-31,Não-residentes,nao_residentes,53.813397077,2.823638248,2.823590011,2.823638248,1905.81768448,1905.81768448,OK_ARREDONDAMENTO,https://www.tesourotransparente.gov.br/publicacoes/relatorio-mensal-da-divida-rmd/2026/5,https://cdn.tesouro.gov.br/sistemas-internos/apex/producao/sistemas/thot/arquivos/publicacoes/54943_1730238/anexos/28577_919203/Anexo%20RMD_Maio_26.zip
2024-03-31,Previdência,previdencia,831.899545885,43.650531353,43.64978565,43.650531353,1905.81768448,1905.81768448,OK_ARREDONDAMENTO,https://www.tesourotransparente.gov.br/publicacoes/relatorio-mensal-da-divida-rmd/2026/5,https://cdn.tesouro.gov.br/sistemas-internos/apex/producao/sistemas/thot/arquivos/publicacoes/54943_1730238/anexos/28577_919203/Anexo%20RMD_Maio_26.zip
2024-03-31,Governo,governo,96.919839123,5.085472756,5.085385878,5.085472756,1905.81768448,1905.81768448,OK_ARREDONDAMENTO,https://www.tesourotransparente.gov.br/publicacoes/relatorio-mensal-da-divida-rmd/2026/5,https://cdn.tesouro.gov.br/sistemas-internos/apex/producao/sistemas/thot/arquivos/publicacoes/54943_1730238/anexos/28577_919203/Anexo%20RMD_Maio_26.zip
2024-03-31,Seguradoras,seguradoras,116.297915122,6.102258158,6.10215391,6.102258158,1905.81768448,1905.81768448,OK_ARREDONDAMENTO,https://www.tesourotransparente.gov.br/publicacoes/relatorio-mensal-da-divida-rmd/2026/5,https://cdn.tesouro.gov.br/sistemas-internos/apex/producao/sistemas/thot/arquivos/publicacoes/54943_1730238/anexos/28577_919203/Anexo%20RMD_Maio_26.zip
2024-03-31,Outros,outros,138.038664383,7.24301519,7.24301519,7.24301519,1905.81768448,1905.81768448,OK_ARREDONDAMENTO,https://www.tesourotransparente.gov.br/publicacoes/relatorio-mensal-da-divida-rmd/2026/5,https://cdn.tesouro.gov.br/sistemas-internos/apex/producao/sistemas/thot/arquivos/publicacoes/54943_1730238/anexos/28577_919203/Anexo%20RMD_Maio_26.zip
2024-04-30,Instituições Financeiras,instituicoes_financeiras,319.923489424,16.567176268,16.566868849,16.567176268,1931.068301884,1931.068301884,OK_ARREDONDAMENTO,https://www.tesourotransparente.gov.br/publicacoes/relatorio-mensal-da-divida-rmd/2026/5,https://cdn.tesouro.gov.br/sistemas-internos/apex/producao/sistemas/thot/arquivos/publicacoes/54943_1730238/anexos/28577_919203/Anexo%20RMD_Maio_26.zip
2024-04-30,Fundos,fundos,349.59200331,18.103554544,18.103218617,18.103554544,1931.068301884,1931.068301884,OK_ARREDONDAMENTO,https://www.tesourotransparente.gov.br/publicacoes/relatorio-mensal-da-divida-rmd/2026/5,https://cdn.tesouro.gov.br/sistemas-internos/apex/producao/sistemas/thot/arquivos/publicacoes/54943_1730238/anexos/28577_919203/Anexo%20RMD_Maio_26.zip
2024-04-30,Não-residentes,nao_residentes,56.479290767,2.924769192,2.92471492,2.924769192,1931.068301884,1931.068301884,OK_ARREDONDAMENTO,https://www.tesourotransparente.gov.br/publicacoes/relatorio-mensal-da-divida-rmd/2026/5,https://cdn.tesouro.gov.br/sistemas-internos/apex/producao/sistemas/thot/arquivos/publicacoes/54943_1730238/anexos/28577_919203/Anexo%20RMD_Maio_26.zip
2024-04-30,Previdência,previdencia,845.286965127,43.773022648,43.772210401,43.773022648,1931.068301884,1931.068301884,OK_ARREDONDAMENTO,https://www.tesourotransparente.gov.br/publicacoes/relatorio-mensal-da-divida-rmd/2026/5,https://cdn.tesouro.gov.br/sistemas-internos/apex/producao/sistemas/thot/arquivos/publicacoes/54943_1730238/anexos/28577_919203/Anexo%20RMD_Maio_26.zip
2024-04-30,Governo,governo,97.118502329,5.029262934,5.029169611,5.029262934,1931.068301884,1931.068301884,OK_ARREDONDAMENTO,https://www.tesourotransparente.gov.br/publicacoes/relatorio-mensal-da-divida-rmd/2026/5,https://cdn.tesouro.gov.br/sistemas-internos/apex/producao/sistemas/thot/arquivos/publicacoes/54943_1730238/anexos/28577_919203/Anexo%20RMD_Maio_26.zip
2024-04-30,Seguradoras,seguradoras,118.081994694,6.114853347,6.114739881,6.114853347,1931.068301884,1931.068301884,OK_ARREDONDAMENTO,https://www.tesourotransparente.gov.br/publicacoes/relatorio-mensal-da-divida-rmd/2026/5,https://cdn.tesouro.gov.br/sistemas-internos/apex/producao/sistemas/thot/arquivos/publicacoes/54943_1730238/anexos/28577_919203/Anexo%20RMD_Maio_26.zip
2024-04-30,Outros,outros,144.586056234,7.487361068,7.487361068,7.487361068,1931.068301884,1931.068301884,OK_ARREDONDAMENTO,https://www.tesourotransparente.gov.br/publicacoes/relatorio-mensal-da-divida-rmd/2026/5,https://cdn.tesouro.gov.br/sistemas-internos/apex/producao/sistemas/thot/arquivos/publicacoes/54943_1730238/anexos/28577_919203/Anexo%20RMD_Maio_26.zip
2024-05-31,Instituições Financeiras,instituicoes_financeiras,339.390733422,17.404106199,17.403849485,17.404106199,1950.061264554,1950.061264554,OK_ARREDONDAMENTO,https://www.tesourotransparente.gov.br/publicacoes/relatorio-mensal-da-divida-rmd/2026/5,https://cdn.tesouro.gov.br/sistemas-internos/apex/producao/sistemas/thot/arquivos/publicacoes/54943_1730238/anexos/28577_919203/Anexo%20RMD_Maio_26.zip
2024-05-31,Fundos,fundos,349.086807162,17.901325128,17.90106108,17.901325128,1950.061264554,1950.061264554,OK_ARREDONDAMENTO,https://www.tesourotransparente.gov.br/publicacoes/relatorio-mensal-da-divida-rmd/2026/5,https://cdn.tesouro.gov.br/sistemas-internos/apex/producao/sistemas/thot/arquivos/publicacoes/54943_1730238/anexos/28577_919203/Anexo%20RMD_Maio_26.zip
2024-05-31,Não-residentes,nao_residentes,53.573320002,2.747263431,2.747222908,2.747263431,1950.061264554,1950.061264554,OK_ARREDONDAMENTO,https://www.tesourotransparente.gov.br/publicacoes/relatorio-mensal-da-divida-rmd/2026/5,https://cdn.tesouro.gov.br/sistemas-internos/apex/producao/sistemas/thot/arquivos/publicacoes/54943_1730238/anexos/28577_919203/Anexo%20RMD_Maio_26.zip
2024-05-31,Previdência,previdencia,845.297823799,43.347244477,43.346605097,43.347244477,1950.061264554,1950.061264554,OK_ARREDONDAMENTO,https://www.tesourotransparente.gov.br/publicacoes/relatorio-mensal-da-divida-rmd/2026/5,https://cdn.tesouro.gov.br/sistemas-internos/apex/producao/sistemas/thot/arquivos/publicacoes/54943_1730238/anexos/28577_919203/Anexo%20RMD_Maio_26.zip
2024-05-31,Governo,governo,94.391221043,4.840423363,4.840351966,4.840423363,1950.061264554,1950.061264554,OK_ARREDONDAMENTO,https://www.tesourotransparente.gov.br/publicacoes/relatorio-mensal-da-divida-rmd/2026/5,https://cdn.tesouro.gov.br/sistemas-internos/apex/producao/sistemas/thot/arquivos/publicacoes/54943_1730238/anexos/28577_919203/Anexo%20RMD_Maio_26.zip
2024-05-31,Seguradoras,seguradoras,118.449069499,6.074120421,6.074030827,6.074120421,1950.061264554,1950.061264554,OK_ARREDONDAMENTO,https://www.tesourotransparente.gov.br/publicacoes/relatorio-mensal-da-divida-rmd/2026/5,https://cdn.tesouro.gov.br/sistemas-internos/apex/producao/sistemas/thot/arquivos/publicacoes/54943_1730238/anexos/28577_919203/Anexo%20RMD_Maio_26.zip
2024-05-31,Outros,outros,149.872289628,7.685516981,7.685516981,7.685516981,1950.061264554,1950.061264554,OK_ARREDONDAMENTO,https://www.tesourotransparente.gov.br/publicacoes/relatorio-mensal-da-divida-rmd/2026/5,https://cdn.tesouro.gov.br/sistemas-internos/apex/producao/sistemas/thot/arquivos/publicacoes/54943_1730238/anexos/28577_919203/Anexo%20RMD_Maio_26.zip
2024-06-30,Instituições Financeiras,instituicoes_financeiras,357.973049007,18.119217909,18.118966519,18.119217909,1975.653975851,1975.653975851,OK_ARREDONDAMENTO,https://www.tesourotransparente.gov.br/publicacoes/relatorio-mensal-da-divida-rmd/2026/5,https://cdn.tesouro.gov.br/sistemas-internos/apex/producao/sistemas/thot/arquivos/publicacoes/54943_1730238/anexos/28577_919203/Anexo%20RMD_Maio_26.zip
2024-06-30,Fundos,fundos,340.173460523,17.21827125,17.21803236,17.21827125,1975.653975851,1975.653975851,OK_ARREDONDAMENTO,https://www.tesourotransparente.gov.br/publicacoes/relatorio-mensal-da-divida-rmd/2026/5,https://cdn.tesouro.gov.br/sistemas-internos/apex/producao/sistemas/thot/arquivos/publicacoes/54943_1730238/anexos/28577_919203/Anexo%20RMD_Maio_26.zip
2024-06-30,Não-residentes,nao_residentes,53.413846348,2.703603313,2.703565803,2.703603313,1975.653975851,1975.653975851,OK_ARREDONDAMENTO,https://www.tesourotransparente.gov.br/publicacoes/relatorio-mensal-da-divida-rmd/2026/5,https://cdn.tesouro.gov.br/sistemas-internos/apex/producao/sistemas/thot/arquivos/publicacoes/54943_1730238/anexos/28577_919203/Anexo%20RMD_Maio_26.zip
2024-06-30,Previdência,previdencia,856.319408703,43.34359251,43.342991151,43.34359251,1975.653975851,1975.653975851,OK_ARREDONDAMENTO,https://www.tesourotransparente.gov.br/publicacoes/relatorio-mensal-da-divida-rmd/2026/5,https://cdn.tesouro.gov.br/sistemas-internos/apex/producao/sistemas/thot/arquivos/publicacoes/54943_1730238/anexos/28577_919203/Anexo%20RMD_Maio_26.zip
2024-06-30,Governo,governo,91.947823167,4.654044903,4.653980332,4.654044903,1975.653975851,1975.653975851,OK_ARREDONDAMENTO,https://www.tesourotransparente.gov.br/publicacoes/relatorio-mensal-da-divida-rmd/2026/5,https://cdn.tesouro.gov.br/sistemas-internos/apex/producao/sistemas/thot/arquivos/publicacoes/54943_1730238/anexos/28577_919203/Anexo%20RMD_Maio_26.zip
2024-06-30,Seguradoras,seguradoras,118.944826314,6.020529291,6.020445761,6.020529291,1975.653975851,1975.653975851,OK_ARREDONDAMENTO,https://www.tesourotransparente.gov.br/publicacoes/relatorio-mensal-da-divida-rmd/2026/5,https://cdn.tesouro.gov.br/sistemas-internos/apex/producao/sistemas/thot/arquivos/publicacoes/54943_1730238/anexos/28577_919203/Anexo%20RMD_Maio_26.zip
2024-06-30,Outros,outros,156.881561788,7.940740823,7.940740823,7.940740823,1975.653975851,1975.653975851,OK_ARREDONDAMENTO,https://www.tesourotransparente.gov.br/publicacoes/relatorio-mensal-da-divida-rmd/2026/5,https://cdn.tesouro.gov.br/sistemas-internos/apex/producao/sistemas/thot/arquivos/publicacoes/54943_1730238/anexos/28577_919203/Anexo%20RMD_Maio_26.zip
2024-07-31,Instituições Financeiras,instituicoes_financeiras,380.099969796,18.933764742,18.93347502,18.600788734,2007.524520211,2043.461571661,DIVERGENCIA_RELEVANTE_NA_FONTE,https://www.tesourotransparente.gov.br/publicacoes/relatorio-mensal-da-divida-rmd/2026/5,https://cdn.tesouro.gov.br/sistemas-internos/apex/producao/sistemas/thot/arquivos/publicacoes/54943_1730238/anexos/28577_919203/Anexo%20RMD_Maio_26.zip
2024-07-31,Fundos,fundos,333.393709464,16.607204849,16.606950728,16.315144561,2007.524520211,2043.461571661,DIVERGENCIA_RELEVANTE_NA_FONTE,https://www.tesourotransparente.gov.br/publicacoes/relatorio-mensal-da-divida-rmd/2026/5,https://cdn.tesouro.gov.br/sistemas-internos/apex/producao/sistemas/thot/arquivos/publicacoes/54943_1730238/anexos/28577_919203/Anexo%20RMD_Maio_26.zip
2024-07-31,Não-residentes,nao_residentes,45.81983361,2.28240468,2.282369755,2.242265489,2007.524520211,2043.461571661,DIVERGENCIA_RELEVANTE_NA_FONTE,https://www.tesourotransparente.gov.br/publicacoes/relatorio-mensal-da-divida-rmd/2026/5,https://cdn.tesouro.gov.br/sistemas-internos/apex/producao/sistemas/thot/arquivos/publicacoes/54943_1730238/anexos/28577_919203/Anexo%20RMD_Maio_26.zip
2024-07-31,Previdência,previdencia,868.070410563,43.240837251,43.240175587,42.480388308,2007.524520211,2043.461571661,DIVERGENCIA_RELEVANTE_NA_FONTE,https://www.tesourotransparente.gov.br/publicacoes/relatorio-mensal-da-divida-rmd/2026/5,https://cdn.tesouro.gov.br/sistemas-internos/apex/producao/sistemas/thot/arquivos/publicacoes/54943_1730238/anexos/28577_919203/Anexo%20RMD_Maio_26.zip
2024-07-31,Governo,governo,92.226288585,4.594030492,4.593960194,4.513238216,2007.524520211,2043.461571661,DIVERGENCIA_RELEVANTE_NA_FONTE,https://www.tesourotransparente.gov.br/publicacoes/relatorio-mensal-da-divida-rmd/2026/5,https://cdn.tesouro.gov.br/sistemas-internos/apex/producao/sistemas/thot/arquivos/publicacoes/54943_1730238/anexos/28577_919203/Anexo%20RMD_Maio_26.zip
2024-07-31,Seguradoras,seguradoras,120.578771472,6.006341156,6.006249248,5.900711476,2007.524520211,2043.461571661,DIVERGENCIA_RELEVANTE_NA_FONTE,https://www.tesourotransparente.gov.br/publicacoes/relatorio-mensal-da-divida-rmd/2026/5,https://cdn.tesouro.gov.br/sistemas-internos/apex/producao/sistemas/thot/arquivos/publicacoes/54943_1730238/anexos/28577_919203/Anexo%20RMD_Maio_26.zip
2024-07-31,Outros,outros,167.335536721,8.33541683,8.188827186,8.188827186,2007.524520211,2043.461571661,DIVERGENCIA_RELEVANTE_NA_FONTE,https://www.tesourotransparente.gov.br/publicacoes/relatorio-mensal-da-divida-rmd/2026/5,https://cdn.tesouro.gov.br/sistemas-internos/apex/producao/sistemas/thot/arquivos/publicacoes/54943_1730238/anexos/28577_919203/Anexo%20RMD_Maio_26.zip
2024-08-31,Instituições Financeiras,instituicoes_financeiras,256.408451953,14.442543963,14.442327438,14.442543963,1775.369025086,1775.369025086,OK_ARREDONDAMENTO,https://www.tesourotransparente.gov.br/publicacoes/relatorio-mensal-da-divida-rmd/2026/5,https://cdn.tesouro.gov.br/sistemas-internos/apex/producao/sistemas/thot/arquivos/publicacoes/54943_1730238/anexos/28577_919203/Anexo%20RMD_Maio_26.zip
2024-08-31,Fundos,fundos,295.709837509,16.656246298,16.655996585,16.656246298,1775.369025086,1775.369025086,OK_ARREDONDAMENTO,https://www.tesourotransparente.gov.br/publicacoes/relatorio-mensal-da-divida-rmd/2026/5,https://cdn.tesouro.gov.br/sistemas-internos/apex/producao/sistemas/thot/arquivos/publicacoes/54943_1730238/anexos/28577_919203/Anexo%20RMD_Maio_26.zip
2024-08-31,Não-residentes,nao_residentes,39.742928319,2.238572813,2.238539252,2.238572813,1775.369025086,1775.369025086,OK_ARREDONDAMENTO,https://www.tesourotransparente.gov.br/publicacoes/relatorio-mensal-da-divida-rmd/2026/5,https://cdn.tesouro.gov.br/sistemas-internos/apex/producao/sistemas/thot/arquivos/publicacoes/54943_1730238/anexos/28577_919203/Anexo%20RMD_Maio_26.zip
2024-08-31,Previdência,previdencia,832.491661283,46.891189917,46.890486918,46.891189917,1775.369025086,1775.369025086,OK_ARREDONDAMENTO,https://www.tesourotransparente.gov.br/publicacoes/relatorio-mensal-da-divida-rmd/2026/5,https://cdn.tesouro.gov.br/sistemas-internos/apex/producao/sistemas/thot/arquivos/publicacoes/54943_1730238/anexos/28577_919203/Anexo%20RMD_Maio_26.zip
2024-08-31,Governo,governo,79.732123132,4.49101691,4.49094958,4.49101691,1775.369025086,1775.369025086,OK_ARREDONDAMENTO,https://www.tesourotransparente.gov.br/publicacoes/relatorio-mensal-da-divida-rmd/2026/5,https://cdn.tesouro.gov.br/sistemas-internos/apex/producao/sistemas/thot/arquivos/publicacoes/54943_1730238/anexos/28577_919203/Anexo%20RMD_Maio_26.zip
2024-08-31,Seguradoras,seguradoras,114.715606788,6.46150773,6.461410858,6.46150773,1775.369025086,1775.369025086,OK_ARREDONDAMENTO,https://www.tesourotransparente.gov.br/publicacoes/relatorio-mensal-da-divida-rmd/2026/5,https://cdn.tesouro.gov.br/sistemas-internos/apex/producao/sistemas/thot/arquivos/publicacoes/54943_1730238/anexos/28577_919203/Anexo%20RMD_Maio_26.zip
2024-08-31,Outros,outros,156.568416102,8.81892237,8.81892237,8.81892237,1775.369025086,1775.369025086,OK_ARREDONDAMENTO,https://www.tesourotransparente.gov.br/publicacoes/relatorio-mensal-da-divida-rmd/2026/5,https://cdn.tesouro.gov.br/sistemas-internos/apex/producao/sistemas/thot/arquivos/publicacoes/54943_1730238/anexos/28577_919203/Anexo%20RMD_Maio_26.zip
2024-09-30,Instituições Financeiras,instituicoes_financeiras,279.216099859,15.434111375,15.444270189,15.434111375,1809.084391517,1809.084391517,DIVERGENCIA_RELEVANTE_NA_FONTE,https://www.tesourotransparente.gov.br/publicacoes/relatorio-mensal-da-divida-rmd/2026/5,https://cdn.tesouro.gov.br/sistemas-internos/apex/producao/sistemas/thot/arquivos/publicacoes/54943_1730238/anexos/28577_919203/Anexo%20RMD_Maio_26.zip
2024-09-30,Fundos,fundos,293.136661631,16.203592436,16.214257727,16.203592436,1809.084391517,1809.084391517,DIVERGENCIA_RELEVANTE_NA_FONTE,https://www.tesourotransparente.gov.br/publicacoes/relatorio-mensal-da-divida-rmd/2026/5,https://cdn.tesouro.gov.br/sistemas-internos/apex/producao/sistemas/thot/arquivos/publicacoes/54943_1730238/anexos/28577_919203/Anexo%20RMD_Maio_26.zip
2024-09-30,Não-residentes,nao_residentes,41.366686796,2.286609016,2.288114074,2.286609016,1809.084391517,1809.084391517,DIVERGENCIA_RELEVANTE_NA_FONTE,https://www.tesourotransparente.gov.br/publicacoes/relatorio-mensal-da-divida-rmd/2026/5,https://cdn.tesouro.gov.br/sistemas-internos/apex/producao/sistemas/thot/arquivos/publicacoes/54943_1730238/anexos/28577_919203/Anexo%20RMD_Maio_26.zip
2024-09-30,Previdência,previdencia,835.595725877,46.188874869,46.219276632,46.188874869,1809.084391517,1809.084391517,DIVERGENCIA_RELEVANTE_NA_FONTE,https://www.tesourotransparente.gov.br/publicacoes/relatorio-mensal-da-divida-rmd/2026/5,https://cdn.tesouro.gov.br/sistemas-internos/apex/producao/sistemas/thot/arquivos/publicacoes/54943_1730238/anexos/28577_919203/Anexo%20RMD_Maio_26.zip
2024-09-30,Governo,governo,82.155677792,4.541284982,4.54427408,4.541284982,1809.084391517,1809.084391517,DIVERGENCIA_RELEVANTE_NA_FONTE,https://www.tesourotransparente.gov.br/publicacoes/relatorio-mensal-da-divida-rmd/2026/5,https://cdn.tesouro.gov.br/sistemas-internos/apex/producao/sistemas/thot/arquivos/publicacoes/54943_1730238/anexos/28577_919203/Anexo%20RMD_Maio_26.zip
2024-09-30,Seguradoras,seguradoras,114.957184352,6.354440119,6.358622645,6.354440119,1809.084391517,1809.084391517,DIVERGENCIA_RELEVANTE_NA_FONTE,https://www.tesourotransparente.gov.br/publicacoes/relatorio-mensal-da-divida-rmd/2026/5,https://cdn.tesouro.gov.br/sistemas-internos/apex/producao/sistemas/thot/arquivos/publicacoes/54943_1730238/anexos/28577_919203/Anexo%20RMD_Maio_26.zip
2024-09-30,Outros,outros,162.656355211,8.991087203,8.991087203,8.991087203,1809.084391517,1809.084391517,DIVERGENCIA_RELEVANTE_NA_FONTE,https://www.tesourotransparente.gov.br/publicacoes/relatorio-mensal-da-divida-rmd/2026/5,https://cdn.tesouro.gov.br/sistemas-internos/apex/producao/sistemas/thot/arquivos/publicacoes/54943_1730238/anexos/28577_919203/Anexo%20RMD_Maio_26.zip
2024-10-31,Instituições Financeiras,instituicoes_financeiras,288.485974749,15.638629012,15.638353175,15.638629012,1844.701185272,1844.701185272,OK_ARREDONDAMENTO,https://www.tesourotransparente.gov.br/publicacoes/relatorio-mensal-da-divida-rmd/2026/5,https://cdn.tesouro.gov.br/sistemas-internos/apex/producao/sistemas/thot/arquivos/publicacoes/54943_1730238/anexos/28577_919203/Anexo%20RMD_Maio_26.zip
2024-10-31,Fundos,fundos,300.487293267,16.289212349,16.288925036,16.289212349,1844.701185272,1844.701185272,OK_ARREDONDAMENTO,https://www.tesourotransparente.gov.br/publicacoes/relatorio-mensal-da-divida-rmd/2026/5,https://cdn.tesouro.gov.br/sistemas-internos/apex/producao/sistemas/thot/arquivos/publicacoes/54943_1730238/anexos/28577_919203/Anexo%20RMD_Maio_26.zip
2024-10-31,Não-residentes,nao_residentes,42.377697731,2.297266249,2.29722573,2.297266249,1844.701185272,1844.701185272,OK_ARREDONDAMENTO,https://www.tesourotransparente.gov.br/publicacoes/relatorio-mensal-da-divida-rmd/2026/5,https://cdn.tesouro.gov.br/sistemas-internos/apex/producao/sistemas/thot/arquivos/publicacoes/54943_1730238/anexos/28577_919203/Anexo%20RMD_Maio_26.zip
2024-10-31,Previdência,previdencia,847.217424508,45.927081918,45.926271847,45.927081918,1844.701185272,1844.701185272,OK_ARREDONDAMENTO,https://www.tesourotransparente.gov.br/publicacoes/relatorio-mensal-da-divida-rmd/2026/5,https://cdn.tesouro.gov.br/sistemas-internos/apex/producao/sistemas/thot/arquivos/publicacoes/54943_1730238/anexos/28577_919203/Anexo%20RMD_Maio_26.zip
2024-10-31,Governo,governo,84.256232625,4.56747322,4.567392658,4.56747322,1844.701185272,1844.701185272,OK_ARREDONDAMENTO,https://www.tesourotransparente.gov.br/publicacoes/relatorio-mensal-da-divida-rmd/2026/5,https://cdn.tesouro.gov.br/sistemas-internos/apex/producao/sistemas/thot/arquivos/publicacoes/54943_1730238/anexos/28577_919203/Anexo%20RMD_Maio_26.zip
2024-10-31,Seguradoras,seguradoras,114.341368258,6.198368016,6.198258688,6.198368016,1844.701185272,1844.701185272,OK_ARREDONDAMENTO,https://www.tesourotransparente.gov.br/publicacoes/relatorio-mensal-da-divida-rmd/2026/5,https://cdn.tesouro.gov.br/sistemas-internos/apex/producao/sistemas/thot/arquivos/publicacoes/54943_1730238/anexos/28577_919203/Anexo%20RMD_Maio_26.zip
2024-10-31,Outros,outros,167.535194135,9.081969236,9.081969236,9.081969236,1844.701185272,1844.701185272,OK_ARREDONDAMENTO,https://www.tesourotransparente.gov.br/publicacoes/relatorio-mensal-da-divida-rmd/2026/5,https://cdn.tesouro.gov.br/sistemas-internos/apex/producao/sistemas/thot/arquivos/publicacoes/54943_1730238/anexos/28577_919203/Anexo%20RMD_Maio_26.zip
2024-11-30,Instituições Financeiras,instituicoes_financeiras,296.406680061,15.960991241,15.96076332,15.960991241,1857.069373565,1857.069373565,OK_ARREDONDAMENTO,https://www.tesourotransparente.gov.br/publicacoes/relatorio-mensal-da-divida-rmd/2026/5,https://cdn.tesouro.gov.br/sistemas-internos/apex/producao/sistemas/thot/arquivos/publicacoes/54943_1730238/anexos/28577_919203/Anexo%20RMD_Maio_26.zip
2024-11-30,Fundos,fundos,296.987583423,15.992271891,15.992043522,15.992271891,1857.069373565,1857.069373565,OK_ARREDONDAMENTO,https://www.tesourotransparente.gov.br/publicacoes/relatorio-mensal-da-divida-rmd/2026/5,https://cdn.tesouro.gov.br/sistemas-internos/apex/producao/sistemas/thot/arquivos/publicacoes/54943_1730238/anexos/28577_919203/Anexo%20RMD_Maio_26.zip
2024-11-30,Não-residentes,nao_residentes,40.845613015,2.199466191,2.199434783,2.199466191,1857.069373565,1857.069373565,OK_ARREDONDAMENTO,https://www.tesourotransparente.gov.br/publicacoes/relatorio-mensal-da-divida-rmd/2026/5,https://cdn.tesouro.gov.br/sistemas-internos/apex/producao/sistemas/thot/arquivos/publicacoes/54943_1730238/anexos/28577_919203/Anexo%20RMD_Maio_26.zip
2024-11-30,Previdência,previdencia,853.160752209,45.941242926,45.940586888,45.941242926,1857.069373565,1857.069373565,OK_ARREDONDAMENTO,https://www.tesourotransparente.gov.br/publicacoes/relatorio-mensal-da-divida-rmd/2026/5,https://cdn.tesouro.gov.br/sistemas-internos/apex/producao/sistemas/thot/arquivos/publicacoes/54943_1730238/anexos/28577_919203/Anexo%20RMD_Maio_26.zip
2024-11-30,Governo,governo,83.640081244,4.503874892,4.503810577,4.503874892,1857.069373565,1857.069373565,OK_ARREDONDAMENTO,https://www.tesourotransparente.gov.br/publicacoes/relatorio-mensal-da-divida-rmd/2026/5,https://cdn.tesouro.gov.br/sistemas-internos/apex/producao/sistemas/thot/arquivos/publicacoes/54943_1730238/anexos/28577_919203/Anexo%20RMD_Maio_26.zip
2024-11-30,Seguradoras,seguradoras,114.521211763,6.166770795,6.166682733,6.166770795,1857.069373565,1857.069373565,OK_ARREDONDAMENTO,https://www.tesourotransparente.gov.br/publicacoes/relatorio-mensal-da-divida-rmd/2026/5,https://cdn.tesouro.gov.br/sistemas-internos/apex/producao/sistemas/thot/arquivos/publicacoes/54943_1730238/anexos/28577_919203/Anexo%20RMD_Maio_26.zip
2024-11-30,Outros,outros,171.507451849,9.235382064,9.235382064,9.235382064,1857.069373565,1857.069373565,OK_ARREDONDAMENTO,https://www.tesourotransparente.gov.br/publicacoes/relatorio-mensal-da-divida-rmd/2026/5,https://cdn.tesouro.gov.br/sistemas-internos/apex/producao/sistemas/thot/arquivos/publicacoes/54943_1730238/anexos/28577_919203/Anexo%20RMD_Maio_26.zip
2024-12-31,Instituições Financeiras,instituicoes_financeiras,307.305298556,16.328278145,16.328056802,16.328278145,1882.043506532,1882.043506532,OK_ARREDONDAMENTO,https://www.tesourotransparente.gov.br/publicacoes/relatorio-mensal-da-divida-rmd/2026/5,https://cdn.tesouro.gov.br/sistemas-internos/apex/producao/sistemas/thot/arquivos/publicacoes/54943_1730238/anexos/28577_919203/Anexo%20RMD_Maio_26.zip
2024-12-31,Fundos,fundos,288.336800531,15.320411007,15.320203326,15.320411007,1882.043506532,1882.043506532,OK_ARREDONDAMENTO,https://www.tesourotransparente.gov.br/publicacoes/relatorio-mensal-da-divida-rmd/2026/5,https://cdn.tesouro.gov.br/sistemas-internos/apex/producao/sistemas/thot/arquivos/publicacoes/54943_1730238/anexos/28577_919203/Anexo%20RMD_Maio_26.zip
2024-12-31,Não-residentes,nao_residentes,40.149191193,2.133276465,2.133247547,2.133276465,1882.043506532,1882.043506532,OK_ARREDONDAMENTO,https://www.tesourotransparente.gov.br/publicacoes/relatorio-mensal-da-divida-rmd/2026/5,https://cdn.tesouro.gov.br/sistemas-internos/apex/producao/sistemas/thot/arquivos/publicacoes/54943_1730238/anexos/28577_919203/Anexo%20RMD_Maio_26.zip
2024-12-31,Previdência,previdencia,865.376185448,45.980668483,45.980045177,45.980668483,1882.043506532,1882.043506532,OK_ARREDONDAMENTO,https://www.tesourotransparente.gov.br/publicacoes/relatorio-mensal-da-divida-rmd/2026/5,https://cdn.tesouro.gov.br/sistemas-internos/apex/producao/sistemas/thot/arquivos/publicacoes/54943_1730238/anexos/28577_919203/Anexo%20RMD_Maio_26.zip
2024-12-31,Governo,governo,85.988403064,4.568884979,4.568823044,4.568884979,1882.043506532,1882.043506532,OK_ARREDONDAMENTO,https://www.tesourotransparente.gov.br/publicacoes/relatorio-mensal-da-divida-rmd/2026/5,https://cdn.tesouro.gov.br/sistemas-internos/apex/producao/sistemas/thot/arquivos/publicacoes/54943_1730238/anexos/28577_919203/Anexo%20RMD_Maio_26.zip
2024-12-31,Seguradoras,seguradoras,115.827609343,6.154353443,6.154270016,6.154353443,1882.043506532,1882.043506532,OK_ARREDONDAMENTO,https://www.tesourotransparente.gov.br/publicacoes/relatorio-mensal-da-divida-rmd/2026/5,https://cdn.tesouro.gov.br/sistemas-internos/apex/producao/sistemas/thot/arquivos/publicacoes/54943_1730238/anexos/28577_919203/Anexo%20RMD_Maio_26.zip
2024-12-31,Outros,outros,179.060018397,9.514127478,9.514127478,9.514127478,1882.043506532,1882.043506532,OK_ARREDONDAMENTO,https://www.tesourotransparente.gov.br/publicacoes/relatorio-mensal-da-divida-rmd/2026/5,https://cdn.tesouro.gov.br/sistemas-internos/apex/producao/sistemas/thot/arquivos/publicacoes/54943_1730238/anexos/28577_919203/Anexo%20RMD_Maio_26.zip
2025-01-31,Instituições Financeiras,instituicoes_financeiras,310.433891482,16.142184615,16.141945461,16.142184615,1923.121924915,1923.121924915,OK_ARREDONDAMENTO,https://www.tesourotransparente.gov.br/publicacoes/relatorio-mensal-da-divida-rmd/2026/5,https://cdn.tesouro.gov.br/sistemas-internos/apex/producao/sistemas/thot/arquivos/publicacoes/54943_1730238/anexos/28577_919203/Anexo%20RMD_Maio_26.zip
2025-01-31,Fundos,fundos,299.566398435,15.5770882,15.576857419,15.5770882,1923.121924915,1923.121924915,OK_ARREDONDAMENTO,https://www.tesourotransparente.gov.br/publicacoes/relatorio-mensal-da-divida-rmd/2026/5,https://cdn.tesouro.gov.br/sistemas-internos/apex/producao/sistemas/thot/arquivos/publicacoes/54943_1730238/anexos/28577_919203/Anexo%20RMD_Maio_26.zip
2025-01-31,Não-residentes,nao_residentes,40.663287804,2.114441486,2.11441016,2.114441486,1923.121924915,1923.121924915,OK_ARREDONDAMENTO,https://www.tesourotransparente.gov.br/publicacoes/relatorio-mensal-da-divida-rmd/2026/5,https://cdn.tesouro.gov.br/sistemas-internos/apex/producao/sistemas/thot/arquivos/publicacoes/54943_1730238/anexos/28577_919203/Anexo%20RMD_Maio_26.zip
2025-01-31,Previdência,previdencia,876.044128254,45.55322868,45.55255379,45.55322868,1923.121924915,1923.121924915,OK_ARREDONDAMENTO,https://www.tesourotransparente.gov.br/publicacoes/relatorio-mensal-da-divida-rmd/2026/5,https://cdn.tesouro.gov.br/sistemas-internos/apex/producao/sistemas/thot/arquivos/publicacoes/54943_1730238/anexos/28577_919203/Anexo%20RMD_Maio_26.zip
2025-01-31,Governo,governo,93.010895288,4.836453377,4.836381723,4.836453377,1923.121924915,1923.121924915,OK_ARREDONDAMENTO,https://www.tesourotransparente.gov.br/publicacoes/relatorio-mensal-da-divida-rmd/2026/5,https://cdn.tesouro.gov.br/sistemas-internos/apex/producao/sistemas/thot/arquivos/publicacoes/54943_1730238/anexos/28577_919203/Anexo%20RMD_Maio_26.zip
2025-01-31,Seguradoras,seguradoras,118.390877844,6.156181587,6.156090381,6.156181587,1923.121924915,1923.121924915,OK_ARREDONDAMENTO,https://www.tesourotransparente.gov.br/publicacoes/relatorio-mensal-da-divida-rmd/2026/5,https://cdn.tesouro.gov.br/sistemas-internos/apex/producao/sistemas/thot/arquivos/publicacoes/54943_1730238/anexos/28577_919203/Anexo%20RMD_Maio_26.zip
2025-01-31,Outros,outros,185.012445808,9.620422055,9.620422055,9.620422055,1923.121924915,1923.121924915,OK_ARREDONDAMENTO,https://www.tesourotransparente.gov.br/publicacoes/relatorio-mensal-da-divida-rmd/2026/5,https://cdn.tesouro.gov.br/sistemas-internos/apex/producao/sistemas/thot/arquivos/publicacoes/54943_1730238/anexos/28577_919203/Anexo%20RMD_Maio_26.zip
2025-02-28,Instituições Financeiras,instituicoes_financeiras,335.307470211,16.996718733,16.996495009,16.996718733,1972.777660628,1972.777660628,OK_ARREDONDAMENTO,https://www.tesourotransparente.gov.br/publicacoes/relatorio-mensal-da-divida-rmd/2026/5,https://cdn.tesouro.gov.br/sistemas-internos/apex/producao/sistemas/thot/arquivos/publicacoes/54943_1730238/anexos/28577_919203/Anexo%20RMD_Maio_26.zip
2025-02-28,Fundos,fundos,310.477639912,15.738095889,15.737888732,15.738095889,1972.777660628,1972.777660628,OK_ARREDONDAMENTO,https://www.tesourotransparente.gov.br/publicacoes/relatorio-mensal-da-divida-rmd/2026/5,https://cdn.tesouro.gov.br/sistemas-internos/apex/producao/sistemas/thot/arquivos/publicacoes/54943_1730238/anexos/28577_919203/Anexo%20RMD_Maio_26.zip
2025-02-28,Não-residentes,nao_residentes,42.391201014,2.148807839,2.148779554,2.148807839,1972.777660628,1972.777660628,OK_ARREDONDAMENTO,https://www.tesourotransparente.gov.br/publicacoes/relatorio-mensal-da-divida-rmd/2026/5,https://cdn.tesouro.gov.br/sistemas-internos/apex/producao/sistemas/thot/arquivos/publicacoes/54943_1730238/anexos/28577_919203/Anexo%20RMD_Maio_26.zip
2025-02-28,Previdência,previdencia,880.160964662,44.615314854,44.614727591,44.615314854,1972.777660628,1972.777660628,OK_ARREDONDAMENTO,https://www.tesourotransparente.gov.br/publicacoes/relatorio-mensal-da-divida-rmd/2026/5,https://cdn.tesouro.gov.br/sistemas-internos/apex/producao/sistemas/thot/arquivos/publicacoes/54943_1730238/anexos/28577_919203/Anexo%20RMD_Maio_26.zip
2025-02-28,Governo,governo,96.594705599,4.896380749,4.896316299,4.896380749,1972.777660628,1972.777660628,OK_ARREDONDAMENTO,https://www.tesourotransparente.gov.br/publicacoes/relatorio-mensal-da-divida-rmd/2026/5,https://cdn.tesouro.gov.br/sistemas-internos/apex/producao/sistemas/thot/arquivos/publicacoes/54943_1730238/anexos/28577_919203/Anexo%20RMD_Maio_26.zip
2025-02-28,Seguradoras,seguradoras,119.846756044,6.075026012,6.074946048,6.075026012,1972.777660628,1972.777660628,OK_ARREDONDAMENTO,https://www.tesourotransparente.gov.br/publicacoes/relatorio-mensal-da-divida-rmd/2026/5,https://cdn.tesouro.gov.br/sistemas-internos/apex/producao/sistemas/thot/arquivos/publicacoes/54943_1730238/anexos/28577_919203/Anexo%20RMD_Maio_26.zip
2025-02-28,Outros,outros,187.998923186,9.529655923,9.529655923,9.529655923,1972.777660628,1972.777660628,OK_ARREDONDAMENTO,https://www.tesourotransparente.gov.br/publicacoes/relatorio-mensal-da-divida-rmd/2026/5,https://cdn.tesouro.gov.br/sistemas-internos/apex/producao/sistemas/thot/arquivos/publicacoes/54943_1730238/anexos/28577_919203/Anexo%20RMD_Maio_26.zip
2025-03-31,Instituições Financeiras,instituicoes_financeiras,375.088964218,18.624752027,18.624498344,18.624752027,2013.927292468,2013.927292468,OK_ARREDONDAMENTO,https://www.tesourotransparente.gov.br/publicacoes/relatorio-mensal-da-divida-rmd/2026/5,https://cdn.tesouro.gov.br/sistemas-internos/apex/producao/sistemas/thot/arquivos/publicacoes/54943_1730238/anexos/28577_919203/Anexo%20RMD_Maio_26.zip
2025-03-31,Fundos,fundos,291.078995094,14.453302072,14.453105207,14.453302072,2013.927292468,2013.927292468,OK_ARREDONDAMENTO,https://www.tesourotransparente.gov.br/publicacoes/relatorio-mensal-da-divida-rmd/2026/5,https://cdn.tesouro.gov.br/sistemas-internos/apex/producao/sistemas/thot/arquivos/publicacoes/54943_1730238/anexos/28577_919203/Anexo%20RMD_Maio_26.zip
2025-03-31,Não-residentes,nao_residentes,44.826994112,2.225849676,2.225819358,2.225849676,2013.927292468,2013.927292468,OK_ARREDONDAMENTO,https://www.tesourotransparente.gov.br/publicacoes/relatorio-mensal-da-divida-rmd/2026/5,https://cdn.tesouro.gov.br/sistemas-internos/apex/producao/sistemas/thot/arquivos/publicacoes/54943_1730238/anexos/28577_919203/Anexo%20RMD_Maio_26.zip
2025-03-31,Previdência,previdencia,888.801018255,44.13272622,44.132125099,44.13272622,2013.927292468,2013.927292468,OK_ARREDONDAMENTO,https://www.tesourotransparente.gov.br/publicacoes/relatorio-mensal-da-divida-rmd/2026/5,https://cdn.tesouro.gov.br/sistemas-internos/apex/producao/sistemas/thot/arquivos/publicacoes/54943_1730238/anexos/28577_919203/Anexo%20RMD_Maio_26.zip
2025-03-31,Governo,governo,98.003354489,4.866280667,4.866214385,4.866280667,2013.927292468,2013.927292468,OK_ARREDONDAMENTO,https://www.tesourotransparente.gov.br/publicacoes/relatorio-mensal-da-divida-rmd/2026/5,https://cdn.tesouro.gov.br/sistemas-internos/apex/producao/sistemas/thot/arquivos/publicacoes/54943_1730238/anexos/28577_919203/Anexo%20RMD_Maio_26.zip
2025-03-31,Seguradoras,seguradoras,121.570597563,6.03649387,6.036411649,6.03649387,2013.927292468,2013.927292468,OK_ARREDONDAMENTO,https://www.tesourotransparente.gov.br/publicacoes/relatorio-mensal-da-divida-rmd/2026/5,https://cdn.tesouro.gov.br/sistemas-internos/apex/producao/sistemas/thot/arquivos/publicacoes/54943_1730238/anexos/28577_919203/Anexo%20RMD_Maio_26.zip
2025-03-31,Outros,outros,194.557368737,9.660595468,9.660595468,9.660595468,2013.927292468,2013.927292468,OK_ARREDONDAMENTO,https://www.tesourotransparente.gov.br/publicacoes/relatorio-mensal-da-divida-rmd/2026/5,https://cdn.tesouro.gov.br/sistemas-internos/apex/producao/sistemas/thot/arquivos/publicacoes/54943_1730238/anexos/28577_919203/Anexo%20RMD_Maio_26.zip
2025-04-30,Instituições Financeiras,instituicoes_financeiras,389.441740088,18.741832074,18.741557273,18.741832074,2077.92780639,2077.92780639,OK_ARREDONDAMENTO,https://www.tesourotransparente.gov.br/publicacoes/relatorio-mensal-da-divida-rmd/2026/5,https://cdn.tesouro.gov.br/sistemas-internos/apex/producao/sistemas/thot/arquivos/publicacoes/54943_1730238/anexos/28577_919203/Anexo%20RMD_Maio_26.zip
2025-04-30,Fundos,fundos,319.809522299,15.390790831,15.390790831,15.390790831,2077.92780639,2077.92780639,OK_ARREDONDAMENTO,https://www.tesourotransparente.gov.br/publicacoes/relatorio-mensal-da-divida-rmd/2026/5,https://cdn.tesouro.gov.br/sistemas-internos/apex/producao/sistemas/thot/arquivos/publicacoes/54943_1730238/anexos/28577_919203/Anexo%20RMD_Maio_26.zip
2025-04-30,Não-residentes,nao_residentes,47.954981492,2.307827122,2.307793284,2.307827122,2077.92780639,2077.92780639,OK_ARREDONDAMENTO,https://www.tesourotransparente.gov.br/publicacoes/relatorio-mensal-da-divida-rmd/2026/5,https://cdn.tesouro.gov.br/sistemas-internos/apex/producao/sistemas/thot/arquivos/publicacoes/54943_1730238/anexos/28577_919203/Anexo%20RMD_Maio_26.zip
2025-04-30,Previdência,previdencia,898.517917721,43.241055582,43.241055582,43.241055582,2077.92780639,2077.92780639,OK_ARREDONDAMENTO,https://www.tesourotransparente.gov.br/publicacoes/relatorio-mensal-da-divida-rmd/2026/5,https://cdn.tesouro.gov.br/sistemas-internos/apex/producao/sistemas/thot/arquivos/publicacoes/54943_1730238/anexos/28577_919203/Anexo%20RMD_Maio_26.zip
2025-04-30,Governo,governo,98.673475049,4.748647896,4.748578269,4.748647896,2077.92780639,2077.92780639,OK_ARREDONDAMENTO,https://www.tesourotransparente.gov.br/publicacoes/relatorio-mensal-da-divida-rmd/2026/5,https://cdn.tesouro.gov.br/sistemas-internos/apex/producao/sistemas/thot/arquivos/publicacoes/54943_1730238/anexos/28577_919203/Anexo%20RMD_Maio_26.zip
2025-04-30,Seguradoras,seguradoras,122.584771152,5.899375848,5.899289349,5.899375848,2077.92780639,2077.92780639,OK_ARREDONDAMENTO,https://www.tesourotransparente.gov.br/publicacoes/relatorio-mensal-da-divida-rmd/2026/5,https://cdn.tesouro.gov.br/sistemas-internos/apex/producao/sistemas/thot/arquivos/publicacoes/54943_1730238/anexos/28577_919203/Anexo%20RMD_Maio_26.zip
2025-04-30,Outros,outros,200.945398588,9.670470647,9.670470647,9.670470647,2077.92780639,2077.92780639,OK_ARREDONDAMENTO,https://www.tesourotransparente.gov.br/publicacoes/relatorio-mensal-da-divida-rmd/2026/5,https://cdn.tesouro.gov.br/sistemas-internos/apex/producao/sistemas/thot/arquivos/publicacoes/54943_1730238/anexos/28577_919203/Anexo%20RMD_Maio_26.zip
2025-05-31,Instituições Financeiras,instituicoes_financeiras,293.241501183,15.0123373,15.012134865,15.0123373,1953.336747761,1953.336747761,OK_ARREDONDAMENTO,https://www.tesourotransparente.gov.br/publicacoes/relatorio-mensal-da-divida-rmd/2026/5,https://cdn.tesouro.gov.br/sistemas-internos/apex/producao/sistemas/thot/arquivos/publicacoes/54943_1730238/anexos/28577_919203/Anexo%20RMD_Maio_26.zip
2025-05-31,Fundos,fundos,295.752989686,15.140911572,15.140707404,15.140911572,1953.336747761,1953.336747761,OK_ARREDONDAMENTO,https://www.tesourotransparente.gov.br/publicacoes/relatorio-mensal-da-divida-rmd/2026/5,https://cdn.tesouro.gov.br/sistemas-internos/apex/producao/sistemas/thot/arquivos/publicacoes/54943_1730238/anexos/28577_919203/Anexo%20RMD_Maio_26.zip
2025-05-31,Não-residentes,nao_residentes,50.469288653,2.583747462,2.583712622,2.583747462,1953.336747761,1953.336747761,OK_ARREDONDAMENTO,https://www.tesourotransparente.gov.br/publicacoes/relatorio-mensal-da-divida-rmd/2026/5,https://cdn.tesouro.gov.br/sistemas-internos/apex/producao/sistemas/thot/arquivos/publicacoes/54943_1730238/anexos/28577_919203/Anexo%20RMD_Maio_26.zip
2025-05-31,Previdência,previdencia,893.680910754,45.751502488,45.750885549,45.751502488,1953.336747761,1953.336747761,OK_ARREDONDAMENTO,https://www.tesourotransparente.gov.br/publicacoes/relatorio-mensal-da-divida-rmd/2026/5,https://cdn.tesouro.gov.br/sistemas-internos/apex/producao/sistemas/thot/arquivos/publicacoes/54943_1730238/anexos/28577_919203/Anexo%20RMD_Maio_26.zip
2025-05-31,Governo,governo,92.86543687,4.754194942,4.754130834,4.754194942,1953.336747761,1953.336747761,OK_ARREDONDAMENTO,https://www.tesourotransparente.gov.br/publicacoes/relatorio-mensal-da-divida-rmd/2026/5,https://cdn.tesouro.gov.br/sistemas-internos/apex/producao/sistemas/thot/arquivos/publicacoes/54943_1730238/anexos/28577_919203/Anexo%20RMD_Maio_26.zip
2025-05-31,Seguradoras,seguradoras,122.980390788,6.295913438,6.29582854,6.295913438,1953.336747761,1953.336747761,OK_ARREDONDAMENTO,https://www.tesourotransparente.gov.br/publicacoes/relatorio-mensal-da-divida-rmd/2026/5,https://cdn.tesouro.gov.br/sistemas-internos/apex/producao/sistemas/thot/arquivos/publicacoes/54943_1730238/anexos/28577_919203/Anexo%20RMD_Maio_26.zip
2025-05-31,Outros,outros,204.346229826,10.461392797,10.461392797,10.461392797,1953.336747761,1953.336747761,OK_ARREDONDAMENTO,https://www.tesourotransparente.gov.br/publicacoes/relatorio-mensal-da-divida-rmd/2026/5,https://cdn.tesouro.gov.br/sistemas-internos/apex/producao/sistemas/thot/arquivos/publicacoes/54943_1730238/anexos/28577_919203/Anexo%20RMD_Maio_26.zip
2025-06-30,Instituições Financeiras,instituicoes_financeiras,318.27759406,15.944649904,15.944452189,15.944649904,1996.140372954,1996.140372954,OK_ARREDONDAMENTO,https://www.tesourotransparente.gov.br/publicacoes/relatorio-mensal-da-divida-rmd/2026/5,https://cdn.tesouro.gov.br/sistemas-internos/apex/producao/sistemas/thot/arquivos/publicacoes/54943_1730238/anexos/28577_919203/Anexo%20RMD_Maio_26.zip
2025-06-30,Fundos,fundos,285.747998611,14.31502526,14.314847752,14.31502526,1996.140372954,1996.140372954,OK_ARREDONDAMENTO,https://www.tesourotransparente.gov.br/publicacoes/relatorio-mensal-da-divida-rmd/2026/5,https://cdn.tesouro.gov.br/sistemas-internos/apex/producao/sistemas/thot/arquivos/publicacoes/54943_1730238/anexos/28577_919203/Anexo%20RMD_Maio_26.zip
2025-06-30,Não-residentes,nao_residentes,57.135351603,2.862291269,2.862255776,2.862291269,1996.140372954,1996.140372954,OK_ARREDONDAMENTO,https://www.tesourotransparente.gov.br/publicacoes/relatorio-mensal-da-divida-rmd/2026/5,https://cdn.tesouro.gov.br/sistemas-internos/apex/producao/sistemas/thot/arquivos/publicacoes/54943_1730238/anexos/28577_919203/Anexo%20RMD_Maio_26.zip
2025-06-30,Previdência,previdencia,914.50708544,45.813766298,45.813198202,45.813766298,1996.140372954,1996.140372954,OK_ARREDONDAMENTO,https://www.tesourotransparente.gov.br/publicacoes/relatorio-mensal-da-divida-rmd/2026/5,https://cdn.tesouro.gov.br/sistemas-internos/apex/producao/sistemas/thot/arquivos/publicacoes/54943_1730238/anexos/28577_919203/Anexo%20RMD_Maio_26.zip
2025-06-30,Governo,governo,93.264075045,4.672220266,4.67216233,4.672220266,1996.140372954,1996.140372954,OK_ARREDONDAMENTO,https://www.tesourotransparente.gov.br/publicacoes/relatorio-mensal-da-divida-rmd/2026/5,https://cdn.tesouro.gov.br/sistemas-internos/apex/producao/sistemas/thot/arquivos/publicacoes/54943_1730238/anexos/28577_919203/Anexo%20RMD_Maio_26.zip
2025-06-30,Seguradoras,seguradoras,120.386577149,6.0309675,6.030892715,6.0309675,1996.140372954,1996.140372954,OK_ARREDONDAMENTO,https://www.tesourotransparente.gov.br/publicacoes/relatorio-mensal-da-divida-rmd/2026/5,https://cdn.tesouro.gov.br/sistemas-internos/apex/producao/sistemas/thot/arquivos/publicacoes/54943_1730238/anexos/28577_919203/Anexo%20RMD_Maio_26.zip
2025-06-30,Outros,outros,206.821691046,10.361079504,10.361079504,10.361079504,1996.140372954,1996.140372954,OK_ARREDONDAMENTO,https://www.tesourotransparente.gov.br/publicacoes/relatorio-mensal-da-divida-rmd/2026/5,https://cdn.tesouro.gov.br/sistemas-internos/apex/producao/sistemas/thot/arquivos/publicacoes/54943_1730238/anexos/28577_919203/Anexo%20RMD_Maio_26.zip
2025-07-31,Instituições Financeiras,instituicoes_financeiras,345.51311626,16.966522331,16.966287679,16.966522331,2036.440406067,2036.440406067,OK_ARREDONDAMENTO,https://www.tesourotransparente.gov.br/publicacoes/relatorio-mensal-da-divida-rmd/2026/5,https://cdn.tesouro.gov.br/sistemas-internos/apex/producao/sistemas/thot/arquivos/publicacoes/54943_1730238/anexos/28577_919203/Anexo%20RMD_Maio_26.zip
2025-07-31,Fundos,fundos,285.460582623,14.017625155,14.017431287,14.017625155,2036.440406067,2036.440406067,OK_ARREDONDAMENTO,https://www.tesourotransparente.gov.br/publicacoes/relatorio-mensal-da-divida-rmd/2026/5,https://cdn.tesouro.gov.br/sistemas-internos/apex/producao/sistemas/thot/arquivos/publicacoes/54943_1730238/anexos/28577_919203/Anexo%20RMD_Maio_26.zip
2025-07-31,Não-residentes,nao_residentes,59.406588944,2.917177874,2.917137529,2.917177874,2036.440406067,2036.440406067,OK_ARREDONDAMENTO,https://www.tesourotransparente.gov.br/publicacoes/relatorio-mensal-da-divida-rmd/2026/5,https://cdn.tesouro.gov.br/sistemas-internos/apex/producao/sistemas/thot/arquivos/publicacoes/54943_1730238/anexos/28577_919203/Anexo%20RMD_Maio_26.zip
2025-07-31,Previdência,previdencia,915.726697371,44.967026516,44.966404608,44.967026516,2036.440406067,2036.440406067,OK_ARREDONDAMENTO,https://www.tesourotransparente.gov.br/publicacoes/relatorio-mensal-da-divida-rmd/2026/5,https://cdn.tesouro.gov.br/sistemas-internos/apex/producao/sistemas/thot/arquivos/publicacoes/54943_1730238/anexos/28577_919203/Anexo%20RMD_Maio_26.zip
2025-07-31,Governo,governo,93.945319946,4.613212332,4.61314853,4.613212332,2036.440406067,2036.440406067,OK_ARREDONDAMENTO,https://www.tesourotransparente.gov.br/publicacoes/relatorio-mensal-da-divida-rmd/2026/5,https://cdn.tesouro.gov.br/sistemas-internos/apex/producao/sistemas/thot/arquivos/publicacoes/54943_1730238/anexos/28577_919203/Anexo%20RMD_Maio_26.zip
2025-07-31,Seguradoras,seguradoras,124.899764482,6.133239358,6.133154533,6.133239358,2036.440406067,2036.440406067,OK_ARREDONDAMENTO,https://www.tesourotransparente.gov.br/publicacoes/relatorio-mensal-da-divida-rmd/2026/5,https://cdn.tesouro.gov.br/sistemas-internos/apex/producao/sistemas/thot/arquivos/publicacoes/54943_1730238/anexos/28577_919203/Anexo%20RMD_Maio_26.zip
2025-07-31,Outros,outros,211.488336441,10.385196434,10.385196434,10.385196434,2036.440406067,2036.440406067,OK_ARREDONDAMENTO,https://www.tesourotransparente.gov.br/publicacoes/relatorio-mensal-da-divida-rmd/2026/5,https://cdn.tesouro.gov.br/sistemas-internos/apex/producao/sistemas/thot/arquivos/publicacoes/54943_1730238/anexos/28577_919203/Anexo%20RMD_Maio_26.zip
2025-08-31,Instituições Financeiras,instituicoes_financeiras,337.482637694,16.545767959,16.545552631,16.545767959,2039.691590841,2039.691590841,OK_ARREDONDAMENTO,https://www.tesourotransparente.gov.br/publicacoes/relatorio-mensal-da-divida-rmd/2026/5,https://cdn.tesouro.gov.br/sistemas-internos/apex/producao/sistemas/thot/arquivos/publicacoes/54943_1730238/anexos/28577_919203/Anexo%20RMD_Maio_26.zip
2025-08-31,Fundos,fundos,289.866541272,14.211292657,14.21110771,14.211292657,2039.691590841,2039.691590841,OK_ARREDONDAMENTO,https://www.tesourotransparente.gov.br/publicacoes/relatorio-mensal-da-divida-rmd/2026/5,https://cdn.tesouro.gov.br/sistemas-internos/apex/producao/sistemas/thot/arquivos/publicacoes/54943_1730238/anexos/28577_919203/Anexo%20RMD_Maio_26.zip
2025-08-31,Não-residentes,nao_residentes,60.365051083,2.959518554,2.959480039,2.959518554,2039.691590841,2039.691590841,OK_ARREDONDAMENTO,https://www.tesourotransparente.gov.br/publicacoes/relatorio-mensal-da-divida-rmd/2026/5,https://cdn.tesouro.gov.br/sistemas-internos/apex/producao/sistemas/thot/arquivos/publicacoes/54943_1730238/anexos/28577_919203/Anexo%20RMD_Maio_26.zip
2025-08-31,Previdência,previdencia,919.435831195,45.077198696,45.076612059,45.077198696,2039.691590841,2039.691590841,OK_ARREDONDAMENTO,https://www.tesourotransparente.gov.br/publicacoes/relatorio-mensal-da-divida-rmd/2026/5,https://cdn.tesouro.gov.br/sistemas-internos/apex/producao/sistemas/thot/arquivos/publicacoes/54943_1730238/anexos/28577_919203/Anexo%20RMD_Maio_26.zip
2025-08-31,Governo,governo,94.860361881,4.65072084,4.650660315,4.65072084,2039.691590841,2039.691590841,OK_ARREDONDAMENTO,https://www.tesourotransparente.gov.br/publicacoes/relatorio-mensal-da-divida-rmd/2026/5,https://cdn.tesouro.gov.br/sistemas-internos/apex/producao/sistemas/thot/arquivos/publicacoes/54943_1730238/anexos/28577_919203/Anexo%20RMD_Maio_26.zip
2025-08-31,Seguradoras,seguradoras,124.009699257,6.07982598,6.079746857,6.07982598,2039.691590841,2039.691590841,OK_ARREDONDAMENTO,https://www.tesourotransparente.gov.br/publicacoes/relatorio-mensal-da-divida-rmd/2026/5,https://cdn.tesouro.gov.br/sistemas-internos/apex/producao/sistemas/thot/arquivos/publicacoes/54943_1730238/anexos/28577_919203/Anexo%20RMD_Maio_26.zip
2025-08-31,Outros,outros,213.671468458,10.475675314,10.475675314,10.475675314,2039.691590841,2039.691590841,OK_ARREDONDAMENTO,https://www.tesourotransparente.gov.br/publicacoes/relatorio-mensal-da-divida-rmd/2026/5,https://cdn.tesouro.gov.br/sistemas-internos/apex/producao/sistemas/thot/arquivos/publicacoes/54943_1730238/anexos/28577_919203/Anexo%20RMD_Maio_26.zip
2025-09-30,Instituições Financeiras,instituicoes_financeiras,350.235039366,16.755118064,16.755118064,16.755118064,2090.316749991,2090.316749991,OK_EXATO,https://www.tesourotransparente.gov.br/publicacoes/relatorio-mensal-da-divida-rmd/2026/5,https://cdn.tesouro.gov.br/sistemas-internos/apex/producao/sistemas/thot/arquivos/publicacoes/54943_1730238/anexos/28577_919203/Anexo%20RMD_Maio_26.zip
2025-09-30,Fundos,fundos,307.740170634,14.722178858,14.722178858,14.722178858,2090.316749991,2090.316749991,OK_EXATO,https://www.tesourotransparente.gov.br/publicacoes/relatorio-mensal-da-divida-rmd/2026/5,https://cdn.tesouro.gov.br/sistemas-internos/apex/producao/sistemas/thot/arquivos/publicacoes/54943_1730238/anexos/28577_919203/Anexo%20RMD_Maio_26.zip
2025-09-30,Não-residentes,nao_residentes,65.846995426,3.150096531,3.150096531,3.150096531,2090.316749991,2090.316749991,OK_EXATO,https://www.tesourotransparente.gov.br/publicacoes/relatorio-mensal-da-divida-rmd/2026/5,https://cdn.tesouro.gov.br/sistemas-internos/apex/producao/sistemas/thot/arquivos/publicacoes/54943_1730238/anexos/28577_919203/Anexo%20RMD_Maio_26.zip
2025-09-30,Previdência,previdencia,927.729537288,44.382246724,44.382246724,44.382246724,2090.316749991,2090.316749991,OK_EXATO,https://www.tesourotransparente.gov.br/publicacoes/relatorio-mensal-da-divida-rmd/2026/5,https://cdn.tesouro.gov.br/sistemas-internos/apex/producao/sistemas/thot/arquivos/publicacoes/54943_1730238/anexos/28577_919203/Anexo%20RMD_Maio_26.zip
2025-09-30,Governo,governo,97.378812709,4.658567306,4.658567306,4.658567306,2090.316749991,2090.316749991,OK_EXATO,https://www.tesourotransparente.gov.br/publicacoes/relatorio-mensal-da-divida-rmd/2026/5,https://cdn.tesouro.gov.br/sistemas-internos/apex/producao/sistemas/thot/arquivos/publicacoes/54943_1730238/anexos/28577_919203/Anexo%20RMD_Maio_26.zip
2025-09-30,Seguradoras,seguradoras,124.870522199,5.97376078,5.97376078,5.97376078,2090.316749991,2090.316749991,OK_EXATO,https://www.tesourotransparente.gov.br/publicacoes/relatorio-mensal-da-divida-rmd/2026/5,https://cdn.tesouro.gov.br/sistemas-internos/apex/producao/sistemas/thot/arquivos/publicacoes/54943_1730238/anexos/28577_919203/Anexo%20RMD_Maio_26.zip
2025-09-30,Outros,outros,216.515672369,10.358031737,10.358031737,10.358031737,2090.316749991,2090.316749991,OK_EXATO,https://www.tesourotransparente.gov.br/publicacoes/relatorio-mensal-da-divida-rmd/2026/5,https://cdn.tesouro.gov.br/sistemas-internos/apex/producao/sistemas/thot/arquivos/publicacoes/54943_1730238/anexos/28577_919203/Anexo%20RMD_Maio_26.zip
2025-10-31,Instituições Financeiras,instituicoes_financeiras,356.788703548,16.868495065,16.868495065,16.868495065,2115.118759434,2115.118759434,OK_EXATO,https://www.tesourotransparente.gov.br/publicacoes/relatorio-mensal-da-divida-rmd/2026/5,https://cdn.tesouro.gov.br/sistemas-internos/apex/producao/sistemas/thot/arquivos/publicacoes/54943_1730238/anexos/28577_919203/Anexo%20RMD_Maio_26.zip
2025-10-31,Fundos,fundos,313.977108764,14.84441984,14.84441984,14.84441984,2115.118759434,2115.118759434,OK_EXATO,https://www.tesourotransparente.gov.br/publicacoes/relatorio-mensal-da-divida-rmd/2026/5,https://cdn.tesouro.gov.br/sistemas-internos/apex/producao/sistemas/thot/arquivos/publicacoes/54943_1730238/anexos/28577_919203/Anexo%20RMD_Maio_26.zip
2025-10-31,Não-residentes,nao_residentes,66.130165851,3.126546231,3.126546231,3.126546231,2115.118759434,2115.118759434,OK_EXATO,https://www.tesourotransparente.gov.br/publicacoes/relatorio-mensal-da-divida-rmd/2026/5,https://cdn.tesouro.gov.br/sistemas-internos/apex/producao/sistemas/thot/arquivos/publicacoes/54943_1730238/anexos/28577_919203/Anexo%20RMD_Maio_26.zip
2025-10-31,Previdência,previdencia,931.628285078,44.046145443,44.046145443,44.046145443,2115.118759434,2115.118759434,OK_EXATO,https://www.tesourotransparente.gov.br/publicacoes/relatorio-mensal-da-divida-rmd/2026/5,https://cdn.tesouro.gov.br/sistemas-internos/apex/producao/sistemas/thot/arquivos/publicacoes/54943_1730238/anexos/28577_919203/Anexo%20RMD_Maio_26.zip
2025-10-31,Governo,governo,98.132751417,4.639585885,4.639585885,4.639585885,2115.118759434,2115.118759434,OK_EXATO,https://www.tesourotransparente.gov.br/publicacoes/relatorio-mensal-da-divida-rmd/2026/5,https://cdn.tesouro.gov.br/sistemas-internos/apex/producao/sistemas/thot/arquivos/publicacoes/54943_1730238/anexos/28577_919203/Anexo%20RMD_Maio_26.zip
2025-10-31,Seguradoras,seguradoras,125.81837551,5.948525346,5.948525346,5.948525346,2115.118759434,2115.118759434,OK_EXATO,https://www.tesourotransparente.gov.br/publicacoes/relatorio-mensal-da-divida-rmd/2026/5,https://cdn.tesouro.gov.br/sistemas-internos/apex/producao/sistemas/thot/arquivos/publicacoes/54943_1730238/anexos/28577_919203/Anexo%20RMD_Maio_26.zip
2025-10-31,Outros,outros,222.643369266,10.52628219,10.52628219,10.52628219,2115.118759434,2115.118759434,OK_EXATO,https://www.tesourotransparente.gov.br/publicacoes/relatorio-mensal-da-divida-rmd/2026/5,https://cdn.tesouro.gov.br/sistemas-internos/apex/producao/sistemas/thot/arquivos/publicacoes/54943_1730238/anexos/28577_919203/Anexo%20RMD_Maio_26.zip
2025-11-30,Instituições Financeiras,instituicoes_financeiras,355.202124685,16.715055243,16.715055243,16.715055243,2125.043079574,2125.043079574,OK_EXATO,https://www.tesourotransparente.gov.br/publicacoes/relatorio-mensal-da-divida-rmd/2026/5,https://cdn.tesouro.gov.br/sistemas-internos/apex/producao/sistemas/thot/arquivos/publicacoes/54943_1730238/anexos/28577_919203/Anexo%20RMD_Maio_26.zip
2025-11-30,Fundos,fundos,312.013256826,14.682679134,14.682679134,14.682679134,2125.043079574,2125.043079574,OK_EXATO,https://www.tesourotransparente.gov.br/publicacoes/relatorio-mensal-da-divida-rmd/2026/5,https://cdn.tesouro.gov.br/sistemas-internos/apex/producao/sistemas/thot/arquivos/publicacoes/54943_1730238/anexos/28577_919203/Anexo%20RMD_Maio_26.zip
2025-11-30,Não-residentes,nao_residentes,65.595942786,3.086805318,3.086805318,3.086805318,2125.043079574,2125.043079574,OK_EXATO,https://www.tesourotransparente.gov.br/publicacoes/relatorio-mensal-da-divida-rmd/2026/5,https://cdn.tesouro.gov.br/sistemas-internos/apex/producao/sistemas/thot/arquivos/publicacoes/54943_1730238/anexos/28577_919203/Anexo%20RMD_Maio_26.zip
2025-11-30,Previdência,previdencia,943.885567053,44.417243873,44.417243873,44.417243873,2125.043079574,2125.043079574,OK_EXATO,https://www.tesourotransparente.gov.br/publicacoes/relatorio-mensal-da-divida-rmd/2026/5,https://cdn.tesouro.gov.br/sistemas-internos/apex/producao/sistemas/thot/arquivos/publicacoes/54943_1730238/anexos/28577_919203/Anexo%20RMD_Maio_26.zip
2025-11-30,Governo,governo,97.703573184,4.597722,4.597722,4.597722,2125.043079574,2125.043079574,OK_EXATO,https://www.tesourotransparente.gov.br/publicacoes/relatorio-mensal-da-divida-rmd/2026/5,https://cdn.tesouro.gov.br/sistemas-internos/apex/producao/sistemas/thot/arquivos/publicacoes/54943_1730238/anexos/28577_919203/Anexo%20RMD_Maio_26.zip
2025-11-30,Seguradoras,seguradoras,126.63710643,5.959272433,5.959272433,5.959272433,2125.043079574,2125.043079574,OK_EXATO,https://www.tesourotransparente.gov.br/publicacoes/relatorio-mensal-da-divida-rmd/2026/5,https://cdn.tesouro.gov.br/sistemas-internos/apex/producao/sistemas/thot/arquivos/publicacoes/54943_1730238/anexos/28577_919203/Anexo%20RMD_Maio_26.zip
2025-11-30,Outros,outros,224.00550861,10.541222,10.541222,10.541222,2125.043079574,2125.043079574,OK_EXATO,https://www.tesourotransparente.gov.br/publicacoes/relatorio-mensal-da-divida-rmd/2026/5,https://cdn.tesouro.gov.br/sistemas-internos/apex/producao/sistemas/thot/arquivos/publicacoes/54943_1730238/anexos/28577_919203/Anexo%20RMD_Maio_26.zip
2025-12-31,Instituições Financeiras,instituicoes_financeiras,350.096412115,16.278335117,16.278335117,16.278335117,2150.689303326,2150.689303326,OK_EXATO,https://www.tesourotransparente.gov.br/publicacoes/relatorio-mensal-da-divida-rmd/2026/5,https://cdn.tesouro.gov.br/sistemas-internos/apex/producao/sistemas/thot/arquivos/publicacoes/54943_1730238/anexos/28577_919203/Anexo%20RMD_Maio_26.zip
2025-12-31,Fundos,fundos,310.586582832,14.441257617,14.441257617,14.441257617,2150.689303326,2150.689303326,OK_EXATO,https://www.tesourotransparente.gov.br/publicacoes/relatorio-mensal-da-divida-rmd/2026/5,https://cdn.tesouro.gov.br/sistemas-internos/apex/producao/sistemas/thot/arquivos/publicacoes/54943_1730238/anexos/28577_919203/Anexo%20RMD_Maio_26.zip
2025-12-31,Não-residentes,nao_residentes,66.627390727,3.097955182,3.097955182,3.097955182,2150.689303326,2150.689303326,OK_EXATO,https://www.tesourotransparente.gov.br/publicacoes/relatorio-mensal-da-divida-rmd/2026/5,https://cdn.tesouro.gov.br/sistemas-internos/apex/producao/sistemas/thot/arquivos/publicacoes/54943_1730238/anexos/28577_919203/Anexo%20RMD_Maio_26.zip
2025-12-31,Previdência,previdencia,963.762291625,44.811786162,44.811786162,44.811786162,2150.689303326,2150.689303326,OK_EXATO,https://www.tesourotransparente.gov.br/publicacoes/relatorio-mensal-da-divida-rmd/2026/5,https://cdn.tesouro.gov.br/sistemas-internos/apex/producao/sistemas/thot/arquivos/publicacoes/54943_1730238/anexos/28577_919203/Anexo%20RMD_Maio_26.zip
2025-12-31,Governo,governo,98.558912758,4.582666246,4.582666246,4.582666246,2150.689303326,2150.689303326,OK_EXATO,https://www.tesourotransparente.gov.br/publicacoes/relatorio-mensal-da-divida-rmd/2026/5,https://cdn.tesouro.gov.br/sistemas-internos/apex/producao/sistemas/thot/arquivos/publicacoes/54943_1730238/anexos/28577_919203/Anexo%20RMD_Maio_26.zip
2025-12-31,Seguradoras,seguradoras,126.841108021,5.897695582,5.897695582,5.897695582,2150.689303326,2150.689303326,OK_EXATO,https://www.tesourotransparente.gov.br/publicacoes/relatorio-mensal-da-divida-rmd/2026/5,https://cdn.tesouro.gov.br/sistemas-internos/apex/producao/sistemas/thot/arquivos/publicacoes/54943_1730238/anexos/28577_919203/Anexo%20RMD_Maio_26.zip
2025-12-31,Outros,outros,234.216605248,10.890304094,10.890304094,10.890304094,2150.689303326,2150.689303326,OK_EXATO,https://www.tesourotransparente.gov.br/publicacoes/relatorio-mensal-da-divida-rmd/2026/5,https://cdn.tesouro.gov.br/sistemas-internos/apex/producao/sistemas/thot/arquivos/publicacoes/54943_1730238/anexos/28577_919203/Anexo%20RMD_Maio_26.zip
2026-01-31,Instituições Financeiras,instituicoes_financeiras,347.02,15.83626158,15.84,15.83626158,2191.3,2191.3,OK_ARREDONDAMENTO,https://www.tesourotransparente.gov.br/publicacoes/relatorio-mensal-da-divida-rmd/2026/5,https://cdn.tesouro.gov.br/sistemas-internos/apex/producao/sistemas/thot/arquivos/publicacoes/54943_1730238/anexos/28577_919203/Anexo%20RMD_Maio_26.zip
2026-01-31,Fundos,fundos,315.11,14.380048373,14.38,14.380048373,2191.3,2191.3,OK_ARREDONDAMENTO,https://www.tesourotransparente.gov.br/publicacoes/relatorio-mensal-da-divida-rmd/2026/5,https://cdn.tesouro.gov.br/sistemas-internos/apex/producao/sistemas/thot/arquivos/publicacoes/54943_1730238/anexos/28577_919203/Anexo%20RMD_Maio_26.zip
2026-01-31,Não-residentes,nao_residentes,67.67,3.088121207,3.09,3.088121207,2191.3,2191.3,OK_ARREDONDAMENTO,https://www.tesourotransparente.gov.br/publicacoes/relatorio-mensal-da-divida-rmd/2026/5,https://cdn.tesouro.gov.br/sistemas-internos/apex/producao/sistemas/thot/arquivos/publicacoes/54943_1730238/anexos/28577_919203/Anexo%20RMD_Maio_26.zip
2026-01-31,Previdência,previdencia,985.16,44.957787615,44.96,44.957787615,2191.3,2191.3,OK_ARREDONDAMENTO,https://www.tesourotransparente.gov.br/publicacoes/relatorio-mensal-da-divida-rmd/2026/5,https://cdn.tesouro.gov.br/sistemas-internos/apex/producao/sistemas/thot/arquivos/publicacoes/54943_1730238/anexos/28577_919203/Anexo%20RMD_Maio_26.zip
2026-01-31,Governo,governo,102.18,4.662985442,4.66,4.662985442,2191.3,2191.3,OK_ARREDONDAMENTO,https://www.tesourotransparente.gov.br/publicacoes/relatorio-mensal-da-divida-rmd/2026/5,https://cdn.tesouro.gov.br/sistemas-internos/apex/producao/sistemas/thot/arquivos/publicacoes/54943_1730238/anexos/28577_919203/Anexo%20RMD_Maio_26.zip
2026-01-31,Seguradoras,seguradoras,128.81,5.87824579,5.88,5.87824579,2191.3,2191.3,OK_ARREDONDAMENTO,https://www.tesourotransparente.gov.br/publicacoes/relatorio-mensal-da-divida-rmd/2026/5,https://cdn.tesouro.gov.br/sistemas-internos/apex/producao/sistemas/thot/arquivos/publicacoes/54943_1730238/anexos/28577_919203/Anexo%20RMD_Maio_26.zip
2026-01-31,Outros,outros,245.35,11.196549993,11.2,11.196549993,2191.3,2191.3,OK_ARREDONDAMENTO,https://www.tesourotransparente.gov.br/publicacoes/relatorio-mensal-da-divida-rmd/2026/5,https://cdn.tesouro.gov.br/sistemas-internos/apex/producao/sistemas/thot/arquivos/publicacoes/54943_1730238/anexos/28577_919203/Anexo%20RMD_Maio_26.zip
2026-02-28,Instituições Financeiras,instituicoes_financeiras,349.066987925,15.867246857,15.867246857,15.867246857,2199.921581025,2199.921581025,OK_EXATO,https://www.tesourotransparente.gov.br/publicacoes/relatorio-mensal-da-divida-rmd/2026/5,https://cdn.tesouro.gov.br/sistemas-internos/apex/producao/sistemas/thot/arquivos/publicacoes/54943_1730238/anexos/28577_919203/Anexo%20RMD_Maio_26.zip
2026-02-28,Fundos,fundos,308.060919544,14.003268217,14.003268217,14.003268217,2199.921581025,2199.921581025,OK_EXATO,https://www.tesourotransparente.gov.br/publicacoes/relatorio-mensal-da-divida-rmd/2026/5,https://cdn.tesouro.gov.br/sistemas-internos/apex/producao/sistemas/thot/arquivos/publicacoes/54943_1730238/anexos/28577_919203/Anexo%20RMD_Maio_26.zip
2026-02-28,Não-residentes,nao_residentes,71.440801652,3.24742492,3.24742492,3.24742492,2199.921581025,2199.921581025,OK_EXATO,https://www.tesourotransparente.gov.br/publicacoes/relatorio-mensal-da-divida-rmd/2026/5,https://cdn.tesouro.gov.br/sistemas-internos/apex/producao/sistemas/thot/arquivos/publicacoes/54943_1730238/anexos/28577_919203/Anexo%20RMD_Maio_26.zip
2026-02-28,Previdência,previdencia,989.075735146,44.959590545,44.959590545,44.959590545,2199.921581025,2199.921581025,OK_EXATO,https://www.tesourotransparente.gov.br/publicacoes/relatorio-mensal-da-divida-rmd/2026/5,https://cdn.tesouro.gov.br/sistemas-internos/apex/producao/sistemas/thot/arquivos/publicacoes/54943_1730238/anexos/28577_919203/Anexo%20RMD_Maio_26.zip
2026-02-28,Governo,governo,102.282775178,4.649382781,4.649382781,4.649382781,2199.921581025,2199.921581025,OK_EXATO,https://www.tesourotransparente.gov.br/publicacoes/relatorio-mensal-da-divida-rmd/2026/5,https://cdn.tesouro.gov.br/sistemas-internos/apex/producao/sistemas/thot/arquivos/publicacoes/54943_1730238/anexos/28577_919203/Anexo%20RMD_Maio_26.zip
2026-02-28,Seguradoras,seguradoras,127.879855056,5.812927886,5.812927886,5.812927886,2199.921581025,2199.921581025,OK_EXATO,https://www.tesourotransparente.gov.br/publicacoes/relatorio-mensal-da-divida-rmd/2026/5,https://cdn.tesouro.gov.br/sistemas-internos/apex/producao/sistemas/thot/arquivos/publicacoes/54943_1730238/anexos/28577_919203/Anexo%20RMD_Maio_26.zip
2026-02-28,Outros,outros,252.114506525,11.460158794,11.460158794,11.460158794,2199.921581025,2199.921581025,OK_EXATO,https://www.tesourotransparente.gov.br/publicacoes/relatorio-mensal-da-divida-rmd/2026/5,https://cdn.tesouro.gov.br/sistemas-internos/apex/producao/sistemas/thot/arquivos/publicacoes/54943_1730238/anexos/28577_919203/Anexo%20RMD_Maio_26.zip
2026-03-31,Instituições Financeiras,instituicoes_financeiras,342.803021784,15.470521444,15.470521444,15.470521444,2215.846589488,2215.846589488,OK_EXATO,https://www.tesourotransparente.gov.br/publicacoes/relatorio-mensal-da-divida-rmd/2026/5,https://cdn.tesouro.gov.br/sistemas-internos/apex/producao/sistemas/thot/arquivos/publicacoes/54943_1730238/anexos/28577_919203/Anexo%20RMD_Maio_26.zip
2026-03-31,Fundos,fundos,296.45180209,13.378715092,13.378715092,13.378715092,2215.846589488,2215.846589488,OK_EXATO,https://www.tesourotransparente.gov.br/publicacoes/relatorio-mensal-da-divida-rmd/2026/5,https://cdn.tesouro.gov.br/sistemas-internos/apex/producao/sistemas/thot/arquivos/publicacoes/54943_1730238/anexos/28577_919203/Anexo%20RMD_Maio_26.zip
2026-03-31,Não-residentes,nao_residentes,74.697902533,3.371077352,3.371077352,3.371077352,2215.846589488,2215.846589488,OK_EXATO,https://www.tesourotransparente.gov.br/publicacoes/relatorio-mensal-da-divida-rmd/2026/5,https://cdn.tesouro.gov.br/sistemas-internos/apex/producao/sistemas/thot/arquivos/publicacoes/54943_1730238/anexos/28577_919203/Anexo%20RMD_Maio_26.zip
2026-03-31,Previdência,previdencia,1002.738130064,45.25304842,45.25304842,45.25304842,2215.846589488,2215.846589488,OK_EXATO,https://www.tesourotransparente.gov.br/publicacoes/relatorio-mensal-da-divida-rmd/2026/5,https://cdn.tesouro.gov.br/sistemas-internos/apex/producao/sistemas/thot/arquivos/publicacoes/54943_1730238/anexos/28577_919203/Anexo%20RMD_Maio_26.zip
2026-03-31,Governo,governo,101.774512085,4.593030608,4.593030608,4.593030608,2215.846589488,2215.846589488,OK_EXATO,https://www.tesourotransparente.gov.br/publicacoes/relatorio-mensal-da-divida-rmd/2026/5,https://cdn.tesouro.gov.br/sistemas-internos/apex/producao/sistemas/thot/arquivos/publicacoes/54943_1730238/anexos/28577_919203/Anexo%20RMD_Maio_26.zip
2026-03-31,Seguradoras,seguradoras,129.30122347,5.835296725,5.835296725,5.835296725,2215.846589488,2215.846589488,OK_EXATO,https://www.tesourotransparente.gov.br/publicacoes/relatorio-mensal-da-divida-rmd/2026/5,https://cdn.tesouro.gov.br/sistemas-internos/apex/producao/sistemas/thot/arquivos/publicacoes/54943_1730238/anexos/28577_919203/Anexo%20RMD_Maio_26.zip
2026-03-31,Outros,outros,268.079997462,12.098310358,12.098310358,12.098310358,2215.846589488,2215.846589488,OK_EXATO,https://www.tesourotransparente.gov.br/publicacoes/relatorio-mensal-da-divida-rmd/2026/5,https://cdn.tesouro.gov.br/sistemas-internos/apex/producao/sistemas/thot/arquivos/publicacoes/54943_1730238/anexos/28577_919203/Anexo%20RMD_Maio_26.zip
2026-04-30,Instituições Financeiras,instituicoes_financeiras,358.394650412,15.825368769,15.825368769,15.825368769,2264.684353659,2264.684353659,OK_EXATO,https://www.tesourotransparente.gov.br/publicacoes/relatorio-mensal-da-divida-rmd/2026/5,https://cdn.tesouro.gov.br/sistemas-internos/apex/producao/sistemas/thot/arquivos/publicacoes/54943_1730238/anexos/28577_919203/Anexo%20RMD_Maio_26.zip
2026-04-30,Fundos,fundos,312.052012722,13.779051028,13.779051028,13.779051028,2264.684353659,2264.684353659,OK_EXATO,https://www.tesourotransparente.gov.br/publicacoes/relatorio-mensal-da-divida-rmd/2026/5,https://cdn.tesouro.gov.br/sistemas-internos/apex/producao/sistemas/thot/arquivos/publicacoes/54943_1730238/anexos/28577_919203/Anexo%20RMD_Maio_26.zip
2026-04-30,Não-residentes,nao_residentes,73.131657504,3.229220769,3.229220769,3.229220769,2264.684353659,2264.684353659,OK_EXATO,https://www.tesourotransparente.gov.br/publicacoes/relatorio-mensal-da-divida-rmd/2026/5,https://cdn.tesouro.gov.br/sistemas-internos/apex/producao/sistemas/thot/arquivos/publicacoes/54943_1730238/anexos/28577_919203/Anexo%20RMD_Maio_26.zip
2026-04-30,Previdência,previdencia,1018.762688988,44.98475416,44.98475416,44.98475416,2264.684353659,2264.684353659,OK_EXATO,https://www.tesourotransparente.gov.br/publicacoes/relatorio-mensal-da-divida-rmd/2026/5,https://cdn.tesouro.gov.br/sistemas-internos/apex/producao/sistemas/thot/arquivos/publicacoes/54943_1730238/anexos/28577_919203/Anexo%20RMD_Maio_26.zip
2026-04-30,Governo,governo,102.978033626,4.54712523,4.54712523,4.54712523,2264.684353659,2264.684353659,OK_EXATO,https://www.tesourotransparente.gov.br/publicacoes/relatorio-mensal-da-divida-rmd/2026/5,https://cdn.tesouro.gov.br/sistemas-internos/apex/producao/sistemas/thot/arquivos/publicacoes/54943_1730238/anexos/28577_919203/Anexo%20RMD_Maio_26.zip
2026-04-30,Seguradoras,seguradoras,124.769624808,5.509360481,5.509360481,5.509360481,2264.684353659,2264.684353659,OK_EXATO,https://www.tesourotransparente.gov.br/publicacoes/relatorio-mensal-da-divida-rmd/2026/5,https://cdn.tesouro.gov.br/sistemas-internos/apex/producao/sistemas/thot/arquivos/publicacoes/54943_1730238/anexos/28577_919203/Anexo%20RMD_Maio_26.zip
2026-04-30,Outros,outros,274.595685599,12.125119563,12.125119563,12.125119563,2264.684353659,2264.684353659,OK_EXATO,https://www.tesourotransparente.gov.br/publicacoes/relatorio-mensal-da-divida-rmd/2026/5,https://cdn.tesouro.gov.br/sistemas-internos/apex/producao/sistemas/thot/arquivos/publicacoes/54943_1730238/anexos/28577_919203/Anexo%20RMD_Maio_26.zip
2026-05-31,Instituições Financeiras,instituicoes_financeiras,363.248968444,15.926339884,15.926339884,15.926339884,2280.806331423,2280.806331423,OK_EXATO,https://www.tesourotransparente.gov.br/publicacoes/relatorio-mensal-da-divida-rmd/2026/5,https://cdn.tesouro.gov.br/sistemas-internos/apex/producao/sistemas/thot/arquivos/publicacoes/54943_1730238/anexos/28577_919203/Anexo%20RMD_Maio_26.zip
2026-05-31,Fundos,fundos,303.050986134,13.287010912,13.287010912,13.287010912,2280.806331423,2280.806331423,OK_EXATO,https://www.tesourotransparente.gov.br/publicacoes/relatorio-mensal-da-divida-rmd/2026/5,https://cdn.tesouro.gov.br/sistemas-internos/apex/producao/sistemas/thot/arquivos/publicacoes/54943_1730238/anexos/28577_919203/Anexo%20RMD_Maio_26.zip
2026-05-31,Não-residentes,nao_residentes,65.60055656,2.876200213,2.876200213,2.876200213,2280.806331423,2280.806331423,OK_EXATO,https://www.tesourotransparente.gov.br/publicacoes/relatorio-mensal-da-divida-rmd/2026/5,https://cdn.tesouro.gov.br/sistemas-internos/apex/producao/sistemas/thot/arquivos/publicacoes/54943_1730238/anexos/28577_919203/Anexo%20RMD_Maio_26.zip
2026-05-31,Previdência,previdencia,1032.49870094,45.269021167,45.269021167,45.269021167,2280.806331423,2280.806331423,OK_EXATO,https://www.tesourotransparente.gov.br/publicacoes/relatorio-mensal-da-divida-rmd/2026/5,https://cdn.tesouro.gov.br/sistemas-internos/apex/producao/sistemas/thot/arquivos/publicacoes/54943_1730238/anexos/28577_919203/Anexo%20RMD_Maio_26.zip
2026-05-31,Governo,governo,103.126978023,4.521514019,4.521514019,4.521514019,2280.806331423,2280.806331423,OK_EXATO,https://www.tesourotransparente.gov.br/publicacoes/relatorio-mensal-da-divida-rmd/2026/5,https://cdn.tesouro.gov.br/sistemas-internos/apex/producao/sistemas/thot/arquivos/publicacoes/54943_1730238/anexos/28577_919203/Anexo%20RMD_Maio_26.zip
2026-05-31,Seguradoras,seguradoras,131.388573469,5.760619464,5.760619464,5.760619464,2280.806331423,2280.806331423,OK_EXATO,https://www.tesourotransparente.gov.br/publicacoes/relatorio-mensal-da-divida-rmd/2026/5,https://cdn.tesouro.gov.br/sistemas-internos/apex/producao/sistemas/thot/arquivos/publicacoes/54943_1730238/anexos/28577_919203/Anexo%20RMD_Maio_26.zip
2026-05-31,Outros,outros,281.891567853,12.359294341,12.359294341,12.359294341,2280.806331423,2280.806331423,OK_EXATO,https://www.tesourotransparente.gov.br/publicacoes/relatorio-mensal-da-divida-rmd/2026/5,https://cdn.tesouro.gov.br/sistemas-internos/apex/producao/sistemas/thot/arquivos/publicacoes/54943_1730238/anexos/28577_919203/Anexo%20RMD_Maio_26.zip
