data,in_position,cdi_return,overlay_excess_return,long_return,short_underlying_return,strategy_total_return,always_on_wealth,cdi_wealth,relative_wealth
2014-05-15,False,0.0004070500000000027,0.0,0.0,0.0,0.0004070500000000027,100.040705,100.040705,100.0
2014-05-16,True,0.0004070500000000027,0.0024430594323505694,0.0005294847642364815,-0.004356634100464657,0.002850109432350572,100.3258319569395,100.08142656897023,100.24420653896338
2014-05-19,True,0.0004070500000000027,-0.0008782693718763354,-0.01050878825687081,-0.008752249513118138,-0.00047121937187633267,100.27855648142176,100.12216471365514,100.15620094532903
2014-05-20,True,0.0004070500000000027,0.0006120160793714469,-0.0034134760293877157,-0.0046375081881306094,0.0010190660793714496,100.3807469568203,100.16291944080183,100.21747320988104
2014-05-21,True,0.0004070500000000027,-0.0019258038155190748,0.00708504785863255,0.0109366554896707,-0.001518753815519072,100.228293314375,100.2036907571602,100.02455254594804
2014-05-22,True,0.0004070500000000027,-0.0003006182533049729,0.00031455179855543016,0.000915788305165376,0.0001064317466950298,100.23896078670069,100.2444786694829,99.99449557436434
2014-05-23,True,0.0004070500000000027,-7.64728231132232e-05,0.0005144473816758512,0.0006673930279022976,0.0003305771768867795,100.2720974993716,100.2852831845253,99.98685182438041
2014-05-26,True,0.0004070500000000027,-0.0012098286332017675,-0.009317482214199773,-0.006897824947796238,-0.0008027786332017648,100.19160120199277,100.32610430904556,99.86593408766429
2014-05-27,True,0.0004070500000000027,0.0011935556113656575,0.008652161814463589,0.006265050591732274,0.0016006056113656603,100.3519684410884,100.36694204980456,99.98508113487335
2014-05-28,True,0.0004070500000000027,0.006911806525922639,0.012009262079794187,-0.001814350972051091,0.007318856525922642,101.08643010020263,100.40779641356595,100.67587748250294
2014-05-29,True,0.0004070500000000027,-0.00492760662977189,-0.017023947399943406,-0.007168734140399626,-0.004520556629771888,100.6294631684332,100.44866740709608,100.17998821288928
2014-05-30,True,0.0004070500000000027,-0.0002799326659981634,0.004768353476289466,0.0053282188082857925,0.0001271173340018393,100.6422549175132,100.48955503716415,100.15195597223271
2014-06-02,True,0.0004070500000000027,-0.00017627315329870642,0.010307479329366124,0.010660025635963537,0.0002307768467012963,100.66548081974798,100.53045931054203,100.13430905432242
2014-06-03,True,0.0004070500000000027,0.005794798586270937,0.00476063221408611,-0.0068289649584557625,0.006201848586270939,101.28979288965621,100.57138023400438,100.71433110889029
2014-06-04,True,0.0004070500000000027,0.008295281237447993,0.0063682430570039476,-0.01022231941789204,0.008702331237447996,102.17125021835449,100.61231781432862,101.54944487702068
2014-06-05,True,0.0004070500000000027,0.006412044809389838,0.026250249940609385,0.01342616032182971,0.00681909480938984,102.86796566038734,100.65327205829495,102.20031952941353
2014-06-06,True,0.00040848999999999926,-0.004154312372051529,0.015923224846308027,0.024231849590411084,-0.0037458223720515296,102.48264053324922,100.69438791339806,101.7759208401854
2014-06-09,True,0.0004070500000000027,0.0022850954922650165,0.011990999948304408,0.007420808963774375,0.002692145492265019,102.75853871199622,100.7353755639982,102.00839390995539
2014-06-10,True,0.0004070500000000027,0.002370006177373358,0.008933479325345635,0.004193466970598919,0.0027770561773733608,103.04390494670426,100.77637989862154,102.25005606508567
2014-06-11,True,0.0008142656897025055,0.0017544906154121278,-0.003200949523033443,-0.006709930753857699,0.0025687563051146334,103.30859962723974,100.85843864710542,102.42930687109606
2014-06-13,True,0.0004070500000000027,0.00012241329311449026,0.0002485307978664137,3.7042116374331644e-06,0.000529463293114493,103.36329773860544,100.89949307455672,102.44184047805687
2014-06-16,True,0.0004070500000000027,0.0030628416949016342,0.0007312155929057571,-0.0053944677968975115,0.003469891694901637,103.72195718698627,100.94056421321271,102.75547595305544
2014-06-17,False,0.0004070500000000027,0.0,0.0,0.0,0.0004070500000000027,103.76417720965922,100.98165206987571,102.75547595305542
2014-06-18,True,0.0004070500000000027,0.004559004619838683,0.0006786802300184812,-0.008439329009658885,0.004966054619838686,104.27947578126502,101.02275665135075,103.22374803248921
2014-06-20,True,0.0004070500000000027,-0.002319337585423919,-0.00716084569800025,-0.002522170527152413,-0.001912287585423916,104.080063434314,101.06387796444567,102.98443472645036
2014-06-23,True,0.0004070500000000027,-0.0030688080404688445,0.0035911367704932547,0.009728752851430943,-0.002661758040468842,103.80302748861521,101.10501601597109,102.66852385663826
2014-06-24,True,0.0004070500000000027,0.0015579113746554763,-0.002745838979111262,-0.005861661728422215,0.001964961374655479,104.00699642820264,101.14617081274038,102.82840723724354
2014-06-25,True,0.0004070500000000027,0.003247986612956888,0.00032523640169652095,-0.006170736824217255,0.0036550366129568905,104.38714580815139,101.1873423615697,103.16225663398482
2014-06-26,True,0.0004070500000000027,-0.006883384552273583,-0.008855342362961089,0.004911426741586077,-0.00647633455227358,103.71109972894084,101.22853066927797,102.45244008112064
2014-06-27,True,0.0004070500000000027,-0.0042399180144587914,-0.003243463392165504,0.0052363726367520794,-0.003832868014458789,103.31358877204543,101.26973574268689,102.01822688127844
2014-06-30,True,0.0004070500000000027,0.0007498566361041627,-0.003090202572228594,-0.00458991584443692,0.0011569066361041655,103.43311294849555,101.31095758862094,102.09469479944286
2014-07-01,True,0.0004070500000000027,-0.00353745887349479,-0.012581233830445656,-0.005506316083456076,-0.0031304088734947872,103.10932501390839,101.35219621390739,101.73368596403428
2014-07-02,True,0.0004070500000000027,-0.004269385514203351,0.002825086009691911,0.011363857038098613,-0.003862335514203348,102.71108220606165,101.39345162537626,101.29952236516587
2014-07-03,True,0.0004070500000000027,0.004007106479684194,0.009979000263240138,0.0019647873038717493,0.004414156479684197,103.16446499511692,101.43472382986036,101.70527517594262
2014-07-04,True,0.0004070500000000027,-0.00513511482392982,-0.0127548941924036,-0.0024846645445439604,-0.004728064823929817,102.67669671709396,101.4760128341953,101.18321941251328
2014-07-07,True,0.0004070500000000027,-0.004962243391008051,-0.010823727578015196,-0.0008992407959990931,-0.004555193391008049,102.20898450679772,101.51731864521945,100.68132794562422
2014-07-08,True,0.0008142656897025055,-0.01584713115338674,-0.021664954353545894,0.01002930795322759,-0.015032865463684236,100.67249059352726,101.59998071470284,99.08711584918504
2014-07-10,True,0.0004070500000000027,0.007616571221809229,0.018594398288701706,0.0033612558450832482,0.008023621221809232,101.48024852550586,101.64133698685276,99.84151284691606
2014-07-11,True,0.0004070500000000027,-0.002271051206992099,0.0005900541853668093,0.005132156599351007,-0.001864001206992096,101.29108921976847,101.68271009307325,99.61485991773202
2014-07-14,True,0.0004070500000000027,-0.00424233978580875,-0.00956464445741449,-0.0010799648857969903,-0.0038352897858087475,100.90260853989044,101.72410004021664,99.19243178361724
2014-07-15,True,0.0004070500000000027,0.0017123849345977342,-0.004808166436324302,-0.00823293630551977,0.0021194349345977368,101.1164650534219,101.76550683513801,99.36221829782899
2014-07-16,True,0.0004070500000000027,-0.004329478146112079,-0.008717470575245441,-5.851428302128259e-05,-0.003922428146112077,100.719842984861,101.80693048469524,98.9322067813471
2014-07-17,True,0.0004070500000000027,-0.006167065600612608,-0.0015118158606203954,0.01082231534060482,-0.005760015600612605,100.13969511797696,101.84837099574904,98.3223336209831
2014-07-18,True,0.0004070500000000027,-0.000839089994971358,0.0037770946304688043,0.00545527462041152,-0.0004320399949713553,100.09643076460175,101.88982837516285,98.23986590304409
2014-07-21,False,0.0004070500000000027,0.0,0.0,0.0,0.0004070500000000027,100.13717501674448,101.93130262980297,98.23986590304408
2014-07-22,True,0.0004070500000000027,-0.002603437439620478,-0.007519460478338998,-0.0023125855990980423,-0.0021963874396204756,99.91723498329863,101.97279376653843,97.98420862338448
2014-07-23,True,0.0004070500000000027,-0.005847415135358515,-0.0013614103391526124,0.010333419931564418,-0.0054403651353585126,99.37364874167407,102.01430179224108,97.41148740502594
2014-07-24,True,0.0004070500000000027,-8.087646656808464e-05,0.0032686698778468877,0.003430422810983057,0.00032617353343191807,99.40606179581415,102.05582671378562,97.40361231367739
2014-07-25,True,0.0004070500000000027,-0.003910503621214357,-0.009705660884929836,-0.0018846536425011218,-0.0035034536212143544,99.05779726864495,102.09736853804945,97.02287011611693
2014-07-28,True,0.0004070500000000027,-0.0019211894998195094,-0.011605560591519152,-0.0077631815918801335,-0.0015141394998195066,98.90780994503538,102.13892727191285,96.83654663977856
2014-07-29,True,0.0004070500000000027,-0.00022654994807592586,-0.005861639669294669,-0.0054085397731428175,0.00018050005192407685,98.92566280986617,102.18050292225888,96.81461725152296
2014-07-30,True,0.0004070500000000027,0.0015239298074738146,-0.009816714901502266,-0.012864574516449895,0.0019309798074738174,99.11668626719297,102.22209549597339,96.96209590136729
2014-07-31,True,0.0004070500000000027,0.001782678717952881,0.005470013680909955,0.0019046562450041932,0.0021897287179528835,99.33372492154058,102.26370499994502,97.13487783529257
2014-08-01,True,0.00040740999999999895,0.003957818900025813,0.012258552063622858,0.0043429142635712315,0.004365228900025811,99.7673393683153,102.30536825599906,97.51916352880639
2014-08-04,True,0.00040740999999999895,-0.005965968251109722,-0.011552520846237419,0.0003794156559820254,-0.005558558251109723,99.21277680087829,102.34704848608023,96.93760422839334
2014-08-05,True,0.00040740999999999895,-0.0007238389805030846,-0.007185251075735735,-0.005737573114729565,-0.0003164289805030857,99.18138300306231,102.38874569710394,96.86746558696015
2014-08-06,True,0.00040740999999999895,-0.00490953551854125,-0.009892077235631498,-7.300619854899715e-05,-0.004502125518541252,98.73485596768002,102.4304598959884,96.39208499887529
2014-08-07,True,0.00040740999999999895,0.0035206075428133587,0.004425023662972321,-0.002616191422654396,0.003928017542813357,99.12268821400822,102.47219108965461,96.73130549856607
2014-08-08,True,0.00040740999999999895,0.0019483455882403984,0.007817114923374335,0.0039204237468935385,0.0023557555882403975,99.35619704068976,102.51393928502645,96.91969475921026
2014-08-11,True,0.00040740999999999895,-0.007099924639976461,-0.0028988059335807474,0.011301043346372174,-0.0066925146399764626,98.69125423742257,102.55570448903057,96.23185246411977
2014-08-12,True,0.00040740999999999895,-0.0038061948296367384,-0.002140650888775565,0.005471738770497911,-0.0033987848296367393,98.35582389970259,102.59748670859645,95.8657244490391
2014-08-13,True,0.00040740999999999895,-0.0012284573921374196,-0.003906938247226776,-0.0014500234629519367,-0.0008210473921374207,98.27506910698821,102.63928595065642,95.74800545108401
2014-08-14,True,0.000407770000000003,0.0062161654918627485,0.010921843394013264,-0.0015104875897122333,0.006623935491862751,98.92603682521126,102.68113917228851,96.34294829863877
2014-08-15,True,0.00040740999999999895,0.006758862991094875,0.009975027002659054,-0.0035426989795306948,0.007166272991094873,99.63496781102782,102.7229724951987,96.99385190171047
2014-08-18,True,0.00040740999999999895,0.0074330504777572245,0.015635828034888943,0.0007697270793744947,0.007840460477757223,100.41615183835279,102.76482286142297,97.71451849215238
2014-08-19,True,0.00040848999999999926,0.009277953045595286,0.016110376393563528,-0.002445529697627044,0.009686443045595286,101.38882717399285,102.80680126391364,98.62073902457024
2014-08-20,False,0.000407770000000003,0.0,0.0,0.0,0.000407770000000003,101.43017049604958,102.84872279326503,98.62073902457023
2014-08-21,True,0.00040740999999999895,0.0015181767032014736,-0.006230684892886958,-0.009267038299289905,0.0019255867032014725,101.62548308366024,102.89062439141823,98.77040175891526
2014-08-22,True,0.00040848999999999926,0.0011302459714954238,0.007525433268705997,0.00526494132571515,0.001538735971495423,101.78185787010166,102.93265418257589,98.88199102450714
2014-08-25,True,0.00040848999999999926,0.003983798568160824,0.005076784754054395,-0.0028908123822672534,0.004392288568160823,102.22891316087069,102.97470114248296,99.27575610966781
2014-08-26,True,0.00040740999999999895,0.007846302370874182,0.01957317045009716,0.003880565708348796,0.00825371237087418,103.07268120608757,103.0166540654754,100.05438648839882
2014-08-27,True,0.00040848999999999926,0.006734395036135937,0.0004513091936284776,-0.013017480878643396,0.007142885036135936,103.80891751830895,103.05873533849461,100.72791712158157
2014-08-28,True,0.00040740999999999895,0.006809858721270465,0.0145088738347099,0.0008891563921689711,0.007217268721270463,104.55813437170276,103.10072249785887,101.41358066028505
2014-08-29,True,0.00040740999999999895,0.00631616452382,0.0058466847540965435,-0.006785644293543457,0.006723574523819999,105.2611387802225,103.14272676321173,102.05386466257973
2014-09-01,True,0.00040740999999999895,0.0008493365731686419,0.008696114114768923,0.006997440968431639,0.0012567465731686408,105.39342535567235,103.18474814152232,102.14050744313562
2014-09-02,True,0.00040740999999999895,0.003402927541335542,0.013532980084712315,0.006727125002041231,0.003810337541335541,105.79500988091503,103.22678663976265,102.48794264042616
2014-09-03,True,0.00040740999999999895,0.001980524809540549,-0.005140863200515534,-0.009101912819596632,0.0023879348095405483,106.04764146768537,103.26884226490756,102.69083989113538
2014-09-04,True,0.00040740999999999895,0.0023783999025564547,0.0009024243553929147,-0.0038543754497199945,0.002785809902556454,106.3430700374288,103.3109150239347,102.93498030947808
2014-09-05,True,0.00040740999999999895,-0.002211677580826703,-0.03070171027548172,-0.026278355113828315,-0.0018042675808267042,106.15119868371468,103.3530049238246,102.70741403402104
2014-09-08,True,0.00040740999999999895,-0.009892956200938512,-0.023642527719933016,-0.0038566153180559933,-0.009485546200938513,105.1442965843153,103.39511197156061,101.69174787801944
2014-09-09,True,0.00040848999999999926,-0.0028879342037403995,-0.007750220370522087,-0.0019743519630412887,-0.0024794442037404003,104.88359716759297,103.43734784084988,101.398188717066
2014-09-10,True,0.00040740999999999895,-0.00047949225535713017,0.005513491895811043,0.0064724764065253034,-7.208225535713122e-05,104.87603692135916,103.4794892507337,101.34958887093227
2014-09-11,True,0.00040740999999999895,-0.004352760837396709,-0.017099699756645523,-0.008394178081852105,-0.00394535083739671,104.46226416126862,103.52164782944935,100.90861800554886
2014-09-12,True,0.00040740999999999895,-0.001349174420200459,0.0065664429056416585,0.009264791746042576,-0.00094176442020046,104.36388531762798,103.56382358399155,100.77253012292228
2014-09-15,True,0.00040740999999999895,0.0001660988279115509,0.007612777778412224,0.007280580122589122,0.0005735088279115498,104.42373892717278,103.6060165213579,100.7892615055288
2014-09-16,True,0.00040740999999999895,0.008210285135037985,0.001631181707014696,-0.014789388563061273,0.008617695135037984,105.32363087410796,103.64822664854887,101.6164330830667
2014-09-17,True,0.00040740999999999895,-0.0018273974432184803,-0.0023993086542697687,0.001255486232167192,-0.0014199874432184814,105.17407264079255,103.69045397256775,101.43081509568596
2014-09-18,True,0.00040740999999999895,0.00018030617792102007,0.000940854778910089,0.0005802424230680488,0.000587716177921019,105.23588514478139,103.73269850042071,101.44909625035406
2014-09-19,False,0.00040740999999999895,0.0,0.0,0.0,0.00040740999999999895,105.27875929674823,103.77496023911677,101.44909625035406
2014-09-22,True,0.00040848999999999926,0.0005003736289622696,-0.0016609819321203533,-0.0026617291900448924,0.0009088636289622688,105.37444333197531,103.81735127262486,101.49983797531254
2014-09-23,True,0.00040848999999999926,0.007131762555845423,0.01852418064427728,0.004260655532586433,0.0075402525558454225,106.16899324763003,103.85975962244622,102.22341514517113
2014-09-24,True,0.00040848999999999926,0.0017446873875986203,-0.00394895318322015,-0.00743832795841739,0.0021531773875986195,106.39759392315493,103.9021852956544,102.40169022470492
2014-09-25,True,0.00040740999999999895,0.002665637282633082,0.019911451765141742,0.014580177199875578,0.003073047282633081,106.72455876003917,103.94451608496571,102.67454482428012
2014-09-26,True,0.00040740999999999895,0.0017963224442451298,-0.026020142524100898,-0.029612787412591157,0.002203732444245129,106.95975113277643,103.98686412026387,102.85890630289066
2014-09-29,True,0.00040740999999999895,0.004278814539597753,0.008768047696069614,0.00021041861687410847,0.004686224539597752,107.46098854328412,104.0292294085751,103.29884125280863
2014-09-30,True,0.00040740999999999895,-0.008182033099413816,-0.03118201100220752,-0.01481794480337989,-0.007774623099413817,106.62551985946966,104.07161195692845,102.45399091502318
2014-10-01,True,0.00040740999999999895,-0.007967874984549001,-0.008782963387739273,0.007152786581358728,-0.0075604649845490025,105.81938135011282,104.11401177235582,101.63798277362106
2014-10-02,True,0.00040740999999999895,0.011403880519328065,0.03471705373159648,0.011909292692940355,0.011811290519328064,107.06924480581456,104.15642886189201,102.79657816204974
2014-10-03,True,0.00040740999999999895,0.0005422605101258922,0.028437279842618714,0.02735275882236693,0.0009496705101258911,107.1709253101481,104.19886323257464,102.85229798614957
2014-10-06,True,0.00040848999999999926,0.004091799875553193,0.009432128846506104,0.0012485290953997198,0.004500289875553192,107.65322554027506,104.24142742621652,103.27297716301271
2014-10-07,True,0.00040848999999999926,-0.002616178019013543,-0.0049269168861687754,0.00030543915185831104,-0.002207688019013544,107.41556080404162,104.28400900690586,103.00290699116523
2014-10-08,True,0.00040848999999999926,-0.006531179766978773,-0.007889572266254285,0.0051727872677032605,-0.006122689766978774,106.75788864909241,104.32660798174511,102.33045118055857
2014-10-09,True,0.00040848999999999926,0.0011149871302679748,-0.020940683832165796,-0.023170658092701746,0.001523477130267974,106.920531850925,104.36922435783957,102.44450172815124
2014-10-10,True,0.00040740999999999895,-0.005970600459947515,0.02726302798138829,0.03920422890128332,-0.005563190459947517,106.32571256815943,104.4117454235352,101.8330956319717
2014-10-13,True,0.00040848999999999926,-0.008070099456128693,-0.010156571150597205,0.005983627761660182,-0.007661609456128694,105.5110864833176,104.45439657742325,101.0116279836159
2014-10-14,True,0.00040740999999999895,-0.0003424488299671683,-0.018378766125084222,-0.017693868465149885,6.496117003283063e-05,105.51794060694696,104.49695234313288,100.97705075690773
2014-10-15,True,0.00040848999999999926,0.007585476421348275,-0.00978174916347534,-0.02495270200617189,0.007993966421348274,106.36144748100871,104.53963830319553,101.7426970356731
2014-10-16,True,0.00040848999999999926,-0.001829326607438687,0.016573688371568328,0.020232341586445702,-0.0014208366074386879,106.21032524280753,104.58234170004602,101.55665241024221
2014-10-17,True,0.00040848999999999926,0.0032323813437831863,-0.00863772156990158,-0.015102484257467953,0.0036408713437831855,106.59702337239796,104.62506254080708,101.88478819864194
2014-10-20,True,0.00040848999999999926,-0.0021699534235340556,-0.03277217250594412,-0.02843226565887601,-0.0017614634235340564,106.40925661466989,104.66780083260439,101.66379322791984
2014-10-21,False,0.00040848999999999926,0.0,0.0,0.0,0.00040848999999999926,106.45272373190441,104.71055658256651,101.66379322791983
2014-10-22,True,0.00040848999999999926,-0.00987316589105987,-0.04403873753225775,-0.024292405750138014,-0.00946467589105987,105.4451832040614,104.75332979782495,100.66045958402634
2014-10-23,True,0.00040848999999999926,0.0035251338975681723,0.031065282432588714,0.02401501463745237,0.0039336238975681715,105.85996489659635,104.79612048551408,101.01515629219244
2014-10-24,True,0.00040848999999999926,0.0016325889161200643,-0.013913754291120673,-0.0171789321233608,0.0020410789161200635,106.076033439008,104.83892865277123,101.180005177594
2014-10-27,True,0.00040848999999999926,-0.0058628965760851425,0.017150718707431033,0.028876511859601318,-0.005454406576085143,105.49745162465325,104.88175430673661,100.58703949222281
2014-10-28,True,0.00040848999999999926,0.002189296420369474,-0.011016396410866436,-0.015394989251605384,0.002597786420369473,105.77151147186737,104.92459745455338,100.80716441888741
2014-10-29,True,0.0004174299999999945,-0.0019238834244159064,0.01356874096534998,0.017416507814181793,-0.001506453424415912,105.61217161620493,104.96839612926883,100.61330410930859
2014-10-30,True,0.00041635999999999675,-0.0012245686446341192,0.03547338344224919,0.03792252073151743,-0.0008082086446341225,105.52681494612612,105.01210077068122,100.49014748935355
2014-10-31,True,0.00041635999999999675,0.0013675953514470478,-0.014923526945597388,-0.017658717648491484,0.0017839553514470445,105.71507007237044,105.0558236089581,100.62752015144464
2014-11-03,True,0.00041635999999999675,-0.008333364370898162,-0.005450297738602972,0.01121643100319335,-0.007917004370898165,104.87812340053767,105.09956465167592,99.78930336022594
2014-11-04,True,0.0004174299999999945,0.0005145328298709739,-0.01693094506234346,-0.017960010722085407,0.0009319628298709683,104.9758659132136,105.14343636294845,99.84062680892757
2014-11-05,True,0.0004174299999999945,-0.007741256340168701,-0.021785661583166204,-0.006303148902828804,-0.007323826340168706,104.20704090135638,105.18732638758944,99.06805741727767
2014-11-06,True,0.0004174299999999945,-0.010621045612464363,-0.005207824688073537,0.01603426653685519,-0.010203615612464368,103.14375231188657,105.23123473324341,98.01629009994178
2014-11-07,True,0.0004174299999999945,-0.00037124150788512243,-0.008444121371584411,-0.0077016383558141666,4.6188492114872086e-05,103.14851636627691,105.2751614075581,97.97991756759396
2014-11-10,True,0.0004174299999999945,0.0011972362925775526,-0.002882233455793226,-0.0052767060409483315,0.001614666292577547,103.31506679878292,105.31910641818445,98.09717373460785
2014-11-11,True,0.0004174299999999945,0.011973442384224015,0.025906395587457876,0.0019595108190098463,0.01239087238422401,104.59523060685423,105.36306977277658,99.2712445000148
2014-11-12,True,0.0004174299999999945,-0.00025088351834988594,-0.01711545779810566,-0.016613690761405887,0.00016654648165010858,104.61265057450917,105.40705147899183,99.24634937289656
2014-11-13,True,0.0004174299999999945,-0.0008606759206065129,-0.009689462919086456,-0.00796811107787343,-0.00044324592060651836,104.56628144389819,105.45105154449071,99.16096607133478
2014-11-14,True,0.0004174299999999945,0.002537418435316563,-0.008552819791098999,-0.013627656661732124,0.0029548484353165575,104.87525895700955,105.49506997693692,99.41247394777513
2014-11-17,True,0.0004174299999999945,0.008944039994915321,0.018744031530704076,0.0008559515408734341,0.009361469994915316,105.85704554694458,105.53910678399738,100.3012520880984
2014-11-18,True,0.0004174299999999945,0.0012780153421480594,0.014378167841173817,0.011822137156877698,0.0016954453421480539,106.03652038175069,105.58316197334221,100.42938514052358
2014-11-19,True,0.0008350342478048888,-6.658336904028297e-05,0.03494337450770031,0.03507654124578088,0.0007684508787646058,106.11800423901919,105.67132752958148,100.42270379286441
2014-11-21,False,0.0004174299999999945,0.0,0.0,0.0,0.0004174299999999945,106.16230107752867,105.71543791183215,100.42270379286438
2014-11-24,True,0.0004174299999999945,0.0023835082365597005,0.00022069813743457177,-0.0045463183356848295,0.0028009382365596952,106.45965512589788,105.75956670707968,100.66196226083
2014-11-25,True,0.0004174299999999945,0.003696580469621036,0.0018044485697285896,-0.005588712369513482,0.004114010469621031,106.89763126167809,105.80371392301022,101.03391204156016
2014-11-26,True,0.0004174299999999945,-0.005106019452583038,-0.0009917465142552761,0.0092202923909108,-0.004688589452583043,106.39643215523846,105.8478795673131,100.51824617570776
2014-11-27,True,0.00041635999999999675,0.0035986187282727898,0.01218215594313211,0.004984918486586531,0.0040149787282727865,106.82361156710587,105.89195039044974,100.87982247302168
2014-11-28,True,0.00041635999999999675,-0.0033985175332511934,-0.03588504615706003,-0.02908801109055764,-0.0029821575332511967,106.50504672914194,105.9360395629143,100.53712331381777
2014-12-01,True,0.00041635999999999675,-0.0002781119064645288,-0.0030845756860792607,-0.002528351873150203,0.00013824809353546794,106.51977084880416,105.98014709234673,100.50917437960076
2014-12-02,True,0.0004174299999999945,0.0008238837478672712,0.0058610004052894625,0.00421323290955492,0.0012413137478672657,106.65199530477845,106.02438638514748,100.59194770281536
2014-12-03,True,0.00043525999999999564,-0.004208287663533994,-0.016081711870738803,-0.0076651365436708144,-0.0037730276635339986,106.24959437612243,106.07053455956547,100.16881202428219
2014-12-04,True,0.00043525999999999564,-0.0015767355187737363,-0.0019149656429648387,0.0012385053945826341,-0.0011414755187737406,106.12831306526245,106.11670282043787,100.01094101542547
2014-12-05,True,0.00043525999999999564,-0.0040154871404825924,-0.020088641158380837,-0.012057666877415652,-0.003580227140482597,105.74834959845256,106.16289117650749,99.60952308903711
2014-12-08,True,0.0004345500000000065,0.003692135958986242,-0.013468567750779436,-0.02085283966875192,0.004126685958986249,106.18473982792646,106.20902426086822,99.97713524522915
2014-12-09,True,0.0004345500000000065,-0.013068247742352834,-0.010982904538845584,0.015153590945860084,-0.012633697742352828,104.84323392009007,106.25517739236079,98.67117677752593
2014-12-10,True,0.00043525999999999564,-0.0030848330633715284,-0.010526847995900968,-0.004357181869157911,-0.002649573063371533,104.56544411161863,106.30142602087258,98.36692509758704
2014-12-11,True,0.00043525999999999564,-0.0017729595152899905,-0.0222096195709233,-0.01866370054034332,-0.0013376995152899948,104.42556696771443,106.34769477956243,98.19260039831406
2014-12-12,True,0.00043525999999999564,0.006361028285135079,-0.014230993269819104,-0.026953049840089262,0.0067962882851350746,105.13527322516572,106.39398367719217,98.81693455915187
2014-12-15,True,0.00043525999999999564,-0.0012851506705084167,-0.021949899151953077,-0.019379597810936244,-0.000849890670508421,105.0459197373103,106.4402927225275,98.689995161088
2014-12-16,True,0.00043525999999999564,-0.010112524669097107,0.0192201309883535,0.039445180326547716,-0.00967726466909711,104.02936256960362,106.48662192433791,97.69242435309832
2014-12-17,True,0.00043525999999999564,-0.00868485507811375,-0.0073212411330633494,0.010048469023164152,-0.008249595078113754,103.17116245217011,106.53297129139669,96.84434893866695
2014-12-18,True,0.00043525999999999564,-0.0007742465181536026,0.01850136540702877,0.020049858443335976,-0.000338986518153607,103.13618881903659,106.57934083248097,96.76940016090337
2014-12-19,True,0.00043525999999999564,0.0009486350881928447,0.007912662722830043,0.006015392546444354,0.0013838950881928404,103.27891848415818,106.62573055637172,96.86115907037643
2014-12-22,True,0.0004345500000000065,-0.0007937338009077477,0.00423222667843004,0.005819694280245535,-0.0003591838009077412,103.2418223696634,106.672064767585,96.78431048897819
2014-12-23,False,0.000869288833702513,0.0,0.0,0.0,0.000869288833702513,103.33156933302044,106.76479360235544,96.7843104889782
2014-12-26,True,0.00043525999999999564,-0.010687598036092894,-0.003085438332549972,0.018289757739635815,-0.010252338036092897,102.27217915441832,106.81126404641881,95.75036871576778
2014-12-29,True,0.0004345500000000065,0.003570880883907568,0.011853015712483872,0.004711253944668736,0.004005430883907575,102.68182329936795,106.85767888121018,96.09213336321447
2014-12-30,True,0.000869288833702513,-0.006640372713440855,-0.03523288911033311,-0.021952143683451397,-0.005771083879738343,102.08923788418282,106.950569068257,95.45459998350114
2015-01-02,True,0.0004345500000000065,-0.008179215459205426,-0.03500690881491229,-0.018648477896501436,-0.007744665459205419,101.29859088978459,106.9970444380456,94.67419536848928
2015-01-05,True,0.0004345500000000065,0.00338450019993754,-0.0073301048242026875,-0.014099105224077767,0.0038190501999375466,101.68545529357561,107.04354000370617,94.99448102151233
2015-01-06,True,0.0004345500000000065,-0.002255845903539966,0.016315721607266707,0.02082741341434664,-0.0018212959035399596,101.50025599039985,107.09005577401479,94.78028119117734
2015-01-07,True,0.0004345500000000065,0.007035215928219879,0.010859155028673795,-0.0032112768277659633,0.007469765928219885,102.25843914430253,107.13659175775139,95.4467913031255
2015-01-08,True,0.0004345500000000065,-0.0030382928995248693,-0.022605822575155067,-0.01652923677610533,-0.0026037428995248626,101.99218445946406,107.18314796369972,95.1569219575509
2015-01-09,True,0.0004345500000000065,-0.017416710441869862,-0.03867180248600548,-0.0038383816022657504,-0.016982160441869856,100.26013681915664,107.22972440064736,93.50032127710232
2015-01-12,True,0.0004345500000000065,0.002161615359934854,-0.0031447286296219846,-0.007467959349491693,0.0025961653599348607,100.52042871334888,107.27632107738565,93.70234521823015
2015-01-13,True,0.0004345500000000065,-0.008362043355106496,-0.016017507239863026,0.0007065794703499662,-0.00792749335510649,99.72355368267135,107.32293800270982,92.91914248578753
2015-01-14,True,0.0004345500000000065,-0.008195317394760242,-0.014862469168329706,0.0015281656211907802,-0.007760767394760236,98.94962237876125,107.3695751854189,92.1579713879681
2015-01-15,True,0.0004345500000000065,-0.0035243785972274904,0.014021054000612243,0.021069811195067224,-0.003089828597227484,98.64388500585048,107.41623263431572,91.8333128863963
2015-01-16,True,0.0004345500000000065,-0.0011027406007910589,-0.019972112914635333,-0.017766631713053215,-0.0006681906007910524,98.57797208906406,107.46291035820697,91.73208855080634
2015-01-19,True,0.0004345500000000065,0.0020917960064542663,-0.0051795371943091474,-0.00936312920721768,0.002526346006454273,98.82701415517562,107.50960836590313,91.92389001997219
2015-01-20,True,0.0004345500000000065,0.021123250711387886,0.041951585653600056,-0.0002949157691757187,0.02155780071138789,100.9575072312344,107.55632666621852,93.86477798236605
2015-01-21,True,0.0004530099999999981,0.0019799679312012264,0.007403642972656332,0.0034437071102538797,0.0024329779312012244,101.20313461831707,107.60505075776159,94.05054307919394
2015-01-22,True,0.0004526499999999011,0.003419298806360377,0.005389726605844492,-0.0014488710068762622,0.003871948806360278,101.59498797460238,107.65375818398708,94.37198448842828
2015-01-23,True,0.0004526499999999011,-0.007415717344609785,-0.027486758981945802,-0.012655324292726233,-0.006963067344609884,100.88757523146039,107.70248765762906,93.67246516363456
2015-01-26,True,0.0004526499999999011,-0.0037281043133480015,-0.002289473231135508,0.005166735395560495,-0.0032754543133481006,100.55712258800527,107.75123918866728,93.32340244545546
2015-01-27,True,0.0004526499999999011,-0.00304172756919735,-0.00930848151267375,-0.00322502637427905,-0.002589077569197449,100.29677239748962,107.80001278708605,93.03966651245585
2015-01-28,False,0.0004526499999999011,0.0,0.0,0.0,0.0004526499999999011,100.34217173151534,107.8488084628741,93.03966651245585
2015-01-29,True,0.0004526499999999011,-0.007360536733002965,-0.027561990719197727,-0.012840917253191798,-0.006907886733003064,99.64901937465049,107.89762622602481,92.35515447383887
2015-01-30,True,0.0004526499999999011,0.0008009943921399422,0.013821577457021561,0.012219588672741677,0.0012536443921398433,99.77394380897175,107.94646608653602,92.42909696458918
2015-02-02,True,0.0004530099999999981,-0.00856111690309414,0.0019299174972730927,0.019052151303461374,-0.008108106903094141,98.9649660064253,107.99536691513786,91.63815896305199
2015-02-03,True,0.0004530099999999981,0.007137403095514577,0.009982822602552743,-0.004291983588476411,0.007590413095514575,99.71615098039763,108.04428989630411,92.29192128163419
2015-02-04,True,0.0004530099999999981,0.004492675123117473,0.01659471734180069,0.007609367095565744,0.004945685123117471,100.20931566483593,108.09323504007003,92.70637115050582
2015-02-05,True,0.0004530099999999981,-0.008325437022333782,-0.027633206006067924,-0.01098233196140036,-0.007872427022333784,99.4204251403065,108.14220235647551,91.93489958025924
2015-02-06,True,0.0004530099999999981,-0.009569405168536937,-0.0016995195984636057,0.01743929073861027,-0.009116395168536939,98.51406925690353,108.19119185556502,91.0555356377066
2015-02-09,True,0.0004530099999999981,0.0020794102065270883,-0.015209863268700363,-0.01936868368175454,0.0025324202065270863,98.76354827651693,108.24020354738751,91.24479171297779
2015-02-10,True,0.0004530099999999981,-0.01155725293931429,-0.018471603370501778,0.0046429025081268,-0.011104242939314292,97.66685384290578,108.2892374419965,90.19073007621793
2015-02-11,True,0.0004530099999999981,0.006102862237569012,0.03200964655641775,0.019803922081279724,0.00655587223756901,98.30714525854518,108.3382935494501,90.74090244339477
2015-02-12,True,0.0004530099999999981,-0.0016028141704058363,0.013433807869331228,0.0166394362101429,-0.0011498041704058382,98.1941112929462,108.38737187981093,90.59552749542827
2015-02-13,True,0.0004530099999999981,0.006957704079724774,0.027912084386677603,0.013996676227228055,0.0074107140797247725,98.92179977605092,108.4364724431462,91.22557894707994
2015-02-18,True,0.0004530099999999981,0.010905272666816835,0.016158356297344013,-0.005652189036289656,0.011358282666816833,100.04538153981754,108.48559524952768,92.21996829136918
2015-02-19,True,0.0004530099999999981,-0.009103903520461804,-0.016845322634380933,0.0013624844065426745,-0.008650893520461805,99.17989959690262,108.53474030903168,91.3807867550123
2015-02-20,True,0.0004530099999999981,0.0010356930969191212,-0.0037705171501613787,-0.005841903343999621,0.0014887030969191193,99.32754902058464,108.58390763173907,91.47538635048276
2015-02-23,True,0.0004530099999999981,-0.0021113602735679526,0.0074792398806512676,0.011701960427787173,-0.0016583502735679546,99.16282915249352,108.6330972277353,91.28233630733313
2015-02-24,True,0.0004530099999999981,0.002226248434913225,0.004700030046529402,0.00024753317670295205,0.002679258434913223,99.42851199893018,108.68230910711046,91.48546144795256
2015-02-25,True,0.0004530099999999981,0.0026648835983186124,0.0016397253996692895,-0.0036900417969679355,0.0031178935983186104,99.738519519982,108.73154327995907,91.7291491606791
2015-02-26,True,0.0004530099999999981,-0.012190990003561974,-0.0241905491893318,0.00019143081779214864,-0.011737980003561976,98.56779077227158,108.7807997563803,90.61138637794424
2015-02-27,True,0.0004530099999999981,0.0034246611899805155,-0.004896381856927789,-0.01174570423688882,0.0038776711899805136,98.95000425480926,108.83007854647795,90.92155916486892
2015-03-02,True,0.0004530099999999981,-0.004912726101036168,-0.008640762729966455,0.001184689472105882,-0.00445971610103617,98.50871532763648,108.87937966036027,90.47508870359641
2015-03-03,False,0.0004530099999999981,0.0,0.0,0.0,0.0004530099999999981,98.55334076076706,108.92870310814023,90.47508870359641
2015-03-04,True,0.00047102999999999674,-0.007099091034390259,-0.006369701703797137,0.00782848036498338,-0.0066280610343902625,97.90012320306163,108.98001179516524,89.83310020838596
2015-03-05,True,0.00047102999999999674,0.0022581388587442517,-0.0004927992544474735,-0.005009076971935977,0.0027291688587442486,98.16730917057465,109.0313446501211,90.0358603166742
2015-03-06,True,0.00047102999999999674,-0.012512930388617971,-0.03305298530114592,-0.008027124523909978,-0.012041900388617974,96.98518821212393,109.08270168439165,88.90977828247287
2015-03-09,True,0.00047102999999999674,0.008114230745880873,0.00139500739132683,-0.014833454100434917,0.00858526074588087,97.81783134141335,109.13408290936604,89.63087308173868
2015-03-10,True,0.00047102999999999674,0.006509365569187525,0.014922178197715907,0.001903447059340857,0.006980395569187521,98.5006384978965,109.18548833643882,90.21403851250035
2015-03-11,True,0.00047102999999999674,0.003749987123299753,0.011363905366279093,0.0038639311196795867,0.004221017123299749,98.91641137965208,109.23691797700992,90.55218072013903
2015-03-12,True,0.00047102999999999674,-0.007129369663589119,-0.012029517933030077,0.002229221394148162,-0.006658339663589123,98.25779231438304,109.28837184248461,89.90690469430751
2015-03-13,True,0.0004710300000000106,-0.002776390809283302,-0.0027223189904927335,0.002830462628073871,-0.002305360809283291,98.03127265077475,109.33984994427357,89.65740551202295
2015-03-16,True,0.0004710300000000106,-0.00210509609958201,0.005955696799974019,0.01016588899913804,-0.0016340660995819993,97.87108307143724,109.39135229379282,89.46875691652889
2015-03-17,True,0.0004710300000000106,0.010160021541339187,0.025920547970458063,0.005600504887779689,0.010631051541339198,98.91155559997638,109.44287890246376,90.37733344727438
2015-03-18,True,0.0004710300000000106,0.0002976870516274875,-0.008645190085756316,-0.00924056418901129,0.0007687170516274981,98.98759059936908,109.49442978171318,90.40422494250127
2015-03-19,True,0.0004710300000000106,0.013029736730883895,0.03445627856474087,0.008396805102973082,0.013500766730883906,100.32399896930342,109.54600494297324,91.58161360747883
2015-03-20,True,0.0004713800000000125,0.0011227646935477679,-0.0057371937911543935,-0.00798272317824993,0.0015941446935477804,100.48392993989582,109.59764273878325,91.68438976319118
2015-03-23,True,0.0004713800000000125,0.008029468579517057,0.0023015185717671248,-0.013757418587266989,0.00850084857951707,101.33812861298968,109.64930487561746,92.42021983444792
2015-03-24,True,0.0004713800000000125,0.0018263948977346566,0.005919200162383564,0.002266410366914251,0.002297774897734669,101.57098082110001,109.70099136494973,92.588936122917
2015-03-25,True,0.0004713800000000125,0.0019274930430370988,-0.013056269416640297,-0.016911255502714495,0.0023988730430371114,101.8146367089466,109.75270221825934,92.76731656818185
2015-03-26,True,0.0004713800000000125,0.004049899539240615,-0.002865463273352087,-0.010965262351833316,0.004521279539240627,102.27496914269398,109.80443744703099,93.14283786757781
2015-03-27,True,0.0004710300000000106,0.011255769774537128,0.01787613320410939,-0.004635406344964866,0.011726799774537139,103.47432722777732,109.85615863120167,94.1907386140737
2015-03-30,True,0.0004710300000000106,0.0048091218267273085,-0.0037588306708077556,-0.013377074324262373,0.005280151826727319,104.02068738570844,109.9079041776017,94.64350008678173
2015-03-31,True,0.0004710300000000106,0.011313474078043262,0.022004161301171842,-0.0006227868549146809,0.011784504078043273,105.24651960040619,109.95967409770645,95.7137427552647
2015-04-01,True,0.0004710300000000106,0.00781594576812492,0.028403897425778833,0.012772005889528992,0.008286975768124932,106.11869495801425,110.0114684029967,96.46148396936003
2015-04-02,False,0.0004710300000000106,0.0,0.0,0.0,0.0004710300000000106,106.16868004690032,110.06328710495853,96.46148396936006
2015-04-06,True,0.0004710300000000106,-0.010169748202657536,-0.019926083345006833,0.0004134130603082382,-0.009698718202657525,105.13897993717731,110.1151302150836,95.48095682383833
2015-04-07,True,0.0004710300000000106,-0.00684829564191785,-0.009573859136051886,0.004122732147783815,-0.00637726564191784,104.46848073279766,110.1669977448688,94.82738285628142
2015-04-08,True,0.0004710300000000106,0.006239215277761143,0.007211339697998254,-0.005267090857524032,0.006710245277761154,105.1694898623098,110.21888970581655,95.41875275918309
2015-04-09,True,0.0004710300000000106,-0.0003207516607626132,0.005524108335438001,0.006165611656963227,0.0001502783392373974,105.18529455858474,110.27080610943467,95.38816144519431
2015-04-10,True,0.0004710300000000106,0.008688548032200132,0.008575439277365272,-0.00880165678703499,0.009159578032200143,106.14874747193406,110.32274696723638,96.21655586898872
2015-04-13,True,0.0004710300000000106,-0.010412991213759363,-0.01454642623181679,0.006279556195701937,-0.009941961213759351,105.09342074167895,110.37471229074036,95.21512542189025
2015-04-14,True,0.0004710300000000106,0.006433091389065226,0.013579785758155981,0.0007136029800255282,0.006904121389065237,105.81899847567162,110.42670209147064,95.82736464231061
2015-04-15,True,0.0004710300000000106,0.008420492067870914,0.013219930747981704,-0.003621053387760124,0.008891522067870925,106.75989043581806,110.47871638095678,96.63389830461523
2015-04-16,True,0.0004710300000000106,0.0031605222883802075,-0.007293990644111601,-0.013615035220872016,0.0036315522883802183,107.14759456023748,110.5307551707337,96.93916810278701
2015-04-17,True,0.0004710300000000106,-0.0038266365522476435,-0.004544967209973809,0.003108305894521478,-0.0033556065522476327,106.78804938987356,110.58281847234174,96.56839178554912
2015-04-20,True,0.0004710300000000106,0.0005930589107294285,0.005543924179719471,0.0043578063582606135,0.0010640889107294393,106.90168136902776,110.63490629732678,96.62563556725385
2015-04-22,True,0.0004710300000000106,-0.0016120772264861596,0.011507024638702505,0.014731179091674824,-0.001141047226486149,106.77970150199492,110.68701865724,96.469940917512
2015-04-23,True,0.0004710300000000106,0.00848958127529597,0.016186370189035904,-0.0007927923615560371,0.00896061127529598,107.73651289924643,110.73915556363812,97.28854473459826
2015-04-24,True,0.0004713800000000125,0.008119306878983022,-0.000938027131636253,-0.017176640889602295,0.008590686878983034,108.6620435469974,110.79135578678772,98.07808811015177
2015-04-27,True,0.0004717299999999968,-0.005617679568226779,-0.006449883200114464,0.004785475936339095,-0.005145949568226783,108.1028741509241,110.843619393053,97.52737662561324
2015-04-28,True,0.0004717299999999968,0.0013747257595240203,-0.0051927277102144075,-0.007942179229262448,0.0018464557595240171,108.30248132552116,110.8959076536293,97.66138680589691
2015-04-29,True,0.0004889699999999897,0.008497409463019492,0.01765524610867586,0.0006604271826368752,0.008986379463019481,109.27572851949887,110.95013242559469,98.49085001568726
2015-04-30,True,0.0004889699999999897,-0.0026512673169051815,0.0169962998476824,0.022298834481492762,-0.002162297316905192,109.0394419049183,111.00438371184683,98.22985206419482
2015-05-04,True,0.0004896700000000114,0.010629426894469706,0.023478791868946684,0.002219938080007274,0.011119096894469717,110.25186202477799,111.05873922841903,99.27346806811708
2015-05-05,True,0.0004896700000000114,-0.001566818788047301,-0.0013384427097952673,0.0017951948662993347,-0.0010771487880472897,110.13310436521803,111.11312136125701,99.11800066091861
2015-05-06,True,0.0004896700000000114,-0.005289296379043986,-0.013678330005934583,-0.0030997372478466113,-0.004799626379043975,109.60450661230074,111.167530123394,98.59399276986875
2015-05-07,False,0.0004896700000000114,0.0,0.0,0.0,0.0004896700000000114,109.6581766510536,111.22196552786954,98.59399276986873
2015-05-08,True,0.0004896700000000114,-0.0058706641669612845,-0.019227501911645288,-0.007486173577722719,-0.005380994166961273,109.06810664213467,111.27642758772957,98.01546383769924
2015-05-11,True,0.0004896700000000114,0.008724062295077002,0.009067696062893729,-0.008380428527260274,0.009213732295077014,110.07303097866618,111.33091631602647,98.87013834163581
2015-05-12,True,0.0004896700000000114,-0.0021704008648185547,-0.011219310275055024,-0.006878508545417914,-0.0016807308648185432,109.88802783811622,111.38543172581896,98.65565553367097
2015-05-13,True,0.0004896700000000114,-0.008023681509422238,-0.006299068907149695,0.00974829411169478,-0.007534011509422227,109.06013017163613,111.43997383017215,97.86446139859764
2015-05-14,True,0.0004896700000000114,6.357491222635722e-06,0.01979726036920975,0.01978454538676448,0.0004960274912226471,109.11422699439758,111.49454264215757,97.8650832665419
2015-05-15,True,0.0004896700000000114,-0.0031184146727959317,-0.016797694490710335,-0.010560865145118472,-0.0026287446727959202,108.82739355145983,111.54913817485317,97.56004872119495
2015-05-18,True,0.0004896700000000114,0.0006189510044288741,-0.0023310927232514564,-0.0035689947321092047,0.0011086210044288854,108.94804188580822,111.60376044134325,97.62040405714569
2015-05-19,True,0.0004896700000000114,-0.003572009750843004,-0.00467621880171476,0.002467800699971249,-0.0030823397508429927,108.61222700552709,111.6584094547186,97.27187368683876
2015-05-20,True,0.0004896700000000114,0.011903392511429547,0.019331259478513822,-0.004475525544345271,0.012393062511429558,109.95826512431215,111.71308522807631,98.42917228525067
2015-05-21,True,0.0004896700000000114,0.0023710826479951203,-0.009633330387537898,-0.014375495683528139,0.0028607526479951318,110.27282852243547,111.76778777451995,98.66244176264776
2015-05-22,True,0.0004896700000000114,-0.004986384694889317,-0.005411409264245227,0.004561360125533407,-0.0044967146948893056,109.77696307397163,111.82251710715951,98.17071365758328
2015-05-25,True,0.0004896700000000114,-0.005763456990241167,-0.029621173927827,-0.018094259947344666,-0.0052737869902411555,109.19802275428393,111.87727323911139,97.60518789271777
2015-05-26,True,0.0004896700000000114,-0.004781852071947787,0.0018929080609303057,0.01145661220482588,-0.004292182071947775,108.72932495872583,111.93205618349839,97.13868275633024
2015-05-27,True,0.0004896700000000114,0.007197276707335129,0.003080548157716375,-0.011314005256953882,0.00768694670733514,109.56512148520807,111.98686595344978,97.83747455773218
2015-05-28,True,0.0004896700000000114,-0.004420429578951484,-0.02807841994043884,-0.019237560782535874,-0.0039307595789514725,109.1344473344111,112.04170256210122,97.40520256189545
2015-05-29,True,0.0004896700000000114,-0.0007590359100680278,0.01568816767524998,0.017206239495386036,-0.0002693659100680164,109.10505023468511,112.09656602259481,97.33130470088913
2015-06-01,True,0.0004896700000000114,0.004339940216114595,0.02132121182666084,0.012641331394431651,0.004829610216114606,109.63198509992822,112.15145634807911,97.75351000317701
2015-06-02,True,0.0004896700000000114,-0.000999489136924831,-0.013947473490840504,-0.011948495216990842,-0.0005098191369248196,109.57609261590522,112.20637355170908,97.65585425092478
2015-06-03,True,0.0005075299999999923,0.0011949366991238805,-0.0011388865538350822,-0.0035287599520828434,0.0017024666991238726,109.7626422646039,112.26332165247777,97.77248762011962
2015-06-05,True,0.0005075299999999923,0.001643667301003614,-0.0017458144977806251,-0.005033149099787853,0.0021511973010036062,109.99876336439453,112.32029865611604,97.93311153950079
2015-06-08,True,0.0005075299999999923,0.00453135827875057,-0.00456350010714093,-0.013626216664642069,0.005038888278750562,110.55303484378844,112.37730457729296,98.37665644289432
2015-06-09,False,0.0005075299999999923,0.0,0.0,0.0,0.0005075299999999923,110.60914382556271,112.43433943068506,98.37665644289433
2015-06-10,True,0.0005075299999999923,-0.0060328983428711664,-0.0131575725730056,-0.0010917758872632675,-0.005525368342871174,109.99798756383686,112.4914032309763,97.78346113967503
2015-06-11,True,0.0005075299999999923,-0.004963768298971957,-0.01437771722767351,-0.004450180629729596,-0.004456238298971965,109.50781031884505,112.54849599285812,97.29833291223542
2015-06-12,True,0.0005075299999999923,-0.007033506955497025,-0.008554626829665925,0.0055123870813281245,-0.006525976955497033,108.79316487225732,112.60561773102937,96.61433156214417
2015-06-15,True,0.0005075299999999923,-0.005913965741606063,-0.004219603278115473,0.007608328205096653,-0.005406435741606071,108.20498161724952,112.66276846019639,96.04324755740242
2015-06-16,True,0.0005075299999999923,-0.008274690735010876,-0.007438801725783361,0.009110579744238394,-0.007767160735010884,107.36453613269943,112.71994819507299,95.24892253045975
2015-06-17,True,0.0005075299999999923,-0.0057724498093816665,-0.004065918007122156,0.007478981611641178,-0.005264919809381674,106.79927045958931,112.77715695038042,94.69938181415475
2015-06-18,True,0.0005075299999999923,0.0059618534185567305,0.0033362599879069124,-0.00858744684920655,0.006469383418556723,107.49019588901452,112.83439474084744,95.26367924948131
2015-06-19,True,0.0005075299999999923,-0.00823149782749584,-0.008535980868568735,0.007927014786422944,-0.007723967827495848,106.65994507419654,112.89166158121027,94.47991426494255
2015-06-22,True,0.0005075299999999923,-0.002363749574688508,-0.0030875475287235332,0.001639951620653483,-0.001856219574688516,106.4619607963146,112.94895748621256,94.25670069536514
2015-06-23,True,0.0005075299999999923,-0.0024610746865222975,-0.009008367555641791,-0.004086218182597196,-0.0019535446865223054,106.25398259848421,113.00628247060554,94.02484558867097
2015-06-24,True,0.0005075299999999923,-0.005774393737341511,-0.016613826940619206,-0.005065039465936184,-0.005266863737341519,105.69435735058815,113.06363654914784,93.48218452591843
2015-06-25,True,0.0005075299999999923,-0.003538324458881612,0.013604634834862565,0.02068128375262579,-0.00303079445888162,105.37401947799492,113.12101973660562,93.15158201663223
2015-06-26,True,0.0005075299999999923,-0.0036745020398372993,-0.01278260390949536,-0.005433599829820761,-0.003166972039837307,105.04030290458284,113.17843204775254,92.80946997062476
2015-06-29,True,0.0005075299999999923,-0.0034210634526178774,-0.0018540025108777503,0.004988124394358005,-0.0029135334526178853,104.73426446819722,113.23587349736972,92.49212394747855
2015-06-30,True,0.0005075299999999923,-0.0038160206480645836,-0.0018947235067504004,0.005737317789378767,-0.0033084906480645914,104.38775213367227,113.29334410024583,92.1393511354969
2015-07-01,True,0.0005075299999999923,-0.004423500999097478,0.0018427390306748768,0.010689741028869833,-0.003915970999097486,103.97897272365584,113.35084387117702,91.7319793770814
2015-07-02,True,0.0005075299999999923,-0.004565301241099995,-0.013388664868740685,-0.004258062386540695,-0.004057771241100003,103.55704983845865,113.40837282496695,91.31340769546823
2015-07-03,True,0.0005075299999999923,0.0026546722376011855,-0.001398752011382287,-0.006708096486584658,0.0031622022376011777,103.88451817317721,113.46593097642679,91.55569189729721
2015-07-06,True,0.0005075299999999923,-0.007506871349954839,-0.01667962153093367,-0.0016658788310239937,-0.006999341349954846,103.15739496950755,113.52351834037523,90.86874374366451
2015-07-07,True,0.0005075299999999923,0.0021623872260620207,-0.007557804544504474,-0.011882578996628515,0.002669917226062013,103.43281667533233,113.58113493163853,91.06513747867179
2015-07-08,True,0.0010153175867008844,-0.0028191589367021668,0.009478642862398091,0.015116960735802425,-0.0018038413500012823,103.24624028366625,113.69645585545207,90.80867077767869
2015-07-10,False,0.0005075299999999923,0.0,0.0,0.0,0.0005075299999999923,103.2986408479974,113.75416021769237,90.80867077767869
2015-07-13,True,0.0005075299999999923,-0.007030719517787554,-0.008736842463474245,0.005324596572100863,-0.0065231895177875615,102.62480423681606,113.81189386662767,90.17054435196255
2015-07-14,True,0.0005075299999999923,-0.00300913812211241,-0.0037865924277632346,0.002231683816461586,-0.002501608122112418,102.36807719300704,113.86965681712178,89.89934637057296
2015-07-15,True,0.0005075299999999923,-0.0013464561428615518,-0.00033746512287421054,0.002355447162848893,-0.0008389261428615595,102.28219793685535,113.92744908404617,89.77836224648554
2015-07-16,True,0.0005075299999999923,-0.006151587064078318,-0.018170814264177215,-0.005867640136020579,-0.005644057064078326,101.70491137506039,113.98527068227979,89.22636299083815
2015-07-17,True,0.0005075299999999923,-0.007318317072171429,-0.018378285522543465,-0.0037416513782006066,-0.006810787072171437,101.0122208794908,114.04312162670915,88.57370741755767
2015-07-20,True,0.0005075299999999923,0.004011126710240848,0.007509258138466479,-0.0005129952820152174,0.00451865671024084,101.46866042918425,114.10100193222834,88.92880755723142
2015-07-21,True,0.0005075299999999923,0.0033325153417335844,-0.0013037426755505442,-0.007968773359017713,0.0038400453417335766,101.85830468599728,114.158911613739,89.22501383916371
2015-07-22,True,0.0005075299999999923,0.0036282292795602957,-0.0010752125295340569,-0.008331671088654648,0.004135759279560288,102.27956611480269,114.21685068615031,89.54857842810833
2015-07-23,True,0.0005075299999999923,-0.006930531595184648,-0.028889146306022746,-0.01502808311565345,-0.006423001595184656,101.62262429849251,114.27481916437905,88.92827399911529
2015-07-24,True,0.0005075299999999923,-0.006801215477831474,-0.014347669671119926,-0.0007452387154569776,-0.006293685477831482,100.98304346372598,114.33281706334955,88.32376045433506
2015-07-27,True,0.0005075299999999923,0.01028651742589906,0.021354918144016837,0.0007818832922187201,0.010794047425899051,102.07305922408506,114.3908443979937,89.23184347599354
2015-07-28,True,0.0005075299999999923,0.0010595531201541863,0.005475372695893809,0.0033562664555854362,0.0015670831201541786,102.2330161922176,114.448901183251,89.32634139363749
2015-07-29,True,0.0005246099999999925,-0.001124223318045872,-0.0007863659599909805,0.0014620806761007632,-0.0005996133180458794,102.17171591416474,114.50894222130074,89.22597129288559
2015-07-30,True,0.0005246099999999925,0.01732696909410556,0.04805842814349556,0.013404489955284439,0.017851579094105553,103.99564238198695,114.56901475747947,90.77117630986501
2015-07-31,True,0.0005246099999999925,-0.012913337734337109,-0.020252690022470234,0.005573985446203984,-0.012388727734337116,102.70726868295903,114.62911880831139,89.59963205746291
2015-08-03,True,0.0005246099999999925,-0.0010977129749949158,-0.0012127032293754387,0.000982722720614393,-0.0005731029749949233,102.64840684172323,114.68925439032942,89.5013289495921
2015-08-04,True,0.0005246099999999925,0.00195849154506487,0.002974316717222061,-0.0009426663729076794,0.0024831015450648627,102.90329325935035,114.74942152007515,89.67652463620277
2015-08-05,True,0.0005246099999999925,-0.006652294020609209,-0.019901967320335064,-0.006597379279116645,-0.006127684020609217,102.27273439357695,114.8096202140988,89.08028282199449
2015-08-06,True,0.0005246099999999925,0.0010617286657152204,-0.016988451877060884,-0.019111909208491325,0.001586338665715213,102.4349735865939,114.86985048895933,89.17481232069628
2015-08-07,True,0.0005246099999999925,0.006088168687949307,0.011223726959025897,-0.0009526104168727172,0.006612778687949299,103.11235339682798,114.93011236122435,89.71743895346309
2015-08-10,True,0.0005246099999999925,-0.0005758590871686423,-0.003468810253677537,-0.0023170920793402524,-5.124908716864975e-05,103.10706898284059,114.99040584747019,89.66580144051989
2015-08-11,False,0.0005246099999999925,0.0,0.0,0.0,0.0005246099999999925,103.1611599822997,115.05073096428183,89.6658014405199
2015-08-12,True,0.0005246099999999925,0.005598546208555488,0.006826644844941727,-0.00437044757216925,0.0061231562085554804,103.7928318795271,115.111087728253,90.16753635805672
2015-08-13,True,0.0005246099999999925,0.004450624646700602,0.006494142324420076,-0.0024071069689811284,0.004975234646700594,104.30922557277331,115.17147615598613,90.56862780112223
2015-08-14,True,0.0005246099999999925,0.008932277927965311,0.020314536830418433,0.0024499809744878112,0.009456887927965304,105.29566622886787,115.23189626409231,91.37718777754706
2015-08-17,True,0.0005246099999999925,0.0043814978586226225,-0.0022178403570217225,-0.010980836074266968,0.004906107858622615,105.81225812443222,115.29234806919142,91.77734680269516
2015-08-18,True,0.0005246099999999925,-0.0065758010048073265,-0.02639832731403992,-0.013246725304425265,-0.006051191004807334,105.17196793987131,115.35283158791201,91.17415367451841
2015-08-19,True,0.0005246099999999925,0.006870587911198168,0.004337268303778736,-0.009403907518617602,0.00739519791119816,105.94973545749684,115.41334683689135,91.80024525866231
2015-08-20,True,0.0005246099999999925,0.0028654646949726626,-0.012252302779098636,-0.01798323216904396,0.0033900746949726552,106.30891297461037,115.47389383277546,92.06315769394817
2015-08-21,True,0.0005246099999999925,0.004110914513059085,-0.018465555947476786,-0.026687384973594956,0.004635524513059077,106.80171054666083,115.53447259221907,92.44142302325587
2015-08-24,True,0.0005246099999999925,0.000893681127963872,-0.0020179906636234035,-0.0038053529195511476,0.0014182911279638647,106.95318646518052,115.59508313188569,92.52399286149101
2015-08-25,True,0.0005246099999999925,-0.014224466207751382,0.007648492081170725,0.03609742449667349,-0.013699856207751389,105.48794318964674,115.65572546844751,91.20857853113836
2015-08-26,True,0.0005246099999999925,0.009641919249411792,0.03328317818560597,0.01399933968678239,0.010166529249411785,106.56038944954456,115.71639961858551,92.08754316655184
2015-08-27,True,0.0005246099999999925,-0.003444963154166579,-0.013109572842139884,-0.006219646533806726,-0.0029203531541665863,106.24919548010637,115.77710559898942,91.77047131245072
2015-08-28,True,0.0005246099999999925,0.002654556353963,-0.005118274038565672,-0.010427386746491673,0.003179166353962993,106.58697934751235,115.8378434263577,92.01395346700627
2015-08-31,True,0.0005246099999999925,-0.006202870332828304,-0.02648272305096269,-0.01407698238530608,-0.005678260332828312,105.98175073068738,115.8986131173976,91.44350210932627
2015-09-01,True,0.0005246099999999925,0.0029726026512783797,0.012755916593786202,0.006810711291229442,0.0034972126512783724,106.3523914501474,115.95941468882512,91.71518477869348
2015-09-02,True,0.0005246099999999925,-0.006657418122200479,0.01204476013437223,0.025359596378773188,-0.006132808122200487,105.70015264004648,116.02024815736502,91.10491859720833
2015-09-03,True,0.0005246099999999925,-0.008042351918667276,-0.014321501552466871,0.0017632022848676795,-0.007517741918667283,104.90552617173488,116.08111353975086,90.37260495938557
2015-09-04,True,0.0005246099999999925,-0.0032597616139334318,-0.010185065026150662,-0.0036655417982837976,-0.002735151613933439,104.61859365251571,116.14201085272495,90.07816627626534
2015-09-08,True,0.0005246099999999925,0.003962626288814324,0.007568587980248287,-0.00035666459738036157,0.0044872362888143166,105.08804200243802,116.2029401130384,90.43492522668689
2015-09-09,True,0.0005246099999999925,0.0003040601845141766,-0.00045977803882171455,-0.0010678984078500678,0.0008286701845141691,105.17512532959441,116.2639013374511,90.46240846875422
2015-09-10,True,0.0005246099999999925,-0.002880702239822755,-0.009128758759101315,-0.0033673542794558056,-0.0023560922398227625,104.92732303298295,116.32489454273174,90.20194984525698
2015-09-11,False,0.0005246099999999925,0.0,0.0,0.0,0.0005246099999999925,104.9823689559193,116.3859197456578,90.20194984525699
2015-09-14,True,0.0005246099999999925,-0.010562908212274909,-0.011775736063167532,0.009350080361382284,-0.010038298212274916,103.92852462930873,116.44697696301556,89.24965451212805
2015-09-15,True,0.0005246099999999925,0.01659251711882452,0.040949817606062186,0.007764783368413143,0.017117127118824512,105.70748239666048,116.50806621160012,90.7297544572375
2015-09-16,True,0.0005246099999999925,0.009069564026553092,0.024718657312129164,0.00657952925902298,0.009594174026553085,106.72165837868283,116.56918750821539,91.5522023100328
2015-09-17,True,0.0005246099999999925,-0.011049744232305765,-0.03085407742926807,-0.008754588964656541,-0.010525134232305772,105.59839859875294,116.63034086967407,90.54110432271777
2015-09-18,True,0.0005246099999999925,0.0009211430234857946,-0.007776109520956494,-0.009618395567928083,0.0014457530234857872,105.75106780280232,116.6915263127977,90.62446189908518
2015-09-21,True,0.0005246099999999925,-0.0004251115382543822,-0.00579084834685448,-0.004940625270345716,9.949846174561034e-05,105.76158987137664,116.75274385441668,90.58595659495136
2015-09-22,True,0.0005246099999999925,-0.0038726272015510523,-0.005247339195519143,0.002497915207582962,-0.0033480172015510597,105.40749824922389,116.81399351137014,90.23533489501325
2015-09-23,True,0.0005246099999999925,0.005457126751107433,0.00887476981075836,-0.0020394836914565057,0.005981736751107425,106.03801815534356,116.87527530050615,90.72750235899068
2015-09-24,True,0.0005246099999999925,0.0007410733883356841,0.002984789793483933,0.0015026430168125647,0.0012656833883356766,106.17222871345484,116.93658923868155,90.79470284253344
2015-09-25,True,0.0005246099999999925,-0.0035731903954928953,-0.014650006255352522,-0.007503625464366732,-0.0030485803954929027,105.84855413845322,116.99793534276206,90.470446190657
2015-09-28,True,0.0005246099999999925,-0.0035120341815879762,-0.0009558308460174939,0.006068237517158459,-0.0029874241815879836,105.53233960823387,117.05931362962222,90.15287749092745
2015-09-29,True,0.0005246099999999925,0.007469993392866574,0.02009698120935224,0.005156994423619092,0.007994603392866567,106.37602880852302,117.12072411614547,90.8259657812846
2015-09-30,True,0.0005246099999999925,-0.0077801909014503425,-0.013102702588423672,0.002457679214477013,-0.00725558090145035,105.60420892552776,117.18216681922404,90.11969294648947
2015-10-01,True,0.0005246099999999925,0.014795328707440231,0.034648419695647074,0.00505776228076661,0.015319938707440224,107.22205893351455,117.24364175575907,91.45234430441747
2015-10-02,True,0.0005246099999999925,0.003938181493257285,0.022961388905615426,0.015085025919100856,0.004462791493257277,107.70056862601258,117.30514894266058,91.81231139193834
2015-10-05,True,0.0005246099999999925,0.007159433854527534,0.005308524069126654,-0.009010343639928413,0.007684043854527526,108.52814451849243,117.36668839684738,92.4692909043582
2015-10-06,True,0.0005246099999999925,0.013349382027259377,0.022905176393779463,-0.00379358766073929,0.01387399202725937,110.03386313027525,117.42826013524726,93.7030515512573
2015-10-07,True,0.0005246099999999925,0.008845293892280035,0.013879192354409708,-0.003811395430150361,0.009369903892280028,111.06486985270223,117.48986417479681,94.53144799577288
2015-10-08,True,0.0005246099999999925,0.008605258598363122,0.014974550497789618,-0.0022359666989366276,0.009129868598363115,112.07887752035171,117.55150053244154,95.34448902200145
2015-10-09,True,0.0005246099999999925,-0.01801317531975408,-0.03626347906365204,-0.00023712842414388055,-0.01748856531975409,110.11877874987232,117.61316922513588,93.62793254816751
2015-10-13,True,0.0005246099999999925,0.0032291516083916565,-0.005944328548164697,-0.01240263176494801,0.003753761608391649,110.53213839390656,117.67487026984307,93.93011281035847
2015-10-14,False,0.0005246099999999925,0.0,0.0,0.0,0.0005246099999999925,110.5901246590294,117.73660368353534,93.93011281035847
2015-10-15,True,0.0005246099999999925,-0.003437602523865546,-0.011397586280233254,-0.004522381232502162,-0.0029129925238655535,110.2679764526843,117.79836948319375,93.60738772230305
2015-10-16,True,0.0005246099999999925,0.006949245598785236,0.011097122919472888,-0.002801368278097585,0.007473855598785229,111.0921033858619,117.86016768580834,94.25754736919369
2015-10-19,True,0.0005246099999999925,0.004706941334332332,-0.0006767434962882124,-0.010090626164952876,0.005231551334332324,111.67328742756399,117.921998308378,94.7009794860557
2015-10-20,True,0.0005246099999999925,-0.00024153084625182925,-0.001251894299002243,-0.0007688326064985845,0.0002830791537481633,111.70489980726528,117.98386136791055,94.6781182715613
2015-10-21,True,0.0005249600000000109,-0.004033166952976647,0.0012382867057379038,0.009304620611691197,-0.003508206952976636,111.31301590107986,118.04579817577422,94.29646596597279
2015-10-22,True,0.0005249600000000109,-0.0009442304155180964,-0.00045756662899244793,0.0014308942020437448,-0.00041927041551808545,111.26634564665045,118.10776749798457,94.20747509138138
2015-10-23,True,0.0005249600000000109,0.0013542157256357795,0.002914329762907078,0.00020589831163551897,0.0018791757256357905,111.47543466246985,118.1697693516103,94.33498539781213
2015-10-26,True,0.0005249600000000109,-0.0044483258420726715,0.002837616569453999,0.011734268253599342,-0.003923365842072661,111.03807574988491,118.23180375372911,93.91557281928273
2015-10-27,True,0.0005249600000000109,-0.005135554287463748,-0.007555286227579824,0.002715822347347671,-0.004610594287463737,110.52612423214154,118.29387072142765,93.43351735646682
2015-10-28,True,0.0005249600000000109,-0.00920880001501468,-0.02136462205381308,-0.0029470220237837186,-0.008683840015014668,109.56633305182999,118.35597027180155,92.57355822457762
2015-10-29,True,0.0005249600000000109,-0.0022477419912708824,0.007187122694634576,0.011682606677176341,-0.0017227819912708714,109.3775741463987,118.41810242195542,92.36558592761189
2015-10-30,True,0.0005249600000000109,0.014240455042068084,0.0444407749519337,0.015959864867797532,0.014765415042068096,110.99257942496487,118.48026718900284,93.68022376916706
2015-11-03,True,0.0005249600000000109,0.00748858507122082,0.017340725768322768,0.002363555625881128,0.008013545071220832,111.88202346275789,118.54246459006636,94.38138801117299
2015-11-04,True,0.0005249600000000109,0.004074447945770318,0.014774405811337321,0.006625509919796685,0.004599407945770329,112.39661453046135,118.60469464227756,94.76573829514899
2015-11-05,True,0.0005249600000000109,-0.011266084319230318,-0.031238132802626897,-0.00870596416416626,-0.010741124319230307,111.18934852072906,118.66695736277697,93.6986596705365
2015-11-06,True,0.0005249600000000109,-0.00012475035477389068,-0.010672716875943927,-0.010423216166396146,0.00040020964522612026,111.23384757045345,118.72925276871413,93.68697686250766
2015-11-09,True,0.0005249600000000109,-0.01000112043628583,-0.009713323462428994,0.010288917410142664,-0.009476160436285817,110.17977778493047,118.7915808772476,92.75049373977431
2015-11-10,True,0.0005249600000000109,0.008087035450533464,0.022668231117548343,0.006494160216481415,0.008611995450533476,111.12864552995507,118.85394170554491,93.50017671712655
2015-11-11,True,0.0005249600000000109,-0.005180405432736859,-0.008483491786408531,0.0018773190790651872,-0.004655445432736848,110.6112921846764,118.91633527078265,93.01606203454307
2015-11-12,True,0.0005249600000000109,-0.0027214700725571167,-0.00038821303804789653,0.005054727107066337,-0.0021965100725571058,110.3683333672542,118.97876159014638,92.76305442432401
2015-11-13,True,0.0005249600000000109,-0.003117518731240672,-0.002723838352394814,0.0035111991100865297,-0.002592558731240661,110.08219698093045,119.04122068083072,92.47401559841116
2015-11-16,False,0.0005249600000000109,0.0,0.0,0.0,0.0005249600000000109,110.13998573105755,119.10371256003931,92.47401559841116
2015-11-17,True,0.0005249600000000109,-0.0005166853798992677,0.002463506726407577,0.0034968774862061125,8.274620100743278e-06,110.14089709759736,119.16623724498481,92.42626069594448
2015-11-18,True,0.0005249600000000109,-0.0005997364125238797,0.010184509680842474,0.011383982505890233,-7.477641252386872e-05,110.13266115644025,119.22879475288892,92.3708583859284
2015-11-19,True,0.0010501955830016219,0.002611045581837397,-0.0022911044258579066,-0.007513195589532701,0.003661241164839019,110.53588338905949,119.354008306505,92.61178988241412
2015-11-23,True,0.0005249600000000109,0.004186052449130291,-0.0007836974977968592,-0.009155802396057441,0.004711012449130302,111.05661931178096,119.41666438670558,92.99926428370803
2015-11-24,True,0.0005249600000000109,-0.00397180488440653,-0.024025950416530023,-0.016082340647716964,-0.0034468448844065186,110.67382437162667,119.479353358842,92.63008315690412
2015-11-25,True,0.0005249600000000109,-0.00032296891675374917,0.006213680669454255,0.0068596185029617535,0.00020199108324626177,110.6961794972985,119.54207524018126,92.60018221608603
2015-11-26,True,0.0005249600000000109,-0.008637390824401292,-0.026762433886985112,-0.009487652238182528,-0.00811243082440128,109.79816439860117,119.60483004799933,91.80077790716095
2015-11-27,True,0.0005249600000000109,-0.020813594739910117,-0.04818824688526488,-0.006561057405444645,-0.020288634739910105,107.57050954600535,119.66761779958132,89.89107623598213
2015-11-30,True,0.0005249600000000109,-0.007153863476969023,-0.019424176886670863,-0.005116449932732817,-0.006628903476969012,106.8574350212565,119.73043851222138,89.24834515689938
2015-12-01,True,0.0005249600000000109,0.004613928603443396,0.011263968433236585,0.0020361112263497932,0.005138888603443407,107.40656347628044,119.79329220322275,89.65991459193818
2015-12-02,True,0.0005249600000000109,0.010720264361333873,0.04043817118069662,0.018997642458028874,0.011245224361333885,108.61437438045105,119.85617888989775,90.62058826372761
2015-12-03,True,0.0005249600000000109,0.004335448969217184,-0.02438996019981418,-0.03306085813824855,0.004860408969217195,109.14228465987573,119.91909858956777,91.01326306114383
2015-12-04,True,0.0005249600000000109,0.0028308099892493527,0.006662672462023442,0.0010010524835247364,0.0033557699892493636,109.50854106329547,119.98205131956334,91.270769134983
2015-12-07,True,0.0005249600000000109,-0.0043414890851135035,-0.018042738259457847,-0.00935976008923084,-0.0038165290851134926,109.09059853125905,120.04503709722405,90.87472599380095
2015-12-08,True,0.0005249600000000109,0.005855858056145462,0.03211471081353667,0.02040299470124575,0.006380818056145473,109.78668579212302,120.10805593989859,91.40659627948659
2015-12-09,True,0.0005249600000000109,0.00017455102156741648,-0.005590715911636776,-0.005939817954771609,0.0006995110215674274,109.86348278885598,120.1711078649448,91.42254302284279
2015-12-10,True,0.0005249600000000109,-0.0003806308127960248,-0.008189089125951926,-0.0074278275003598765,0.00014432918720398615,109.87933929603031,120.23419288972958,91.38776304408178
2015-12-11,True,0.0005249600000000109,0.0037631580143018886,-0.0077954974030289975,-0.015321813431632775,0.0042881180143018996,110.35051487026521,120.29731103162898,91.73148919451033
2015-12-14,True,0.0005249600000000109,0.009616076763493173,0.011527518125628022,-0.007704635401358323,0.010141036763493184,111.46958349843497,120.36046230802813,92.61312341353467
2015-12-15,True,0.0005249600000000109,-0.005557971034183443,-0.00889920261012278,0.0022167394582441047,-0.005033011034183432,110.90855585471151,120.42364673632133,92.09865243290298
2015-12-16,True,0.0005249600000000109,0.004681838948394072,0.028880088712560273,0.01951641081577213,0.005206798948394083,111.48603440670372,120.48686433391202,92.52961725166672
2015-12-17,False,0.0005249600000000109,0.0,0.0,0.0,0.0005249600000000109,111.54456011532585,120.55011511821274,92.5296172516667
2015-12-18,True,0.0005249600000000109,-0.0015729492625792332,-0.013144580333761119,-0.009998681808602652,-0.0010479892625792223,111.42766261402588,120.61339910664519,92.38414922334013
2015-12-21,True,0.0005249600000000109,0.0038245514155547597,0.00968468163400936,0.00203557880289984,0.004349511415554771,111.91231850457417,120.67671631664021,92.73729176631772
2015-12-22,True,0.0005249600000000109,0.006929715917125039,0.030790008886108514,0.016930577051858436,0.0074546759171250495,112.74658857015984,120.74006676563778,93.37959766827555
2015-12-23,True,0.0010501955830016219,0.020601115094428052,0.04858386496221294,0.007381634773356835,0.021651310677429675,115.18769998711271,120.86686745044636,95.30130334050227
2015-12-28,True,0.0005249600000000109,0.009869704634670753,0.011704762806963379,-0.008034646462378128,0.010394664634670765,116.38503749851783,120.93031772118314,96.24140553972173
2015-12-29,True,0.0005249600000000109,-0.009093249047883806,-0.005505748926004042,0.01268074916976357,-0.008568289047883794,115.38781685638173,120.99380130077404,95.36671764658703
2015-12-30,True,0.0010501955830016219,0.0017412460933358131,-0.026363504295779036,-0.029845996482450662,0.0027914416763374353,115.70991521729623,121.12086845647067,95.53260036182859
2016-01-04,True,0.0005249600000000109,0.006040836920411595,0.010590773845291251,-0.0014908999955319385,0.006565796920411606,116.46964302229104,121.18445206757558,96.1093944273846
2016-01-05,True,0.0005249600000000109,-0.010094779981720453,-0.03067441821337631,-0.010484858249935405,-0.009569819981720441,115.35504950523247,121.24806905753296,95.13970028709966
2016-01-06,True,0.0005249600000000109,-0.003500464223787171,-0.026602615857327414,-0.01960168740975307,-0.00297550422378716,115.01181006819448,121.31171944386539,94.8068419073179
2016-01-07,True,0.0005249600000000109,-0.0011870772718744066,0.005299036361635104,0.007673190905383917,-0.0006621172718743957,114.93565876227878,121.37540324410463,94.69435790967093
2016-01-08,True,0.0005249600000000109,-0.0026823980502563988,-0.012839807096836325,-0.007475010996323528,-0.002157438050256388,114.68769219873376,121.43912047579164,94.44048322269943
2016-01-11,True,0.0005249600000000109,-0.018099750240747663,-0.024636621590645544,0.011562878890849781,-0.01757479024074765,112.67208006514558,121.5028711564766,92.73203093286713
2016-01-12,True,0.0005249600000000109,-0.0046449666860297195,-0.01294061968417684,-0.0036506863121174016,-0.004120006686029709,112.20787034194831,121.56665530371889,92.30151973961212
2016-01-13,True,0.0005249600000000109,-0.001712062046401279,0.0022388256401824486,0.0056629497329850065,-0.001187102046401268,112.07466814944304,121.63047293508711,92.14357672460592
2016-01-14,True,0.0005249600000000109,0.00012483561789532194,-0.013713295379639473,-0.013962966615430117,0.0006497956178953329,112.14749377768362,121.6943240681591,92.15507348959969
2016-01-15,True,0.0005249600000000109,-0.0028974374691348795,-0.011648417210345083,-0.005853542272075324,-0.0023724774691348685,111.88142637547614,121.75820872052189,91.88820002459425
2016-01-18,True,0.0005249600000000109,-0.007637454498464161,-0.015997050152306083,-0.0007221411553777618,-0.00711249449846415,111.08567034590024,121.82212690977181,91.18677629736051
2016-01-19,True,0.0005249600000000109,0.002320737483726347,-0.006408935326360041,-0.011050410293812735,0.002845697483726358,111.40178655848163,121.88607865351435,91.39828583308811
2016-01-20,True,0.0005246099999999925,0.0010933621697308687,0.00815946622570822,0.005972741886246483,0.0016179721697308614,111.58203154879156,121.95002130923677,91.49816486365803
2016-01-21,True,0.0005246099999999925,-0.005721587598828036,-0.0027590462053692644,0.008684128992286808,-0.005196977598828044,111.00214223040076,122.01399750991581,90.97492459533576
2016-01-22,False,0.0010494952156520848,0.0,0.0,0.0,0.0010494952156520848,111.1186384475987,122.14205061654506,90.97492459533575
2016-01-26,True,0.0005246099999999925,-0.014420467252610161,-0.008497812096684973,0.02034312240853535,-0.013895857252610168,109.57454970962648,122.206127557719,89.66371154987583
2016-01-27,True,0.0005246099999999925,0.012560017468099247,0.017680770134721205,-0.007439264801477288,0.01308462746809924,111.00829187256164,122.27023811429707,90.78929883884918
2016-01-28,True,0.0005246099999999925,0.019743245735656466,0.06851742839793709,0.02903093692662416,0.020267855735656457,113.25819191769637,122.33438230391423,92.58083441851208
2016-01-29,True,0.0005246099999999925,-0.0036763056153517742,0.010719341982274228,0.018071953212977776,-0.0031516956153517816,112.9012365708267,122.39856014421468,92.24065743731146
2016-02-01,True,0.0005246099999999925,-0.003027827580531918,-0.025085510319444476,-0.01902985515838064,-0.0025032175805319253,112.6186202105788,122.46277165285196,91.96151507155284
2016-02-02,True,0.0005246099999999925,0.009142237693020375,0.025060261963552863,0.0067757865775121134,0.009666847693020368,113.70728725955257,122.52701684748877,92.80180827472994
2016-02-03,True,0.0005246099999999925,0.007517846173045316,0.025194966893981458,0.010159274547890826,0.008042456173045309,114.62177313389338,122.59129574579713,93.49911218131736
2016-02-04,True,0.0005246099999999925,-0.00632538453163773,-0.007767056162309494,0.004883712900965967,-0.005800774531637738,113.95687807152714,122.65560836545832,92.90800444443364
2016-02-05,True,0.0005246099999999925,-0.00956030713525112,-0.022745870796359813,-0.003625256525857573,-0.009035697135251127,112.92719823479409,122.71995472416293,92.02024111614124
2016-02-10,True,0.0005246099999999925,-0.01264178174159112,-0.035844267224654974,-0.010560703741472735,-0.012117171741591127,111.5588399794864,122.78433483961078,90.85755127086213
2016-02-11,True,0.0005246099999999925,0.0042979236139734645,0.0029930590292047143,-0.0056027881987422146,0.004822533613973457,112.09683623522335,122.84874872951099,91.2478453338086
2016-02-12,True,0.0005246099999999925,0.005854956292186027,0.024251842871075777,0.012541930286703723,0.006379566292186019,112.81196543313028,122.91319641158198,91.78181735293326
2016-02-15,True,0.0005246099999999925,0.012192245001503094,0.029712420366180117,0.00532793036317393,0.012716855001503087,114.24657883997797,122.97767790355148,92.90025701215377
2016-02-16,True,0.0005246099999999925,0.0043530429120372735,0.014232844800724495,0.005526758976649948,0.004877652912037266,114.8038339979471,123.04219322315646,93.30444377704825
2016-02-17,True,0.0005246099999999925,-0.004852937029480836,-0.000238447367765654,0.009467426691196018,-0.004328327029480844,114.30692546016574,123.10674238814326,92.85188060599268
2016-02-18,True,0.0005246099999999925,-1.9867504664788926e-05,-0.0009093065164618164,-0.0008695715071322385,0.0005047424953352036,114.36462102295661,123.17132541626749,92.8500368380807
2016-02-19,True,0.0005246099999999925,0.015141438286070542,0.04543226200949346,0.015149385437352378,0.015666048286070534,116.1562626981204,123.23594232529413,94.25518278710754
2016-02-22,True,0.0005246099999999925,-0.012895921782147053,-0.027192427181870774,-0.0014005836175766673,-0.01237131178214706,114.719257356833,123.30059313299742,93.04031265534286
2016-02-23,True,0.0005246099999999925,0.009990145469572172,0.011781190952840512,-0.008199099986303832,0.010514755469572165,115.925502295591,123.36527785716092,93.96931155119344
2016-02-24,True,0.0005246099999999925,-0.018050341250877136,-0.015600360672917007,0.020500321828837265,-0.017525731250877145,113.89382309723553,123.42999651557756,92.27402277602874
2016-02-25,True,0.0005246099999999925,-0.012381797815783538,-0.02446197781270884,0.00030161781885823524,-0.011857187815783545,112.54336264571396,123.49474912604961,91.1321035446149
2016-02-26,False,0.0005246099999999925,0.0,0.0,0.0,0.0005246099999999925,112.60240401919152,123.55953570638863,91.13210354461492
2016-02-29,True,0.0005246099999999925,0.006375908843223997,0.019932273613532267,0.007180455927084273,0.006900518843223989,113.37941902991828,123.62435627441555,91.71284886470427
2016-03-01,True,0.0005246099999999925,0.00818325949698983,0.019862252044787088,0.0034957330508074286,0.008707869496989823,114.36671221447531,123.68921084796068,92.46296538754329
2016-03-02,True,0.0005246099999999925,0.03292039678696388,0.06740096253138406,0.0015601689574562955,0.033445006786963875,118.19170768069118,123.75409944486361,95.50528686393079
2016-03-03,True,0.0005246099999999925,0.031225052951990732,0.05549230082776188,-0.006957805076219584,0.03174966295199073,121.94425456327333,123.81902208297339,98.48588085403894
2016-03-04,True,0.0005246100000000203,-0.00046086438583625017,-0.0033702819137216705,-0.00244855314204917,6.374561416377011e-05,121.9520279746742,123.88397878014834,98.44051601789228
2016-03-07,True,0.0005246099999999925,0.009375756030890206,0.021976857166740513,0.0032253451049601006,0.009900366030890199,123.15939768983284,123.94896955425621,99.36298634247399
2016-03-08,True,0.0005246099999999925,-0.008562381529207463,-0.0031931840574285913,0.013931579000986336,-0.00803777152920747,122.16947058952717,124.01399442317407,98.51264863919083
2016-03-09,True,0.0005246099999999925,0.008490529447008732,0.01599056696104277,-0.0009904919329746936,0.009015139447008725,123.270845403059,124.07905340478843,99.34863461676099
2016-03-10,True,0.0005246099999999925,-0.004601013761991013,-0.0020142559211779876,0.007187771602804038,-0.004076403761991021,122.76834366511416,124.14414651699511,98.89176985747564
2016-03-11,True,0.0005246099999999925,-0.006893183184247968,-0.03576885271254204,-0.021982486344046107,-0.006368573184247976,121.98648448377396,124.2092737776994,98.21044820058798
2016-03-14,True,0.0005246099999999925,-0.031130910930323392,-0.06789713948049958,-0.005635317619852795,-0.0306063009303234,118.25292943023136,124.27443520481592,95.15467057672758
2016-03-15,True,0.0005246099999999925,0.006624173451914121,0.024071107468258718,0.010822760564430475,0.0071487834519141135,119.09829401528256,124.33963081626871,95.78466112004864
2016-03-16,True,0.0005246099999999925,0.021967535727374123,0.06716127040696296,0.023226198952214713,0.022492145727374114,121.77707020015593,124.40486062999123,97.8877108044428
2016-03-17,True,0.0005246099999999925,-0.0065821250045978025,-0.003757025949858314,0.00940722405933729,-0.00605751500459781,121.03940377020253,124.47012466392633,97.24373948930568
2016-03-18,True,0.0005246099999999925,0.006897027740541045,0.01505474176764432,0.0012606862865622293,0.007421637740541037,121.93771437731604,124.53542293602628,97.91408059051224
2016-03-21,True,0.0005246099999999925,-0.00692586647030001,-0.0058535768850818265,0.007998156055518194,-0.006401256470300018,121.15715979418466,124.60075546425276,97.23629631518884
2016-03-22,True,0.0005246099999999925,-0.01767166011223019,-0.039024451150628844,-0.003681130926168466,-0.017147050112230198,119.07967190373829,124.66612226657685,95.51887051488383
2016-03-23,True,0.0005246099999999925,0.002151794529133076,-0.010020770043068408,-0.01432435910133456,0.002676404529133069,119.39837727694913,124.73152336097912,95.7242997276674
2016-03-24,True,0.0005246099999999925,0.011302651927545308,0.02829374798311997,0.005688444128029352,0.011827261927545301,120.81053315872748,124.79695876544955,96.80567087038204
2016-03-28,True,0.0005246099999999925,0.002053270182754467,0.01116054399075915,0.007054003625250216,0.00257788018275446,121.12196823802537,124.86242849798748,97.00433484679309
2016-03-29,True,0.0005246099999999925,0.004116113399225338,-0.004256160350050109,-0.012488387148500785,0.00464072339922533,121.6840617901878,124.92793257660182,97.40340633234688
2016-03-30,False,0.0005246099999999925,0.0,0.0,0.0,0.0005246099999999925,121.74789846584355,124.99347101931085,97.40340633234686
2016-03-31,True,0.0005246099999999925,0.00696439571820328,0.0150569053104921,0.00112811387408554,0.007489005718203272,122.65966917363349,125.05904384414228,98.08140651267166
2016-04-01,True,0.0005246099999999925,-0.01306063814569098,-0.04547543249850089,-0.01935415620711893,-0.012536028145690986,121.12200410853167,125.12465106913335,96.80107242945265
2016-04-04,True,0.0005246099999999925,0.010683704451782336,0.01435559683007824,-0.007011812073486431,0.011208314451782329,122.47957761761015,125.19029271233073,97.83472421384187
2016-04-05,True,0.0005246099999999925,0.011249192756969818,-0.004195680179003833,-0.02669406569294347,0.011773802756969811,123.92162800623687,125.25596879179055,98.93470882192312
2016-04-06,True,0.0005246099999999925,0.006048200970400222,0.009468867797384331,-0.002627534143416113,0.006572810970400214,124.73614144226613,125.3216793255784,99.53277207386354
2016-04-07,True,0.0005246099999999925,-0.006583000200598668,0.013190934892327547,0.026356935293524883,-0.006058390200598676,123.9804412252918,125.3874243317694,98.8778913723
2016-04-08,True,0.0005246099999999925,-0.007762339774577361,-0.010892142260007731,0.00463253728914699,-0.007237729774577368,123.08310429437026,125.4532038284481,98.1107700228056
2016-04-11,True,0.0005246099999999925,-0.0009400070184194531,0.014172514617156545,0.01605252865399545,-0.0004153970184194606,123.03197593982857,125.51901783370853,98.01859356709207
2016-04-12,True,0.0005246099999999925,-0.005802033933710711,0.007078825506771275,0.018682893374192697,-0.005277423933710719,122.38268404539201,125.58486636565429,97.45018455413349
2016-04-13,True,0.0005246099999999925,1.247134396785421e-05,-0.006979018906418666,-0.007003961594354374,0.0005370813439678467,122.4484135018175,125.65074944239838,97.45139925166231
2016-04-14,True,0.0005246099999999925,-0.0003174250555831176,0.011522001232997195,0.01215685134416343,0.0002071849444168749,122.47378296956282,125.71666708206337,97.42048195536101
2016-04-15,True,0.0005246099999999925,-0.004023300750789355,-0.009800500167926163,-0.0017538986663474532,-0.003498690750789362,122.04528507787302,125.7826193027813,97.0287355712383
2016-04-18,True,0.0005246099999999925,-0.0009900955922085772,0.011248454732032023,0.013228645916449178,-0.00046548559220858465,121.98847475607228,125.84860612269372,96.93271821949456
2016-04-19,True,0.0005246099999999925,-0.003730417102522976,-0.013922197711916398,-0.006461363506870446,-0.0032058071025229833,121.59740323727333,125.91462755995175,96.57130834888673
2016-04-20,True,0.0005246099999999925,-0.008254817076656366,-0.02460997169917982,-0.008100337545867087,-0.007730207076656374,120.65743013026551,125.98068363271597,95.7745478521375
2016-04-22,True,0.0005246099999999925,0.0059412391060261055,0.0022143538630432363,-0.009668124349008975,0.006465849106026098,121.4375828670087,126.04677435915654,96.34326898440538
2016-04-25,True,0.0005246099999999925,0.002925615974938345,0.012126188834492568,0.006274956884615879,0.0034502259749383374,121.85656996975015,126.1128997574531,96.62498460039461
2016-04-26,True,0.0005246099999999925,-0.009645044261526778,0.0005783757976564607,0.019868464320710016,-0.009120434261526785,120.74518513400592,126.17905984579487,95.69352100227267
2016-04-27,True,0.0005246099999999925,-0.011322250789930183,-0.009921462500368627,0.012723039079491738,-0.01079764078993019,119.44142199781531,126.24525464238059,94.61062305760423
2016-04-28,True,0.0005246099999999925,-0.005228117752797641,-0.001765198127183884,0.008691037378411398,-0.004703507752797649,118.87962834344341,126.31148416541853,94.1162469342516
2016-04-29,True,0.0005246099999999925,0.00223226214511444,0.00262533948989295,-0.0018391848003359301,0.0027568721451144327,119.207364279445,126.37774843312654,94.32622891087843
2016-05-02,False,0.0005246099999999925,0.0,0.0,0.0,0.0005246099999999925,119.26990165481965,126.44404746373206,94.3262289108784
2016-05-03,True,0.0005246099999999925,-0.0014852762937740127,0.0007972039619002641,0.0037677565494482895,-0.0009606662937740202,119.15532308043812,126.510381275472,94.18620185878778
2016-05-04,True,0.0005246099999999925,-0.0014924648094775742,-0.010204078596323801,-0.007219148977368653,-0.0009678548094775816,119.03999802791986,126.57674988659294,94.04570597252207
2016-05-05,True,0.0005246099999999925,-0.0003505511955852886,-0.006293668454152565,-0.005592566062981988,0.00017405880441470395,119.06071798765414,126.64315331535094,94.012755424041
2016-05-06,True,0.0005246099999999925,0.0016969825718269119,0.0025699957988697675,-0.0008239693447840563,0.0022215925718269045,119.3252223943319,126.70959158001172,94.17220978017525
2016-05-09,True,0.0005246099999999925,4.945035527327557e-05,0.03776293481619347,0.03766403410564692,0.0005740603552732681,119.39372227389265,126.7760646988505,94.17686418765703
2016-05-10,True,0.0005246099999999925,-0.011383438265122552,-0.008171002837882996,0.014595873692362107,-0.010858828265122559,118.09724634778671,126.84257269015218,93.10536978485266
2016-05-11,True,0.0005246099999999925,0.008457979432443787,0.019575413048101384,0.0026594541832138108,0.00898258943244378,119.15806542483105,126.90911557221116,93.89244018254168
2016-05-12,True,0.0005246099999999925,-0.004899816702833536,-0.014934273365353676,-0.005134639959686604,-0.0043752067028335435,118.63672425828766,126.9756933633315,93.43262565916257
2016-05-13,True,0.0005246099999999925,0.003671725262782921,-0.0021875780377386966,-0.009531028563304539,0.004196335262782913,119.13456372775377,127.04230608182685,93.77550471338283
2016-05-16,True,0.0005246099999999925,-0.0008942194525918892,-0.019906039527755603,-0.018117600622571825,-0.0003696094525918967,119.0905304668696,127.10895374602045,93.6916928014586
2016-05-17,True,0.0005246099999999925,-0.001673705246593167,-0.0063146614168093085,-0.0029672509236229744,-0.0011490952465931744,118.95368410439586,127.17563637424516,93.53496274580911
2016-05-18,True,0.0005246099999999925,0.0046617290632208624,0.004443644617085962,-0.004879813509355763,0.005186339063220855,119.57061824298052,127.24235398484345,93.97076877186919
2016-05-19,True,0.0005246099999999925,-0.005199467398723491,-0.007227144729305746,0.0031717900681412364,-0.004674857398723499,119.01164265361737,127.30910659616742,93.48242701217742
2016-05-20,True,0.0005246099999999925,0.0014834862192359688,-0.01825014953434939,-0.02121712197282133,0.0020080962192359614,119.25062948327516,127.37589422657885,93.62103418967934
2016-05-23,True,0.0005246099999999925,0.0023708309380070097,0.009760303641298068,0.005018641765284049,0.0028954409380070024,119.59591263776414,127.44271689444906,93.84287745279016
2016-05-24,True,0.0005246099999999925,0.006721164705672682,0.00806317956273489,-0.005379149848610473,0.007245774705672674,120.4624776764567,127.50957461815906,94.47328017303356
2016-05-25,True,0.0005246099999999925,-0.004874002791507598,-0.012888460633187576,-0.0031404550501723805,-0.004349392791507606,119.93853904440357,127.57646741609949,94.01305857859798
2016-05-27,True,0.0005246099999999925,0.0035006465877342255,0.0021986865988395388,-0.004802606576628912,0.004025256587734218,120.42132243881527,127.64339530667066,94.34199250928421
2016-05-30,True,0.0005246099999999925,-0.0075770934280896055,-0.016094756384464767,-0.0009405695282855564,-0.007052483428089613,119.57205305792688,127.71035830828251,93.62752923242888
2016-05-31,True,0.0005246099999999925,0.011242477381643017,0.028730442703623127,0.006245487940337094,0.01176708738164301,120.97906785466196,127.77735643935462,94.67958269435694
2016-06-01,True,0.0005246099999999925,0.01698448820036287,0.0416208432647992,0.007651866864073459,0.017509098200362862,123.09730223391762,127.84438971831626,96.28682377470138
2016-06-02,False,0.0005246099999999925,0.0,0.0,0.0,0.0005246099999999925,123.16188030964254,127.91145816360641,96.28682377470135
2016-06-03,True,0.0005246099999999925,0.0005865149964024569,-0.006787109278908451,-0.007960139271713365,0.0011111249964024495,123.29872855345852,127.97856179367362,96.34326782968549
2016-06-06,True,0.0005246099999999925,-0.0019406463581826058,-0.00013404694910588988,0.003747245767259322,-0.0014160363581826132,123.12413307090912,128.0457006269762,96.15639765180039
2016-06-07,True,0.0005246099999999925,0.0016363853340381346,0.01619148433664669,0.01291871366857042,0.002160995334038127,123.39020374798284,128.1128746819821,96.31366406715759
2016-06-08,True,0.0005246099999999925,-0.004938214063888939,-0.012664361556210965,-0.002787933428433087,-0.004413604063888947,122.84560824327666,128.18008397716903,95.83829595957938
2016-06-09,True,0.0005246099999999925,-0.006719576674951856,-0.021888463676143027,-0.008449310326239315,-0.006194966674951864,122.08458379404536,128.2473285310243,95.19464084938961
2016-06-10,True,0.0005246099999999925,0.0029266478528937184,0.004784428097586529,-0.0010688676082009074,0.003451257852893711,122.50592917258183,128.31460836204496,95.47309596030274
2016-06-13,True,0.0005246099999999925,-0.008623735536402978,-0.020144249804223788,-0.0028967787314178317,-0.008099125536402985,121.51373827325939,128.38192348873778,94.65019293305657
2016-06-14,True,0.0005246099999999925,-0.004380347967003491,-0.005627968280433229,0.0031327276535737525,-0.0038557379670034982,121.04521313908667,128.4492739296192,94.23580954253627
2016-06-15,True,0.0005246099999999925,0.0012564396316185333,0.006501846297206557,0.00398896703396949,0.001781049631618526,121.26080067135725,128.51665970321545,94.35414906626563
2016-06-16,True,0.0005246099999999925,0.00516346827061985,0.009811709030083868,-0.000515227511155833,0.0056880782706198426,121.95054159673397,128.58408082806235,94.84108826799601
2016-06-17,True,0.0005246099999999925,0.004448734307033957,0.017744457112371742,0.008846988498303829,0.004973344307033949,122.5570436285238,128.65153732270556,95.26278984222745
2016-06-20,True,0.0005246099999999925,0.0014995734975827152,0.009832912255733003,0.006833765260567573,0.002024183497582708,122.80512157374919,128.71902920570042,95.4055684940721
2016-06-21,True,0.0005246099999999925,-0.005813998533949642,-0.008240111224253985,0.0033878858436452997,-0.00528938853394965,122.15555757178672,128.78655649561205,94.8511715009235
2016-06-22,True,0.0005246099999999925,0.002366551962403332,0.017164258434472335,0.01243115450966567,0.0028911619624033247,122.50872907333441,128.8541192110152,95.07552402939531
2016-06-23,True,0.0005246099999999925,-0.00435457757248691,-0.01965174215923826,-0.01094258701426444,-0.0038299675724869178,122.03952461363696,128.9217173704945,94.6617273666317
2016-06-24,True,0.0005246099999999925,-0.005624444095781167,-0.016781743621257228,-0.005532855429694894,-0.005099834095781175,121.41714328497942,128.98935099264423,94.12958693923761
2016-06-27,True,0.0005246099999999925,-0.0034035450057108355,0.007684722421968701,0.014491812433390372,-0.002878935005710843,121.06759122088289,129.0570200960685,93.80938063714909
2016-06-28,True,0.0005246099999999925,-0.006967001702581854,0.008139576123896111,0.02207357952905982,-0.006442391702581862,120.2876263757499,129.1247246993811,93.15615321217133
2016-06-29,True,0.0005246099999999925,-0.008610226203775995,0.008723494674485438,0.025943947082037427,-0.008085616203776002,119.31502679481238,129.19246482120565,92.35447822745465
2016-06-30,True,0.0005246099999999925,0.008709325398727714,0.009674661726568473,-0.007743989070886956,0.009233935398727708,120.41677404433312,129.2602404801755,93.15840168408268
2016-07-01,True,0.0005246099999999925,0.0015841314171135892,0.012880814605277707,0.009712551771050529,0.002108741417113582,120.67070188307561,129.32805169493383,93.30589945615229
2016-07-04,False,0.0005246099999999925,0.0,0.0,0.0,0.0005246099999999925,120.73400693999048,129.3958984841335,93.30589945615228
2016-07-05,True,0.0005246099999999925,0.0032428880647566716,0.0018875045043101335,-0.00459827162520321,0.003767498064756664,121.1888720774872,129.46378086643728,93.60832139029914
2016-07-06,True,0.0005246099999999925,-0.003262907338242034,-0.002174630747268841,0.004351183929215227,-0.0027382973382420414,120.85702091165287,129.53169886051762,93.30304626189933
2016-07-07,True,0.0005246099999999925,0.0038597140316742745,0.022204130031018635,0.014484701967670086,0.004384324031674267,121.3868972528324,129.59965248505685,93.66298051364652
2016-07-08,True,0.0005246099999999925,-0.0023643578973799803,0.015094984090256322,0.019823699885016283,-0.0018397478973799877,121.16357596384204,129.66764175874704,93.44164382141905
2016-07-11,True,0.0005246099999999925,-0.004598098392845168,0.001443662939156723,0.010639859724847059,-0.004073488392845176,120.67001754351772,129.7356667002901,93.01221523167143
2016-07-12,True,0.0005246099999999925,-0.007609875821578925,0.006054142197180076,0.021273893840337926,-0.007085265821578933,119.8150383925273,129.80372732839774,92.30477495411245
2016-07-13,True,0.0005246099999999925,-0.0008602182041760678,0.013034007059149519,0.014754443467501654,-0.0003356082041760753,119.77482748265909,129.8718236617915,92.22541433973645
2016-07-14,True,0.0005246099999999925,0.0010356097729350283,0.0005114908414717845,-0.0015597287043982722,0.001560219772935021,119.9617025367974,129.9399557192027,92.32087380115162
2016-07-15,True,0.0005246099999999925,0.002025974192982234,0.021078005426271168,0.0170260570403067,0.002550584192982227,120.26767495905099,130.00812351937253,92.50781543749449
2016-07-18,True,0.0005246099999999925,-0.0013186762858039686,0.008674933928226325,0.011312286499834262,-0.000794066285803976,120.17217445309399,130.07632708105203,92.3858915375227
2016-07-19,True,0.0005246099999999925,0.001897225720831841,-0.00241172212225349,-0.006206173563917172,0.0024218357208318337,120.46321171783451,130.14456642300203,92.5610765233942
2016-07-20,True,0.0005246099999999925,-0.003925762468167851,0.0014033783326546784,0.00925490326899038,-0.0034011524681678584,120.05349796797698,130.2128415639932,92.19789425221674
2016-07-21,True,0.0005246099999999925,0.0012052453788091166,0.00925980068834821,0.006849309930729977,0.0017298553788091093,120.26117315718174,130.2811525228061,92.30895707353346
2016-07-22,True,0.0005246099999999925,-0.0013931925592226488,-0.00552982411763929,-0.0027434389991939923,-0.0008685825592226563,120.15671639962578,130.3494993182311,92.18042035303797
2016-07-25,True,0.0005246099999999925,0.003039928088484349,0.0020710360040491343,-0.004008820172919564,0.0035645380884843417,120.58501959181945,130.41788196906845,92.46049527197421
2016-07-26,True,0.0005246099999999925,-0.0006416874844480183,-0.00486100190390025,-0.0035776269350042134,-0.0001170774844480258,120.57090180106351,130.48630049412824,92.40119563853303
2016-07-27,True,0.0005246099999999925,0.006307085992435804,0.002277246240280903,-0.010336925744590705,0.006831695992435796,121.39460554770221,130.55475491223046,92.98367235212042
2016-07-28,True,0.0005246099999999925,-0.00024700050196222595,0.011757734505963527,0.012251735509887979,0.0002776094980377666,121.42830584321278,130.623245242205,92.96071738078263
2016-07-29,True,0.0005246099999999925,0.006656060104626445,0.0034980164942348124,-0.009814103715018077,0.007180670104626437,122.30024244883657,130.6917715028915,93.57914506968845
2016-08-01,True,0.0005246099999999925,-0.00620742360466555,-0.01565507650643143,-0.0032402292971003277,-0.005682813604665558,121.60523296719444,130.76033371313963,92.99856425418007
2016-08-02,True,0.0005246099999999925,0.0003637056172185668,-0.0022623805356436627,-0.0029897917700807963,0.0008883156172185593,121.7132567947747,130.8289318918089,93.03237061923538
2016-08-03,False,0.0005246099999999925,0.0,0.0,0.0,0.0005246099999999925,121.7771087864218,130.89756605776867,93.0323706192354
2016-08-04,True,0.0005246099999999925,0.007280477097888108,0.015890762076914908,0.001329807881138692,0.0078050870978881,122.72758972702881,130.96623622989824,93.70933552033418
2016-08-05,True,0.0005246099999999925,0.004018062513509481,-0.00588130177872305,-0.013917426805742011,0.004542672513509473,123.28510097553105,131.03494242708683,94.08566806074029
2016-08-08,True,0.0005246099999999925,0.004471409673431785,0.009119833907888938,0.00017701456102536817,0.004996019673431777,123.90103576544583,131.1036846682335,94.50614304165863
2016-08-09,True,0.0005246099999999925,0.0050014490683793975,-0.003808548899938341,-0.013811447036697136,0.00552605906837939,124.58572020771908,131.17246297224733,94.97856286656611
2016-08-10,True,0.0005246099999999925,0.001390244090504783,0.01904758339504481,0.016267095214035243,0.0019148540905047757,124.82428368367731,131.24127735804717,95.11053701735676
2016-08-11,True,0.0005246099999999925,-0.0003695856026978486,-0.00361747796547289,-0.0028783067600771928,0.0001550243973021439,124.84363449302403,131.310127844562,95.0754039633617
2016-08-12,True,0.0005246099999999925,0.01671474449003161,0.026362167258067587,-0.007067321721995631,0.0172393544900316,126.9958581638732,131.37901445073055,96.66373179523194
2016-08-15,True,0.0005246099999999925,-7.082797628904514e-05,-0.002400879916820073,-0.0022592239642419826,0.0004537820237109474,127.0534866013937,131.44793719550154,96.6568888885856
2016-08-16,True,0.0005246099999999925,0.004418119950925635,0.009415682890827892,0.0005794429889766223,0.004942729950925627,127.68147767498795,131.5168960978337,97.08370670488404
2016-08-17,True,0.0005246099999999925,-0.00920294144988186,-0.007162099511283382,0.011243783388480338,-0.008678331449881867,126.5734154917137,131.58589117669555,96.19071950635572
2016-08-18,True,0.0005246099999999925,0.0006944770814321446,-0.0005694875414365835,-0.001958441704300873,0.0012190870814321373,126.7277195073924,131.65492245106577,96.25748672974628
2016-08-19,True,0.0005246099999999925,-0.0026660189632409376,-0.024209936277309746,-0.01887789835082787,-0.002141408963240945,126.45634363294818,131.72398993993284,96.00099700184701
2016-08-22,True,0.0005246099999999925,0.0014834656533763702,0.0028707036393066793,-9.622766744606104e-05,0.002008075653376363,126.7102775378125,131.79309366229523,96.14333651085931
2016-08-23,True,0.0005246099999999925,0.0017624515545758418,-0.001255540569472774,-0.0047804436786244575,0.0022870615545758344,127.00007174213886,131.8622336371614,96.3126956362642
2016-08-24,True,0.0005246099999999925,-0.00036278623203044036,-0.0049662942818647915,-0.004240721817803911,0.00016182376796955217,127.02062337228055,131.9314098835498,96.27777303706237
2016-08-25,True,0.0005246099999999925,-0.005696323647864945,-0.009312780851767566,0.002079866443962325,-0.005171713647864953,126.36370908082581,132.0006224204888,95.72963124241447
2016-08-26,True,0.0005246099999999925,0.0034066567075212856,0.02143472119711598,0.014621407782073409,0.003931266707521278,126.86047852337417,132.06987126701682,96.05557823774176
2016-08-29,True,0.0005246099999999925,0.003906842475837655,0.004638888501921831,-0.003174796449753478,0.004431452475837647,127.4226547050125,132.13915644218224,96.43065548156919
2016-08-30,True,0.0005246099999999925,-0.00010399456763898751,-0.0024979238714393504,-0.0022899347361613753,0.000420615432361005,127.47625064001384,132.2084779650434,96.4206324754145
2016-08-31,True,0.0005246099999999925,0.001224680268890166,0.0066264950134365674,0.004177134475656236,0.0017492902688901585,127.69924360477303,132.27783585466864,96.53865500572142
2016-09-01,True,0.0005246099999999925,0.005679061836346658,0.027455338671247498,0.016097214998554182,0.00620367183634665,128.49144780584675,132.34723013013635,97.08661653100089
2016-09-02,False,0.0005246099999999925,0.0,0.0,0.0,0.0005246099999999925,128.55885570428015,132.41666081053495,97.08661653100084
2016-09-05,True,0.0005246099999999925,-0.009401485661178204,-0.0024887345533198685,0.01631423676903654,-0.00887687566117821,127.41765472704991,132.48612791496274,96.1743366889203
2016-09-06,True,0.0005246099999999925,0.002407064381727872,0.004534843150739362,-0.00027928561271638175,0.0029316743817278646,127.79120180119304,132.55563146252823,96.40571312680741
2016-09-08,True,0.0005246099999999925,-0.004185226097730282,-0.03622491665259896,-0.027854464457138392,-0.00366061609773029,127.32340727073128,132.6251714723498,96.00244497876193
2016-09-09,True,0.0005246099999999925,0.0018038293562932309,0.010039855424382502,0.00643219671179604,0.0023284393562932235,127.6198721031978,132.6947479635559,96.17552620714734
2016-09-12,True,0.0005246099999999925,0.00012648856330899072,-0.030035333950686333,-0.030288311077304314,0.0006510985633089832,127.70296521857387,132.76436095528504,96.18768493269376
2016-09-13,True,0.0005246099999999925,0.0007255989102051344,0.00125262404326687,-0.00019857377714339874,0.001250208910205127,127.86262060354974,132.8340104666858,96.25744201679218
2016-09-14,True,0.0005246099999999925,0.0027156309258822356,0.005004420214000688,-0.0004268416377637835,0.0032402409258822282,128.27692629971992,132.90369651691677,96.51870464219337
2016-09-15,True,0.0005246099999999925,-0.0006045199507848931,-0.005729337703723733,-0.004520297802153947,-7.990995078490054e-05,128.26667569685247,132.9734191251465,96.46038775323636
2016-09-16,True,0.0005246099999999925,0.0026181159635394052,0.010211288382009673,0.004975056454930862,0.003142725963539398,128.66978270882186,133.04317831055377,96.71279981636985
2016-09-19,True,0.0005246099999999925,0.0001785972149407275,0.005068202790594403,0.004711008360712948,0.00070320721494072,128.76026422836756,133.11297409232728,96.73006339641944
2016-09-20,True,0.0005246099999999925,0.005142126098474434,0.014964188244186036,0.004679936047237168,0.005666736098474426,129.48991466571954,133.18280648966584,97.2272007766762
2016-09-21,True,0.0005246099999999925,-0.007485571733737921,0.0032711956511337764,0.01824233911860962,-0.006960961733737929,128.58854032482648,133.2526755217784,96.4997812023747
2016-09-22,True,0.0005246099999999925,-0.0005295889515411767,-0.020927413300180067,-0.019868235397097714,-4.978951541184163e-06,128.58790008871546,133.32258120788387,96.44870278067461
2016-09-23,True,0.0005246099999999925,-0.0016487292769695044,-0.009331677244136055,-0.006034218690197046,-0.0011241192769695118,128.4433519514407,133.39252356721133,96.2897683592612
2016-09-26,True,0.0005246099999999925,-0.0015912634013169127,0.0006815873343171408,0.0038641141369509663,-0.00106665340131692,128.30634741320515,133.46250261899993,96.13662631479777
2016-09-27,True,0.0005246099999999925,0.012937027421397226,0.03185535146989188,0.005981296627097427,0.01346163742139722,130.03356094094553,133.53251838249892,97.37969635865718
2016-09-28,True,0.0005246099999999925,-0.0027288161438789385,-0.018048769407721696,-0.012591137119963819,-0.002204206143878946,129.74694016700906,133.60257087696758,97.11410440334332
2016-09-29,True,0.0005246099999999925,0.0065230673827467445,0.004315789787696728,-0.008730344977796761,0.007047677382746737,130.66135474270467,133.67266012167534,97.74725409352247
2016-09-30,True,0.0005246099999999925,0.003430839977504853,0.01979430166639208,0.012932621711382375,0.003955449977504845,131.17817919538246,133.74278613590178,98.08243344211976
2016-10-03,True,0.0005246099999999925,-0.0015304857688976034,-0.0054315537121198965,-0.0023705821743246897,-0.0010058757688976108,131.0462302435217,133.81294893893653,97.9323983834499
2016-10-04,True,0.0005246099999999925,0.0057191079357301125,0.023562078875308673,0.012123863003848448,0.006243717935730105,131.86444594170302,133.8831485500794,98.49219066757959
2016-10-05,False,0.0005246099999999925,0.0,0.0,0.0,0.0005246099999999925,131.9336233486885,133.95338498864024,98.4921906675796
2016-10-06,True,0.0005246099999999925,-0.002431135675175317,0.0026840003647741195,0.007546271715124754,-0.0019065256751753246,131.68208850835532,134.02365827393913,98.25286834000775
2016-10-07,True,0.0005246099999999925,0.002035143855245629,0.006427353682852489,0.002357065972361231,0.002559753855245622,132.01916224208136,134.09396842530623,98.45272221592832
2016-10-10,True,0.0005246099999999925,0.007719934183682426,0.00598861254100312,-0.009451255826361733,0.00824454418368242,133.10760005827896,134.16431546208182,99.21237223164493
2016-10-11,True,0.0005246099999999925,-0.0015202322060073087,0.0011393374241808196,0.004179801836195437,-0.000995622206007316,132.9750751758726,134.2346994036164,99.06162547140188
2016-10-13,True,0.0005246099999999925,-0.0016397926926110134,0.007569042420800397,0.010848627806022424,-0.0011151826926110208,132.82678367348782,134.30512026927053,98.89927011507919
2016-10-14,True,0.0005246099999999925,-0.011295945500112124,-0.0009872151609759644,0.021604675839248282,-0.01077133550011213,131.39606182313986,134.375578078415,97.7826951162685
2016-10-17,True,0.0005246099999999925,-0.00035406618280869016,0.014919181495386593,0.015627313861003973,0.00017054381719130236,131.41847060908708,134.44607285043074,97.74809172394956
2016-10-18,True,0.0005246099999999925,0.003274913570161115,-0.0016130534215313488,-0.008162880561853578,0.0037995235701611075,131.9177981857208,134.5166046047088,98.0680404277042
2016-10-19,True,0.0005159099999999867,0.008129501335832663,0.012465607030981605,-0.0037933956406837215,0.00864541133583265,133.05828181355375,134.58600306619041,98.86487359916222
2016-10-20,True,0.0005159099999999867,-0.0001688253978710929,0.00727715825376802,0.007614809049510206,0.00034708460212889384,133.10446429435697,134.65543733103232,98.8481913041042
2016-10-21,True,0.0005159099999999867,0.0016339974251398262,0.0015140751662740298,-0.0017539196840056226,0.002149907425139813,133.39062657046264,134.72490741770577,99.00962570855123
2016-10-24,True,0.0005159099999999867,0.003543883613501465,-0.005711881186671637,-0.012799648413674567,0.004059793613501452,133.93216498431437,134.79441334469163,99.36032337024803
2016-10-25,True,0.0005159099999999867,-0.005217603134247636,-0.007500612060303756,0.002934594208191516,-0.004701693134247649,133.3024570437527,134.8639551304803,98.84216795717073
2016-10-26,True,0.0005159099999999867,0.0013276959673560141,0.014567959874811631,0.011912567940099603,0.0018436059673560008,133.54821424902178,134.9335327935717,98.97333263580282
2016-10-27,True,0.0005159099999999867,-0.0072447823921064,-0.008036359906675823,0.006453204877536978,-0.006728872392106414,132.64958535714644,135.0031463524752,98.2566621157229
2016-10-28,True,0.0005159099999999867,-0.006592376979691902,-0.0013184512411958313,0.011866302718187973,-0.006076466979691915,131.84354453185392,135.07279582570993,97.60925116407388
2016-10-31,True,0.0005159099999999867,-0.0006405471313427526,-0.02876408435081279,-0.027482990088127286,-0.0001246371313427659,131.8271119306774,135.14248123180437,97.54676007802443
2016-11-01,True,0.0005159099999999867,-1.4757539059480004e-05,-0.01994207483388923,-0.01991255975577027,0.0005011524609405067,131.8931774122401,135.21220258929668,97.54532127019776
2016-11-03,True,0.0005159099999999867,0.0035020981967395937,0.0019791305434141266,-0.005025065850065061,0.00401800819673958,132.42312528017652,135.28195991673454,97.88675841308212
2016-11-04,True,0.0005159099999999867,0.00960236793514064,0.0390071125805429,0.01980237671026162,0.010118277935140628,133.76301926680128,135.35175323267518,98.82621840653752
2016-11-07,True,0.0005159099999999867,0.005367964178821048,0.0034127442983826117,-0.007323184059259484,0.005883874178821034,134.55006404194634,135.42158255568546,99.35644046001252
2016-11-08,False,0.0005159099999999867,0.0,0.0,0.0,0.0005159099999999867,134.61947976548623,135.49144790434178,99.35644046001252
2016-11-09,True,0.0005159099999999867,-0.004347996750193244,-0.0417578928570957,-0.03306189935670921,-0.0038320867501932575,134.10360624075898,135.56134929723012,98.92466173874169
2016-11-10,True,0.0005159099999999867,-0.004879881728552813,-0.040399186845179055,-0.03063942338807343,-0.004363971728552826,133.51838189442734,135.63128675294607,98.44217001172642
2016-11-11,True,0.0005159099999999867,0.011164744884805027,0.019109932461501167,-0.0032195573081088874,0.011680654884805014,135.0779640341137,135.7012602900948,99.54068499095096
2016-11-14,True,0.0005159099999999867,-0.014137545710099762,0.0007930611730409146,0.02906815259324044,-0.013621635710099774,133.23798121557905,135.77126992729106,98.13414965252322
2016-11-16,True,0.0005159099999999867,0.0033652320592902595,-0.007828146534107508,-0.014558610652688026,0.003881142059290246,133.7550967483698,135.84131568315928,98.4642235506203
2016-11-17,True,0.0005159099999999867,-0.003655501080076903,0.0039009068737051455,0.011211909033858951,-0.003139591080076916,133.33516043970377,135.91139757633337,98.1044730739505
2016-11-18,True,0.0005159099999999867,-0.006211339873804623,0.013752774058693065,0.02617545380630231,-0.005695429873804636,132.57575938370692,135.981515625457,97.49542706147592
2016-11-21,True,0.0005159099999999867,0.003759913374093815,0.010970974601708594,0.003451147853520964,0.004275823374093802,133.14262991451804,136.05166984918333,97.86181239973752
2016-11-22,True,0.0005159099999999867,-0.00260087356270242,-0.007746198810865531,-0.0025444516854606913,-0.0020849635627024333,132.8650323825039,136.12186026617522,97.60741744397053
2016-11-23,True,0.0005159099999999867,0.006415129254180347,0.0037554763789909534,-0.00907478212936974,0.006931039254180334,133.785925137455,136.19208689510515,98.23325876524429
2016-11-24,True,0.0005159099999999867,0.0006525549795088586,-0.006937660172222114,-0.008242770131239831,0.0011684649795088453,133.94224930572932,136.26234975465522,98.2973283132844
2016-11-25,True,0.0005159099999999867,0.008680772911210579,0.03274063560449154,0.015379089782070381,0.009196682911210566,135.1740737010084,136.33264886351714,99.15018510080549
2016-11-28,True,0.0005159099999999867,-0.0034056243624529837,-0.02177746090499109,-0.014966212180085123,-0.002889714362452997,134.78345923880335,136.40298424039236,98.81269093150132
2016-11-29,True,0.0005159099999999867,0.0032338729985507053,0.009416687978973517,0.002948941981872106,0.003749782998550692,135.28886796274287,136.4733559039918,99.13207385177645
2016-11-30,True,0.0005071799999999735,0.0014699761076015297,-0.030681790095033183,-0.03362174231023624,0.001977156107601503,135.5563551743259,136.5425724606392,99.27772176212835
2016-12-01,True,0.0005071799999999735,-0.008553092929399209,0.004807188650835149,0.021913374509633567,-0.008045912929399235,134.46568054356652,136.61182412253982,98.42902062631985
2016-12-02,True,0.0005071799999999735,-0.007576960980192433,-0.009308782403424412,0.0058451395569604535,-0.00706978098019246,133.515037632771,136.6811109074983,97.68360583718844
2016-12-05,True,0.0005071799999999735,0.0010684929246768272,0.012654155837235932,0.010517169987882278,0.0015756729246768006,133.72541366260614,136.75043283332835,97.78792716918922
2016-12-06,True,0.0005071799999999735,0.006399018720376919,0.016493194335183814,0.0036951568944299756,0.006906198720376892,134.6489479433247,136.81978991785277,98.41335674040178
2016-12-07,True,0.0005071799999999735,0.004128266538081254,-0.001505258973180815,-0.009761792049343323,0.004635446538081228,135.27310594292484,136.88918217890333,98.81942735703805
2016-12-08,True,0.0005071799999999735,-0.003845954749303041,-0.004996844187013437,0.002695065311592645,-0.0033387747493030676,134.82145951254282,136.9586096343208,98.4395649696765
2016-12-09,False,0.0005071799999999735,0.0,0.0,0.0,0.0005071799999999735,134.88983826037838,137.02807230195515,98.43956496967647
2016-12-12,True,0.0005071799999999735,-0.0044363665179987955,-0.001112780549390077,0.007759952486607514,-0.003929186517998822,134.3598309264707,137.09757019966526,98.00307235992047
2016-12-13,True,0.0005071799999999735,-0.00236097990857137,-0.014261294452272739,-0.009539334635129999,-0.0018537999085713967,134.11075468418352,137.16710334531913,97.77180636858589
2016-12-14,True,0.0005071799999999735,0.0068280381271220636,0.019901039198748194,0.006244962944504067,0.007335218127122037,135.09448632298495,137.23667175679384,98.43905757376193
2016-12-15,True,0.0005071799999999735,-0.006986990670762226,-0.0012573615403702134,0.012716619801154239,-0.006479810670762253,134.21909962894813,137.30627545197544,97.7516134547637
2016-12-16,True,0.0005071799999999735,-0.0027353035819422393,-0.011752747868034676,-0.006282140704150198,-0.002228123581942266,133.92004288791782,137.37591444875918,97.48436865755649
2016-12-19,True,0.0005071799999999735,-0.0011470387607751464,-0.0031689926452870276,-0.000874915123736735,-0.0006398587607751729,133.83435297523258,137.4455887650493,97.3726069914184
2016-12-20,True,0.0005071799999999735,-0.0017841617164598182,0.0003608360201934494,0.003929159453113086,-0.0012769817164598445,133.66344895344898,137.5152984187592,97.19896658073588
2016-12-21,True,0.0005071799999999735,0.012284394244709078,0.013663417247551633,-0.010905371241866524,0.012791574244709052,135.37321488454091,137.58504342781123,98.39239172502728
2016-12-22,True,0.0005071799999999735,-0.00786077347756925,0.0004886930669319682,0.016210240022070468,-0.007353593477569276,134.37773529452838,137.65482381013695,97.61934349636118
2016-12-23,True,0.0005071799999999735,0.00016210979767798455,0.005249856541585607,0.004925636946229638,0.0006692897976779581,134.46767294179605,137.72463958367698,97.63516052630357
2016-12-26,True,0.0005071799999999735,-0.0020989753575126097,0.0017117775625688583,0.0059097282775940774,-0.0015917953575126363,134.25362792427177,137.79449076638105,97.43033061596599
2016-12-27,True,0.0005071799999999735,0.0019697482408259706,0.017992753689853296,0.014053257208201355,0.002476928240825944,134.58616452671072,137.86437737620793,97.62214655309286
2016-12-28,True,0.0005071799999999735,-0.0012577136871871502,0.006245558087901028,0.008760985462275328,-0.0007505336871871767,134.48515307640412,137.9342994311256,97.49942808355384
2016-12-29,True,0.0010146172315523472,-0.0044866039322066864,-0.007830595166286227,0.0011426126981271465,-0.003471986700654339,134.01822241348736,138.07424994815054,97.062430151758
2017-01-02,True,0.0005071799999999735,0.002460454643876826,0.03350938253355768,0.02858847324580403,0.0029676346438767993,134.4159395332324,138.14427844623924,97.30112679660652
2017-01-03,True,0.0005071799999999735,0.0009708816207196454,0.0049154191534248924,0.0029736559119856016,0.001478061620719619,134.61461457466945,138.21434246138162,97.39554678435925
2017-01-04,True,0.0005071799999999735,-0.003224147961146252,-0.0051401958659483505,0.0013081000563441541,-0.0027169679611462787,134.24887097976804,138.2844420115912,97.08168831350898
2017-01-05,True,0.0005071799999999735,-0.005230962228591041,-0.009512746546406072,0.0009491779107760097,-0.004723782228591067,133.6147085488254,138.35457711489065,96.57411509983568
2017-01-06,True,0.0005071799999999735,0.005039373926547328,0.007989425504687429,-0.002089322348407228,0.005546553926547302,134.35580973517136,138.4247477893118,97.06054147172186
2017-01-09,True,0.0005071799999999735,-0.006681901942060966,-0.008392404513688088,0.0049713993704338455,-0.006174721942060993,133.52619996875623,138.4949540528956,96.412321215514
2017-01-10,True,0.0005071799999999735,-0.0008696166662507301,0.01004417188182711,0.01178340521432857,-0.00036243666625075655,133.47780517798242,138.56519592369213,96.32852195546178
2017-01-11,False,0.0004808900000000168,0.0,0.0,0.0,0.0004808900000000168,133.54199331971446,138.63183054075986,96.3285219554618
2017-01-12,True,0.0004808900000000168,0.0017161792386884422,-0.0039963673475963135,-0.007428725824973198,0.002197069238688459,133.83539432531035,138.6984972017486,96.49375950385067
2017-01-13,True,0.0004808900000000168,0.006299970999769214,0.006638600451270002,-0.005961341548268426,0.006780860999769231,134.74291353107958,138.76519592206796,97.10137519407435
2017-01-16,True,0.0004808900000000168,-0.003700767133618714,0.0107692340831093,0.018170768350346728,-0.003219877133618697,134.3090579048837,138.8319267171349,96.742198340684
2017-01-17,True,0.0004808900000000168,-0.001344388176244736,-0.003041922310963188,-0.0003531459584737162,-0.0008634981762447192,134.19308227832968,138.8986896023739,96.61220178713349
2017-01-18,True,0.0004808900000000168,-0.002138171458992283,-0.008539827104848949,-0.004263484186864383,-0.001657281458992266,133.9706865711448,138.9654845932168,96.40572762604118
2017-01-19,True,0.0004808900000000168,-0.004355792965921049,0.008654998136765013,0.01736658406860711,-0.003874902965921032,133.4515631604038,139.0323117051028,95.98600607566954
2017-01-20,True,0.0004808900000000168,-0.0020505441870519586,0.00997222093703172,0.014073309311135637,-0.0015696541870519418,133.24209035552045,139.09917095347868,95.78927713385357
2017-01-23,True,0.0004808900000000168,0.001592537637600283,0.01060742701230609,0.007422351737105523,0.0020734276376003,133.51835818815522,139.16606235379848,95.94175183940662
2017-01-24,True,0.0009620112551921335,-0.005285755909958445,0.013162830092170508,0.023734341912087398,-0.0043237446547663115,132.941058900626,139.29994167212362,95.43511454838595
2017-01-26,True,0.0004808900000000168,-0.0050015392171127646,-0.00492266200869651,0.005080416425529019,-0.004520649217112748,132.34007900678475,139.36692962107432,94.958021509554
2017-01-27,True,0.0004808900000000168,0.0013210780619212006,-0.01867612088486542,-0.021318277008707823,0.0018019680619212174,132.5785516024671,139.43394978385982,95.08340817138189
2017-01-30,True,0.0004808900000000168,-0.01343545586370945,0.00018645654277352208,0.027057368270192422,-0.012954565863709433,130.86105402361773,139.50100217597137,93.80653327389368
2017-01-31,True,0.0004808900000000168,-0.005882290489802995,-0.0023112581085060896,0.0094533228710999,-0.005401400489802978,130.15422106231844,139.56808681290775,93.25500122158394
2017-02-01,True,0.0004808900000000168,0.009184061509225475,0.013916230447059669,-0.0044518925713912805,0.009664951509225491,131.41215529760677,139.6352037101752,94.11104922392202
2017-02-02,True,0.0004808900000000168,0.0011925959881260717,0.004780368004875288,0.0023951760286231444,0.0016734859881260885,131.63207169816675,139.7023528832874,94.22323173621645
2017-02-03,True,0.0004808900000000168,-0.0058676014550920474,-0.012232548869852936,-0.0004973459596688407,-0.005386711455092031,130.92300770969274,139.76953434776544,93.67063310373392
2017-02-06,True,0.0004808900000000168,-0.003208212878782743,-0.005084712815468143,0.0013317129420973434,-0.002727322878782726,130.56593839540704,139.83674811913792,93.37026221760225
2017-02-07,True,0.0004808900000000168,-0.00012932081307719112,0.0007440576602313481,0.0010026992863857304,0.00035156918692282567,130.61184135620854,139.90399421294092,93.3581933031953
2017-02-08,True,0.0004808900000000168,-0.0019298133494403819,0.007334242488530485,0.011193869187411248,-0.001448923349440365,130.4225948095541,139.97127264471797,93.17811601284731
2017-02-09,True,0.0004808900000000168,-0.005643079966555074,0.004912081792690121,0.01619824172580027,-0.0051621899665550575,129.74932859921614,140.03858343002008,92.65255718903663
2017-02-10,True,0.0004808900000000168,-0.000504433095445872,0.013243224356159627,0.014252090547051371,-2.3543095445855214e-05,129.74627389838892,140.10592658440575,92.60584263737356
2017-02-13,False,0.0004808900000000168,0.0,0.0,0.0,0.0004808900000000168,129.8086675840439,140.17330212344092,92.60584263737354
2017-02-14,True,0.0004808900000000168,-0.0008898781068330669,0.01546266518380962,0.017242421397475755,-0.0004089881068330501,129.75557738283817,140.24071006269907,92.52347433553838
2017-02-15,True,0.0004808900000000168,0.003135462564342925,0.005882293906019645,-0.0003886312226662053,0.003616352564342942,130.2248192978444,140.3081504177611,92.81343878463649
2017-02-16,True,0.0004808900000000168,0.004024410239244353,0.011181266928002045,0.0031324464495133403,0.004505300239244369,130.81152120738253,140.37562320421551,93.18677860263577
2017-02-17,True,0.0004808900000000168,-0.006009091656470886,0.0013190346514567325,0.013337217964398504,-0.005528201656470869,130.0883687391584,140.44312843765817,92.62707986236849
2017-02-20,True,0.0004808900000000168,-0.006448565658885387,0.01359779694394915,0.026494928261719924,-0.00596767565888537,129.31204354752964,140.51066613369255,92.03005515929468
2017-02-21,True,0.0004808900000000168,0.00128795941883212,-0.014782250188105917,-0.017358169025770157,0.0017688494188321368,129.54077708060666,140.5782363079296,92.14852916268921
2017-02-22,True,0.0004544200000000056,-0.006984770147976084,-0.005726750098239405,0.008242790197712763,-0.006530350147976078,128.6948304478294,140.64211787007264,91.5051852153703
2017-02-23,True,0.0004544200000000056,-0.0040544168587616225,-0.013582575684931056,-0.005473741967407811,-0.0035999968587616168,128.23152946247833,140.70602846127517,91.13435356308842
2017-02-24,True,0.0004544200000000056,-0.004061666128846252,0.0052673921435803794,0.013390724401272883,-0.003607246128846246,127.76896677422877,140.76996809472854,90.76436437653308
2017-03-01,True,0.0004544200000000056,-0.0023136554922770225,-0.012099630508934894,-0.007472319524380849,-0.0018592354922770168,127.53141417639056,140.83393678363018,90.55446229009637
2017-03-02,True,0.0004544200000000056,0.0007278174666979359,0.002201108700344165,0.000745473766948293,0.0011822374666979416,127.68218659241084,140.8979345411834,90.62033947352884
2017-03-03,True,0.0004544200000000056,-0.0010988069829421798,-0.002938249173798285,-0.0007406352079139256,-0.0006443869829421742,127.59990985341709,140.96196138059761,90.52081043970227
2017-03-06,True,0.0004544200000000056,0.0014672901301154631,0.0002328115112480017,-0.0027017687489829245,0.0019217101301154688,127.84511989278423,141.02601731508818,90.65357040264814
2017-03-07,True,0.0004544200000000056,0.002651290956042718,-0.021489903092684268,-0.026792485004769703,0.0031057109560427235,128.24216988231183,141.09010235787653,90.89381022420993
2017-03-08,True,0.0004544200000000056,0.015636073627042175,-0.010336185912443174,-0.041608333166527525,0.01609049362704218,130.3056496995212,141.15421652219,92.31438699462204
2017-03-09,True,0.0004544200000000056,0.005531256936028732,0.010081528202102757,-0.0009809856699547065,0.005985676936028738,131.08561722156188,141.21835982126203,92.82476965989053
2017-03-10,True,0.0004544200000000056,-0.0045084157155815055,0.01099401287891974,0.02001084431008275,-0.0040539957155815,130.5541966909713,141.282532268332,92.40646709461237
2017-03-13,True,0.0004544200000000056,-0.0025194211089422103,-0.010412530289783978,-0.005373688071899557,-0.0020650011089422046,130.28460213002737,141.34673387664537,92.17376203664385
2017-03-14,True,0.0004544200000000056,0.011126882160369875,0.022531770657534117,0.0002780063367943675,0.01158130216036988,131.7934674741388,141.4109646594536,93.19890278064668
2017-03-15,True,0.0004544200000000056,-0.0043187804411811345,0.007220956680680096,0.015858517563042365,-0.003864360441181129,131.28417001202564,141.4752246300142,92.79658000569344
2017-03-16,True,0.0004544200000000056,0.016200556356572596,-0.009962856654823063,-0.042363969367968254,0.0166549763565726,133.4707047595682,141.53951380159054,94.29925338493592
2017-03-17,False,0.0004544200000000056,0.0,0.0,0.0,0.0004544200000000056,133.53135651722505,141.6038321874523,94.2992533849359
2017-03-20,True,0.0004544200000000056,0.006428627955438547,-0.017469874809598787,-0.03032713072047588,0.006883047955438553,134.45045924768786,141.66817980087492,94.90519285041137
2017-03-21,True,0.0004544200000000056,-0.0014662698393547932,0.0036165752758099134,0.0065491149545195,-0.0010118498393547875,134.31441557209692,141.73255665514003,94.76609943536633
2017-03-22,True,0.0004544200000000056,-0.005539781138691129,0.005014954246725753,0.01609451652410801,-0.005085361138691123,133.63137826278057,141.79696276353528,94.24135443974785
2017-03-23,True,0.0004544200000000056,0.007790772224463782,0.010219047901594655,-0.0053624965473329095,0.008245192224463788,134.73319466377723,141.8613981393543,94.97523387681909
2017-03-24,True,0.0004544200000000056,0.0019925591106239177,0.0037836076710727334,-0.0002015105501751019,0.0024469791106239234,135.06288397662712,141.9258627958968,95.16439168727176
2017-03-27,True,0.0004544200000000056,0.008540975914107955,0.0139677723750712,-0.003114179453144711,0.008995395914107961,136.27782809129812,141.9903567464685,95.97681928120625
2017-03-28,True,0.0004544200000000056,0.00217097379536859,0.007988864620780842,0.0036469170300436615,0.002625393795368596,136.63561105561533,142.05488000438123,96.18508779944852
2017-03-29,True,0.0004544200000000056,-0.001134611666984378,0.0010078567480613781,0.0032770800820301343,-0.0006801916669843725,136.54267265156196,142.11943258295287,96.07600464620779
2017-03-30,True,0.0004544200000000056,-0.0016388668549636304,0.0005948347729828052,0.003872568482910066,-0.0011844468549636247,136.38094511237148,142.18401449550723,95.91862038519167
2017-03-31,True,0.0004544200000000056,-0.001378672963987429,0.008095203571438628,0.010852549499413486,-0.0009242529639874234,136.25489461961996,142.24862575537426,95.78644004191523
2017-04-03,True,0.0004544200000000056,0.0010422046009419955,0.0014438612590964989,-0.0006405479427874922,0.0014966246009420012,136.45881704690646,142.31326637589004,95.88622376671455
2017-04-04,True,0.0004544200000000056,0.0038891734194529265,-0.004595529739339882,-0.012373876578245735,0.004343593419452932,137.05153866665773,142.37793637039658,96.25897253498448
2017-04-05,True,0.0004544200000000056,0.00742701211312638,0.0023026982203047386,-0.012551326005948021,0.007881432113126386,138.1317010646585,142.442635752242,96.97356436517943
2017-04-06,True,0.0004544200000000056,0.0010573624109111168,0.0070731193362084804,0.004958394514386247,0.0015117824109111225,138.34052614071732,142.50736453478055,97.0760539936543
2017-04-07,True,0.0004544200000000056,0.0003374786441761521,-0.007427269179858045,-0.00810222646821035,0.0007918986441761577,138.45007781580276,142.57212273137245,97.10880020820322
2017-04-10,True,0.0004544200000000056,-0.004851131452868987,-0.006025736433406301,0.003676526472331673,-0.004396711452868981,137.84135277301942,142.63691035538406,96.63792662753535
2017-04-11,True,0.0004544200000000056,0.006671304502859639,-0.0047493407232034185,-0.018091949728922696,0.0071257245028596445,138.82357227798144,142.70172742018775,97.282334830617
2017-04-12,True,0.0004188600000000251,0.005674551441893466,-0.002943672468173078,-0.01429277535196001,0.006093411441893491,139.66948142170466,142.761499465735,97.83413731601182
2017-04-13,True,0.0004188600000000251,-0.01450450573568901,0.007235226039041073,0.036244237510419094,-0.014085645735688986,137.70214658631116,142.82129654740123,96.41569563864653
2017-04-17,True,0.0004188600000000251,0.0007409519230467745,0.005766808953445987,0.004284905107352438,0.0011598119230467998,137.86185517775107,142.8811186756731,96.48710512316515
2017-04-18,True,0.0004188600000000251,-0.006594843010435898,-0.01178457999198508,0.0014051060288867157,-0.006175983010435873,137.0104227023861,142.9409658610416,95.85105422862415
2017-04-19,False,0.0004188600000000251,0.0,0.0,0.0,0.0004188600000000251,137.06781088803922,143.0008381140022,95.85105422862411
2017-04-20,True,0.0004188600000000251,0.0025273579588652867,0.0009929883003326617,-0.004061727617397912,0.002946217958865312,137.47164253405992,143.06073544505463,96.0932027270744
2017-04-24,True,0.0004188600000000251,0.001438344833366717,0.012645952809754418,0.009769263143020984,0.0018572048333667423,137.72695553302503,143.1206578647032,96.23136002017472
2017-04-25,True,0.0004188600000000251,-0.0014846374565470055,-0.0017599369078858118,0.0012093380052081992,-0.0010657774565469803,137.58016924865908,143.1806053834564,96.08855115551536
2017-04-26,True,0.0004188600000000251,-0.005806142329152435,-0.005534456490196654,0.006077828168108215,-0.0053872823291524095,136.83898603402397,143.24057801182735,95.53088093705207
2017-04-27,True,0.0004188600000000251,0.0008717075239698044,0.009561683981533828,0.007818268933594219,0.0012905675239698296,137.01558598541246,143.3005757603334,95.61412105877898
2017-04-28,True,0.0004188600000000251,0.005702722645591227,0.02460807197155418,0.013202626680371726,0.006121582645591252,137.85433821875625,143.3605986394964,96.15915357985736
2017-05-02,True,0.0004188600000000251,-0.005392996602049442,-0.0039348210334496925,0.006851172170649192,-0.004974136602049417,137.16863190927106,143.42064665984256,95.64078471532785
2017-05-03,True,0.0004188600000000251,-0.0005673840861337431,-0.01906520296311716,-0.017930434790849673,-0.00014852408613371803,137.14825906357052,143.48071983190252,95.58654237604124
2017-05-04,True,0.0004188600000000251,-0.00666743815187569,0.013038450855262035,0.026373327159013416,-0.006248578151875665,136.2912774484181,143.54081816621132,94.94949185158
2017-05-05,True,0.0004188600000000251,-0.0036586219782685156,0.0005162210239036819,0.007833464980440713,-0.0032397619782684904,135.8497261497711,143.60094167330843,94.60225299833249
2017-05-08,True,0.0004188600000000251,0.008279730364340071,0.027309625014784455,0.010750164286104313,0.008698590364340095,137.03142726865573,143.66109036373774,95.38520619724083
2017-05-09,True,0.0004188600000000251,0.003680527540778425,0.018910105844425457,0.011549050762868607,0.00409938754077845,137.59317219429593,143.7212642480475,95.7361270889079
2017-05-10,True,0.0004188600000000251,0.006336483544513223,0.006977963523909392,-0.005695003565117054,0.006755343544513248,138.5226613418478,143.78146333679044,96.34250349600036
2017-05-11,True,0.0004188600000000251,-0.0022923837787569984,0.0038421249386532547,0.008426892496167251,-0.0018735237787569732,138.26313584192712,143.84168764052373,96.1217419719532
2017-05-12,True,0.0004188600000000251,0.006085450935964069,0.005129017008593681,-0.007041884863334458,0.0065043109359640945,139.16244226842446,143.90193716980886,96.70644120948027
2017-05-15,True,0.0004188600000000251,0.003286714090313808,0.016591491520784263,0.010018063340156647,0.0037055740903138333,139.67811900883913,143.96221193521183,97.02415455501567
2017-05-16,True,0.0004188600000000251,-0.002285681947549717,-0.013156466017288398,-0.008585102122188965,-0.0018668219475496918,139.41736483068098,144.02251194730303,96.8024810466387
2017-05-17,True,0.0004188600000000251,0.020261709016813345,-0.06941532933097583,-0.10993874736460252,0.02068056901681337,142.30059526620414,144.08283721665728,98.76304354850177
2017-05-18,True,0.0004188600000000251,0.002192187255537305,0.02111284234548648,0.01672846783441187,0.00261104725553733,142.6721488449353,144.14318775385388,98.97945998569797
2017-05-19,True,0.0004188600000000251,0.015295254127199585,-0.010290628414036634,-0.040881136668435805,0.01571411412719961,144.91411527465743,144.20356356947647,100.49274212619484
2017-05-22,True,0.0004188600000000251,-0.00027300628248339703,0.017083354286613756,0.01762936685158055,0.00014585371751662808,144.93525153709086,144.2639646741132,100.46531846292598
2017-05-23,False,0.0004188600000000251,0.0,0.0,0.0,0.0004188600000000251,144.9959591165497,144.32439107835663,100.46531846292596
2017-05-24,True,0.0004188600000000251,-0.0026552322136318626,0.003079802493664255,0.00839026692092798,-0.0022363722136318374,144.67169418249256,144.38484279280374,100.19867140077886
2017-05-25,True,0.0004188600000000251,-0.0002627205244247477,0.008940090253482885,0.00946553130233238,0.00015613947557527742,144.6942831449528,144.44531982805591,100.17235817483962
2017-05-26,True,0.0004188600000000251,-0.0028328277079806632,-0.0016420806460490378,0.004023574769912289,-0.002413967707980638,144.3449958179115,144.50582219471912,99.88870595359755
2017-05-29,True,0.0004188600000000251,0.005421049993315642,0.011116460489558291,0.00027436050292700687,0.0058399099933156675,145.1879576014736,144.56634990340362,100.4299809039139
2017-05-30,True,0.0004188600000000251,0.002697493687981556,-0.008340325152250846,-0.013735312528213958,0.003116353687981581,145.64041462859552,144.62690296472417,100.70077671795168
2017-05-31,True,0.00038333999999999233,-0.0008281103176355706,0.0004664773774415848,0.002122698012712726,-0.00044477031763557825,145.57563809512058,144.6823442417067,100.61741732074893
2017-06-01,True,0.00038333999999999233,0.0017531368147334359,0.0018042879693463548,-0.0017019856601205169,0.0021364768147334283,145.8866570707008,144.7378067715483,100.79374582548832
2017-06-02,True,0.00038333999999999233,-0.00733637108562038,-0.013928544158950854,0.0007441980122899067,-0.006953031085620388,144.872302609111,144.79329056239607,100.05456885910117
2017-06-05,True,0.00038333999999999233,0.0017789484729119481,0.0035322579795267622,-2.5638966297134025e-05,0.0021622884729119406,145.18555831908688,144.84879562240025,100.23249257630317
2017-06-06,True,0.00038333999999999233,-0.0013855846436394148,0.007505017562171354,0.010276186849450183,-0.0010022446436394224,145.04004687092777,144.90432195971414,100.09366519188528
2017-06-07,True,0.00038333999999999233,-0.010937672055852443,-0.022574588302272283,-0.0006992441905673968,-0.01055433205585245,143.5092460548556,144.95986958249418,98.99929302377507
2017-06-08,True,0.00038333999999999233,0.00567390304476674,-0.005103026766777527,-0.016450832856311007,0.006057243044766732,144.37851643738108,145.01543849889993,99.56079016957655
2017-06-09,True,0.00038333999999999233,0.0030887459071082743,0.0013529125564201855,-0.004824579257796363,0.0034720859071082667,144.87981104959252,145.0710287170941,99.86819031394995
2017-06-12,True,0.00038333999999999233,0.0003902253268602482,0.003643404809937134,0.0028629541562166377,0.0007735653268602405,144.99188504798255,145.1266402452425,99.90714647770234
2017-06-13,True,0.00038333999999999233,0.004774791785519851,0.008114143270445476,-0.0014354403005942262,0.0051581317855198434,145.73977229889098,145.18227309151413,100.38399950318001
2017-06-14,True,0.00038333999999999233,-0.00020716851846960815,0.004967469476942751,0.005381806513881968,0.00017617148153038417,145.7654474904948,145.23792726408104,100.36321106776373
2017-06-16,True,0.00038333999999999233,0.0011093484256829503,0.004221611128923497,0.0020029142775575964,0.0014926884256829427,145.98302988682838,145.29360277111843,100.4745061740922
2017-06-19,True,0.00038333999999999233,-0.0033711189521496987,-0.018586249664887255,-0.011844011760587858,-0.0029877789521497063,145.54686486276145,145.3492996208047,100.1359244540374
2017-06-20,True,0.00038333999999999233,0.006516781490513011,-0.004172492248822726,-0.01720605522984875,0.006900121490513004,146.5511559128778,145.40501782132134,100.78823833505173
2017-06-21,True,0.00038333999999999233,0.0030347411982415695,0.005038445888177284,-0.0010310365083058548,0.003418081198241562,147.05207966348416,145.46075738085295,101.09398734839853
2017-06-22,True,0.00038333999999999233,0.0012987642115425968,0.002179132945748452,-0.00041839547733674154,0.0016821042115425892,147.29943658600223,145.51651830758732,101.22523428896659
2017-06-23,False,0.00038333999999999233,0.0,0.0,0.0,0.00038333999999999233,147.3559023520231,145.57230060971534,101.22523428896659
2017-06-26,True,0.00038333999999999233,0.0001880146716136885,-0.004277945303728714,-0.004653974646956091,0.0005713546716136808,147.44009483522177,145.62810429543106,101.2442588252847
2017-06-27,True,0.00038333999999999233,0.003784844554576637,0.004249448962071994,-0.00332024014708128,0.0041681845545766295,148.05465236123928,145.68392937293163,101.62730576976607
2017-06-28,True,0.00038333999999999233,-0.00423907019704569,-0.00235807265771687,0.00612006773637451,-0.0038557301970456974,147.48379356731692,145.73977585041746,101.19666556828622
2017-06-29,True,0.00038333999999999233,-0.0038317267794468063,0.005921774154281398,0.01358522771317501,-0.003448386779446814,146.97521240339674,145.79564373609196,100.80905618102003
2017-06-30,True,0.00038333999999999233,0.000818071535150712,0.00496827422046453,0.0033321311501631062,0.0012014115351507045,147.15179011895938,145.85153303816173,100.89149359880739
2017-07-03,True,0.00038333999999999233,-0.00012460835428512035,0.002002740484995033,0.002251957193565274,0.000258731645714872,147.18986294378672,145.9074437648366,100.87892649330287
2017-07-04,True,0.00038333999999999233,-0.005324238557647305,-0.0056523542338145355,0.004996122881480075,-0.004940898557647313,146.46261276226747,145.96337592432937,100.34202883756053
2017-07-05,True,0.00038333999999999233,0.0005672628853308284,0.0015125702545008418,0.000378044483839185,0.0009506028853308207,146.60184054455237,146.0193295248562,100.39892733488892
2017-07-06,True,0.00038333999999999233,-0.002299739195440187,0.0008400925999105385,0.005439570990790912,-0.0019163991954401945,146.32089289528273,146.07530457463628,100.1681244624898
2017-07-07,True,0.00038333999999999233,0.00015515340069265082,0.013656445603293432,0.01334613880190813,0.0005384934006926432,146.39968573049032,146.1313010818919,100.1836599322742
2017-07-10,True,0.00038333999999999233,-0.00321352742667929,-0.0005528373250539981,0.005874217528304582,-0.0028301874266792974,145.98534718066608,146.18731905484864,99.86184035969168
2017-07-11,True,0.00038333999999999233,-0.0007215146834010436,0.015712140628407825,0.017155169995209912,-0.00033817468340105125,145.9359786321021,146.24335850173512,99.78981618530774
2017-07-12,True,0.00038333999999999233,0.007499587170192848,0.009332595535526345,-0.005666578804859351,0.00788292717019284,147.08638132316975,146.29941943078316,100.53791183550042
2017-07-13,True,0.00038333999999999233,-0.006607222707498403,0.0034896435107247686,0.016704088925721575,-0.006223882707498411,146.17093293794397,146.35550185022774,99.87389000758398
2017-07-14,True,0.00038333999999999233,-0.005050436810542028,-0.0007456477732336736,0.009355225847850382,-0.004667096810542035,145.48873904303534,146.411605768307,99.3696765222751
2017-07-17,True,0.00038333999999999233,-0.0015083967944528182,0.004082782872739749,0.007099576461645385,-0.0011250567944528257,145.3250559486586,146.4677311932622,99.21984505713694
2017-07-18,True,0.00038333999999999233,-0.00020661819392823327,-0.00046290167561943707,-4.966528776297052e-05,0.00017672180607175905,145.3507380550133,146.52387813333783,99.19935228764764
2017-07-19,True,0.00038333999999999233,0.00021511950781175765,0.007831430259552671,0.007401191243929156,0.00059845950781175,145.43772458616976,146.58004659678144,99.220683826255
2017-07-20,True,0.00038333999999999233,0.002635586905808819,0.0007925051841861236,-0.004478668627431515,0.0030189269058088115,145.87679044604255,146.63623659184387,99.48208835452098
2017-07-21,True,0.00038333999999999233,0.008191070821833131,0.012647331736425307,-0.0037348099072409546,0.008574410821833123,147.1275979766974,146.69244812677897,100.29664093515048
2017-07-24,True,0.00038333999999999233,-0.00538470327581065,0.0014611343535913812,0.01223054090521268,-0.005001363275810657,146.3917594113185,146.74868120984388,99.75678023435523
2017-07-25,False,0.00038333999999999233,0.0,0.0,0.0,0.00038333999999999233,146.44787722837123,146.80493584929886,99.75678023435522
2017-07-26,True,0.0003471299999999743,0.004132348478586172,0.011936920408374477,0.0036722234512021334,0.004479478478586146,147.10388734265035,146.85589624668023,100.16886696571827
2017-07-27,True,0.0003471299999999743,0.0059233401562281615,0.01795827842068927,0.006111598108232946,0.006270470156228136,148.02629787809758,146.90687433394433,100.76199534516581
2017-07-28,True,0.0003471299999999743,0.004419567708441943,0.008637308163358282,-0.00020182725352560493,0.004766697708441917,148.73189449298226,146.95787011723186,101.20716527419404
2017-07-31,True,0.0003471299999999743,0.0013162037675917976,0.005315662057761114,0.002683254522577519,0.001663333767591772,148.97928527541035,147.00888360268567,101.34032830155353
2017-08-01,True,0.0003471299999999743,-0.004845243897239927,0.0015120604589518999,0.011202548253431754,-0.004498113897239953,148.30915948191213,147.05991479645067,100.84948008244842
2017-08-02,True,0.0003471299999999743,-0.0003165311723950237,-0.009804996675532432,-0.009171934330742385,3.0598827604950616e-05,148.31369756831535,147.11096370467396,100.81756915552255
2017-08-03,True,0.0003471299999999743,-0.007566294420950331,0.0004502925177229389,0.015582881359623602,-0.007219164420950357,147.24299659969057,147.16203033350476,100.05501844871421
2017-08-04,True,0.0003471299999999743,-0.0015087072813372016,0.008332050156598547,0.01134946471927295,-0.0011615772813372272,147.07196248000434,147.21311468909443,99.90411709623278
2017-08-07,True,0.0003471299999999743,0.011109196506627936,0.010318997047509063,-0.011899395965746809,0.01145632650662791,148.7568669021458,147.26421677759646,101.01358643478449
2017-08-08,True,0.0003471299999999743,-0.006041098007257183,-0.003927223366649232,0.008154972647865133,-0.0056939680072572085,147.90985006114516,147.31533660516646,100.40356521573318
2017-08-09,True,0.0003471299999999743,0.003247198865359825,-0.004928336695130653,-0.011422734425850303,0.0035943288653597994,148.44148670469096,147.36647417796223,100.72948242313956
2017-08-10,True,0.0003471299999999743,-0.004286063506074883,0.0029449981825968585,0.011517125194746625,-0.003938933506074909,147.85678555901828,147.4176295021436,100.29789927999643
2017-08-11,True,0.0003471299999999743,-0.0026843117736117944,0.013451243670831045,0.018819867218054634,-0.0023371817736118202,147.51121737470493,147.4688025838727,100.02876187375841
2017-08-14,True,0.0003471299999999743,0.004111431620030866,0.009396965629940038,0.0011741023898783065,0.00445856162003084,148.1689052270158,147.51999342931364,100.43988057660341
2017-08-15,True,0.0003471299999999743,-0.006234302770367094,0.00905576722710183,0.021524372767836017,-0.0058871727703671195,147.29660928274822,147.57120204463274,99.81392523874578
2017-08-16,True,0.0003471299999999743,0.0028929166838048345,-0.003154294828834045,-0.008940128196443714,0.0032400466838048087,147.77385717319046,147.6224284359985,100.10257840817029
2017-08-17,True,0.0003471299999999743,-0.0018888926258522273,0.007482086304663779,0.011259871556368234,-0.001541762625852253,147.54602496312282,147.67367260958147,99.91356099959934
2017-08-18,True,0.0003471299999999743,0.00022012548744358706,0.006426252240688102,0.005986001265800928,0.0005672554874435614,147.62972125543362,147.72493457155443,99.93554688895483
2017-08-21,True,0.0003471299999999743,0.008319205849826712,0.021743445034785147,0.005105033335131723,0.008666335849826687,148.90913000124954,147.77621432809224,100.76664277692349
2017-08-22,True,0.0003471299999999743,0.00045960960639269965,0.007341967633108626,0.006422748420323227,0.000806739606392674,149.029260894175,147.82751188537196,100.81294002278473
2017-08-23,True,0.0003471299999999743,-0.0017707174924975339,0.010058779588720854,0.013600214573715921,-0.0014235874924975595,148.8171047023499,147.8788272495727,100.63449073151877
2017-08-24,False,0.0003471299999999743,0.0,0.0,0.0,0.0003471299999999743,148.8687635839052,147.93016042687586,100.63449073151875
2017-08-25,True,0.0003471299999999743,0.002615751470213014,0.008503604916353158,0.0032721019759271303,0.002962881470212988,149.3098440850215,147.98151142346484,100.89763420361041
2017-08-28,True,0.0003471299999999743,0.0007232075818518272,0.002285771130373218,0.0008393559666695638,0.0010703375818518015,149.4696560224861,148.03288024552526,100.97057881639391
2017-08-29,True,0.0003471299999999743,0.002477326336777691,0.003610861782382929,-0.0013437908911724528,0.002824456336777665,149.89182653959477,148.08426689924488,101.22062909058377
2017-08-30,True,0.0003471299999999743,-0.007598898393786455,0.002131033639220681,0.01732883042679359,-0.0072517683937864804,148.80484572940802,148.1356713908136,100.45173072245981
2017-08-31,True,0.0003471299999999743,-0.0010731879561459642,0.002097675265161192,0.00424405117745312,-0.0007260579561459899,148.69680478725311,148.18709372642348,100.34396454374807
2017-09-01,True,0.0003471299999999743,-0.004692017730222146,0.007408637981428934,0.016792673441873227,-0.004344887730222172,148.05073386460975,148.23853391226874,99.87331226051512
2017-09-04,True,0.0003471299999999743,-0.003769468058015417,0.007125158969307266,0.0146640950853381,-0.0034223380580154427,147.5440542035878,148.28999195454568,99.49697363852677
2017-09-05,True,0.0003471299999999743,-0.003003240697025386,0.00784648190666222,0.013852963300712992,-0.002656110697025412,147.15216086293515,148.34146785945285,99.19826396915222
2017-09-06,True,0.0003105899999999911,0.00799423658548612,0.013414069582343549,-0.0025744035886286903,0.00830482658548611,148.3742340405814,148.38754123595533,99.99103213432672
2017-09-08,True,0.0003105899999999911,0.002107275669784456,0.013137105195220669,0.008922553855651758,0.002417865669784447,148.73298300734868,148.4336289223878,100.20167537985438
2017-09-11,True,0.0003105899999999911,0.006873580724686981,-0.000993942381951024,-0.014741103831324986,0.007184170724686972,149.80150614966544,148.4797309231948,100.89020583365306
2017-09-12,True,0.0003105899999999911,0.0043529591766697795,0.007870296256274986,-0.0008356220970645728,0.00466354917666977,150.5001128403336,148.52584724282224,101.3292404212202
2017-09-13,True,0.0003105899999999911,-0.008341129097002555,0.005108892086618064,0.021791150280623173,-0.008030539097002564,149.291515800066,148.57197788571742,100.4843025748113
2017-09-14,True,0.0003105899999999911,0.006394422785096172,0.014681416840389927,0.0018925712701975822,0.006705012785096163,150.29251732221184,148.61812285632894,101.1266421844808
2017-09-15,True,0.0003105899999999911,0.0021529208092342447,0.003872064315283419,-0.0004337773031850706,0.002463510809234236,150.6627645631821,148.66428215910688,101.34429223687796
2017-09-18,True,0.0003105899999999911,0.0005975847369006984,-0.00020388247542585392,-0.0013990519492272507,0.0009081747369006894,150.79959267975,148.7104557985027,101.4048352350409
2017-09-19,True,0.0003105899999999911,0.0025799510262397712,-0.002082485961957481,-0.007242388014437023,0.0028905410262397625,151.2354850891311,148.75664377896913,101.66637351259763
2017-09-20,True,0.0003105899999999911,-0.00015972665601744762,-0.004780000079191507,-0.004460546767156612,0.00015086334398254345,151.2583009801405,148.80284610496045,101.65013972477921
2017-09-21,True,0.0003105899999999911,0.0009107833214073782,-0.0007168588056254421,-0.0025384254484401986,0.0012213733214073692,151.443043833599,148.84906278093217,101.74269223077643
2017-09-22,True,0.0003105899999999911,0.0003268181386757926,-0.012526314399804589,-0.013179950677156174,0.0006374081386757836,151.53957486228438,148.8952938113413,101.77593326374273
2017-09-25,True,0.0003105899999999911,-0.0008355962136274292,-0.0013910346052622147,0.0002801578219926437,-0.0005250062136274382,151.4600156438712,148.94153920064616,101.69091608475475
2017-09-26,False,0.0003105899999999911,0.0,0.0,0.0,0.0003105899999999911,151.50705761013003,148.98779895330648,101.69091608475476
2017-09-27,True,0.0003105899999999911,-0.0062725942182805874,-0.002742622113515794,0.00980256632304538,-0.005962004218280597,150.60377189355916,149.0340730737834,101.05324828571158
2017-09-28,True,0.0003105899999999911,-0.004889833364076661,0.013708734962437893,0.023488401690591215,-0.00457924336407667,149.91412057051065,149.08036156653938,100.55926816598115
2017-09-29,True,0.0003105899999999911,-0.005815301576263483,-0.006089509709546442,0.005541093442980524,-0.0055047115762634925,149.08888657556082,149.12666443603834,99.97466726650102
2017-10-02,True,0.0003105899999999911,0.0014294506209946156,0.022020664917530464,0.019161763675541232,0.0017400406209946066,149.34830729434114,149.17298168674554,100.11753174443062
2017-10-03,True,0.0003105899999999911,0.0045162802843026,0.005675396508090735,-0.0033571640605144643,0.004826870284302591,150.0691922008311,149.2193133231276,100.56955018675306
2017-10-04,True,0.0003105899999999911,0.00590240995649402,0.001817791308094549,-0.009987028604893491,0.006212999956494011,151.00157208544596,149.26565934965262,101.16296859127321
2017-10-05,True,0.0003105899999999911,-0.001138414960865218,0.0001774890620693803,0.0024543189837998164,-0.000827824960865227,150.87656921494374,149.31201977079004,101.04783891247031
2017-10-06,True,0.0003105899999999911,0.002845536083341725,-0.005703323830309387,-0.011394395996992837,0.0031561260833417163,151.35275469040815,149.35839459101066,101.3352849063882
2017-10-09,True,0.0003105899999999911,-0.0014467695038278688,0.01587286141095892,0.01876640041861466,-0.0011361795038278778,151.18079079268102,149.40478381478667,101.1887216276127
2017-10-10,True,0.0003105899999999911,0.0086980762659737,0.0004688085716510332,-0.016927343960296368,0.009008666265973691,152.5427280827583,149.45118744659172,102.06859556553967
2017-10-11,True,0.0003105899999999911,0.003784290829356343,0.0012751995217091389,-0.0062933821370035475,0.004094880829356334,153.1673723756421,149.49760549090075,102.45473288531346
2017-10-13,True,0.0003105899999999911,0.00878732094099989,0.003492160345604428,-0.014082481536395353,0.009097910940999881,154.56087548858264,149.54403795219017,103.35475596693222
2017-10-16,True,0.0003105899999999911,0.004958175418605167,-0.009341439715089411,-0.019257790552299744,0.005268765418605157,155.37522048442622,149.59048483493774,103.86704786462289
2017-10-17,True,0.0003105899999999911,-0.0012936386860082985,0.02155581143802325,0.024143088810039848,-0.0009830486860083075,155.22247907809077,149.63694614362262,103.73272315321586
2017-10-18,True,0.0003105899999999911,0.00222870375167359,0.002535622997707987,-0.001921784505639193,0.002539293751673581,155.61663454933304,149.68342188272536,103.96384087962412
2017-10-19,True,0.0003105899999999911,-0.012000088993567033,-0.010561694401919966,0.0134384835852141,-0.011689498993567042,153.7975540563863,149.72991205672793,102.71665290106982
2017-10-20,True,0.0003105899999999911,0.0013232236208246886,-0.014560210298441734,-0.01720665754009111,0.0016338136208246797,154.04883059505318,149.7764166701136,102.8525278010554
2017-10-23,True,0.0003105899999999911,-0.0016348937049751391,0.006714952908130553,0.009984740318080831,-0.0013243037049751481,153.84482315794907,149.82293572736717,102.68442706122147
2017-10-24,True,0.0003105899999999911,0.0017730732635969568,0.007363537154307612,0.003817390627113698,0.002083663263596948,154.16538396425784,149.86946923297475,102.86643754279599
2017-10-25,True,0.00028296000000000966,0.005982440899827059,-0.004114121120212394,-0.01607900291986651,0.006265400899827069,155.1312918996697,149.91187629798893,103.48165584380106
2017-10-26,True,0.00028296000000000966,0.004337021780212343,7.956267474443224e-05,-0.008594480885680253,0.004619981780212353,155.84799564178698,149.95429536250623,103.9303310819027
2017-10-27,False,0.00028296000000000966,0.0,0.0,0.0,0.00028296000000000966,155.8920943906338,149.996726429922,103.9303310819027
2017-10-30,True,0.00028296000000000966,0.0009420350502190797,-0.006065039290004862,-0.007949109390443021,0.0012249950502190893,156.08306143463057,150.03916950363262,104.02820940091355
2017-10-31,True,0.00028296000000000966,0.001997145381116297,-0.0013805951362727553,-0.005374885898505349,0.0022801053811163066,156.43894726290878,150.08162458703538,104.23591008783801
2017-11-01,True,0.00028296000000000966,0.009337438267222595,0.007191353775111542,-0.011483522759333648,0.009620398267222604,157.943952240083,150.12409168352855,105.20893113747475
2017-11-03,True,0.00028296000000000966,0.006607399766920943,0.0021683577652206326,-0.011046441768621254,0.006890359766920953,159.03224289402655,150.16657079651134,105.90389195843659
2017-11-06,True,0.00028296000000000966,0.0047446074580911185,-0.018399825787096383,-0.02788904070327862,0.0050275674580911285,159.8317882231878,150.2090619293839,106.40622221469417
2017-11-07,True,0.00028296000000000966,-0.003635626521583772,0.0132407769596362,0.020512030002803744,-0.0033526665215837625,159.29592553772707,150.25156508554744,106.01947836418883
2017-11-08,True,0.00028296000000000966,0.004938477898376634,0.0013560769142431095,-0.008520878882510158,0.005221437898376644,160.12767932038673,150.29408026840406,106.5429051060569
2017-11-09,True,0.00028296000000000966,0.001855108116052058,-0.01499079555832629,-0.018701011790430405,0.0021380681160520676,160.4700432060391,150.3366074813568,106.74049780319737
2017-11-10,True,0.00028296000000000966,0.0009078427904184935,-0.0012641073738706154,-0.0030797929547076025,0.0011908027904185031,160.66113138126744,150.37914672780974,106.83737398248998
2017-11-13,True,0.00028296000000000966,-0.0030696171869258465,-0.015168686304469284,-0.00902945193061759,-0.002786657186925837,160.2134238848442,150.42169801116785,106.50951691354354
2017-11-14,True,0.00028296000000000966,0.000462964375585434,0.02812463989462724,0.027198711143456372,0.0007459243755854436,160.3329309830159,150.4642613348371,106.558813076693
2017-11-16,True,0.00028296000000000966,-0.00017012290248206302,0.014780892284979016,0.015121138089943142,0.00011283709751794664,160.35102248558454,150.50683670222443,106.5406901102019
2017-11-17,True,0.0005660000663616193,0.005565833664497456,0.02705790993296009,0.015926242603965177,0.006131833730859075,161.33426829403942,150.59202358178575,107.13334242860452
2017-11-21,True,0.00028296000000000966,0.0015780984573828191,0.0018955235142167903,-0.001260673400548848,0.0018610584573828287,161.6345207985137,150.63463510077847,107.30236156537043
2017-11-22,True,0.00028296000000000966,0.003483470288472748,-0.003110008401003353,-0.01007694897794885,0.0037664302884727577,162.243305953312,150.6772586771266,107.67604041759832
2017-11-23,True,0.00028296000000000966,7.688285874128675e-05,0.0013979985998654881,0.0012442328823829146,0.0003598428587412964,162.30168804833787,150.71989431424188,107.6843165175983
2017-11-24,True,0.00028296000000000966,0.010926323427090073,0.00551223234941961,-0.016340414504760536,0.011209283427090082,164.12097367036685,150.76254201553704,108.86057735312869
2017-11-27,True,0.00028296000000000966,0.001688202464101951,-0.0006712535228373812,-0.004047658451041283,0.0019711624641019607,164.44448277323772,150.80520178442578,109.04430406075059
2017-11-28,True,0.00028296000000000966,0.006108066283482351,-0.015781423454424806,-0.027997556021389508,0.006391026283482361,165.49545178481515,150.84787362432272,109.71016548564107
2017-11-29,True,0.00028296000000000966,0.011209122134575138,-0.013375323715869955,-0.03579356798502023,0.011492082134575147,167.39733910962485,150.89055753864344,110.93957225703403
2017-11-30,True,0.00028296000000000966,0.003421672223140812,0.004409632497479679,-0.002433711948801945,0.0037046322231408216,168.0174846861584,150.9332535308046,111.31906372896616
2017-12-01,False,0.00028296000000000966,0.0,0.0,0.0,0.00028296000000000966,168.06502691362525,150.97596160422367,111.31906372896619
2017-12-04,True,0.00028296000000000966,-0.0026027374663566832,-0.005961224544632188,-0.0007557496119188212,-0.0023197774663566736,167.67515345130838,151.0186817623192,111.02941139110455
2017-12-05,True,0.00028296000000000966,-0.004310389421416101,0.004345627026139998,0.0129664058689722,-0.004027429421416091,166.99985360505812,151.06141400851067,110.55096677146786
2017-12-06,True,0.00026444000000000315,0.001374076080767464,-0.0062684538038476345,-0.009016605965382563,0.0016385160807674672,167.27348555067582,151.10136068883108,110.70283205135965
2017-12-07,True,0.00026444000000000315,0.00504606755079004,0.014129510493687936,0.004037375392107856,0.005310507550790043,168.16179265873964,151.14131793265165,111.26129833912941
2017-12-08,True,0.00026444000000000315,0.0034115250009514736,9.711855364957778e-05,-0.006725931448253369,0.0036759650009514765,168.77994952305045,151.18128574276574,111.64076869291135
2017-12-11,True,0.00026444000000000315,-0.003139533052800375,0.007972927175023764,0.014251993280624514,-0.002875093052800372,168.2946914627247,151.22126412196758,111.29036147124556
2017-12-12,True,0.00026444000000000315,0.0008762407699317784,-0.0020599419688260845,-0.0038124235086896413,0.0011406807699317816,168.48666198095782,151.261253073052,111.38785284264887
2017-12-13,True,0.00026444000000000315,-0.004673682401186617,-0.007808950726768613,0.0015384140756046216,-0.004409242401186614,167.743763446917,151.3012525988146,110.86739902392004
2017-12-14,True,0.00026444000000000315,-0.001573540353699339,0.009198156977557617,0.012345237684956295,-0.0013091003536993358,167.52417002685777,151.34126270205186,110.69299081815215
2017-12-15,True,0.00026444000000000315,-0.004698779969045962,0.006332266958332375,0.015729826896424298,-0.004434339969045959,166.78131090392642,151.3812833855608,110.17300631488405
2017-12-18,True,0.00026444000000000315,0.0016160992349412498,-0.00446286226009078,-0.00769506072997328,0.001880539234941253,167.0949497027362,151.42131465213927,110.35100975487104
2017-12-19,True,0.00026444000000000315,0.003875213507711056,0.0071335678140930225,-0.0006168592013290897,0.004139653507711059,167.7866648973939,151.4613565045859,110.77853042489667
2017-12-20,True,0.00026444000000000315,0.014281018974491896,0.04352375826531474,0.014961720316330945,0.0145454589744919,170.2271989481258,151.50140894569998,112.36014247836955
2017-12-21,True,0.00026444000000000315,-0.0037178172553025274,-0.002548190596627656,0.004887443913977399,-0.0034533772553025244,169.63934021104447,151.54147197828158,111.94251843835634
2017-12-22,True,0.00026444000000000315,0.003873755094189052,0.012654967357021527,0.004907457168643423,0.004138195094189055,170.34134089648728,151.58154560513154,112.37604169852234
2017-12-26,True,0.00026444000000000315,-0.00023924716824431924,0.008073281872618451,0.00855177620910709,2.5192831755683912e-05,170.3456322772295,151.62162982905136,112.34916315652909
2017-12-27,True,0.00026444000000000315,0.007688935046041415,0.011916590398047947,-0.0034612796940348828,0.007953375046041418,171.70045497818535,151.66172465284336,113.21278019962585
2017-12-28,True,0.0005289499285136063,-0.003212507894782564,0.008603520913780943,0.015028536703346071,-0.0026835579662689577,171.23968685441665,151.74194611125677,112.84927552521582
2018-01-02,True,0.00026444000000000315,0.0021466119721401597,-0.0017999033281298482,-0.006093127272410168,0.0024110519721401626,171.65255463911564,151.78207275148642,113.09145508914168
2018-01-03,True,0.00026444000000000315,-0.003561011002078812,-0.0012350336505710935,0.005886988353586531,-0.0032965710020788092,171.0866898050596,151.82221000280484,112.68884164042852
2018-01-04,True,0.00026444000000000315,-0.0019128127826195246,0.0003862571403430992,0.004211882705582148,-0.0016483727826195214,170.80467516211647,151.862357868018,112.47334596935539
2018-01-05,False,0.00026444000000000315,0.0,0.0,0.0,0.00026444000000000315,170.84984275041631,151.90251634993263,112.47334596935536
2018-01-08,True,0.00026444000000000315,5.909903965218991e-05,-0.007244113425278815,-0.0073623115045831945,0.00032353903965219306,170.9051193444645,151.9426854513562,112.47999127880298
2018-01-09,True,0.00026444000000000315,-0.0019757010144586034,-0.009538228972954964,-0.005586826944037757,-0.0017112610144586003,170.61265607655892,151.98286517509695,112.25782319605497
2018-01-10,True,0.00026444000000000315,-0.006927043097988897,-0.0021315289555799114,0.011722557240397884,-0.006662603097988894,169.47593166562714,152.02305552396385,111.48041399477867
2018-01-11,True,0.00026444000000000315,-0.0004910110051600989,-0.005791977085688176,-0.004809955075367979,-0.00022657100516009572,169.4375333334392,152.06325650076658,111.42569035576653
2018-01-12,True,0.00026444000000000315,0.0021530483966395457,0.010735228429482997,0.006429131636203906,0.002417488396639549,169.84714660422802,152.10346810831567,111.6655318360504
2018-01-15,True,0.00026444000000000315,-8.37736241702065e-05,-0.004950549827657389,-0.004783002579316976,0.00018066637582979665,169.87783227265,152.1436903494222,111.65617968283702
2018-01-16,True,0.00026444000000000315,-0.005148644297086157,0.002949656406742138,0.013246945000914452,-0.004884204297086154,169.04811423428424,152.18392322689823,111.08145371061462
2018-01-17,True,0.00026444000000000315,0.0024145688794226824,0.0003527832170736107,-0.004476354541771754,0.002679008879422686,169.50099563336755,152.22416674355634,111.34959662411327
2018-01-18,True,0.00026444000000000315,0.0025226694543567397,0.002117247479722454,-0.002928091428991025,0.0027871094543567426,169.9734134608202,152.26442090221002,111.63042058918255
2018-01-19,True,0.00026444000000000315,0.00541407120974679,0.0034148363347081823,-0.007413306084785397,0.005678511209746793,170.9386093945164,152.3046857056734,112.234635856741
2018-01-22,True,0.00026444000000000315,0.0010484124991139276,-0.014078371040274873,-0.016175196038502728,0.0013128524991139307,171.16302657505506,152.34496115676143,112.35227294385537
2018-01-23,True,0.00026444000000000315,-0.005161260768265358,0.01873221644784552,0.029054737984376237,-0.0048968207682653555,170.32487191176315,152.38524725828972,111.77254686804828
2018-01-24,True,0.0005289499285136063,-0.008163975157550216,0.010307449582232373,0.026635399897332806,-0.00763502522903661,169.02443721758442,152.46585142393354,110.8605209881454
2018-01-26,True,0.00026444000000000315,0.0017949725186221632,-0.0005306342399062913,-0.004120579277150618,0.002059412518622166,169.3725282595434,152.5061694936841,111.05945996929508
2018-01-29,True,0.00026444000000000315,0.00024217026565503345,-0.0051954290155300014,-0.005679769546840068,0.0005066102656550366,169.45833412107962,152.546498225145,111.08634815790674
2018-01-30,True,0.00026444000000000315,-0.009949152457070329,-0.004046835402745653,0.015851469511395006,-0.009684712457070326,167.8171788816628,152.5868376211357,109.98142532997713
2018-01-31,True,0.00026444000000000315,0.0006064643799148319,0.008852198572000073,0.007639269812170409,0.0008709043799148351,167.9633315977758,152.6271876844762,110.04810751345543
2018-02-01,True,0.00026444000000000315,0.005256554193615322,-0.004230254153730091,-0.014743362540960734,0.005520994193615325,168.89065617626744,152.6675484179875,110.62642842332335
2018-02-02,True,0.00026444000000000315,0.002320118565258175,-0.016049410524807375,-0.020689647655323724,0.0025845585652581778,169.3271639682799,152.70791982449114,110.8830269987892
2018-02-05,True,0.00026444000000000315,-0.004261085103551234,0.009927594895734483,0.01844976510283695,-0.003996645103551231,168.65042338750783,152.74830190680956,110.41066989432068
2018-02-06,True,0.00026444000000000315,0.0009474683052698409,-0.0010820218200178076,-0.0029769584305574894,0.001211908305269844,168.85481223629841,152.78869466776578,110.51525284869271
2018-02-07,False,0.0002551500000000031,0.0,0.0,0.0,0.0002551500000000031,168.8978955416405,152.82767870321027,110.5152528486927
2018-02-08,True,0.0002551500000000031,-0.0005416581976926092,-0.012056484050587901,-0.010973167655202683,-0.00028650819769260614,168.8495049099948,152.8666726854314,110.4554066257809
2018-02-09,True,0.0002551500000000031,-0.007708690346696436,0.015573928698155944,0.030991309391548816,-0.007453540346696433,167.59097831262847,152.90567661696713,109.604157295251
2018-02-14,True,0.0002551500000000031,0.002924275255182333,-0.0017145116824091896,-0.007563062192773856,0.0031794252551823362,168.12382130161637,152.94469050035596,109.92458826233336
2018-02-15,True,0.0002551500000000031,-0.00269395515884051,-0.0017769598931955707,0.0036109504244854485,-0.0024388051588405068,167.713800058902,152.98371433813713,109.62853188948414
2018-02-16,True,0.0002551500000000031,0.006356845052461492,0.016098114583827372,0.0033844244789043884,0.006611995052461495,168.82272287512097,153.02274813285052,110.32524571350221
2018-02-19,True,0.0002551500000000031,-0.00811866870367877,0.002885723823012418,0.01912306123036996,-0.007863518703678768,167.49518223618648,153.06179188703663,109.42978007196078
2018-02-20,True,0.0002551500000000031,0.004005471185036395,0.012907016050285165,0.004896073680212375,0.0042606211850363986,168.20881575801351,153.10084560323662,109.86798609455721
2018-02-21,True,0.0002551500000000031,-0.007085961253661183,-0.0019625641137327333,0.012209358393589633,-0.00683081125366118,167.05981308636865,153.1399092839923,109.08966439085609
2018-02-22,True,0.0002551500000000031,-0.0031006354442699967,-0.0023874383835626022,0.0038138325049773916,-0.0028454854442699937,166.58444681990895,153.17898293184612,108.75150339262099
2018-02-23,True,0.0002551500000000031,-0.007044496749514597,-0.019783348760900314,-0.00569435526187112,-0.0067893467495145935,165.4534472473725,153.21806654934122,107.98559920092131
2018-02-26,True,0.0002551500000000031,0.005738033113264219,0.004372952872660744,-0.007103113353867695,0.005993183113264223,166.4450400534468,153.2571601390213,108.60506608791565
2018-02-27,True,0.0002551500000000031,-0.0012213050283666608,-0.009370679842466041,-0.00692806978573272,-0.0009661550283666578,166.28422834105248,153.29626370343078,108.4724600090374
2018-02-28,True,0.0002551500000000031,-0.008499750147559833,-0.00818165773356668,0.008817842561552984,-0.00824460014755983,164.91328136753495,153.33537724511473,107.55070638650618
2018-03-01,True,0.0002551500000000031,0.0004700551337608358,-0.0007979928014575366,-0.0017381030689792082,0.0007252051337608388,165.03287732580802,153.37450076661884,107.60124825242565
2018-03-02,True,0.0002551500000000031,0.0015695365809148295,0.001260542598592503,-0.0018785305632371561,0.0018246865809148326,165.3340106024742,153.41363427048944,107.77008926792483
2018-03-05,True,0.0002551500000000031,-0.007813972903083185,-0.015676918461331926,-4.897265516555659e-05,-0.007558822903083182,164.0842800964736,153.45277775927357,106.92819152083256
2018-03-06,True,0.0002551500000000031,0.0029436861986924336,0.00339349502743728,-0.002493877369947587,0.0031988361986924367,164.6091588312826,153.49193123551888,107.2428742711598
2018-03-07,True,0.0002551500000000031,-0.003821669877861268,0.0021215765415761004,0.009764916297298636,-0.003566519877861265,164.0220769942328,153.53109470177364,106.83313195469451
2018-03-08,True,0.0002551500000000031,-0.0011734839321333951,0.013545720489847998,0.015892688354114788,-0.0009183339321333921,163.87144995531003,153.5702681605868,106.70779697014748
2018-03-09,True,0.0002551500000000031,-0.0017807131056846721,0.005164348723524929,0.008725774934894273,-0.001525563105684669,163.62145371718316,153.609451614508,106.51782946781222
2018-03-12,True,0.0002551500000000031,-0.0023286881200321246,0.0007917419411133232,0.005449118181177572,-0.0020735381200321216,163.28217839564553,153.64864506608745,106.26984593675688
2018-03-13,False,0.0002551500000000031,0.0,0.0,0.0,0.0002551500000000031,163.32383984346316,153.6878485178761,106.26984593675684
2018-03-14,True,0.0002551500000000031,2.0594385885142064e-05,-0.010342180127214983,-0.010383368898985267,0.00027574438588514515,163.3688754753812,153.72706197242545,106.27203394070281
2018-03-15,True,0.0002551500000000031,0.00021942565816855794,-0.007056798980173911,-0.007495650296511027,0.000474575658168561,163.4464063669842,153.76628543228773,106.29534680341823
2018-03-16,True,0.0002551500000000031,0.003941425186271336,0.0007498603828299193,-0.007132989989712753,0.00419657518627134,164.13232150022912,153.80551890001578,106.714195091352
2018-03-19,True,0.0002551500000000031,-0.0074887810960835785,-0.010847549274875893,0.004130012917291265,-0.007233631096083575,162.94504883555268,153.84476237816313,105.91523969793674
2018-03-20,True,0.0002551500000000031,0.0110428556106776,0.028276463570489727,0.006190752349134527,0.011298005610677602,164.78600291152887,153.88401586928393,107.08454804786587
2018-03-21,True,0.00024582999999999354,0.0026450798307260013,0.004889275155143628,-0.00040088450630837436,0.0028909098307259946,165.26238438731184,153.92184517690507,107.36772561254894
2018-03-22,True,0.00024582999999999354,-0.0056123302006613005,-0.017123733428144425,-0.005899073026821824,-0.005366500200661307,164.37550376833556,153.95968378410487,106.76529058012136
2018-03-23,True,0.00024582999999999354,-0.006465427187763835,-0.0036423389919932265,0.009288515383534443,-0.006219597187763841,163.35315434736074,153.9975316931695,106.07517701831205
2018-03-26,True,0.00024582999999999354,0.0051809545603575475,-0.0003459780697403862,-0.01070788719045548,0.005426784560357541,164.23963672325868,154.0353889063856,106.6246126226712
2018-03-27,True,0.00024582999999999354,-0.002730846396175774,-0.004799997572915505,0.0006616952194360426,-0.00248501639617578,163.83149853309945,154.07325542604048,106.33350874561303
2018-03-28,True,0.00024582999999999354,-0.0024220655190673925,0.017765434268069806,0.02260956530620459,-0.0021762355190673988,163.47496260684966,154.11113125442185,106.0760253177099
2018-03-29,True,0.00024582999999999354,-0.0067660706712437515,-0.022739702392881464,-0.009207561050393961,-0.006520240671243758,162.4090665069304,154.1490163938181,105.35848382711026
2018-04-02,True,0.00024582999999999354,0.0018643597181742305,-0.005060783622362199,-0.00878950305871066,0.0021101897181742242,162.7517804492116,154.18691084651817,105.55486166476163
2018-04-03,True,0.00024582999999999354,-0.0008564683881337094,0.00017214916105814628,0.0018850859373255651,-0.0006106383881337159,162.6523979643322,154.22481461481158,105.46447948118413
2018-04-04,True,0.00024582999999999354,0.004234526416625534,0.010157746412782134,0.0016886935795310655,0.004480356416625528,163.38113867923124,154.2627277009883,105.91096184680295
2018-04-05,True,0.00024582999999999354,0.0009035079365756081,-0.0017747769754704107,-0.003581792848621627,0.0011493379365756016,163.5689188200362,154.300650107339,106.00662972336781
2018-04-06,True,0.00024582999999999354,0.005561844674281724,-0.0033310948822503996,-0.014454784230813847,0.005807674674281718,164.51887388736696,154.3385818361549,106.5960772284531
2018-04-09,True,0.00024582999999999354,-0.0025695666380430677,0.004043760580772061,0.009182893856858197,-0.002323736638043074,164.13657535246531,154.37652288972765,106.32223882235598
2018-04-10,True,0.00024582999999999354,-0.0010779593700758453,0.0036104556193109977,0.005766374359462688,-0.0008321293700758517,163.99999248741085,154.41447327034962,106.2076559366808
2018-04-11,True,0.00024582999999999354,0.003426727540595821,0.011445513951101419,0.0045920588699097774,0.0036725575405958145,164.60229189647814,154.45243298031366,106.57151118976427
2018-04-12,True,0.00024582999999999354,0.00727541797914231,-0.000729215921720113,-0.015280051880004733,0.007521247979142304,165.8403065517667,154.4904020219132,107.3466729203304
2018-04-13,False,0.00024582999999999354,0.0,0.0,0.0,0.00024582999999999354,165.88107507432633,154.52838039744222,107.34667292033045
2018-04-16,True,0.00024582999999999354,-0.002994821077902345,0.00939858329758562,0.01538822545339031,-0.0027489910779023513,165.42506947895416,154.56636810919534,107.02526785263375
2018-04-17,True,0.00024582999999999354,-0.007563709273061806,3.545071639982695e-05,0.01516286926252344,-0.007317879273061812,164.21450879176928,154.6043651594676,106.21595879417067
2018-04-18,True,0.00024582999999999354,0.0036512756503968386,0.001603996749013545,-0.005698554551780132,0.0038971056503968324,164.85447008185886,154.64237155055474,106.60368722291977
2018-04-19,True,0.00024582999999999354,0.0035979088525933123,-2.9432187367913382e-05,-0.007225249892554538,0.003843738852593306,165.48812761353616,154.680387284753,106.98714330788883
2018-04-20,True,0.00024582999999999354,0.0053695385749228325,0.007319504432383852,-0.0034195727174618127,0.005615368574922826,166.41740444486,154.71841236435918,107.5614737132578
2018-04-23,True,0.00024582999999999354,0.0010861832463827967,-0.007618721128646416,-0.009791087621412009,0.0013320132463827902,166.6390746320092,154.7564467916707,107.67827647033963
2018-04-24,True,0.00024582999999999354,-0.0025344859106098284,-0.002366657281535499,0.0027023145396841575,-0.0022886559106098346,166.2576951289141,154.79449056898548,107.40543446849611
2018-04-25,True,0.00024582999999999354,-0.005429252647519126,0.0033262997101841294,0.014184805005222382,-0.005183422647519132,165.39591122665854,154.83254369860205,106.82244654497131
2018-04-26,True,0.00024582999999999354,0.006154999373894687,0.010506676630573229,-0.0018033221172161465,0.006400829373894681,166.45458223356022,154.87060618281944,107.47977704501672
2018-04-27,True,0.00024582999999999354,0.002040292235684675,-0.001121500302819668,-0.005202084774189018,0.0022861222356846686,166.83511775523596,154.90867802393734,107.69901330476506
2018-04-30,True,0.00024582999999999354,0.008865898697963942,-0.005112797659302244,-0.02284459505523013,0.009111728697963936,168.3552740855145,154.94675922425597,108.65362717386832
2018-05-02,True,0.00024582999999999354,0.001984760710373617,-0.015211445569270688,-0.019180966990017922,0.002230590710373611,168.73080579593207,154.98484978607604,108.86922562355574
2018-05-03,True,0.00024582999999999354,0.002183211407904432,0.0009223100548083248,-0.0034441127610005395,0.0024290414079044254,169.14065990999947,155.02294971169894,109.10685174327782
2018-05-04,True,0.00024582999999999354,-0.0006806862443721074,-0.005885101759065475,-0.00452372927032126,-0.00043485624437211387,169.06710803786038,155.06105900342655,109.03260246283003
2018-05-07,True,0.00024582999999999354,-0.002530650250540081,-0.001428795431457587,0.003632505069622575,-0.0022848202505400877,168.68082008571523,155.09917766356133,108.75674689366502
2018-05-08,True,0.00024582999999999354,-0.0072288791951016845,-0.0035841471216209297,0.01087361126858244,-0.006983049195101691,167.5029136207866,155.13730569440636,107.97075073015536
2018-05-09,True,0.00024582999999999354,0.0013972619589111678,0.010678148005195212,0.007883624087372877,0.0016430919589111614,167.7781363112511,155.1754430982652,108.1215770751853
2018-05-10,True,0.00024582999999999354,0.0028563307045176957,-0.011766638543929083,-0.017479299952964475,0.0031021607045176895,168.29861105279306,155.21358987744202,108.43033215434491
2018-05-11,True,0.00024582999999999354,0.001202002530650257,-0.01349377918747172,-0.015897784248772234,0.0014478325306502505,168.54227925673854,155.2517460342416,108.56063365597554
2018-05-14,True,0.00024582999999999354,-0.0013251708239511162,-0.0039638705993562,-0.001313528951453967,-0.0010793408239511226,168.360364694175,155.28991157096917,108.41680762837738
2018-05-15,True,0.00024582999999999354,-0.0015807660267042854,0.011401620234981789,0.01456315228839036,-0.0013349360267042919,168.13561437787564,155.32808648993063,108.24546814254052
2018-05-16,False,0.00024582999999999354,0.0,0.0,0.0,0.00024582999999999354,168.17694715595815,155.36627079343245,108.24546814254052
2018-05-17,True,0.00024582999999999354,-0.0014112669812101786,-0.00866533304744018,-0.005842799085019822,-0.001165436981210185,167.98094752235556,155.40446448378157,108.09274243204673
2018-05-18,True,0.00024582999999999354,0.008290607577865903,0.01783597084535539,0.0012547556896235828,0.008536437577865897,169.4149063951509,155.44266756328562,108.98867669404653
2018-05-21,True,0.00024582999999999354,0.002388401705873331,0.01624858674894732,0.011471783337200657,0.002634231705873325,169.86118451302457,155.4808800342527,109.2489214594128
2018-05-22,True,0.00024582999999999354,0.0007458843859926133,-0.014584313511429439,-0.016076082283414665,0.000991714385992607,170.02963829332788,155.5191018989915,109.33038849707405
2018-05-23,True,0.00024582999999999354,0.0016172340652276236,0.008203715727597975,0.004969247597142728,0.0018630640652276171,170.3464144024558,155.5573331598113,109.50715787050102
2018-05-24,True,0.00024582999999999354,0.0012097628282161594,-0.00855603908585255,-0.01097556474228487,0.001455592828216153,170.59436942157234,155.59557381902195,109.63960300053004
2018-05-25,True,0.00024582999999999354,-0.003483998304094231,-0.04116435944944268,-0.03419636284125422,-0.0032381683040942372,170.04195614165445,155.63382387893387,109.25771268970975
2018-05-28,True,0.00024582999999999354,0.005449999077286882,0.008857159884130297,-0.0020428382704434675,0.005695829077286876,171.01048605980483,155.672083341858,109.8530207784677
2018-05-29,True,0.00024582999999999354,0.00013294943031872362,0.018126325486045338,0.01786042662540789,0.00037877943031871717,171.0752613142931,155.71035221010595,109.86762208555966
2018-05-30,True,0.00024582999999999354,0.0022514537132760767,0.018093539665357823,0.01359063223880567,0.0024972837132760705,171.50248477811775,155.74863048598974,110.11492315725059
2018-06-01,True,0.00024582999999999354,0.005285491837185469,0.011291920872762614,0.0007209371983916752,0.005531321837185463,172.4511202173025,155.7869181718221,110.69679164402042
2018-06-04,True,0.00024582999999999354,-0.0024085090534587284,-0.023579452816343598,-0.01876243470942614,-0.0021626790534587347,172.07816379186306,155.82521526991624,110.43024294482372
2018-06-05,True,0.00024582999999999354,-0.010387674195432565,-0.022828054296328688,-0.0020527059054635563,-0.010141844195432572,170.33297386524987,155.86352178258602,109.28341148536813
2018-06-06,True,0.00024582999999999354,-0.008532785820926498,-0.04364840161333125,-0.026582829971478254,-0.008286955820926504,168.9214320359815,155.90183771214583,108.35114871953901
2018-06-07,True,0.00024582999999999354,0.01827589665184492,0.03593419066923594,-0.0006176026344538979,0.018521726651844914,172.05014862579014,155.94016306091058,110.33087643918068
2018-06-08,True,0.00024582999999999354,-0.002323598499544796,-0.012608855936946446,-0.007961658937856855,-0.002077768499544802,171.69266824663347,155.97849783119585,110.07457478686833
2018-06-11,True,0.00024582999999999354,0.003790334327461323,0.013448348096284417,0.005867679441361771,0.004036164327461317,172.3856480694972,156.01684202531766,110.49169168641632
2018-06-12,True,0.00024582999999999354,0.0045164639672947956,0.007987314206434023,-0.0010456137281555675,0.004762293967294789,173.2065992013468,156.05519564559273,110.9906007837801
2018-06-13,True,0.00024582999999999354,-0.0010493537892065762,-0.00684622609880783,-0.004747518520394678,-0.0008035237892065827,173.06742357844092,156.09355869433827,110.8741610006732
2018-06-14,True,0.00024582999999999354,-0.017805830423433103,-0.016632721592794324,0.01897893925407188,-0.01756000042343311,170.02835954712103,156.1319311738721,108.90043969146424
2018-06-15,True,0.00024582999999999354,-0.0024625348408424856,-0.015046993566503408,-0.010121923884818437,-0.002216704840842492,169.65145685943244,156.17031308651255,108.63233447284685
2018-06-18,False,0.00024582999999999354,0.0,0.0,0.0,0.00024582999999999354,169.69316227707216,156.2087044345786,108.63233447284684
2018-06-19,True,0.00024582999999999354,0.0038165580254011637,0.011410467210393035,0.003777351159590708,0.004062388025401157,170.382521747499,156.24710522038973,109.0468341843332
2018-06-20,True,0.00024582999999999354,-0.011798293081726363,-0.02193346090209188,0.0016631252613608465,-0.01155246308172637,168.41418395523957,156.28551544626606,107.76058387390582
2018-06-21,True,0.00024582999999999354,0.003714017021446766,0.013603656024013354,0.006175621981119823,0.003959847021446759,169.08107835994412,156.3239351145282,108.1607101536112
2018-06-22,True,0.00024582999999999354,0.004146729475800723,0.014368262507328292,0.006074803555726847,0.004392559475800716,169.8237770528727,156.36236422749738,108.60911312762566
2018-06-25,True,0.00024582999999999354,0.006790533463150592,0.004200740593648685,-0.009380326332652499,0.007036363463150586,171.01871887290176,156.40080278749542,109.34644568625903
2018-06-26,True,0.00024582999999999354,-0.005666855810715094,-0.018010601140785218,-0.006676889519355029,-0.0054210258107151,170.09162198377632,156.43925079684465,108.72694743639556
2018-06-27,True,0.00024582999999999354,0.0036775266998888556,0.008655056147526041,0.00130000274774833,0.003923356699888849,170.75895208848132,156.47770825786802,109.12669541854387
2018-06-28,True,0.00024582999999999354,0.004600181241369905,0.02174772413040455,0.012547361647664741,0.004846011241369899,171.58645188986668,156.51617517288904,109.62857461877721
2018-06-29,True,0.00024582999999999354,-0.0019813002114190065,-0.007096256956294616,-0.003133656533456603,-0.001735470211419013,171.28866871392873,156.55465154423177,109.41142088361018
2018-07-02,True,0.00024582999999999354,0.003009477668265901,0.013084570847496122,0.00706561551096432,0.0032553076682658947,171.84626603068025,156.59313737422087,109.7406111865605
2018-07-03,True,0.00024582999999999354,-0.000439873758705152,0.01250957226856332,0.013389319785973623,-0.00019404375870515846,171.81292033530022,156.63163266518157,109.69235103522826
2018-07-04,True,0.00024582999999999354,0.012347875787051876,0.0050569296506051626,-0.01963882192349859,0.01259370578705187,173.97668170441716,156.6701374194396,111.04648567368281
2018-07-05,True,0.00024582999999999354,0.0029704177475876246,0.005692182584026089,-0.0002486529111491596,0.003216247747587618,174.53623381508177,156.70865163932143,111.37625905734423
2018-07-06,True,0.0004917204323888871,-0.0057281051873980925,0.006748955877171947,0.018205166251968132,-0.0052363847550092055,173.62229494113575,156.78570848526462,110.73859768121244
2018-07-10,True,0.00024582999999999354,-0.0014561703037269053,-0.01701251887590285,-0.01410017826844904,-0.0012103403037269117,173.41215287994294,156.82425111598153,110.57738305518424
2018-07-11,True,0.00024582999999999354,0.0058486927123774166,0.013022147626551331,0.0013247622017964972,0.00609452271237741,174.46901718427202,156.86280322163336,111.22395724228046
2018-07-12,True,0.00024582999999999354,0.01246188612153156,0.025296157484981017,0.00037238524191789905,0.012707716121531553,176.68611992665237,156.9013648045493,112.60967687996134
2018-07-13,True,0.00024582999999999354,-0.0018428421714611711,0.0029814996699411627,0.006667184012863505,-0.0015970121714611776,176.40395004260128,156.93993586705918,112.40220602105362
2018-07-16,True,0.00024582999999999354,0.004511730065958976,0.017343168269608935,0.008319708137690982,0.00475756006595897,177.24320243080138,156.97851641149336,112.90920979670078
2018-07-17,True,0.00024582999999999354,-0.0016582303922833366,-0.005830716162668355,-0.002514255378101682,-0.001412400392283343,176.99286406215856,157.01710644018277,112.72202632875911
2018-07-18,True,0.00024582999999999354,-0.0007129608601927473,-0.0012149134950298407,0.00021100822535565408,-0.0004671308601927538,176.91018523332122,157.05570595545896,112.64167968751991
2018-07-19,False,0.00024582999999999354,0.0,0.0,0.0,0.00024582999999999354,176.95367506415712,157.09431495965399,112.64167968751993
2018-07-20,True,0.00024582999999999354,-0.0015516893866316752,-0.006858496081237144,-0.0037551173079737937,-0.0013058593866316817,176.7225984465756,157.1329334551005,112.46693774546804
2018-07-23,True,0.00024582999999999354,0.002291497780510207,0.015683284716219357,0.011100289155198943,0.0025373277805102006,177.17100160505808,157.17156144413173,112.72459214451169
2018-07-24,True,0.00024582999999999354,-0.0026489730386012877,0.0047563476228195,0.010054293700022076,-0.002403143038601294,176.74523434590884,157.2101989290815,112.42606112701358
2018-07-25,True,0.00024582999999999354,0.00013370410410372575,-0.013096679713858972,-0.013364087922066423,0.0003795341041037193,176.81231519008094,157.24884591228425,112.44108925842896
2018-07-26,True,0.00024582999999999354,-0.005244150659806595,-0.009269238805059761,0.00121906251455343,-0.004998320659806601,175.9285505421581,157.28750239607484,111.85157616600848
2018-07-27,True,0.00024582999999999354,-0.004848336590400329,-0.007117445432835829,0.0025792277479648306,-0.0046025065904003355,175.11883822884823,157.32616838278886,111.30941535598082
2018-07-30,True,0.00024582999999999354,-0.005566492597243258,-0.010914887888927496,0.00021809730555901987,-0.005320662597243264,174.1870899762113,157.36484387476239,110.68996459897787
2018-07-31,True,0.00024582999999999354,0.008994239046171687,0.019637446623022865,0.0016489685306794917,0.009240069046171681,175.7965907145432,157.4035288743321,111.68529191927823
2018-08-01,True,0.00024582999999999354,0.001676616938954773,0.0015868456572610083,-0.0017663882206485379,0.0019224469389547665,176.13455033224105,157.44222338383526,111.87249935033942
2018-08-02,True,0.00024582999999999354,-0.0009320838068452913,0.00983979210064809,0.011703959714338673,-0.0006862538068452978,176.01367732655856,157.4809274056097,111.76825043277509
2018-08-03,True,0.00024582999999999354,0.0016111434309324997,-0.0006713018881830709,-0.0038935887500480704,0.0018569734309324933,176.3405300488347,157.51964094199377,111.94828085836717
2018-08-06,True,0.00024582999999999354,-0.008060284272503986,-0.011470375514856659,0.004650193030151313,-0.007814454272503992,174.96252504037895,157.55836399532652,111.04616765731882
2018-08-07,True,0.00024582999999999354,-0.0006811504866078536,-0.007480022879587834,-0.006117721906372127,-0.00043532048660786,174.88636026884024,157.59709656794746,110.97054709598571
2018-08-08,True,0.00024582999999999354,-0.005884423568437367,-0.0163966341359547,-0.004627786999079965,-0.0056385935684373735,173.90024716262093,157.63583866219676,110.31770988022447
2018-08-09,True,0.00024582999999999354,0.0021736823921147275,-0.017501036582209743,-0.0218484013664392,0.0024195123921147213,174.32100096562272,157.67459028041506,110.55744660924947
2018-08-10,True,0.00024582999999999354,0.0025970900902914096,0.011766824882895143,0.006572644702312324,0.0028429200902914033,174.81658164142758,157.71335142494368,110.84450369100385
2018-08-13,True,0.00024582999999999354,0.010492608751604557,0.033595192094119514,0.0126099745909104,0.01073843875160455,176.6938387961489,157.75212209812443,112.00726585867567
2018-08-14,True,0.00024582999999999354,-0.007544860277781223,-0.017607345171056332,-0.0025176246154938863,-0.007299030277781229,175.40414511687842,157.7909023022998,111.1623943824307
2018-08-15,True,0.00024582999999999354,-0.005879040640934302,0.001722482185549132,0.013480563467417736,-0.005633210640934308,174.41605662014203,157.82969203981276,110.50902676547412
2018-08-16,True,0.00024582999999999354,0.0024770919279129555,-0.005524653876468956,-0.010478837732294867,0.0027229219279129493,174.89097792529313,157.8684913130069,110.78270050642064
2018-08-17,True,0.00024582999999999354,0.00011978974940834368,-0.002561759590555959,-0.0028013390893726463,0.0003656197494083372,174.954921520816,157.90730012422634,110.79596787683546
2018-08-20,False,0.00024582999999999354,0.0,0.0,0.0,0.00024582999999999354,174.99793068917342,157.94611847581587,110.79596787683545
2018-08-21,True,0.00024582999999999354,0.002098015219329075,0.01764479737837253,0.013448766939714382,0.0023438452193290686,175.40809875241175,157.98494637012075,111.02836237414212
2018-08-22,True,0.00024582999999999354,-0.00884092554020599,-0.02097521509814415,-0.00329336401773217,-0.008595095540205997,173.90044938510886,158.0237838094869,110.04701013536216
2018-08-23,True,0.00024582999999999354,0.0025276003659423997,0.0002498088838865067,-0.004805391847998293,0.002773430365942393,174.38275017208454,158.06263079626078,110.32509663644662
2018-08-24,True,0.00024582999999999354,0.009090037874557996,0.02793957576107246,0.009759500011956468,0.00933586787455799,176.01076448729322,158.1014873327894,111.32770947107309
2018-08-27,True,0.00024582999999999354,-0.0057449499340530815,-0.008335762030390055,0.003154137837716108,-0.005499119934053088,175.04286018369322,158.1403534214204,110.68829454126119
2018-08-28,True,0.00024582999999999354,0.000498476450479025,0.00896721805376625,0.007970265152808199,0.0007443064504790186,175.17314571363823,158.17922906450195,110.7434564889721
2018-08-29,True,0.00024582999999999354,-0.0022705149671799736,-0.019973999423900164,-0.015432969489540217,-0.00202468496717998,174.81847527885822,158.21811426438285,110.49207361094957
2018-08-30,True,0.00024582999999999354,-0.0008400526896755684,-0.0031728026240816437,-0.001492697244730507,-0.0005942226896755748,174.71459417427303,158.25700902341248,110.39927725945195
2018-08-31,True,0.00024582999999999354,0.0008788278968715664,-0.0023841113172586117,-0.0041417671110017444,0.00112465789687156,174.9110883223098,158.29591334394067,110.49627537905428
2018-09-03,True,0.00024582999999999354,-0.0077073583889487405,-0.022137462198738134,-0.006722745420840652,-0.007461528388948747,173.60598427125097,158.334827228318,109.6448502898936
2018-09-04,True,0.00024582999999999354,-0.0010551571824112258,0.0020872679476920584,0.00419758231251451,-0.0008093271824112323,173.465480229151,158.37375067889553,109.52918617230586
2018-09-05,True,0.00024582999999999354,0.01170390173216186,0.023673895268513306,0.0002660918041895845,0.011949731732161854,175.53834618268002,158.4126836980249,110.81078994741421
2018-09-06,True,0.00024582999999999354,0.005052979087240592,-0.00043590367369674945,-0.010541861848177934,0.005298809087240586,176.468490366592,158.45162628805838,111.37057693922289
2018-09-10,True,0.00024582999999999354,-0.006196106001898713,-0.017959176390052782,-0.0055669643862553565,-0.005950276001898719,175.41845414327236,158.49057845134874,110.6806826357315
2018-09-11,True,0.00024582999999999354,0.002636169852483556,-0.001374918361679171,-0.006647258066646283,0.0028819998524835496,175.92401010223617,158.52954019024943,110.97238400560036
2018-09-12,True,0.00024582999999999354,-0.007153699448808004,-0.0209810569476268,-0.006673658050010794,-0.00690786944880801,174.70875000753915,158.56851150711438,110.17871603070489
2018-09-13,True,0.00024582999999999354,0.0016270611877836501,0.004808248572708081,0.0015541261971407803,0.0018728911877836437,175.03596048585698,158.60749240429814,110.35793948477658
2018-09-14,True,0.00024582999999999354,0.009913518262005051,0.022535417692662922,0.0027083811686528206,0.010159348262005045,176.81421176680735,158.6464828841559,111.45170605258082
2018-09-17,True,0.00024582999999999354,0.0074731942848955315,0.015719402687442628,0.0007730141176515653,0.007719024284895525,178.17904496134997,158.6854829490433,112.28440160374747
2018-09-18,True,0.00024582999999999354,-0.0019456635561768067,-0.009705797445855905,-0.005814470333502291,-0.0016998335561768131,177.87617024171715,158.72449260131663,112.06598762832755
2018-09-19,True,0.00024582999999999354,-0.002916033540502362,-0.009953675354397087,-0.004121608273392363,-0.002670203540502368,177.4012046621667,158.7635118433328,111.73927976424802
2018-09-20,False,0.00024582999999999354,0.0,0.0,0.0,0.00024582999999999354,177.44481520030877,158.80254067744923,111.73927976424802
2018-09-21,True,0.00024582999999999354,-0.004987812524999934,-0.02171163333702794,-0.011736008287028074,-0.00474198252499994,176.60337498747708,158.84157910602394,111.18208216099227
2018-09-24,True,0.00024582999999999354,-0.0029645439130184525,-0.0018176809149564738,0.004111406911080431,-0.002718713913018459,176.1232409348126,158.88062713141557,110.85255900276317
2018-09-25,True,0.00024582999999999354,0.0033164788376193813,0.0023582256937450252,-0.004274731981493737,0.003562308837619375,176.75064631250484,158.91968475598327,111.22010881402169
2018-09-26,True,0.00024582999999999354,0.008410187944406275,0.02973979999621912,0.012919424107406569,0.008656017944406269,178.28060307867128,158.9587519820868,112.15526094389686
2018-09-27,True,0.00024582999999999354,0.004374268805561875,0.0008595924693127754,-0.007888945141810974,0.0046200988055618685,179.10427708000987,158.99782881208654,112.6457376293398
2018-09-28,True,0.00024619999999997774,0.0023351588262440354,-0.011440507761976651,-0.01611082541446472,0.002581358826244013,179.56660948646842,159.03697407754007,112.90871857189569
2018-10-01,True,0.00024619999999997774,0.009476885258600382,0.04694689988709386,0.027993129369893094,0.00972308525860036,181.31255094010314,159.076128980558,113.97847816768463
2018-10-02,True,0.00024619999999997774,0.004746501906962762,0.026488363667396014,0.01699535985347049,0.00499270190696274,182.21779045893805,159.115293523513,114.519344070475
2018-10-03,True,0.00024619999999997774,0.0057165983270086665,0.011378077239348944,-5.511941466838921e-05,0.005962798327008644,183.30431839503782,159.15446770877853,115.17384402330997
2018-10-04,True,0.00024619999999997774,0.00045404459560473287,-0.006360390037974631,-0.007268479229184097,0.0007002445956047106,183.43267625334497,159.19365153872843,115.22612521311487
2018-10-05,True,0.00024619999999997774,0.018020105421923165,0.053585891239349634,0.017545680395503305,0.018266305421923142,186.78331354214933,159.2328450157373,117.30200105618233
2018-10-08,True,0.00024619999999997774,0.004705087630435215,0.005913903207474008,-0.003496272053396421,0.004951287630435192,187.70813145206228,159.27204814218015,117.85378140205592
2018-10-09,True,0.00024619999999997774,-0.006520696469773227,-0.026780896186975323,-0.01373950324742887,-0.006274496469773249,186.53035744391855,159.3112609204328,117.0854818210749
2018-10-10,True,0.00024619999999997774,0.004504670895847565,-0.0027141097741602005,-0.01172345156585533,0.004750870895847543,187.41653909029088,159.35048335287144,117.61278356167203
2018-10-11,True,0.00024619999999997774,-0.0033919971085659417,-0.006962712327540477,-0.0001787181104085933,-0.003145797108565964,186.8269646835232,159.38971544187294,117.21393953529969
2018-10-15,True,0.00024619999999997774,0.004232709860895127,0.02814912614368581,0.019683706421895555,0.004478909860895105,187.66374581792533,159.42895718981472,117.70995001522498
2018-10-16,True,0.00024619999999997774,0.0018816601557139975,0.007572665108025151,0.0038093447965971555,0.002127860155713975,188.06306802532333,159.4682085990749,117.93138562065361
2018-10-17,True,0.00024619999999997774,0.0022310143355801643,3.1025423101710414e-05,-0.004431003248058618,0.002477214335580142,188.52894055342887,159.507469672032,118.19442747168442
2018-10-18,True,0.00024619999999997774,0.003062601663457204,0.0008827408982141488,-0.005242462428700259,0.0033088016634571817,189.15274542554187,159.54674041106526,118.55632082372728
2018-10-19,True,0.00024619999999997774,0.0025512055980499923,0.011383512295019133,0.006281101098919148,0.00279740559804997,189.6818823744818,159.5860208185545,118.85870792539252
2018-10-22,True,0.00024619999999997774,-0.003692554292361261,-0.0037024332109354408,0.003682675373787081,-0.003446354292361283,189.02817140497734,159.62531089688002,118.419923721929
2018-10-23,False,0.00024619999999997774,0.0,0.0,0.0,0.00024619999999997774,189.07471014077726,159.66461064842287,118.41992372192897
2018-10-24,True,0.00024619999999997774,-0.002811536251001982,0.010537889823752021,0.016160962325755986,-0.0025653362510020044,188.58966993270542,159.7039200755645,118.08706376366563
2018-10-25,True,0.00024619999999997774,-0.014394269211534442,0.0034557570572792714,0.032244295480348156,-0.014148069211534465,185.92149022991708,159.74323918068714,116.38770515954009
2018-10-26,True,0.00024619999999997774,0.007416802828191182,-0.010265226709855437,-0.025098832366237802,0.00766300282819116,187.34620713537046,159.78256796617342,117.25071734673358
2018-10-29,True,0.00024619999999997774,0.010270357848418472,0.042554502486885165,0.022013786790048222,0.01051655784841845,189.3164443603914,159.8219064344067,118.4546277691223
2018-10-30,True,0.00024619999999997774,-0.0025070277051303007,0.0015235405146643382,0.00653759592492494,-0.002260827705130323,188.88843249794465,159.8612545877709,118.15773183128407
2018-10-31,True,0.00024619999999997774,0.001412925290132606,0.01974647386423605,0.01692062328397084,0.0016591252901325838,189.2018220733155,159.90061242865042,118.32463878632086
2018-11-01,True,0.00024619999999997774,0.0011474165249942088,0.012028984464189603,0.009734151414201185,0.0013936165249941864,189.46549685911586,159.93997995943036,118.46037301441127
2018-11-05,True,0.00024619999999997774,0.0017476501590701849,0.0018513317282129213,-0.0016439685899274482,0.0019938501590701626,189.84326267016672,159.9793571824964,118.66734934658045
2018-11-06,True,0.00024619999999997774,-0.0032687044942094133,-0.010054438204013047,-0.00351702921559422,-0.0030225044942094356,189.26946055555075,160.01874410023473,118.27955632309772
2018-11-07,True,0.00024619999999997774,0.0018868215500777745,-0.01483705601365405,-0.0186106991138096,0.002133021550077752,189.6731763936873,160.0581407150322,118.50267380737714
2018-11-08,True,0.00024619999999997774,-0.005758440477638084,-0.004607725243273821,0.006909155712002346,-0.005512240477638106,188.62765223324783,160.09754702927629,117.82045117702795
2018-11-09,True,0.00024619999999997774,0.0019880806253277433,-0.0007647947612397448,-0.0047409560118952315,0.002234280625327721,189.04909934203363,160.1369630453549,118.05463007843484
2018-11-12,True,0.00024619999999997774,-0.0014065905271573335,-0.00803481858760661,-0.005221637533291943,-0.0011603905271573558,188.82972855798948,160.17638876565667,117.8886164266405
2018-11-13,True,0.00024619999999997774,0.001996386952182418,0.017631839895410544,0.013639065991045708,0.002242586952182396,189.2531956434378,160.21582419257078,118.12390979305869
2018-11-14,True,0.00024619999999997774,-0.009398829772237376,0.013046130783237846,0.0318437903277126,-0.009152629772237398,187.5210312105006,160.255269328487,117.01395654337267
2018-11-16,True,0.00024619999999997774,-0.0033644393803438396,-0.013941265334289767,-0.007212386573602088,-0.003118239380343862,186.93629574633735,160.29472417579572,116.62036708165375
2018-11-19,True,0.0004924606144399554,-0.0020145500643749476,-0.0049195496121911975,-0.0008904494834413024,-0.0015220894499349922,186.65176198277192,160.3736630141548,116.38554515419267
2018-11-21,True,0.00024619999999997774,-0.007131483156785296,0.001619759364481246,0.015882725678051837,-0.006885283156785318,185.36661174980765,160.41314700998888,115.55574789531741
2018-11-22,True,0.00024619999999997774,-0.005487792039222204,-0.013833306380832478,-0.002857722302388072,-0.005241592039222226,184.39499559332225,160.45264072678276,114.92175807022602
2018-11-23,True,0.00024619999999997774,0.004642968829782934,-9.472410450599927e-05,-0.009380661764071867,0.004889168829782912,185.2965338581451,160.4921441669297,115.45520487620631
2018-11-26,True,0.00024619999999997774,-0.004310961918016812,0.018163674142942707,0.026785597978976332,-0.0040647619180168345,184.54334756377796,160.53165733282358,114.95760439398688
2018-11-27,False,0.00024619999999997774,0.0,0.0,0.0,0.00024619999999997774,184.58878213594818,160.57118022685896,114.95760439398686
2018-11-28,True,0.00024619999999997774,-0.003101545390257754,-0.001586121571088925,0.004616969209426582,-0.002855345390257776,184.06171740778302,160.6107128514308,114.60114592607844
2018-11-29,True,0.00024619999999997774,-0.00023901824022666985,-0.008720485302997343,-0.008242448822544003,7.1817597733078915e-06,184.0630392948209,160.65025520893482,114.57376090404362
2018-11-30,True,0.00024619999999997774,0.005651660306414884,0.006619401065092758,-0.004683919547737009,0.005897860306414862,185.1486173881559,160.6898073017673,115.22113349756914
2018-12-03,True,0.00024619999999997774,-0.002388016526889525,-0.01783148985446639,-0.01305545680068734,-0.002141816526889547,184.75206301950323,160.72936913232502,114.94605125177891
2018-12-04,True,0.00024619999999997774,-0.0019047875816011876,0.005840800343883395,0.00965037550708577,-0.00165858758160121,184.44563554210387,160.7689407030054,114.72715733248336
2018-12-05,True,0.00024619999999997774,-0.0020750087342997457,0.00564032961974713,0.009790347088346621,-0.001828808734299768,184.108319752821,160.8085220162065,114.48915607486666
2018-12-06,True,0.00024619999999997774,0.0016308441038503005,-0.0041759171605286255,-0.0074376053682292265,0.0018770441038502782,184.4538991888828,160.8481130743269,114.6758240823427
2018-12-07,True,0.00024619999999997774,0.007641307583262825,-0.005690851234926335,-0.020973466401451986,0.007887507583262803,185.90878071749748,160.88771387976584,115.551881641149
2018-12-10,True,0.00024619999999997774,0.0033117670004853984,0.019700147957123666,0.01307661395615287,0.003557967000485376,186.5702380243908,160.92732443492307,115.93446835676274
2018-12-11,True,0.00024619999999997774,0.00013981301678862683,0.010320275305845943,0.010040649272268689,0.00038601301678860457,186.64225656481355,160.96694474219896,115.95067351482355
2018-12-12,True,0.00024619999999997774,-0.004413470333182087,-0.0023293531399419688,0.006497587526422204,-0.004167270333182109,185.86446782611284,161.00657480399448,115.43905461772587
2018-12-13,True,0.00024619999999997774,-0.001484193008606274,-0.006337409752272026,-0.003369023735059478,-0.0012379930086062964,185.63436891439576,161.04621462271126,115.2677629519502
2018-12-14,True,0.00024619999999997774,0.0015516502736255692,-0.014426544738603152,-0.01752984528585429,0.0017978502736255468,185.96811171534281,161.08586420075136,115.44657418454933
2018-12-17,True,0.00024619999999997774,-0.004649703754181524,-0.0007765153706618615,0.008522892137701188,-0.004403503754181547,185.14920043724626,161.1255235405176,114.90991394090801
2018-12-18,True,0.00024619999999997774,0.0024357019319578323,-0.005334445846960424,-0.010205849710876088,0.00268190193195781,185.64575243559932,161.16519264441328,115.18973134924903
2018-12-19,True,0.00024619999999997774,-0.0033901725113846077,-0.0030188335588119276,0.0037615114639572875,-0.00314397251138463,185.06208729308648,161.20487151484235,114.79931440908568
2018-12-20,True,0.00024619999999997774,-0.0029049321909858216,0.005992172642745788,0.01180203702471743,-0.002658732190985844,184.5700567642693,161.24456015420932,114.46591226876257
2018-12-21,True,0.0004924606144399554,0.00060336597089485,-0.0051210385363633275,-0.0063277704781530275,0.0010958265853348054,184.77231353932837,161.32396674937795,114.53494311008245
2018-12-26,True,0.00024619999999997774,-0.007180073922032176,0.0006213714918145029,0.014981519335878855,-0.006933873922032198,183.49112561296448,161.36368470999165,113.71277616939713
2018-12-27,True,0.00024619999999997774,-0.007668930934287943,0.008058386695210147,0.023396248563786033,-0.007422730934287965,182.12912035870983,161.40341244916726,112.84093538980781
2018-12-28,True,0.0004924606144399554,0.003441327042030127,0.03803488349978634,0.03115222941572609,0.0039337876564700825,182.84557764426066,161.48289727283466,113.2290668127737
2019-01-02,False,0.00024619999999997774,0.0,0.0,0.0,0.00024619999999997774,182.8905942254767,161.52265436214327,113.22906681277368
2019-01-03,True,0.00024619999999997774,0.002533211559704559,0.0037546739453692382,-0.0013117491740398792,0.0027794115597045365,183.39892245722822,161.56242123964722,113.51582939277117
2019-01-04,True,0.00024619999999997774,0.011483879506744232,0.0015616033515336086,-0.021406155661954855,0.01173007950674421,185.55020639910273,161.60219790775645,114.81911063178481
2019-01-07,True,0.00024619999999997774,0.000979081251411921,0.0024379711978434284,0.0004798086950195864,0.0012252812514118986,185.7775575881992,161.64198436888137,114.93150019999649
2019-01-08,True,0.00024619999999997774,-0.003872278923311983,0.006253652617691039,0.013998210464315005,-0.0036260789233120054,185.10391350220422,161.681780625433,114.48656291770631
2019-01-09,True,0.00024619999999997774,0.006459351607744437,0.01404795738176037,0.0011292541662714958,0.006705551607744414,186.3451373469887,161.721586679823,115.2258898596608
2019-01-10,True,0.00024619999999997774,0.004961340164880189,0.009969744878897038,4.706454913665997e-05,0.005207540164880167,187.31553713425325,161.76140253446357,115.79742398335432
2019-01-11,True,0.00024619999999997774,-0.0034277897490180356,0.008934121595931124,0.015789701093967195,-0.003181589749018058,186.71957594147509,161.8012281917676,115.40059246038241
2019-01-14,True,0.00024619999999997774,0.007226529080655532,0.010644265051736386,-0.0038087931095746783,0.00747272908065551,188.11488074654062,161.8410636541484,116.23433293081843
2019-01-15,True,0.00024619999999997774,-0.003454262156943524,-0.005444733494352433,0.0014637908195346148,-0.0032080621569435465,187.51139651645968,161.88090892402008,115.83292789915669
2019-01-16,True,0.00024619999999997774,-0.004323510166977068,-0.0035855829693343852,0.0050614373646197496,-0.00407731016697709,186.74685439301902,161.9207640037972,115.33224632551736
2019-01-17,True,0.00024619999999997774,0.0053188843983133505,0.0004408915264413338,-0.010196877270185367,0.005565084398313328,187.7861163988357,161.96062889589493,115.94553421964105
2019-01-18,True,0.00024619999999997774,-0.002157099035308159,-9.011454447823326e-05,0.004224083526138085,-0.0019108990353081815,187.42727609016492,162.0005036027291,115.69548978056848
2019-01-21,True,0.00024619999999997774,-9.56685576282857e-06,-0.008215810996610716,-0.00819667728508506,0.00023663314423714917,187.47162759582196,162.0403881267161,115.69438321094279
2019-01-22,True,0.00024619999999997774,-0.006673786282007327,0.003407294585720878,0.016754867149735533,-0.00642758628200735,186.26663753402144,162.08028247027292,114.92245367241664
2019-01-23,True,0.00024619999999997774,-0.004804782998505631,0.012883413951639389,0.02249297994865065,-0.004558582998505653,185.41752560697006,162.1201866358171,114.37041213349175
2019-01-24,True,0.0004924606144399554,0.0010871365261424576,0.0015073577957897728,-0.0006669152564951424,0.001579597140582413,185.71041060023265,162.2000244425409,114.49468718546356
2019-01-28,True,0.00024619999999997774,-0.0034644117599971643,0.00303492805869316,0.009963751578687488,-0.0032182117599971866,185.11275517288507,162.23995808855867,114.0981280775734
2019-01-29,True,0.00024619999999997774,-0.001173951002523161,0.002167502017412029,0.004515404022458351,-0.0009277510025231834,184.9410166286936,162.27990156624008,113.9642154350233
2019-01-30,True,0.00024619999999997774,-0.007152386716812855,-0.011772933837216289,0.0025318395964094207,-0.006906186716812877,183.66377943625864,162.3198548780057,113.149299926552
2019-01-31,True,0.00024619999999997774,0.00402582446084567,0.00940916917011435,0.0013575202484230114,0.004272024460845647,184.4483955945817,162.35981802627668,113.60470702469632
2019-02-01,True,0.00024619999999997774,-0.0008799131835214116,0.003999777106379776,0.005759603473422599,-0.0006337131835214339,184.33150821461405,162.39979101347478,113.5047693499307
2019-02-04,False,0.00024619999999997774,0.0,0.0,0.0,0.00024619999999997774,184.3768906319365,162.4397738420223,113.50476934993073
2019-02-05,True,0.00024619999999997774,0.0021578458709084064,-0.03171111259515255,-0.036026804336969365,0.002404045870908384,184.82014113455114,162.4797665143422,113.74963486191182
2019-02-06,True,0.00024619999999997774,-0.0026648416167298376,-0.009859623187907488,-0.004529939954447813,-0.00241864161672986,184.37312744959323,162.51976903285805,113.44658471199088
2019-02-07,True,0.00024619999999997774,0.0031070390006086024,0.014992522628090896,0.008778444626873692,0.00335323900060858,184.99137461122137,162.55978139999397,113.79898091523161
2019-02-08,True,0.00024619999999997774,-0.001930826957294074,-0.014063574201380455,-0.010201920286792307,-0.0016846269572940963,184.6797331546844,162.59980361817466,113.57930885842825
2019-02-11,True,0.00024619999999997774,-0.0007652975068473278,0.017130246259605724,0.01866084127330038,-0.0005190975068473502,184.58386636563858,162.63983568982545,113.49240829144905
2019-02-12,True,0.00024619999999997774,0.015431640564683966,0.019115023895793164,-0.011748257233574767,0.015677840564683944,187.47774279333203,162.6798776173723,115.24335126086399
2019-02-13,True,0.00024619999999997774,-0.006776660128396025,0.012837904599398535,0.026391224856190585,-0.006530460128396047,186.25342686905847,162.7199294032417,114.46257846357443
2019-02-14,True,0.00024619999999997774,0.002305957073356926,0.001289804033633472,-0.0033221101130803798,0.0025521570733569037,186.72877486987932,162.75999104986082,114.72645928855806
2019-02-15,True,0.00024619999999997774,0.0015437817367481969,-0.0015913161668103094,-0.004678879640306703,0.0017899817367481746,187.06301596662175,162.80006255965728,114.90352830673724
2019-02-18,True,0.00024619999999997774,0.0020579498274094464,0.008365998901040197,0.004250099246221304,0.002304149827409424,187.49403718257594,162.8401439350595,115.13993579946009
2019-02-19,True,0.00024619999999997774,0.0050215669875118205,-0.007597976408027372,-0.017641110383051013,0.005267766987511798,188.48171208200162,162.88023517849632,115.71797638642238
2019-02-20,True,0.00024619999999997774,-0.001394650583422172,0.0011665141496385683,0.0039558153164829125,-0.0011484505834221943,188.26525014979663,162.92033629239728,115.55662996663116
2019-02-21,True,0.00024619999999997774,0.002963007147295446,0.015755756836989956,0.009829742542399064,0.0032092071472954236,188.8694323361647,162.96044727919246,115.89894081020996
2019-02-22,True,0.00024619999999997774,0.010563978722804734,0.011051056728777955,-0.010076900716831514,0.010810178722804712,190.9111446549933,163.00056814131264,117.12299339317866
2019-02-25,True,0.00024619999999997774,-0.0037600239231328986,-0.006632547435744596,0.0008875004105212013,-0.003513823923132921,190.2403165077119,163.04069888118903,116.68271653223455
2019-02-26,True,0.00024619999999997774,0.010065871427100963,0.014078513409871688,-0.006053229444330239,0.01031207142710094,192.2020882398537,163.0808395012536,117.85694066063245
2019-02-27,True,0.00024619999999997774,0.007613725795271463,0.0032293130798559297,-0.011998138510686996,0.007859925795271441,193.71278239111518,163.12099000393883,118.75405022151818
2019-02-28,True,0.00024619999999997774,0.006277656794903244,0.017321810499122552,0.004766496909316064,0.006523856794903222,194.97653684277708,163.1611503916778,119.49936389558704
2019-03-01,True,0.00024619999999997774,0.011219501574533719,0.006440887093998556,-0.015998116055068883,0.011465701574533697,197.2120796282524,163.20132066690425,120.8397571921397
2019-03-06,True,0.00024619999999997774,0.0026524066007771706,-0.0001212371214140726,-0.005426050322968414,0.0028986066007771483,197.7837198640159,163.24150083205245,121.16019447009462
2019-03-07,True,0.00024619999999997774,-0.010987696791752329,0.0027369731821645558,0.02471236676566921,-0.01074149679175235,195.6592266716357,163.2816908895573,119.82925066839145
2019-03-08,False,0.00024619999999997774,0.0,0.0,0.0,0.00024619999999997774,195.70739797324228,163.32189084185433,119.82925066839147
2019-03-11,True,0.00024619999999997774,2.711775808937134e-05,0.002513262185298385,0.0024590266691196425,0.0002733177580893491,195.76088828049782,163.36210069137962,119.83249936919294
2019-03-12,True,0.00024619999999997774,0.0027956754399597328,0.01423353339451499,0.008642182514595524,0.0030418754399597105,196.35636851866295,163.40232044056987,120.16742968474465
2019-03-13,True,0.00024619999999997774,-4.1341360415669826e-05,-7.043407883558197e-05,1.2248641995757678e-05,0.00020485863958430792,196.39659381719144,163.44255009186236,120.1624630225161
2019-03-14,True,0.00024619999999997774,0.0006700940058742555,0.00659411664904667,0.005253928637298159,0.0009162940058742332,196.57655083888022,163.48278964769497,120.24296334953803
2019-03-15,True,0.00024619999999997774,0.0025419140141444167,0.007813730690447933,0.0027299026621590994,0.0027881140141443944,197.12462867512627,163.52303911050626,120.54853539134176
2019-03-18,True,0.00024619999999997774,0.005676856184366327,-0.0005363095090994912,-0.011890021877832144,0.005923056184366305,198.2922089260914,163.56329848273526,121.23270364776968
2019-03-19,True,0.00024619999999997774,-0.002792554514349621,-0.018363187615265404,-0.012778078586566162,-0.0025463545143496434,197.7872866647321,163.60356776682175,120.89423804414287
2019-03-20,True,0.00024619999999997774,0.001923642917967064,-0.0068272214360449845,-0.010674507271979113,0.0021698429179670417,198.2164540079655,163.64384696520597,121.12673814745408
2019-03-21,True,0.00024619999999997774,0.0019323446458645085,-0.021824732282134145,-0.025689421573863162,0.002178544645864486,198.64827740256678,163.68413608032878,121.36073914033989
2019-03-22,True,0.00024619999999997774,-0.008448539038464117,-0.010673179798187334,0.0062238982787409,-0.00820233903846414,197.01889688190406,163.72443511463177,120.3356705698579
2019-03-25,True,0.00024619999999997774,-0.0011163715997145615,0.014109188274153873,0.016341931473582996,-0.0008701715997145839,196.84745663323034,163.76474407055701,120.20136431100202
2019-03-26,True,0.00024619999999997774,0.0022884520320243414,-0.031148605969873233,-0.035725510033921916,0.002534652032024319,197.3463964391846,163.8050629505472,120.47637166060215
2019-03-27,True,0.00024619999999997774,-0.005494115502951239,0.015593698588696636,0.026581929594599114,-0.005247915502951261,196.31073922585983,163.84539175704563,119.81462348172397
2019-03-28,True,0.00024619999999997774,0.0016098100055970616,0.014407246599177938,0.011187626587983815,0.0018560100055970393,196.6750939220692,163.88573049249624,120.0074547863545
2019-03-29,True,0.00024619999999997774,0.0008392359797226604,0.010664655153313989,0.008986183193868668,0.0010854359797226381,196.88857214532754,163.9260791593435,120.10814457042132
2019-04-01,True,0.00024619999999997774,0.0024637464743446575,-0.002661123834573965,-0.00758861678326328,0.002709946474344635,197.4221296372515,163.96643776003253,120.40398775155553
2019-04-02,True,0.00024619999999997774,0.002593713266188698,-0.006756583782647195,-0.011944010315024591,0.0028399132661886756,197.98279136224755,164.00680629700906,120.7162043041735
2019-04-03,True,0.00024619999999997774,0.0032487111528464053,0.01238491869084953,0.00588749638515672,0.003494911152846383,198.67472362785114,164.04718477271942,121.10827985442525
2019-04-04,True,0.00024619999999997774,-0.0021661069573207176,0.008777014387234808,0.013109228301876243,-0.00191990695732074,198.29328664371423,164.08757318961048,120.84601093745079
2019-04-05,True,0.00024619999999997774,0.0009865820160796512,-0.0015727977573644452,-0.0035459617895237474,0.001232782016079629,198.53773904139794,164.12797155012979,120.9652060927094
2019-04-08,True,0.00024619999999997774,-0.0013111408080192077,-0.014292787661922705,-0.01167050604588429,-0.00106494080801923,198.32630810116086,164.16837985672547,120.80664271295484
2019-04-09,False,0.00024619999999997774,0.0,0.0,0.0,0.00024619999999997774,198.3751360382154,164.2087981118462,120.80664271295485
2019-04-10,True,0.00024619999999997774,0.003925032375764335,0.00021721831905377155,-0.0076328464324748975,0.0041712323757643124,199.20260482820464,164.24922631794135,121.28069598489503
2019-04-11,True,0.00024619999999997774,-0.0042468986343789684,-0.005995222301856982,0.0024985749669009546,-0.004000698634378991,198.4056552391037,164.28966447746083,120.76575594097906
2019-04-12,True,0.00024619999999997774,-0.0013776588524450504,-0.00026812107038994465,0.002487196634500156,-0.0011314588524450728,198.18116740410824,164.3301125928552,120.59942287943448
2019-04-15,True,0.00024619999999997774,-0.0006418138451137973,0.002524905152095358,0.0038085328423229526,-0.00039561384511381954,198.10276419044237,164.37057066657556,120.52203955189296
2019-04-16,True,0.00024619999999997774,-0.0049943417466298086,-0.01667227066352512,-0.006683587170265503,-0.004748141746629831,197.16214418566696,164.4110387010737,119.9202594566294
2019-04-17,True,0.00024619999999997774,0.015820390986892616,0.010289861844070325,-0.021350920129714908,0.016066590986892594,200.3298677143968,164.45151669880192,121.81697787640792
2019-04-18,True,0.00024619999999997774,-0.0057609843954429495,0.009795678438466356,0.021317647229352255,-0.005514784395442972,199.2250916859843,164.49200466221316,121.1153649048755
2019-04-22,True,0.00024619999999997774,-0.0037763018782075563,0.005919027369632655,0.013471631126047767,-0.0035301018782075786,198.52180681563755,164.53250259376102,120.65810930123503
2019-04-23,True,0.00024619999999997774,-0.004885951620200761,-0.012665179136303483,-0.0028932758959019614,-0.004639751620200783,197.6007149408195,164.57301049589964,120.06872472308741
2019-04-24,True,0.00024619999999997774,-0.0033291903903480504,0.006289944679376208,0.012948325460072308,-0.0030829903903480727,196.99151383553104,164.61352837108373,119.66909146826531
2019-04-25,True,0.00024619999999997774,0.0076499522428452715,0.0057895207822263135,-0.00951038370346423,0.00789615224284525,198.54698881932498,164.6540562217687,120.58432897146892
2019-04-26,True,0.00024619999999997774,0.005781570035903645,0.01371659472173096,0.0021534546499236695,0.006027770035903623,199.743784409249,164.69459405041053,121.28132411444571
2019-04-29,True,0.00024619999999997774,-0.002497347749020804,0.004189668444396832,0.00918436394243844,-0.0022511477490208265,199.29413163859522,164.73514185946576,120.97851702377594
2019-04-30,True,0.00024619999999997774,0.007726699934881799,0.0072409657298778685,-0.008212434139885729,0.007972899934881776,200.8830838077589,164.7756996513916,121.91305164096288
2019-05-02,True,0.00024619999999997774,0.0027387740896070312,0.0009499514993247403,-0.004527596679889322,0.002984974089607009,201.48271460796545,164.81626742864577,122.2468617639298
2019-05-03,True,0.00024619999999997774,0.004283531750840354,-0.001690743779969855,-0.010257807281650563,0.004529731750840331,202.39537725757066,164.8568451936867,122.77038118725416
2019-05-06,True,0.00024619999999997774,-0.0018738516443708103,-0.013652797782462225,-0.009905094493720604,-0.0016276516443708327,202.06594808896435,164.8974329489734,122.54038433181222
2019-05-07,True,0.00024619999999997774,-0.002241240984797129,0.006081173854442882,0.01056365582403714,-0.0019950409847971514,201.66281824089495,164.93803069696546,122.26580940050303
2019-05-08,True,0.00024619999999997774,0.0006675103764190572,0.001528048841236461,0.0001930280883983467,0.0009137103764190349,201.84707965045953,164.9786384401231,122.34740300861276
2019-05-09,True,0.00024619999999997774,-0.003544024541310241,-0.00783706341186927,-0.0007490143292487872,-0.0032978245413102635,201.18142339759646,165.01925618090704,121.91390753636995
2019-05-10,True,0.00024619999999997774,-0.001452557041123459,-0.019586036193372364,-0.016680922111125446,-0.0012063570411234813,200.93872677093754,165.0598839217788,121.73686421963168
2019-05-13,False,0.00024619999999997774,0.0,0.0,0.0,0.00024619999999997774,200.98819788546857,165.10052166520035,121.73686421963171
2019-05-14,True,0.00024619999999997774,-0.004538424936591309,-0.013790542353108701,-0.004713692479926084,-0.004292224936591331,200.12551133054401,165.14116941363434,121.18450658980335
2019-05-15,True,0.00024619999999997774,-0.01603305226602954,-0.0289791486176175,0.0030869559144415864,-0.015786852266029563,196.9661594485051,165.181827169544,119.24202730021712
2019-05-16,True,0.00024619999999997774,0.000236657759582975,-0.009000916580027255,-0.009474232099193205,0.00048285775958295274,197.06126608697005,165.22249493539314,119.27023990530273
2019-05-17,True,0.00024619999999997774,0.004470216103243175,0.025098610487203854,0.016158178280717504,0.004716416103243153,197.99068901566812,165.26317271364627,119.80327241976002
2019-05-20,True,0.00024619999999997774,0.007015136376052795,0.026350620887484397,0.012320348135378807,0.0072613363760527724,199.42836600793734,165.3038605067684,120.64350184959638
2019-05-21,True,0.00024619999999997774,-0.003623804196796556,-0.01215389332240207,-0.004906284928808957,-0.0033776041967965784,198.75477592194866,165.34455831722516,120.20642103057523
2019-05-22,True,0.00024619999999997774,0.006339492176247692,0.002983064028381283,-0.0096959203241141,0.00658569217624767,200.06371369472967,165.38526614748287,120.9682811262777
2019-05-23,True,0.00024619999999997774,-0.005347553744816059,-0.008106537712474049,0.00258856977715807,-0.0051013537448160815,199.04311791967123,165.4259840000084,120.32155596527153
2019-05-24,True,0.00024619999999997774,-0.00013891873798339057,0.009543460184363202,0.009821297660329983,0.00010728126201658717,199.0644715165574,165.46671187726923,120.30484516076469
2019-05-27,True,0.00024619999999997774,0.00015387405091700328,0.021834981907275532,0.021527233805441526,0.000400074050916981,199.14411204607066,165.5074497817334,120.32335239815266
2019-05-28,True,0.00024619999999997774,0.014639801576316683,0.017148071492231978,-0.012131531660401386,0.01488600157631666,202.10857161190262,165.54819771586972,122.08442882524245
2019-05-29,True,0.00024619999999997774,0.0035919074092394376,0.008691359894058916,0.0015075450755800412,0.0038381074092394152,202.88428601807706,165.58895568214737,122.52283685363602
2019-05-30,True,0.00024619999999997774,0.007584790872391217,0.007743831285938091,-0.007425750458844342,0.007830990872391195,204.47307101003625,165.62972368303633,123.4519182084334
2019-05-31,True,0.00024619999999997774,-0.0004652162207887541,-0.005855441941988467,-0.0049250095004109585,-0.00021901622078877636,204.42828809077054,165.67050172100713,123.39450050983271
2019-06-03,True,0.00024619999999997774,-0.009804716400362555,-0.016795742346056755,0.002813690454668357,-0.009558516400362578,202.47425694635686,165.71128979853086,122.18495021825117
2019-06-04,True,0.00024619999999997774,0.002316620356803165,-0.006108639877003324,-0.010741880590609654,0.0025628203568031425,202.99316209378756,165.75208791807924,122.46793668995244
2019-06-05,True,0.00024619999999997774,0.0002078338583274182,0.0031474985736623783,0.002731830857007542,0.00045403385832739593,203.08532786238712,165.79289608212468,122.49338340877394
2019-06-06,True,0.00024619999999997774,0.0015051652510022372,0.001984687530339671,-0.0010256429716648035,0.0017513652510022148,203.4410044485937,165.8337142931401,122.67771081155195
2019-06-07,True,0.00024619999999997774,-0.006336975851089709,-0.003609112274109119,0.0090648394280703,-0.006090775851089731,202.20189089157677,165.8745425535991,121.90049647084284
2019-06-10,True,0.00024619999999997774,-0.0031570422598794687,0.00670531824501091,0.013019402764769848,-0.002910842259879491,201.61331308254202,165.9153808659758,121.5157461775063
2019-06-11,True,0.00024619999999997774,0.0015842853490592385,-0.002912818399049567,-0.006081389097168044,0.0018304853490592162,201.9823632983149,165.95622923274502,121.70821440817694
2019-06-12,False,0.00024619999999997774,0.0,0.0,0.0,0.00024619999999997774,202.032091356159,165.99708765638215,121.70821440817694
2019-06-13,True,0.00024619999999997774,-0.005803891435309066,-0.006153704579000502,0.00545407829161763,-0.005557691435309088,200.90925933237128,166.03795613936316,121.00200701322719
2019-06-14,True,0.00024619999999997774,-0.005089631495032406,-0.001780987184328669,0.008398275805736143,-0.004843431495032429,199.93616909807724,166.0788346841647,120.38630297370503
2019-06-17,True,0.00024619999999997774,0.007492381209386532,0.022280436143077658,0.0072956737243045945,0.0077385812093865095,201.4833913793363,166.11972329326395,121.28806103513797
2019-06-18,True,0.00024619999999997774,-0.0017768137251291428,0.011545004104996173,0.015098631555254458,-0.0015306137251291652,201.1749981351055,166.16062196913876,121.07260778818583
2019-06-19,True,0.00024619999999997774,0.00768696315021865,0.016818726205046184,0.0014447999046088844,0.007933163150218627,202.77095221705622,166.20153071426756,122.0030593855712
2019-06-21,True,0.00024619999999997774,0.005073966637468391,0.00797519497590704,-0.0021727382990297407,0.005320166637468368,203.84972747208906,166.24244953112944,122.6219464685628
2019-06-24,True,0.00024619999999997774,0.00095072855778763,-0.012605373305172949,-0.014506830420748209,0.0011969285577876076,204.0937210323976,166.283378422204,122.73849795990479
2019-06-25,True,0.00024619999999997774,0.001972639591416618,0.0007450927290735512,-0.003200186453759684,0.0022188395914165956,204.54657226098382,166.32431738997158,122.98055718539015
2019-06-26,True,0.00024619999999997774,-0.0006642579491654946,0.0017628999896084846,0.003091415887939474,-0.00041805794916551685,204.46105994047556,166.365266436913,122.89888648001461
2019-06-27,True,0.00024619999999997774,-0.0013052232513759794,0.008400446255115539,0.011010892757867497,-0.0010590232513760017,204.24453092399762,166.4062255655098,122.73851547915308
2019-06-28,True,0.00024619999999997774,-0.0038536529050309425,-0.01119813811845073,-0.0034908323083888445,-0.003607452905030965,203.50772839757917,166.44719477824404,122.26564026429553
2019-07-01,True,0.00024619999999997774,-0.004599135830621381,0.004841839831642177,0.01404011149288494,-0.004352935830621404,202.62187231482898,166.48817407759847,121.7034623854959
2019-07-02,True,0.00024619999999997774,-1.1257912580319232e-05,0.008266100289270488,0.008288616114431126,0.0002349420874196585,202.6694767204675,166.52916346605636,121.70209259579786
2019-07-03,True,0.00024619999999997774,0.0027254886804981004,0.021316148734997382,0.01586517137400118,0.002971688680498078,203.27174731032014,166.57016294610173,122.03370862769354
2019-07-04,True,0.00024619999999997774,-0.00867365947528676,0.0035525411710399554,0.020899860121613476,-0.008427459475286782,201.5586828973917,166.6111725202191,120.97549032789595
2019-07-05,True,0.00024619999999997774,-0.0027839653008448605,-0.001749622896311667,0.0038183077053780545,-0.002537765300844883,201.0471742658507,166.65219219089357,120.63878165824487
2019-07-08,True,0.0004924606144399554,0.0025230896283449534,0.017726303111026805,0.012680123854336898,0.003015550242784909,201.6534421210193,166.73426183185765,120.94301429443203
2019-07-10,True,0.00024619999999997774,0.0019505015584728414,0.0006831359797975592,-0.0032178671371481237,0.0021967015584728193,202.09641455159795,166.77531180712066,121.17885576812888
2019-07-11,True,0.00024619999999997774,0.0046348246335129965,-0.009772784187716124,-0.019042433454742116,0.004881024633512974,203.08285212936892,166.81637188888757,121.74036027149516
2019-07-12,True,0.00024619999999997774,-0.0006406369399142544,-0.0023119647689146105,-0.0010306908890861017,-0.00039443693991427663,203.00274875062593,166.85744207964663,121.66238809637628
2019-07-15,True,0.00024619999999997774,-0.00658416203211463,-0.007457950013438815,0.0057103740507904455,-0.006337962032114652,201.71612503662953,166.89852238188664,120.86154038864134
2019-07-16,False,0.00024619999999997774,0.0,0.0,0.0,0.00024619999999997774,201.76578754661358,166.93961279809707,120.86154038864134
2019-07-17,True,0.00024619999999997774,0.0021553528551426352,0.004383650401589587,7.294469130431697e-05,0.002401552855142613,202.25033874976629,166.98071333076797,121.12197553566176
2019-07-18,True,0.00024619999999997774,0.004662615204359375,-0.006397037069059055,-0.015722267477777805,0.004908815204359353,203.24314828770795,167.02182398239003,121.68658169434009
2019-07-19,True,0.00024619999999997774,-0.0030467267624505034,-0.0036557745899784308,0.0024376789349225764,-0.0028005267624505257,202.67396041164352,167.0629447554545,121.31592718440116
2019-07-22,True,0.00024619999999997774,4.630784730483024e-05,-0.008897679717984188,-0.008990295412593849,0.000292507847304808,202.73324413550827,167.1040756524533,121.32154368105138
2019-07-23,True,0.00024619999999997774,-0.0006539287002974691,0.00453960435601085,0.005847461756605788,-0.0004077287002974914,202.6505839733698,167.14521667587897,121.24222756930062
2019-07-24,True,0.00024619999999997774,0.002869539978176584,-0.0005022892103326725,-0.0062413691666858406,0.0031157399781765616,203.2819904994564,167.18636782822458,121.59005135413805
2019-07-25,True,0.00024619999999997774,0.004577290210065909,0.012875970771388393,0.0037213903512565765,0.004823490210065886,204.26251919051325,167.2275291119839,122.14646731623287
2019-07-26,True,0.00024619999999997774,0.0001633775820013934,0.007269395085931533,0.0069426399219287465,0.00040957758200137114,204.34618053921682,167.26870052965128,122.16641839875649
2019-07-29,True,0.00024619999999997774,-0.005500097386160202,0.005082720354538532,0.016082915126858936,-0.005253897386160224,203.27256667541002,167.3098820837217,121.49465658800274
2019-07-30,True,0.00024619999999997774,0.004365326822487223,0.0029281146000628023,-0.005802539044911644,0.004611526822487201,204.20996356890947,167.35107377669073,122.02488992774697
2019-07-31,True,0.0002275100000000436,-0.009959716412838812,-0.0021849570775971505,0.017734475748080476,-0.009732206412838769,202.22255005189857,167.38914781948566,120.80983306634529
2019-08-01,True,0.0002275100000000436,2.2209235619068896e-05,0.0001466685473437732,0.0001022500761056354,0.0002497192356191125,202.27304891252246,167.4272305245061,120.81251555010105
2019-08-02,True,0.0002275100000000436,0.004214261015299703,-0.016878172661232496,-0.025306694691831902,0.0044417710152997465,203.17149947835838,167.4653218937227,121.32153521747962
2019-08-05,True,0.0002275100000000436,-0.009588161815225272,0.007601916590741202,0.026778240221191747,-0.009360651815225229,201.26968181296428,167.50342192910674,120.15854929706963
2019-08-06,True,0.0002275100000000436,-0.00029766628812053864,0.0012304136428502588,0.001825746219091336,-7.015628812049503e-05,201.25556147917706,167.54153063262984,120.12279028324764
2019-08-07,True,0.0002275100000000436,-0.007033009206487515,0.004310996392480794,0.018377014805455824,-0.006805499206487472,199.88591691522936,167.57964800626405,119.27815775562298
2019-08-08,True,0.0002275100000000436,-0.017423487694007672,0.013682699972920844,0.04852967536093619,-0.017195977694007627,196.4486831466088,167.61777405198197,117.20038895498382
2019-08-09,True,0.0002275100000000436,-0.0044346752038616054,-0.025571953725326772,-0.01670260331760356,-0.004207165203861562,195.62219108252995,167.65590877175654,116.68076151664069
2019-08-12,True,0.0002275100000000436,-0.005865058629241693,0.0023248120945312564,0.014054929353014643,-0.005637548629241649,194.5193614673434,167.69405216756118,115.99657766810844
2019-08-13,True,0.0002275100000000436,-0.001181269986396111,-0.028276356886655727,-0.025913816913863505,-0.0009537599863960675,194.33383668379656,167.73220424136983,115.85958555945909
2019-08-14,True,0.0002275100000000436,-0.003416242316893285,-0.01542943219661836,-0.00859694756283179,-0.0031887323168932414,193.71415809849708,167.7703649951568,115.46387116943401
2019-08-15,False,0.0002275100000000436,0.0,0.0,0.0,0.0002275100000000436,193.75823000660606,167.80853443089683,115.46387116943403
2019-08-16,True,0.0002275100000000436,-0.004879370388293651,-0.003869822494756906,0.005888918281830395,-0.004651860388293607,192.85689377153247,167.8467125505652,114.90060832346225
2019-08-19,True,0.0002275100000000436,-0.0007866217385351832,0.0014338068928810227,0.0030070503699513892,-0.0005591117385351397,192.74906521836738,167.88489935613757,114.81024556561515
2019-08-20,True,0.0002275100000000436,-0.0012910717856130446,0.013253893562535566,0.015836037133761655,-0.001063561785613001,192.54406467838848,167.9230948495901,114.66205101260883
2019-08-21,True,0.0002275100000000436,-0.0003139803681616281,-0.014068280002888992,-0.013440319266565736,-8.647036816158447e-05,192.52741532222842,167.96129903289932,114.62605756848619
2019-08-22,True,0.0002275100000000436,0.009642416195640558,-0.016052630219896852,-0.03533746261117797,0.009869926195640602,194.42764670209627,167.99951190804228,115.73107831915604
2019-08-23,True,0.0002275100000000436,0.009348370075725409,-0.01894033051527851,-0.037637070666729326,0.009575880075725452,196.28946253032106,168.03773347699646,116.81272918215844
2019-08-26,True,0.0002275100000000436,-0.013835824450748596,0.005556033562010694,0.033227682463507886,-0.013608314450748553,193.61829380084004,168.0759637417398,115.1968963857008
2019-08-27,True,0.0002275100000000436,-0.006379799853120137,-0.005411598867918792,0.007348000838321483,-0.006152289853120094,192.4270979365107,168.1142027042507,114.46213040966661
2019-08-28,True,0.0002275100000000436,0.0016220576910254986,0.032165451273695446,0.02892133589164445,0.0018495676910255422,192.78300487973186,168.15245036650794,114.64775235777935
2019-08-29,True,0.0002275100000000436,0.003536810746724375,0.013453564935094099,0.006379943441645349,0.0037643207467244187,193.5087019446165,168.1907067304908,115.05314752895075
2019-08-30,True,0.0002275100000000436,0.0012341823227126933,0.0017568890202510994,-0.0007114756251742874,0.0014616923227127369,193.79155212862702,168.22897179817906,115.19511179151405
2019-09-02,True,0.0002275100000000436,0.004151513770351809,-0.008438904088679065,-0.016741931629382683,0.004379023770351853,194.64016994189166,168.26724557155285,115.67323710610343
2019-09-03,True,0.0002275100000000436,-0.00207730062706792,0.009569179662668867,0.013723780916804706,-0.0018497906270678764,194.28012637988223,168.30552805259285,115.43300367363616
2019-09-04,True,0.0002275100000000436,0.0019088644126655785,0.00629982158368224,0.0024820927583510833,0.002136374412665622,194.69518147076968,168.34381924328008,115.65329950689086
2019-09-05,True,0.0002275100000000436,0.0074814769990479545,-0.0013944407577652302,-0.01635739475586114,0.007708986999047998,196.19608409350516,168.3821191455961,116.51836019705807
2019-09-06,True,0.0002275100000000436,0.013803270489360715,-0.0031488460382192874,-0.03075538701694072,0.014030780489360758,198.9488682822933,168.42042776152292,118.1263288108955
2019-09-09,True,0.0002275100000000436,0.0059158003447347,0.010738693093618202,-0.0010929075958511965,0.006143310344734743,200.17107292288517,168.45874509304295,118.82498163709276
2019-09-10,True,0.0002275100000000436,-0.012417881083730146,0.0034060232474565355,0.02824178541491683,-0.012190371083730103,197.7309132637268,168.49707114213908,117.34976277239082
2019-09-11,True,0.0002275100000000436,0.002100560433258631,0.00793959134764789,0.003738470481130629,0.0023280704332586744,198.1912447566373,168.53540591079462,117.59620697240285
2019-09-12,True,0.0002275100000000436,0.0034090169460240785,-0.013755617197799263,-0.02057365108984742,0.003636526946024122,198.91197255866086,168.5737494009934,117.99700324959889
2019-09-13,True,0.0002275100000000436,-0.005047682327337026,-0.005224211770475533,0.004871152884198519,-0.004820172327336982,197.9531825729576,168.6121016147196,117.40152733834175
2019-09-16,False,0.0002275100000000436,0.0,0.0,0.0,0.0002275100000000436,197.99821890152475,168.65046255395796,117.40152733834174
2019-09-17,True,0.0002275100000000436,-0.007719399787986833,-0.0039016763905316645,0.011537123185442002,-0.007491889787986789,196.51483806729686,168.68883222069363,116.49546415153246
2019-09-18,True,0.0002087199999999955,-0.005753078089630277,-0.003937990796334587,0.007568165382925966,-0.005544358089630282,195.42528943512605,168.72404095375472,115.82539650569998
2019-09-19,True,0.0002087199999999955,-0.004049065703384345,0.006988292794795897,0.015086424201564586,-0.0038403457033843492,194.67478876451122,168.7592570355826,115.35650973117544
2019-09-20,True,0.0002087199999999955,-7.735139889271858e-05,-0.006882641396241371,-0.006727938598455934,0.00013136860110727692,194.70036291918208,168.79448046771108,115.34758860579365
2019-09-23,True,0.0002087199999999955,-0.009631987439092346,-0.010332028338081396,0.008931946540103295,-0.00942326743909235,192.86564932890627,168.82971125167433,114.23679392627852
2019-09-24,True,0.0002087199999999955,-0.004221362033530814,-0.0011252738288718052,0.0073174502381898225,-0.004012642033530818,192.0917485175849,168.86494938900677,113.75465969262311
2019-09-25,True,0.0002087199999999955,0.0006461570590824417,0.0016839803741060717,0.00039166625594118837,0.0008548770590824372,192.25596334663163,168.90019488124327,113.82814773056373
2019-09-26,True,0.0002087199999999955,-0.004925202714662699,-0.00835532119734534,0.001495084231980057,-0.004716482714662703,191.3491914187164,168.93544772991888,113.26763801794334
2019-09-27,True,0.0002087199999999955,0.0016695228850033576,0.009294587492436994,0.005955541722430279,0.0018782428850033532,191.70859167604974,168.97070793656908,113.45670147042075
2019-09-30,True,0.0002087199999999955,0.0009197938251529728,-0.0019115926652146292,-0.0037511803155205747,0.0011285138251529683,191.92493747215676,169.0059755027296,113.56103646705496
2019-10-01,True,0.0002087199999999955,-0.0030398855989575077,-0.023712213637120245,-0.01763244243920523,-0.002831165598957512,191.38156619160353,169.04125042993655,113.21589594542574
2019-10-02,True,0.0002087199999999955,-0.0031882310302061693,0.0018557962931969258,0.008232258353609264,-0.0029795110302061737,190.81134270415748,169.0765327197263,112.85501283638244
2019-10-03,True,0.0002087199999999955,0.002007324721687421,0.012556418875277229,0.008541769431902387,0.0022160447216874168,191.23418917299512,169.11182237363556,113.08150222075095
2019-10-04,True,0.0002087199999999955,0.003275249378800582,-0.01697919293575518,-0.023529691693356343,0.0034839693788005777,191.90044323225356,169.1471193932014,113.45179505313332
2019-10-07,True,0.0002087199999999955,-0.0007582264095798551,-0.006636920529255315,-0.005120467710095605,-0.0005495064095798597,191.79499270869624,169.18242377996114,113.36579085670567
2019-10-08,True,0.0002087199999999955,-0.002141916075270311,0.005304775262025256,0.009588607412565878,-0.0019331960752703155,191.42421538153528,169.2177355354525,113.1230215177004
2019-10-09,True,0.0002087199999999955,0.007737286560937146,0.010227811014046486,-0.005246762107827806,0.00794600656093714,192.9452734528792,169.25305466121347,113.99810410458436
2019-10-10,True,0.0002087199999999955,-0.00901590445828164,0.012137134602008147,0.03016894351857143,-0.008807184458281644,191.24596883922612,169.28838115878239,112.97052256637083
2019-10-11,True,0.0002087199999999955,-0.003287369495933433,0.0002828983593474104,0.006857637351214276,-0.0030786494959334373,190.65718953365993,169.32371502969787,112.5992242139386
2019-10-14,True,0.0002087199999999955,-0.0020882815975808555,-0.004070442428950555,0.00010612076621115592,-0.0018795615975808599,190.29883760190978,169.35905627549886,112.36413439405794
2019-10-15,True,0.0002087199999999955,-0.007156557479119925,0.0017219716452940232,0.016035086603533873,-0.00694783747911993,188.97667220578626,169.39440489772468,111.56016181283248
2019-10-16,False,0.0002087199999999955,0.0,0.0,0.0,0.0002087199999999955,189.01611541680907,169.42976089791495,111.56016181283248
2019-10-17,True,0.0002087199999999955,-0.003909555381670054,-0.0014706005905836372,0.006348510172756472,-0.003700835381670059,188.3165978891687,169.4651242776096,111.12410219620028
2019-10-18,True,0.0002087199999999955,0.0072819501904607285,0.01821577227554434,0.0036518718946228824,0.007490670190460724,189.72721541534608,169.50049503834882,111.93313351233637
2019-10-21,True,0.0002087199999999955,0.0013036246512851458,0.003121584865514415,0.0005143355629441237,0.0015123446512851414,190.01414835478272,169.53587318167322,112.07902185466386
2019-10-22,True,0.0002087199999999955,-0.0022447059523155012,-0.006048756875976691,-0.0015593449713456886,-0.0020359859523155057,189.6272822179912,169.5712587091237,111.82748990692512
2019-10-23,True,0.0002087199999999955,-0.005306504560253983,-0.012919313947610533,-0.0023063048271025678,-0.0050977845602539875,188.66060318649738,169.6066516222415,111.23420065310532
2019-10-24,True,0.0002087199999999955,-0.0011664467241008112,-0.007364523967241676,-0.005031630519040054,-0.0009577267241008158,188.4799178850407,169.6420519225681,111.10447895965737
2019-10-25,True,0.0002087199999999955,0.002332964514457575,0.007840951511615957,0.003175022482700807,0.0025416845144575705,188.95897437361532,169.6774596116454,111.36362767694725
2019-10-28,True,0.0002087199999999955,-0.0011427706142768444,-0.001805882371387979,0.0004796588571657101,-0.000934050614276849,188.78247712752852,169.71287469101551,111.23639115254615
2019-10-29,True,0.0002087199999999955,-0.006131755097296859,0.005685721270879174,0.017949231465472892,-0.005923035097296863,187.66431188974755,169.74829716222104,110.55445917693358
2019-10-30,True,0.0001898499999999249,-0.002047698933994419,-0.009575075761426988,-0.00547967789343815,-0.001857848933994494,187.31565994795437,169.7805238764373,110.3281198992405
2019-10-31,True,0.0001898499999999249,0.0023180476872046163,0.021747872639817888,0.017111777265408655,0.0025078976872045414,187.78542845831504,169.8127567088952,110.58381719827436
2019-11-01,True,0.0001898499999999249,0.010279058654687206,0.010545668010151443,-0.010012449299222969,0.010468908654687132,189.75133695552643,169.84499566075638,111.72029898044828
2019-11-04,True,0.0001898499999999249,0.004147773490459927,-0.0034112786821419603,-0.011706825663061814,0.004337623490459851,190.57440681205085,169.87724073318256,112.18360151691907
2019-11-05,True,0.0001898499999999249,-0.00018008461862314973,0.00851456162252805,0.00887473085977435,9.76538137677517e-06,190.57626784381404,169.90949192733572,112.16340281054855
2019-11-06,True,0.0001898499999999249,-0.004873051310099602,0.0032271688526773535,0.012973271472876557,-0.004683201310099677,189.68376081657397,169.94174924437812,111.61692854167731
2019-11-07,True,0.0001898499999999249,-0.0012511442226388284,-0.010007495338284956,-0.007505206893007299,-0.0010612942226389036,189.48245053709093,169.97401268547216,111.47730617369025
2019-11-08,True,0.0001898499999999249,-0.01362480571217927,-0.0011488741579983252,0.026100737266360217,-0.013434955712179345,186.9367622058899,170.0062822517805,109.95873783595552
2019-11-11,True,0.0001898499999999249,0.0020958716209672386,-0.011928744637638277,-0.016120487879572754,0.0022857216209671636,187.36404760501745,170.038557944466,110.18915348965139
2019-11-12,True,0.0001898499999999249,-0.0017324496726732145,-0.008650921760938535,-0.005186022415592106,-0.0015425996726732896,187.0750198865112,170.07083976469173,109.9982925617033
2019-11-13,True,0.0001898499999999249,-0.007642404682895888,0.011904045477887315,0.02718885484367909,-0.007452554682895963,185.68083307100315,170.10312771362103,109.15780066290617
2019-11-14,True,0.0001898499999999249,-0.002615318917145276,-0.007355244326025556,-0.0021246064917350036,-0.002425468917145351,185.23046998187976,170.13542179241745,108.87237239043603
2019-11-18,False,0.0001898499999999249,0.0,0.0,0.0,0.0001898499999999249,185.26563598660582,170.16772200224472,108.87237239043603
2019-11-19,True,0.00037973604302234966,0.0022947123091527242,0.017172935023175472,0.012583510404870024,0.002674448352175074,185.76111936148484,170.232340819648,109.12210832974962
2019-11-21,True,0.0001898499999999249,-0.0003949327451232502,0.013685304288684818,0.014475169778931318,-0.00020508274512332528,185.723022961189,170.2646594295526,109.07902061615572
2019-11-22,True,0.0001898499999999249,0.00245943536218598,0.005778719307473345,0.0008598485831013858,0.002649285362185905,186.21505624734104,170.2969841751453,109.34724249480807
2019-11-25,True,0.0001898499999999249,-0.007449013132618892,-0.015998360723998906,-0.0011003344587611208,-0.007259163132618968,184.86329077629176,170.32931505759092,108.53286805843533
2019-11-26,True,0.0001898499999999249,-0.004463838228343425,-0.0011621317435058676,0.007765544713180983,-0.004273988228343501,184.07318724766105,170.3616520780546,108.04848685273623
2019-11-27,True,0.0001898499999999249,-0.0007981774084659275,0.0070136079578308475,0.008609962774762702,-0.0006083274084660026,183.9612104826946,170.3939952377016,107.96226136142099
2019-11-28,True,0.0001898499999999249,-0.00623770172851807,0.0012867017492965815,0.01376210520633272,-0.006047851728518145,182.84864035789653,170.42634453769747,107.28895280474157
2019-11-29,True,0.0001898499999999249,0.0025470588413652965,-0.004879592176341685,-0.009973709859072278,0.0027369088413652216,183.34908041832364,170.45869997920795,107.56217220985965
2019-12-02,True,0.0001898499999999249,0.00033377292290620044,0.004486093945436098,0.0038185480996236975,0.0005236229229061253,183.44508619972447,170.491061563399,107.59806673589651
2019-12-03,True,0.0001898499999999249,-0.006715340470253328,0.005604134142339856,0.01903481508284651,-0.006525490470253403,182.24801703791334,170.5234292914368,106.87564623535596
2019-12-04,True,0.0001898499999999249,-0.0036942636236994785,0.0015957219048422621,0.00898424915224122,-0.0035044136236995534,181.60934460411343,170.55580316448777,106.48089436685153
2019-12-05,True,0.0001898499999999249,0.002350009209642379,0.018626282270825568,0.01392626385154081,0.002539859209642304,182.07060677056333,170.58818318371854,106.73107795191098
2019-12-06,True,0.0001898499999999249,0.011780993424026031,0.018576534436258695,-0.004985452411793367,0.011970843424025957,184.25014549633113,170.62056935029594,107.98823740767898
2019-12-09,True,0.0001898499999999249,-0.003872360294176214,-0.005829510667359483,0.001915209920992944,-0.0036825102941762887,183.57164243883742,170.65296166538707,107.57014741928771
2019-12-10,True,0.0001898499999999249,6.89681611573071e-05,0.015440884303113212,0.015302947980798598,0.000258818161157232,183.61915411377402,170.68536013015924,107.5775649263369
2019-12-11,True,0.0001708900000000369,0.008682391650623905,0.029194698726174327,0.011829915424926517,0.008853281650623941,185.2447862015926,170.71452855135192,108.51143588863903
2019-12-12,True,0.0001708900000000369,-0.002931980519583383,0.015452990889710005,0.02131695192887677,-0.0027610905195833463,184.73330857860913,170.7437019571361,108.19333683240922
2019-12-13,True,0.0001708900000000369,0.006123012478168172,0.011671185128730766,-0.0005748398276055778,0.0062939024781682095,185.89600200727224,170.77288034836354,108.85569279387846
2019-12-16,True,0.0001708900000000369,-0.0026648856862518614,-0.002093242571829057,0.0032365288006746653,-0.0024939956862518246,185.43237818017465,170.8020637258863,108.56565438094937
2019-12-17,True,0.0001708900000000369,-0.0003534563903636436,0.008010812059175332,0.00871772483990262,-0.00018256639036360667,185.39852446023374,170.83125209055646,108.52728771311428
2019-12-18,True,0.0001708900000000369,-0.0043364522801489,0.006825439762821251,0.015498344323119051,-0.004165562280148863,184.62623535994695,170.86044544322624,108.05674471994446
2019-12-19,False,0.0001708900000000369,0.0,0.0,0.0,0.0001708900000000369,184.65778613730762,170.88964378474805,108.05674471994446
2019-12-20,True,0.0001708900000000369,0.0011256219774648185,0.011315699384961886,0.009064455430032248,0.0012965119774648553,184.89719716876678,170.91884711597444,108.1783549846364
2019-12-23,True,0.00034180920339217386,0.0009694940085605442,0.017765712479505445,0.015826724462384357,0.0013113032119527182,185.13965345729525,170.97726875095188,108.28319741554213
2019-12-26,True,0.0001708900000000369,0.005917006815876736,0.011210828091470438,-0.0006231855402830333,0.006087896815876773,186.26676456407046,171.00648705640876,108.92380036005763
2019-12-27,True,0.0001708900000000369,0.0005606017399628739,-0.003782286300457893,-0.004903489780383641,0.0007314917399629108,186.40301716377869,171.03571035498183,108.98485279881157
2019-12-30,True,0.00034180920339217386,0.003566172787061417,0.027830577508434408,0.020698231934311574,0.003907981990453591,187.13147679782094,171.09417193488989,109.37337881329708
2020-01-02,True,0.0001708900000000369,-0.006094700278189752,0.002570238806600511,0.014759639362980016,-0.005923810278189715,186.0229454321932,171.12341021793188,108.7068947464793
2020-01-03,True,0.0001708900000000369,-0.003909980466189811,-0.005031355335262078,0.0027886055971175438,-0.0037390904661897743,185.32738881043514,171.15265349750405,108.28192553446904
2020-01-06,True,0.0001708900000000369,-0.003742311555713412,0.005357466770278341,0.012842089881705165,-0.003571421555713375,184.6655065791735,171.18190177446024,107.87677007028377
2020-01-07,True,0.0001708900000000369,0.001710845760344687,-0.001960309750587508,-0.005382001271276882,0.001881735760344724,185.01299826660568,171.2111550496545,108.06129905084069
2020-01-08,True,0.0001708900000000369,0.004978419162470144,0.008095846704432886,-0.0018609916205074017,0.005149309162470181,185.96568739375599,171.24041332394094,108.59918157401242
2020-01-09,True,0.0001708900000000369,-0.00026397815126861786,0.0018454029131868,0.0023733592157240357,-9.308815126858095e-05,185.9483761917171,171.2696765981739,108.57051866103642
2020-01-10,True,0.0001708900000000369,0.001289595496376788,0.015527470380809382,0.012948279388055806,0.0014604854963768247,186.21995109821995,171.2989448732078,108.71050679036954
2020-01-13,True,0.0001708900000000369,0.0015463034975456095,0.01549200686533272,0.0123993998702415,0.0017171934975456463,186.5397267873591,171.3282181498972,108.87857750563492
2020-01-14,True,0.0001708900000000369,-0.0037289239188092404,-0.005200303919154358,0.0022575439184641223,-0.0035580339188092036,185.87601211224427,171.35749642909687,108.47264694320204
2020-01-15,True,0.0001708900000000369,0.0007112898836125982,0.003904698174130539,0.0024821184069053425,0.0008821798836126351,186.03998819097583,171.38677971166166,108.54978925677143
2020-01-16,True,0.0001708900000000369,0.002959324045568845,0.014531275110121932,0.008612627018984242,0.0031302140455688817,186.6223331750487,171.4160679984466,108.87096837196142
2020-01-17,True,0.0001708900000000369,-0.0011043346204096423,0.008851905053030528,0.011060574293849813,-0.0009334446204096054,186.44813156209818,171.44536129030686,108.75075893502144
2020-01-20,True,0.0001708900000000369,-0.006357004373202063,-0.0036348174350956165,0.00907919131130851,-0.006186114373202026,185.29474209558524,171.4746595880978,108.05954800591813
2020-01-21,True,0.0001708900000000369,0.00219669618189427,0.02106300214022644,0.0166696097764379,0.002367586181894307,185.7334433665484,171.50396289267485,108.29688144452861
2020-01-22,True,0.0001708900000000369,-0.0041861325801441085,0.0011014721241666137,0.00947373728445483,-0.004015242580144071,184.98767853618628,171.5332712048936,107.84361379969349
2020-01-23,True,0.0001708900000000369,-0.0010414812707067677,-0.007196392356395842,-0.0051134298149823065,-0.0008705912707067308,184.82662987806435,171.56258452560982,107.73131588634615
2020-01-24,False,0.0001708900000000369,0.0,0.0,0.0,0.0001708900000000369,184.85821490084425,171.59190285567942,107.73131588634617
2020-01-27,True,0.0001708900000000369,-0.006106083159218042,0.0125211861083188,0.024733352426754885,-0.005935193159218005,183.76104568833952,171.62122619595846,107.07361190772505
2020-01-28,True,0.0001708900000000369,0.006694467269538162,-0.003706747894060679,-0.017095682433137003,0.006865357269538199,185.02263091921392,171.6505545473031,107.79029022491493
2020-01-29,True,0.0001708900000000369,-0.00040649285012971017,-0.010700442451269675,-0.009887456751010255,-0.00023560285012967327,184.97903906003086,171.6798879105697,107.74648172905893
2020-01-30,True,0.0001708900000000369,0.0007196522595098375,-0.015530670070059776,-0.01696997458907945,0.0008905422595098744,185.14377071143733,171.70922628661478,107.82400847954307
2020-01-31,True,0.0001708900000000369,-0.008351681318938087,0.004736387933420672,0.021439750571296847,-0.008180791318938051,183.62914815924574,171.73856967629493,106.92365058435215
2020-02-03,True,0.0001708900000000369,0.0029160581063839763,0.008363641474146416,0.0025315252613784633,0.003086948106384013,184.19600181043285,171.76791808046693,107.23539288876043
2020-02-04,True,0.0001708900000000369,-0.0016821014762390999,0.0017392408376896253,0.005103443790167825,-0.001511211476239063,183.91764269861957,171.79727149998774,107.05504289608737
2020-02-05,True,0.00016136999999987495,-0.0026367360073726,-0.01128192217536786,-0.00600845016062266,-0.0024753660073727254,183.4623792177273,171.82499442568965,106.77281255322289
2020-02-06,True,0.00016136999999987495,0.002858956904883298,-0.016038090582899532,-0.021756004392666128,0.0030203269048831726,184.01649557771248,171.8527218250401,107.07802217124969
2020-02-07,True,0.00016136999999987495,0.012079087206650746,-0.007591653764787865,-0.03174982817808936,0.01224045720665062,186.26894161714927,171.88045369876096,108.3712182559197
2020-02-10,True,0.00016136999999987495,-0.012191459823241152,0.019083324456925673,0.04346624410340798,-0.012030089823241278,184.02810951821488,171.90819004757432,107.05022807074315
2020-02-11,True,0.00016136999999987495,-0.006905386726128089,0.004445521986079514,0.018256295438335693,-0.006744016726128214,182.78702086954627,171.93593087220228,106.3111241159996
2020-02-12,True,0.00016136999999987495,0.0002054351378740671,-0.004177575198614634,-0.004588445474362768,0.0003668051378739421,182.8540680879379,171.9636761733671,106.33296063268124
2020-02-13,True,0.00016136999999987495,-0.005603323383638836,-0.008805715590573648,0.0024009311767040254,-0.005441953383638961,181.85898477339458,171.99142595179114,105.73723879954882
2020-02-14,True,0.00016136999999987495,-0.001567040313061813,0.007317177171228827,0.010451257797352453,-0.001405670313061938,181.60335099733504,172.01918020819699,105.57157101756805
2020-02-17,True,0.00016136999999987495,0.004699683658499694,0.0016995818957899528,-0.007699785421209435,0.004861053658499569,182.48613463109643,172.04693894330714,106.06764395339182
2020-02-18,True,0.00016136999999987495,-0.004739165566677896,0.010841569791424265,0.020319900924780056,-0.0045777955666780204,181.65075041300202,172.0747021578444,105.56505293054263
2020-02-19,True,0.00016136999999987495,0.0009892780363363295,-0.019320416896179523,-0.021298972968852182,0.0011506480363362044,181.85976649226373,172.10246985253156,105.66946926914696
2020-02-20,True,0.00016136999999987495,0.001113385361891993,0.00010068929181648237,-0.002126081431967504,0.001274755361891868,182.09159320471215,172.13024202809163,105.7871011271772
2020-02-21,True,0.00016136999999987495,0.003769988761193707,-0.0649902805414373,-0.07253025806382471,0.003931358761193582,182.8074605849972,172.1580186852477,106.18585296292216
2020-02-26,True,0.00016136999999987495,0.00026135217670746405,-0.0393972519595048,-0.03991995631291973,0.000422722176707339,182.884737352654,172.18579982472292,106.2136003891274
2020-02-27,False,0.00016136999999987495,0.0,0.0,0.0,0.00016136999999987495,182.91424946272056,172.2135854472406,106.21360038912738
2020-02-28,True,0.00016136999999987495,-0.009184993576114651,0.020183161416859344,0.03855314856908865,-0.009023623576114777,181.26370012886144,172.2413755535242,105.23818655438778
2020-03-02,True,0.00016136999999987495,-0.011110876112027258,-0.021312303317028894,0.0009094489070256208,-0.010949506112027383,179.27895213641176,172.26917014429722,104.06908675896155
2020-03-03,True,0.00016136999999987495,-0.00487716221343586,0.01692469816096307,0.02667902258783479,-0.004715792213435985,178.4335098498939,172.2969692202834,103.56160683346955
2020-03-04,True,0.00016136999999987495,7.074046195612582e-06,-0.0504927618625338,-0.050506909954925024,0.00016844404619548753,178.46356591226987,172.32477278220642,103.56233931485986
2020-03-05,True,0.00016136999999987495,0.010338649111663718,-0.03202579607999346,-0.052703094303320895,0.010500019111663593,180.33743676508433,172.3525808307903,104.63286125209423
2020-03-06,True,0.00016136999999987495,0.007107504061640665,-0.12919160409142263,-0.14340661221470397,0.007268874061640541,181.64828688152878,172.3803933667589,105.37641975038969
2020-03-09,True,0.00016136999999987495,0.007024084533931857,0.07580617013663028,0.06175800106876657,0.007185454533931732,182.95351238808263,172.4082103908365,106.11647320817305
2020-03-10,True,0.00016136999999987495,0.004261144040759744,-0.06903485971282365,-0.07755714779434314,0.004422514040759619,183.7626268654252,172.43603190374722,106.56857782948775
2020-03-11,True,0.00016136999999987495,0.007582061800434081,-0.15811682264309734,-0.1732809462439655,0.007743431800433956,185.18558023402622,172.4638579062155,107.37645700511273
2020-03-12,True,0.00016136999999987495,0.006736787216137963,0.12749139384334932,0.11401781941107339,0.006898157216137838,186.46301948064223,172.4916883989658,108.09971263621777
2020-03-13,True,0.00016136999999987495,0.010446270580736675,-0.14191388258565787,-0.16280642374713122,0.010607640580736549,188.44095217289177,172.51952338272272,109.22876928824365
2020-03-16,True,0.00016136999999987495,-0.002493705004431874,0.039510529365356,0.044497939374219746,-0.002332335004431999,188.00144474387045,172.54736285821096,108.95642890720893
2020-03-17,True,0.00016136999999987495,0.004498016881407968,-0.14468295327345124,-0.15367898703626717,0.004659386881407843,188.87741620919573,172.57520682615535,109.44643769105403
2020-03-18,True,0.0001422700000000304,-0.03542959045734954,0.028050366031379528,0.0989095469460786,-0.03528732045734951,182.21243829626567,172.5997591008305,105.56934682036234
2020-03-19,True,0.0001422700000000304,0.008746353613342538,0.013445420860779721,-0.004047286365905355,0.00888862361334257,183.8320560779506,172.62431486855778,106.49256231251476
2020-03-20,True,0.0001422700000000304,0.005726769395016373,-0.06631855542309638,-0.07777209421312913,0.005869039395016404,184.91097365713895,172.64887412983413,107.10233390695822
2020-03-23,True,0.0001422700000000304,-0.00019573273960717813,0.0835971062751813,0.08398857175439566,-5.346273960714774e-05,184.90108780990383,172.6734368851566,107.08137345576768
2020-03-24,True,0.0001422700000000304,0.006819936706625909,0.12165627395072205,0.10801640053747023,0.0069622067066259395,186.18840740351635,172.69800313502225,107.81155776187335
2020-03-25,True,0.0001422700000000304,-0.002014789230226185,0.043255440445614496,0.047285018906066865,-0.0018725192302261543,185.8397660302081,172.72257287992824,107.59437109554786
2020-03-26,True,0.0001422700000000304,-0.0023349302035172922,-0.05269819301876868,-0.048028332611734094,-0.002192660203517262,185.4322825710027,172.74714612037187,107.34318148549424
2020-03-27,True,0.0001422700000000304,0.004337400482364448,-0.00945902873261188,-0.018133829697340776,0.004479670482364478,186.2629580937135,172.77172285685043,107.80870562252898
2020-03-30,False,0.0001422700000000304,0.0,0.0,0.0,0.0001422700000000304,186.2894577247615,172.79630308986128,107.80870562252898
2020-03-31,True,0.0001422700000000304,-0.005056013606078994,-0.03584951915405242,-0.025737491941894432,-0.004913743606078964,185.3740790929865,172.82088681990186,107.26370087787272
2020-04-01,True,0.0001422700000000304,-0.008285528622639227,0.010379912970855377,0.02695097021613383,-0.008143258622639196,183.86453002499874,172.84547404746974,106.37509083662947
2020-04-02,True,0.0001422700000000304,-0.011369911567775143,-0.05610376764574452,-0.033363944510194234,-0.011227641567775112,181.80016498485062,172.87006477306247,105.16578750838745
2020-04-03,True,0.0001422700000000304,0.022802337318252472,0.07579331742029302,0.030188642783788078,0.022944607318252503,185.97149838082154,172.89465899717774,107.56347215089927
2020-04-06,True,0.0001422700000000304,0.0038304076972946674,0.05967103164129228,0.05201021624670295,0.003972677697294698,186.7103032047715,172.91925672031326,107.9754254939717
2020-04-07,True,0.0001422700000000304,-0.0027272380729741856,0.02511662746089609,0.030571103606844462,-0.0025849680729741554,186.22766303209184,172.94385794296684,107.68099269157376
2020-04-08,True,0.0001422700000000304,-0.0010605497209436598,-0.007944704308662254,-0.005823604866774934,-0.0009182797209436295,186.05665394565074,172.9684626656364,107.5668078898955
2020-04-09,True,0.0001422700000000304,0.003970169634970594,0.003703006640854334,-0.004237332629086854,0.0041124396349706245,186.82180070368685,172.99307088881983,107.9938056153443
2020-04-13,True,0.0001422700000000304,0.006120056822451465,0.03552564512559227,0.023285531480689337,0.006262326822451495,187.99173987725223,173.01768261301518,108.65463982529992
2020-04-14,True,0.0001422700000000304,0.017703449056420666,0.03402209350302813,-0.0013848046098132061,0.017845719056420697,191.3465876520294,173.04229783872054,110.57792807997089
2020-04-15,True,0.0001422700000000304,0.004770323278311523,0.005905892637866695,-0.0036347539187563506,0.004912593278311553,192.28659561235665,173.06691656643406,111.10534550868066
2020-04-16,True,0.0001422700000000304,-0.0016149991609235468,0.001972956200543885,0.005202954522390979,-0.0014727291609235164,192.0034095357436,173.09153879665396,110.92593599350174
2020-04-17,True,0.0001422700000000304,-0.007784823014070114,0.008642480017622111,0.02421212604576234,-0.0076425530140700835,190.53601329948447,173.11616452987855,110.06252005230823
2020-04-20,True,0.0001422700000000304,0.00044975926112430543,0.028908107248851077,0.028008588726602467,0.0005920292611243358,190.64881619465572,173.1407937666062,110.11201464840825
2020-04-22,True,0.0001422700000000304,-0.00349218331104721,-0.02723559492675757,-0.02025122830466315,-0.0033499133110471797,190.01015918754987,173.16542650733538,109.72753800799892
2020-04-23,True,0.0001422700000000304,-0.006630756785003699,-0.06099348193282814,-0.047731968362820745,-0.006488486785003669,188.777280780645,173.19006275256456,109.00006488845135
2020-04-24,True,0.0001422700000000304,-0.002636927450910752,0.028821706485009802,0.034095561386831306,-0.002494657450910722,188.3063461305829,173.2147025027924,108.71268051137126
2020-04-27,True,0.0001422700000000304,0.009214127213153728,0.049386624947837555,0.0309583705215301,0.00935639721315376,190.0682151027383,173.23934575851746,109.71423048877072
2020-04-28,True,0.0001422700000000304,0.024650276595325277,0.04891521232771469,-0.0003853408629358679,0.02479254659532531,194.78049018196324,173.26399252023853,112.4183319042538
2020-04-29,True,0.0001422700000000304,-0.008415781053580125,-0.04710105912920494,-0.03026949702204469,-0.008273511053580094,193.168971643421,173.28864278845438,111.47237841734147
2020-04-30,True,0.0001422700000000304,-0.01168042260550924,-0.033135728078356144,-0.009774882867337664,-0.011538152605509208,190.94015856994994,173.31329656366387,110.1705191441045
2020-05-04,False,0.0001422700000000304,0.0,0.0,0.0,0.0001422700000000304,190.9673236263097,173.337953846366,110.17051914410452
2020-05-05,True,0.0001422700000000304,-0.011234977668309432,-0.013173750014178975,0.009296205322439887,-0.011092707668309401,188.8489789311236,173.36261463705972,108.9329318933526
2020-05-06,True,0.00011344999999995498,-0.031010593183493654,-0.05485586411637429,0.007165322250613016,-0.030897143183493698,183.0140849890321,173.3822826256903,105.55524025723876
2020-05-07,True,0.00011344999999995498,0.002055591775533827,0.023766930598528413,0.01965574704746076,0.002169041775533782,183.4110501848844,173.40195284565417,105.77219412755944
2020-05-08,True,0.00011344999999995498,-0.01746414503271925,-0.03820230377674076,-0.0032740137113022594,-0.017350695032719295,180.22874098749574,173.42162529720449,103.92518273232962
2020-05-11,True,0.00011344999999995498,-0.010793993750641558,-0.02401725699716837,-0.0024292694958852556,-0.010680543750641603,178.30380003425572,173.44129998059447,102.80354220949988
2020-05-12,True,0.00011344999999995498,-0.006146281049586878,-0.019257583376860933,-0.006965021277687178,-0.006032831049586923,177.2281233331497,173.46097689607726,102.17175442251164
2020-05-13,True,0.00011344999999995498,0.008844525348751525,0.020162121109071462,0.002473070411568412,0.008957975348751479,178.81572849307355,173.4806560439061,103.07531258575435
2020-05-14,True,0.00011344999999995498,0.002734874235698759,-0.003945333613225887,-0.009415082084623405,0.002848324235698714,179.32505366626447,173.50033742433428,103.35717862477958
2020-05-15,True,0.00011344999999995498,0.015469578044437316,0.059834289376546404,0.028895133287671772,0.01558302804443727,182.1194810066161,173.52002103761507,104.95588919225459
2020-05-18,True,0.00011344999999995498,-0.015060899504313895,-0.02373337284551654,0.006388426163111249,-0.014947449504313941,179.39725926051784,173.5397068840018,103.3753384062308
2020-05-19,True,0.00011344999999995498,0.015963520172081976,0.035473293544307595,0.0035462532001436452,0.01607697017208193,182.28142364660243,173.55939496374774,105.02538550833073
2020-05-20,True,0.00011344999999995498,0.0011434050964836007,0.019364181725813067,0.017077371532845866,0.0012568550964835558,182.51052498290696,173.57908527710637,105.14545844710624
2020-05-21,True,0.00011344999999995498,0.002037269423618193,-0.0056676952704083905,-0.009742234117644777,0.002150719423618148,182.90305391400244,173.59877782433105,105.35964377530735
2020-05-22,True,0.00011344999999995498,0.023282081168023792,0.05656116337028587,0.009997001034238284,0.02339553116802375,187.1821680125742,173.6184726056752,107.81235729316953
2020-05-25,True,0.00011344999999995498,-0.015601942917353357,-0.017875466491627023,0.013328419343079689,-0.015488492917353403,184.2829983290566,173.6381696213923,106.13046585947934
2020-05-26,True,0.00011344999999995498,0.012224291027676755,0.04515609842224442,0.02070751636689091,0.01233774102767671,186.5566342382443,173.65786887173584,107.42768839115233
2020-05-27,True,0.00011344999999995498,0.00357087062222714,-0.006653338195079539,-0.013795079439533819,0.003684320622227095,187.24396869298153,173.67757035695934,107.81125525198168
2020-05-28,True,0.00011344999999995498,-0.009818323465383765,-0.018503669246790266,0.0011329776839772653,-0.00970487346538381,185.42678966965985,173.69727407731634,106.75284955083546
2020-05-29,True,0.00011344999999995498,0.011379531897559931,0.038708581041546244,0.015949517246426383,0.011492981897559885,187.5578964066559,173.7169800330604,107.96750920431695
2020-06-01,True,0.00011344999999995498,0.022438115454425728,0.04681009425824935,0.0019338633493978907,0.022551565454425684,191.78762058396498,173.73668822444515,110.38982182980278
2020-06-02,True,0.00011344999999995498,0.03086839082665668,0.07809566142378935,0.01635887977047599,0.030981840826656636,197.7295541174206,173.7563986517242,113.79699144993674
2020-06-03,False,0.00011344999999995498,0.0,0.0,0.0,0.00011344999999995498,197.75198653533522,173.77611131515124,113.79699144993675
2020-06-04,True,0.00011344999999995498,0.016663285516153082,0.02850137086409966,-0.004825200168206501,0.016776735516153038,201.06961931123243,173.79582621497997,115.69300810625661
2020-06-05,True,0.00011344999999995498,0.002219721087648275,0.04508066642299287,0.04064122424769632,0.00233317108764823,201.5387491336138,173.81554335146404,115.94978518468398
2020-06-08,True,0.00011344999999995498,0.010648611343579528,0.009653433848699234,-0.011643788838459823,0.010762061343579482,203.70772151489805,173.83526272485724,117.18434932118593
2020-06-09,True,0.00011344999999995498,-0.015914316881861172,-0.04181953309474673,-0.009990899331024383,-0.015800866881861216,200.48896292443388,173.85498433541338,115.31965200240468
2020-06-10,True,0.00011344999999995498,-0.009152846619374717,-0.038161157561047,-0.019855464322297567,-0.009039396619374763,198.6766636707528,173.87470818338622,114.26426864866848
2020-06-12,True,0.00011344999999995498,-0.009652451888340685,-0.025130869526616983,-0.005825965749935613,-0.009539001888340731,196.78148660082823,173.89443426902963,113.16146340623553
2020-06-15,True,0.00011344999999995498,-0.012359190074434794,-0.005026988431830304,0.019691391717039285,-0.01224574007443484,194.37175166445363,173.91416259259745,111.76303802225647
2020-06-16,True,0.00011344999999995498,0.006560022635766593,0.029917764488876463,0.016797719217343278,0.006673472635766548,195.66888623035234,173.93389315434356,112.49612291304364
2020-06-17,True,8.441999999999047e-05,-0.012706254746606332,-0.0030892021945603475,0.02232330729865232,-0.012621834746606341,193.19918588330032,173.94857665360368,111.06683917743791
2020-06-18,True,8.441999999999047e-05,0.006363303199785425,-0.0010498106439076117,-0.013776417043478461,0.0064477231997854155,194.44488075629974,173.9632613924448,111.77353149160061
2020-06-19,True,8.441999999999047e-05,0.007771413912792514,0.021262972061208175,0.005720144235623148,0.007855833912792504,195.97240744471398,173.97794737097158,112.64209654505453
2020-06-22,True,8.441999999999047e-05,-0.005217148882739536,0.0013300338135026069,0.01176433157898168,-0.005132728882739546,194.9665342088025,173.99263458928863,112.05447556387831
2020-06-23,True,8.441999999999047e-05,-0.01173729930909071,-0.03163577034121473,-0.008161171723033312,-0.011652879309090718,192.6946127163556,174.00732304750068,110.73936966650172
2020-06-24,True,8.441999999999047e-05,-0.00042806801686641753,0.002956431068632359,0.0038125671023651942,-0.0003436480168664271,192.6283935948348,174.02201274571237,110.6919696856459
2020-06-25,True,8.441999999999047e-05,0.0001767559005604498,-0.019693298574076888,-0.020046810375197788,0.00026117590056044023,192.67870348900541,174.03670368402837,110.71153349285589
2020-06-26,True,8.441999999999047e-05,0.0009652547486544705,0.014670151204012927,0.012739641706703986,0.001049674748654461,192.8809534586613,174.0513958625534,110.81838930552297
2020-06-29,True,8.441999999999047e-05,-0.013600204361622497,-0.020648438323269614,0.006551970399975382,-0.013515784361622506,190.2740160842499,174.06608928139212,109.31136378703627
2020-06-30,True,8.441999999999047e-05,0.01279876944705749,0.02344958985533847,-0.0021479490387765086,0.012883189447057481,192.72535228031578,174.08078394064924,110.71029663217922
2020-07-01,True,8.441999999999047e-05,-0.012242278417978002,-0.017579259295339444,0.006905297540616561,-0.01215785841797801,190.38222473373676,174.09547984042953,109.3550647657453
2020-07-02,True,8.441999999999047e-05,0.009620210969905747,0.019397598986838727,0.0001571770470272349,0.009704630969905738,192.22981396800736,174.11017698083768,110.40699475548975
2020-07-03,True,8.441999999999047e-05,0.006801949034394933,0.02598279146703314,0.012378893398243274,0.006886369034394923,193.55357940640414,174.12487536197844,111.15791411424499
2020-07-06,False,8.441999999999047e-05,0.0,0.0,0.0,8.441999999999047e-05,193.56991919957764,174.1395749839565,111.157914114245
2020-07-07,True,8.441999999999047e-05,0.0006969195217381829,0.017718091681535587,0.01632425263805922,0.0007813395217381733,193.72116302766796,174.15427584687666,111.23537569528025
2020-07-08,True,8.441999999999047e-05,0.0001275063240914363,-0.0034859028094083146,-0.003740915457591187,0.00021192632409142677,193.7622176416471,174.16897795084367,111.24955771189822
2020-07-09,True,8.441999999999047e-05,-0.00028913774612628323,0.0060258171098567905,0.006604092602109357,-0.00020471774612629276,193.72255107716708,174.1836812959623,111.21739398078603
2020-07-10,True,8.441999999999047e-05,-0.0035107045230633013,-0.013828517211476831,-0.006807108165350228,-0.003426284523063311,193.05880249864308,174.1983858823373,110.82697553181985
2020-07-13,True,8.441999999999047e-05,-0.018839702418737773,-0.008170283978211101,0.029509120859264448,-0.018755282418737782,189.4379301343577,174.2130917100735,108.73920454245852
2020-07-14,True,8.441999999999047e-05,0.0061703992761702135,0.014269119792245811,0.001928321239905384,0.006254819276170204,190.62283015139988,174.22779877927567,109.41011221343305
2020-07-15,True,8.441999999999047e-05,0.0010745670945068843,-0.0035743412912283,-0.005723475480242069,0.0011589870945068748,190.8437595514637,174.24250709004866,109.52767079552838
2020-07-16,True,8.441999999999047e-05,-0.00471403579190886,0.013475052070208427,0.022903123654026147,-0.004629615791908869,189.96022626845698,174.2572166424972,109.01139701902605
2020-07-17,True,8.441999999999047e-05,-0.010056337167180195,0.00552304644917464,0.025635720783535033,-0.009971917167180204,188.06595862704913,174.27192743672617,107.9152341936031
2020-07-20,True,8.441999999999047e-05,0.006987937443071551,0.003923842709539283,-0.01005203217660382,0.007072357443071542,189.39602830933353,174.2866394728404,108.66927544314014
2020-07-21,True,8.441999999999047e-05,-0.016132382665332894,-0.0115879153173423,0.020676850013323488,-0.016047962665332902,186.35660791806302,174.30135275094472,106.91632909145794
2020-07-22,True,8.441999999999047e-05,-0.002413503884123808,-0.019352497325226092,-0.014525489556978476,-0.0023290838841238176,185.92256774586107,174.31606727114396,106.65830789806859
2020-07-23,True,8.441999999999047e-05,0.003459729726063454,-0.0033379939609639586,-0.010257453413090867,0.0035441497260634445,186.5815051634066,174.330783033543,107.02728566733188
2020-07-24,True,8.441999999999047e-05,-0.002653451740351237,0.011715785939277601,0.017022689419980076,-0.0025690317403512467,186.10217135447928,174.3455000382467,106.74331790247152
2020-07-27,True,8.441999999999047e-05,0.012562578891501664,0.01003105203080018,-0.015094105752203147,0.012646998891501655,188.45580530930545,174.36021828535996,108.08417605951632
2020-07-28,True,8.441999999999047e-05,-0.0015660492338808504,0.011151036622980438,0.014283135090742138,-0.00148162923388086,188.1765836788646,174.37493777498761,107.91492520656067
2020-07-29,True,8.441999999999047e-05,-0.005065486324366752,0.004555784453252021,0.014686757101985526,-0.004981066324366762,187.23926363486743,174.3896585072346,107.36832977231832
2020-07-30,True,8.441999999999047e-05,-0.0038089060722790334,-0.02055146256891872,-0.012933650424360654,-0.003724486072279043,186.5418936052756,174.4043804822058,106.95940841021947
2020-07-31,True,8.441999999999047e-05,-0.011457281825635152,-0.02403740227303659,-0.0011228386217662866,-0.01137286182563516,184.42037842461045,174.4191037000061,105.7340477691057
2020-08-03,True,8.441999999999047e-05,-0.0038671530526830974,-0.01606668320829241,-0.008332377102926215,-0.003782733052683107,183.72276536355537,174.43382816074046,105.32519253906139
2020-08-04,True,8.441999999999047e-05,0.0017869744022138423,0.02148809135183457,0.017914142547406885,0.0018713944022138327,184.06658311821596,174.4485538645138,105.51339007440099
2020-08-05,False,7.46899999999763e-05,0.0,0.0,0.0,7.46899999999763e-05,184.08033105130903,174.46158342700193,105.51339007440099
2020-08-06,True,7.46899999999763e-05,0.004125495790927241,-0.004043726205382259,-0.012294717787236741,0.004200185790927217,184.85350264217993,174.4746139626681,105.94865261128051
2020-08-07,True,7.46899999999763e-05,0.000925212435682371,-0.00027850241492138883,-0.0021289272862861307,0.0009999024356823472,185.03833810971625,174.48764547158493,106.046670301279
2020-08-10,True,7.46899999999763e-05,0.007912177090771494,0.014098063180170373,-0.0017262910013726152,0.00798686709077147,186.5162147228958,174.5006779538252,106.88566767187577
2020-08-11,True,7.46899999999763e-05,-0.0054177425550670675,-0.018626045843887894,-0.007790560733753759,-0.005343052555067091,185.5196487852592,174.51371140946156,106.30663188978566
2020-08-12,True,7.46899999999763e-05,-0.009062137213118503,-0.025202274746565688,-0.007078000320328681,-0.008987447213118527,183.8523007348054,174.52674583856674,105.34333855331525
2020-08-13,True,7.46899999999763e-05,0.005962436178909335,0.020090160415338475,0.008165288057519805,0.006037126178909311,184.9622402726242,174.5397812412134,105.97139457680824
2020-08-14,True,7.46899999999763e-05,-0.00322285040792078,-0.03397895603138936,-0.0275332552155478,-0.0031481604079208036,184.3799494708376,174.5528176174743,105.62989013153548
2020-08-17,True,7.46899999999763e-05,-0.013241911021115443,0.018287556713857057,0.04477137875608794,-0.013167221021115467,181.95217792429298,174.56585496742213,104.23125298945165
2020-08-18,True,7.46899999999763e-05,-0.004513770234560977,-0.013171392583101238,-0.004143852113979285,-0.004439080234561001,181.14447760763395,174.57889329112965,103.76081219941948
2020-08-19,True,7.46899999999763e-05,-0.0008301532452015203,0.0030278685767419324,0.004688175067144973,-0.0007554632452015439,181.00762961273014,174.59193258866955,103.67468125756741
2020-08-20,True,7.46899999999763e-05,0.008500511045991383,0.018726747066283946,0.0017257249743011793,0.00857520104599136,182.55980642751763,174.6049728601146,104.5559032123192
2020-08-21,True,7.46899999999763e-05,0.0037204143267892398,0.005903502930310889,-0.0015373257232675908,0.003795104326789216,183.25263993878852,174.61801410553753,104.94486544099185
2020-08-24,True,7.46899999999763e-05,0.00541216842383067,0.00450675228529338,-0.0063175845623679614,0.005486858423830647,184.25812122992585,174.63105632501106,105.51280230877009
2020-08-25,True,7.46899999999763e-05,-0.0008883529883989272,-0.012735471432363199,-0.010958765455565345,-0.0008136629883989508,184.10819721636912,174.64409951860796,105.41907669589077
2020-08-26,True,7.46899999999763e-05,-0.0010058054598488407,0.00047908915947076914,0.0024907000791684506,-0.0009311154598488643,183.93677122765607,174.65714368640099,105.31305353184796
2020-08-27,True,7.46899999999763e-05,-0.003748781664378432,0.010269805997783554,0.017767369326540418,-0.003674091664378456,183.26097066971582,174.67018882846293,104.91828737283245
2020-08-28,True,7.46899999999763e-05,0.00041071109191736024,-0.020052250473547382,-0.020873672657382103,0.00048540109191733653,183.34992574498474,174.6832349448665,104.96137525896725
2020-08-31,True,7.46899999999763e-05,0.004710812312848717,0.03329925881387067,0.023877634188173236,0.004785502312848694,184.227347238698,174.69628203568453,105.45579166994898
2020-09-01,True,7.46899999999763e-05,0.005663203734817901,0.009362140585224698,-0.0019642668844111035,0.0057378937348178775,185.28442418020103,174.70933010098977,106.05296470033878
2020-09-02,True,7.46899999999763e-05,0.007712490343341643,0.00039155983964898053,-0.015033420847034306,0.007787180343341619,186.72726740610446,174.722379140855,106.87083607965958
2020-09-03,True,7.46899999999763e-05,0.002589808071224336,0.008827290196289727,0.0036476740538410545,0.0026644980712243124,187.224801849953,174.73542915535302,107.14759036273976
2020-09-04,False,7.46899999999763e-05,0.0,0.0,0.0,7.46899999999763e-05,187.23878567040316,174.74848014455665,107.14759036273975
2020-09-08,True,7.46899999999763e-05,-0.005141249453107999,-0.001702136416261113,0.008580362489954885,-0.0050665594531080224,186.29012923087632,174.76153210853863,106.59675901397891
2020-09-09,True,7.46899999999763e-05,-0.0010466958078794945,-0.01795879129111888,-0.015865399675359892,-0.0009720058078795181,186.1090541433133,174.7745850473718,106.48519296605359
2020-09-10,True,7.46899999999763e-05,-0.010313073162271579,-0.018686702502573392,0.0019394438219697662,-0.010238383162271603,184.20359833702608,174.78763896112898,105.38708539795033
2020-09-11,True,7.46899999999763e-05,0.006433184658297902,0.035114641995149486,0.02224827267855368,0.006507874658297878,185.40237226661088,174.80069384988298,106.06500934477555
2020-09-14,True,7.46899999999763e-05,-0.003185615888790122,0.0009812238211889923,0.007352455598769236,-0.0031109258887901457,184.82559922688358,174.8137497137066,105.72715220031229
2020-09-15,True,7.46899999999763e-05,0.007669919908653566,0.004419665348018642,-0.010920174469288491,0.0077446099086535426,186.25700139402895,174.8268065526727,106.5380104268578
2020-09-16,True,7.46899999999763e-05,-0.0029939555620114525,-0.0021135539809850946,0.00387435714303781,-0.0029192655620114763,185.71326774417582,174.83986436685413,106.21906418006984
2020-09-17,True,7.46899999999763e-05,-0.009494790519578751,-0.023372413682032668,-0.004382832642875168,-0.009420100519578775,183.96383009420626,174.85292315632367,105.2106117378073
2020-09-18,True,7.46899999999763e-05,-0.0038374455952371158,-0.017689929266198102,-0.01001503807572387,-0.0037627555952371395,183.27161916319804,174.8659829211542,104.80690189231024
2020-09-21,True,7.46899999999763e-05,0.0007612653025835026,0.0029860151677002845,0.0014634845625332792,0.000835955302583479,183.42482604505054,174.87904366141856,104.88668179143144
2020-09-22,True,7.46899999999763e-05,-0.0033151591140732134,-0.01585063665729295,-0.009220318429146524,-0.003240469114073237,182.8304435614973,174.89210537718964,104.53899172131702
2020-09-23,True,7.46899999999763e-05,0.0025580393867441487,0.00931772527097643,0.004201646497488132,0.002632729386744125,183.3117866430531,174.90516806854026,104.80638660786657
2020-09-24,True,7.46899999999763e-05,-0.009602623737484639,-0.01280467077556816,0.006400576699401117,-0.009527933737484662,181.5652040866182,174.9182317355433,103.80004547560506
2020-09-25,True,7.46899999999763e-05,0.003020046034114139,-0.020077448315287648,-0.026117540383515925,0.003094736034114115,182.1271004662463,174.9312963782716,104.11350297914358
2020-09-28,True,7.46899999999763e-05,-0.0008884678296311342,-0.013636481839301561,-0.011859546180039293,-0.0008137778296311578,181.97888946971187,174.94436199679808,104.02100838953731
2020-09-29,True,7.46899999999763e-05,0.0009149095795640549,0.006251510747348854,0.004421691588220744,0.0009895995795640312,182.15897570222066,174.9574285911956,104.1161710988861
2020-09-30,True,7.46899999999763e-05,0.004897551535271938,0.020343773006942557,0.010548669936398681,0.004972241535271914,183.06471412722985,174.97049616153708,104.6260473298424
2020-10-01,True,7.46899999999763e-05,0.003943699565165687,-0.006768254412200181,-0.014655653542531556,0.004018389565165663,183.80033946422876,174.98356470789537,105.03863021138667
2020-10-02,True,7.46899999999763e-05,-0.0034656968766516804,0.0035137193847302626,0.010445113138033623,-0.003391006876651704,183.17707124917465,174.9966342303434,104.6746253462587
2020-10-05,True,7.46899999999763e-05,0.007922143489211886,0.011952994639258118,-0.0038912923391656528,0.007996833489211862,184.64190778699577,175.00970472895406,105.5038108160685
2020-10-06,True,7.46899999999763e-05,0.002598002284733342,0.0036826118103907013,-0.001513392759075982,0.002672692284733318,185.1353987893765,175.02277620380025,105.7778894866808
2020-10-07,False,7.46899999999763e-05,0.0,0.0,0.0,7.46899999999763e-05,185.1492265523121,175.0358486549549,105.77788948668083
2020-10-08,True,7.46899999999763e-05,-0.00409735462965512,-8.473871038319202e-05,0.008109970548927047,-0.004022664629655144,184.40443330745208,175.04892208249092,105.34451233041723
2020-10-09,True,7.46899999999763e-05,-0.005711131134146113,0.005027370033212164,0.01644963230150439,-0.005636441134146137,183.36504857423904,175.06199648648123,104.74292093909656
2020-10-13,True,7.46899999999763e-05,-0.0023532791065536854,0.004880978158747373,0.009587536371854744,-0.002278589106553709,182.9472349720351,175.0750718669988,104.49645002060409
2020-10-14,True,7.46899999999763e-05,-0.005067293799374406,0.0009609537647117139,0.011095541363460526,-0.0049926037993744295,182.03385191162866,175.08814822411654,103.96697535382091
2020-10-15,True,7.46899999999763e-05,-0.00743314289502367,-0.007799010063463563,0.007067275726583777,-0.007358452895023694,180.69436438703724,175.10122555790738,103.19423168587713
2020-10-16,True,7.46899999999763e-05,0.0014477033938510298,0.0026511674074231606,-0.0002442393802788989,0.001522393393851006,180.96945229368617,175.11430386844432,103.34361516786235
2020-10-19,True,7.46899999999763e-05,-0.0036395656003911474,0.014285444080960653,0.021564575281742947,-0.003564875600391171,180.32431870878824,175.12738315580023,102.96751739182022
2020-10-20,True,7.46899999999763e-05,0.005370426914928528,0.011455448115804678,0.0007145942859476228,0.005445116914928504,181.30620570676243,175.14046342004812,103.5204556196284
2020-10-21,True,7.46899999999763e-05,0.00046066306737797,-0.00421935364245436,-0.0051406797772103,0.0005353530673779463,181.4032685401222,175.15354466126095,103.56814010869603
2020-10-22,True,7.46899999999763e-05,-0.0030679000250466936,-0.0033626619404325984,0.0027731381096607888,-0.0029932100250467174,180.8602904581517,175.1666268795117,103.25042713904422
2020-10-23,True,7.46899999999763e-05,-0.0008944095964032836,-0.009534772777931754,-0.007745953585125187,-0.0008197195964033073,180.71203573385196,175.17971007487333,103.15808586314823
2020-10-26,True,7.46899999999763e-05,-0.0034103241229673843,0.0009936171801083638,0.007814265426043132,-0.003335634122967408,180.1092465010272,175.19279424741882,102.80630962861694
2020-10-27,True,7.46899999999763e-05,-0.0031566770637359368,-0.05347094258036054,-0.047157588452888664,-0.0030819870637359605,179.55415213325182,175.20587939722114,102.48180754606551
2020-10-28,True,7.46899999999763e-05,-0.009786045075559201,-0.004168276125245107,0.015403814025873297,-0.009711355075559225,177.8104380065948,175.2189655243533,101.47899085837334
2020-10-29,True,7.46899999999763e-05,0.002921996714043716,-0.024834018753274824,-0.030678012181362256,0.0029966867140436924,178.34328018378747,175.2320526288883,101.77548999068578
2020-10-30,True,7.46899999999763e-05,-0.009140047774762933,0.005715495243024604,0.02399559079255047,-0.009065357774762956,176.72653454219665,175.24514071089914,100.84532662377289
2020-11-03,True,7.46899999999763e-05,0.009959351111197428,0.038512009493521,0.018593307271126146,0.010034041111197404,178.4998158552325,175.25822977045883,101.84960562994347
2020-11-04,True,7.46899999999763e-05,0.0014555705854899618,0.03930136333618504,0.03639022216520511,0.001530260585489938,178.77296708795296,175.27131980764037,101.99784384812966
2020-11-05,True,7.46899999999763e-05,0.007261309149041934,0.019203275611595294,0.004680657313511427,0.00733599914904191,180.08444542238186,175.2844108225168,102.73842641073502
2020-11-06,True,7.46899999999763e-05,0.024107106951871356,0.031039129212634686,-0.01717508469110802,0.024181796951871334,184.43921091577627,175.29750281516112,105.21496767141882
2020-11-09,True,7.46899999999763e-05,-0.001603250333473921,-0.004256947009034384,-0.0010504463420865418,-0.0015285603334739448,184.15728445403317,175.31059578564637,105.04629433762447
2020-11-10,False,7.46899999999763e-05,0.0,0.0,0.0,7.46899999999763e-05,184.17103916160903,175.3236897340456,105.04629433762447
2020-11-11,True,7.46899999999763e-05,-0.004277741061443329,-0.02715498737341082,-0.018599505250524163,-0.004203051061443353,183.3969588799737,175.33678466043182,104.59696705123899
2020-11-12,True,7.46899999999763e-05,-0.0010219041165001781,0.02534444484797449,0.027388253080974846,-0.0009472141165002018,183.2232426915994,175.34988056487808,104.4900869629097
2020-11-13,True,7.46899999999763e-05,0.00021524523278228583,0.009081952602925759,0.008651462137361187,0.0002899352327822621,183.27636556512033,175.36297744745747,104.51257627627466
2020-11-16,True,7.46899999999763e-05,0.008015632935493244,0.010837062603915204,-0.005194203267071285,0.00809032293549322,184.75913054898564,175.376075308243,105.35024815913508
2020-11-17,True,7.46899999999763e-05,-0.0009556060760840092,-0.015595932982270045,-0.013684720830102026,-0.0008809160760840329,184.59637326068176,175.38917414730776,105.24958234060728
2020-11-18,True,7.46899999999763e-05,0.009563407456306417,0.028805502521613936,0.009678687609001101,0.009638097456306394,186.37553109624892,175.4022739647248,106.25605180793207
2020-11-19,True,7.46899999999763e-05,-0.004509590462247836,-0.013803107219085186,-0.004783926294589513,-0.00443490046224786,185.54897416723847,175.41537476056723,105.77691631677274
2020-11-20,True,7.46899999999763e-05,-0.004387533165492846,0.007786884431221663,0.016561950762207355,-0.00431284316549287,184.74873054213708,175.4284765349081,105.31285124930922
2020-11-23,True,7.46899999999763e-05,0.0032081044390734007,0.017351570592368137,0.010935361714221336,0.003282794439073377,185.3552226473867,175.44157928782047,105.65068064241626
2020-11-24,True,7.46899999999763e-05,0.0034941294807386506,0.01681956642583491,0.009831307464357609,0.003568819480738627,186.01672197682734,175.45468301937746,106.01981023002014
2020-11-25,True,7.46899999999763e-05,0.0014494091237708619,0.005556943215898569,0.0026581249683568452,0.001524099123770838,186.30022989979895,175.46778772965217,106.17346483380562
2020-11-26,True,7.46899999999763e-05,0.008949542171306757,0.015757170378121865,-0.0021419139644916485,0.009024232171306733,187.98144642798255,175.4808934187177,107.12359776938057
2020-11-27,True,7.46899999999763e-05,-0.006548735468814576,-0.028831825593849236,-0.015734354656220084,-0.0064740454688145994,186.76444599651427,175.49400008664713,106.42212605804332
2020-11-30,True,7.46899999999763e-05,0.008803903436881755,0.024477807502357996,0.006870000628594486,0.008878593436881731,188.42265158098178,175.50710773351358,107.3589862053216
2020-12-01,True,7.46899999999763e-05,0.004691607798986641,0.012665806505974864,0.003282590908001581,0.004766297798986617,189.32073005049145,175.5202163593902,107.86263484477692
2020-12-02,True,7.46899999999763e-05,0.002649866798905432,0.016028990719551817,0.010729257121740953,0.0027245567989054083,189.83654513272427,175.53332596435004,108.14843511327254
2020-12-03,True,7.46899999999763e-05,-0.007890431765593158,0.008127433909735938,0.023908297440922256,-0.007815741765593182,188.3528317182945,175.54643654846632,107.29516099649935
2020-12-04,True,7.46899999999763e-05,0.0025779683809291627,-0.0037494228536307907,-0.008905359615489116,0.002652658380929139,188.85246743592378,175.55954811181212,107.57174387100014
2020-12-07,True,7.46899999999763e-05,-0.008383446716581705,-0.006026013772220151,0.010740879660943259,-0.008308756716581728,187.28333822867253,175.57266065446058,106.66998924010123
2020-12-08,True,7.46899999999763e-05,0.0015268729013954542,-0.00665573502454867,-0.009709480827339578,0.0016015629013954305,187.5832842752291,175.58577417648485,106.8328485920991
2020-12-09,True,7.46899999999763e-05,0.005041915154830602,0.022586788898341405,0.012502958588680202,0.005116605154830578,188.54307387451178,175.5988886779581,107.37145052227116
2020-12-10,False,7.46899999999763e-05,0.0,0.0,0.0,7.46899999999763e-05,188.55715615669942,175.61200415895343,107.37145052227115
2020-12-11,True,7.46899999999763e-05,-0.0011230065680747081,-0.006092493540227573,-0.0038464804040781566,-0.0010483165680747319,188.35948856587132,175.62512061954402,107.25088068347222
2020-12-14,True,7.46899999999763e-05,0.005913036070727129,0.023852987423177097,0.012026915281722839,0.005987726070727105,189.48733358622601,175.6382380598031,107.88501164632923
2020-12-15,True,7.46899999999763e-05,-0.004560055740000596,0.0021204385704651995,0.011240550050466392,-0.00448536574000062,188.6374135919943,175.65135647980378,107.39308672158398
2020-12-16,True,7.46899999999763e-05,0.002742903414740394,0.006002341398545785,0.000516534569064997,0.0028175934147403703,189.16891712630473,175.66447587961923,107.68763358616681
2020-12-17,True,7.46899999999763e-05,-0.003712855473904714,-0.008897318150494327,-0.0014716072026848992,-0.0036381654739047376,188.48068930327986,175.67759625932268,107.28783482730387
2020-12-18,True,7.46899999999763e-05,-0.005209461890118805,-0.018945441791310736,-0.008526518011073125,-0.005134771890118829,187.51288395801515,175.6907176189873,106.72896468250876
2020-12-21,True,7.46899999999763e-05,0.0005158953253985243,-0.0020610339745582573,-0.003092824625355306,0.0005905853253985006,187.6236263156039,175.70383995868625,106.78402154427609
2020-12-22,True,7.46899999999763e-05,-0.003908082036301074,0.006328571366536995,0.014144735439139144,-0.003833392036301098,186.90439140066374,175.71696327849273,106.36673199527135
2020-12-23,True,0.00014938557859605261,0.004171528435367389,0.015381456604649424,0.007038399733914647,0.004320914013963441,187.71198920473816,175.74321285872125,106.81037756811612
2020-12-28,True,7.46899999999763e-05,-0.0024114703980825268,0.001212668398328487,0.006035609194493541,-0.0023367803980825505,187.27334750787946,175.75633911928966,106.5528267408739
2020-12-29,True,0.00022408673620489424,-0.016660095380339197,-0.02211286278717727,0.011207327973501125,-0.016436008644134303,184.195321149424,175.79572378369022,104.77804418955556
2021-01-04,True,7.46899999999763e-05,-0.005970857347238218,-0.011776733517051153,0.00016498117742528296,-0.0058961673472382415,183.1092747113487,175.8088539662996,104.15247615825338
2021-01-05,True,7.46899999999763e-05,-0.010156154298870224,-0.02558595454263849,-0.005273645944898042,-0.010081464298870248,181.2632650955542,175.82198512960235,103.09476654011212
2021-01-06,True,7.46899999999763e-05,-0.01843523283251687,-0.009719678729829494,0.02715078693520425,-0.018360542832516893,177.93517315280542,175.83511727367167,101.19433245855275
2021-01-07,True,7.46899999999763e-05,0.007033701849759388,0.03217443642830333,0.018107032728784556,0.007108391849759364,179.20000608743035,175.84825039858083,101.9060500637637
2021-01-08,True,7.46899999999763e-05,-0.004739592049381763,-0.02062300607499612,-0.011143821976232593,-0.004664902049381787,178.36405561178387,175.8613845044031,101.42309303115836
2021-01-11,True,7.46899999999763e-05,0.005587512804538807,0.02103819281541488,0.009863167206337264,0.0056622028045387835,179.37398906769783,175.8745195912117,101.98975353827264
2021-01-12,True,7.46899999999763e-05,0.006201138309776094,0.001078817499691276,-0.011323459119860912,0.00627582830977607,180.49970942632635,175.88765565907997,102.62215887178907
2021-01-13,True,7.46899999999763e-05,0.001017011620344472,0.018380059222650402,0.01634603598196146,0.0010917016203444482,180.69676125157878,175.90079270808116,102.72651900520816
2021-01-14,True,7.46899999999763e-05,0.00830252569525904,-0.00802842425770912,-0.0246334756482272,0.008377215695259016,182.21049699601798,175.91393073828849,103.57934487126948
2021-01-15,True,7.46899999999763e-05,-0.009162993908159382,-0.0046657745807124115,0.013660213235606355,-0.009088303908159406,180.5545126240614,175.9270697497753,102.63031884795659
2021-01-18,False,7.46899999999763e-05,0.0,0.0,0.0,7.46899999999763e-05,180.56799824060928,175.94020974261494,102.63031884795657
2021-01-19,True,7.46899999999763e-05,-0.0010191494044546933,-0.011222264341207796,-0.009183965532298409,-0.0009444594044547169,180.39745909652737,175.95335071688058,102.52573103128775
2021-01-20,True,7.46899999999763e-05,-0.0056090729517050755,-0.0176571553822934,-0.006439009478883247,-0.005534382951705099,179.39907047437265,175.96649267264561,101.95069967559832
2021-01-21,True,7.46899999999763e-05,-0.0020768775514480513,-0.010502945666603229,-0.006349190563707126,-0.002002187551448075,179.03987988872748,175.97963560998332,101.73897636970136
2021-01-22,True,0.00014938557859605261,0.0039999744436230505,-0.00897321610500715,-0.01697316499225325,0.004149360022219103,179.7827808087207,176.00592442967007,102.14586889122577
2021-01-26,True,7.46899999999763e-05,0.007713551139452147,0.011668026666201137,-0.0037590756127031566,0.007788241139452123,181.18297245838028,176.0190703121657,102.93371743019465
2021-01-27,True,7.46899999999763e-05,0.0058439387849476,0.02985387150223445,0.01816599393233925,0.005918628784947576,182.25532721451478,176.0322171765273,103.53521084822039
2021-01-28,True,7.46899999999763e-05,0.002521248800666757,-0.024545983463834287,-0.0295884810651678,0.0025959388006667333,182.72845089005912,176.0453650228282,103.7962293789242
2021-01-29,True,7.46899999999763e-05,-0.013558878100270415,0.011837727889069904,0.038955484089610734,-0.013484188100270439,180.26450608698656,176.05851385114175,102.38897406540701
2021-02-01,True,7.46899999999763e-05,0.006008395913998518,0.014957583684091402,0.0029407918560943654,0.006083085913998494,181.3610705647582,176.07166366154127,103.00412161344975
2021-02-02,True,7.46899999999763e-05,-0.000244945375880979,0.014384531865367933,0.01487442261712989,-0.00017025537588100272,181.330192867519,176.08481445410013,102.97889311448046
2021-02-03,True,7.46899999999763e-05,-0.00406140997073573,-0.008870795755270187,-0.0007479758137987271,-0.003986719970735754,180.6072801663167,176.09796622889172,102.56068484718546
2021-02-04,True,7.46899999999763e-05,-0.007607803784210615,0.004166061522502661,0.01938166909092389,-0.007533113784210638,179.24674497456704,176.11111898598935,101.78048155427776
2021-02-05,True,7.46899999999763e-05,-0.005041615000659386,-0.002159986299931658,0.007923243701387113,-0.00496692500065941,178.35643983566604,176.1242727254664,101.26738187511441
2021-02-08,True,7.46899999999763e-05,-0.00524248033759488,-0.0072003750173030845,0.0032845856578866757,-0.005167790337594904,177.43473114923543,176.13742744739625,100.73652926617578
2021-02-09,True,7.46899999999763e-05,-0.004906031460816332,-0.020118091530044846,-0.010306028608412182,-0.004831341460816356,176.57748337604534,176.1505831518523,100.24234959462214
2021-02-10,True,7.46899999999763e-05,0.006447109818726416,0.015416681227586255,0.002522461590133423,0.006521799818726392,177.72908637511838,176.16373983890787,100.88857476438791
2021-02-11,True,7.46899999999763e-05,-0.003757408894634975,-0.0034051481024422003,0.004109669686827749,-0.0036827188946349987,177.0745601105985,176.17689750863644,100.509523447544
2021-02-12,True,7.46899999999763e-05,-0.0025017629485597796,-0.0017386362028566562,0.003264889694262903,-0.0024270729485598034,176.64478723587592,176.19005616111133,100.25809122527822
2021-02-17,True,7.46899999999763e-05,-0.0019482275679776487,-0.008273263752705125,-0.004376808616749828,-0.0018735375679776725,176.31383659080208,176.203215796406,100.06278023581812
2021-02-18,True,7.46899999999763e-05,-0.004622661109166315,-0.008779440275483708,0.00046588194284892146,-0.004547971109166339,175.51196635584083,176.2163764145938,99.60025845889845
2021-02-19,True,7.46899999999763e-05,0.0033434512011713616,-0.03221947543987374,-0.03890637784221646,0.003418141201171338,176.11189103934032,176.2295380157482,99.93324219212482
2021-02-22,False,7.46899999999763e-05,0.0,0.0,0.0,7.46899999999763e-05,176.12504483648203,176.2427005999426,99.93324219212481
2021-02-23,True,7.46899999999763e-05,-0.011602485454384989,0.0020434557721658335,0.025248426680935812,-0.011527795454385013,174.0947113452127,176.25586416725042,98.7738547978256
2021-02-24,True,7.46899999999763e-05,0.006159012972199703,-0.020668159151918605,-0.03298618509631801,0.006233702972199679,175.1799660647696,176.26902871774504,99.38215881661245
2021-02-25,True,7.46899999999763e-05,0.0017192894436181758,-0.020123815449084693,-0.023562394336321044,0.001793979443618152,175.4942353228235,176.2821942515,99.55301275206939
2021-02-26,True,7.46899999999763e-05,-0.007798031192211745,-0.004117963989756299,0.01147809839466719,-0.007723341192211769,174.138833466159,176.2953607685886,98.77675323217363
2021-03-01,True,7.46899999999763e-05,-0.0026273110229933097,0.01442375416416933,0.01967837621015595,-0.0025526210229933335,173.69432301893374,176.3085282690844,98.51725536148722
2021-03-02,True,7.46899999999763e-05,0.006258598135036224,0.001729027908665208,-0.01078816836140724,0.0063332881350362,174.79437921403272,176.32169675306082,99.13378922324736
2021-03-03,True,7.46899999999763e-05,0.018139148070770213,0.031034090251787202,-0.0052442058897532225,0.01821383807077019,177.9780557327179,176.3348662205913,100.93185740707173
2021-03-04,True,7.46899999999763e-05,-0.011300067194192367,0.008569670616704923,0.03116980500508966,-0.011225377194192391,175.98018492482913,176.3480366717493,99.79140581666645
2021-03-05,True,7.46899999999763e-05,0.0053615890806933755,-0.033160213091565575,-0.043883391252952327,0.005436279080693352,176.93686232275257,176.3612081066083,100.3264063692489
2021-03-08,True,7.46899999999763e-05,0.004363937691899582,-0.0028198467238062168,-0.011547722107605381,0.004438627691899558,177.72221917957614,176.37438052524178,100.76419185729839
2021-03-09,True,7.46899999999763e-05,0.00548199763233894,0.024583673130423936,0.013619677865746057,0.005556687632338916,178.7097660368831,176.3875539277232,101.316539663627
2021-03-10,True,7.46899999999763e-05,0.0016987631347356088,0.026475448632392727,0.02307792236292151,0.001773453134735585,179.02669943166907,176.40072831412604,101.48863961200139
2021-03-11,True,7.46899999999763e-05,0.006799331941775592,0.00964272999842377,-0.003955933885127413,0.006874021941775568,180.257332891726,176.4139036845238,102.17864302468773
2021-03-12,True,7.46899999999763e-05,0.010937940755319125,0.02084601903477178,-0.00102986247586647,0.011012630755319101,182.24244033980122,176.42708003899,103.2961834994526
2021-03-15,True,7.46899999999763e-05,-0.009214157107949185,-0.013765804331329961,0.00466250988456841,-0.009139467107949209,180.5768415506432,176.4402573775981,102.34446731971855
2021-03-16,True,7.46899999999763e-05,-0.0010419529386334562,0.02781985694886954,0.02990376282613645,-0.0009672629386334798,180.40217626423578,176.45343570042164,102.23783716544813
2021-03-17,True,0.00010378999999997404,0.0005689418023143867,-0.022891236051200782,-0.024029119655829555,0.0006727318023143608,180.52353854541545,176.471749802513,102.29599850822397
2021-03-18,True,0.00010378999999997404,0.015543671142792918,0.03129804241186199,0.00021070012627614915,0.015647461142792893,183.3482736001643,176.49006580542502,103.8858888535405
2021-03-19,True,0.00010378999999997404,0.0021593045618032787,0.00365405319673582,-0.0006645559268707378,0.0022630945618032526,183.76320808106485,176.50838370935494,104.11018684736015
2021-03-22,True,0.00010378999999997404,0.007225292694129672,-0.002375377486009487,-0.01682596287426883,0.007329082694129646,185.11002382922953,176.52670351450016,104.86233535427932
2021-03-23,True,0.00010378999999997404,-0.003647707622577433,-0.018728004196154693,-0.011432588950999826,-0.0035439176225774594,184.4540091536654,176.54502522105793,104.47986791058223
2021-03-24,False,0.00010378999999997404,0.0,0.0,0.0,0.00010378999999997404,184.47315363527545,176.56334882922562,104.47986791058223
2021-03-25,True,0.00010378999999997404,-0.004874968861225157,-0.0060334249815445365,0.0037165127409057763,-0.004771178861225182,183.5929992241873,176.58167433920062,103.97058466640114
2021-03-26,True,0.00010378999999997404,-0.0025097292509772906,-0.00687854872688809,-0.0018590902249335088,-0.002405939250977317,183.15128562114919,176.6000017511803,103.70967372876886
2021-03-29,True,0.00010378999999997404,0.0056872048769962495,0.03276790106431713,0.02139349131032463,0.005790994876996224,184.21191377789654,176.61833106536204,104.29943068011684
2021-03-30,True,0.00010378999999997404,-0.01294681565187722,-0.010042280347675363,0.015851350956079077,-0.012843025651877246,181.84607544386563,176.63666228194333,102.94922531632032
2021-03-31,True,0.00010378999999997404,-0.0037994399389539553,-0.015548495800951391,-0.00794961592304348,-0.0036956499389539815,181.1740360062525,176.65499540112157,102.55811651115202
2021-04-01,True,0.00010378999999997404,0.005210708949080439,0.015522280393558891,0.0051008624953980146,0.005314498949080413,182.13688523020835,176.67333042309426,103.09246154698621
2021-04-05,True,0.00010378999999997404,-0.0015594105808085209,0.011218942282717137,0.014337763444334179,-0.0014556205808085468,181.87176303154288,176.69166734805887,102.93171475555772
2021-04-06,True,0.00010378999999997404,-0.007029729744414651,-0.014428486815253227,-0.0003690273264239248,-0.0069259397444146765,180.61213015957597,176.71000617621294,102.20820771149307
2021-04-07,True,0.00010378999999997404,-0.005085705153558253,0.0025538929883704782,0.012725303295486984,-0.004981915153558279,179.71233585141752,176.72834690775397,101.6884608473258
2021-04-08,True,0.00010378999999997404,-0.004747658352927584,0.002935077785769069,0.012430394491624237,-0.00464386835292761,178.87777542232644,176.74668954287955,101.20572887953858
2021-04-09,True,0.00010378999999997404,-0.012117756865824296,-0.0013552339072481314,0.02288027982440046,-0.012013966865824323,176.72874375537023,176.7650340817872,99.97946973698419
2021-04-12,True,0.00010378999999997404,0.004139017587327265,0.0018922660213978543,-0.006385769153256676,0.004242807587327239,177.47856981027434,176.78338052467458,100.39324357501057
2021-04-13,True,0.00010378999999997404,-0.002861093671424564,-0.003206836734452979,0.0025153506083961485,-0.00275730367142459,176.9892074981373,176.80172887173924,100.10603891013648
2021-04-14,True,0.00010378999999997404,-7.789279635844054e-05,0.03764542006949933,0.03780120566221621,2.58972036415335e-05,176.9937910236862,176.82007912317886,100.098242180056
2021-04-15,True,0.00010378999999997404,0.0043275977057622116,0.016194095928604192,0.007538900517079768,0.004431387705762186,177.77811913322483,176.83843127919104,100.53138214766801
2021-04-16,True,0.00010378999999997404,-0.00591428634676594,-0.0025959823043094532,0.009232590389222427,-0.005810496346765966,176.7451400214663,176.85678533997353,99.93687247096989
2021-04-19,True,0.00010378999999997404,0.0019831731872810942,-0.0013679093629186906,-0.005334255737480879,0.002086963187281068,177.11400062222197,176.87514130572396,100.13504402864909
2021-04-20,True,0.00010378999999997404,-0.010884691995317785,-0.014319479119639973,0.007449904870995596,-0.010780901995317812,175.2045519395151,176.8934991766401,99.04521802950008
2021-04-22,True,0.00010378999999997404,0.007696689652482602,0.01075161267882255,-0.0046417666261426545,0.007800479652482577,176.57123148194165,176.91185895291966,99.80745922122233
2021-04-23,True,0.00010378999999997404,0.010177631157187759,0.022155304305422726,0.0018000419910472085,0.010281421157187732,178.38663467705078,176.9302206347604,100.82315730860749
2021-04-26,True,0.00010378999999997404,-0.005349867383544477,-0.017494131322418484,-0.00679439655532953,-0.005246077383544503,177.4508045873449,176.9485842223601,100.28382276534843
2021-04-27,False,0.00010378999999997404,0.0,0.0,0.0,0.00010378999999997404,177.469222206353,176.96694971591654,100.28382276534842
2021-04-28,True,0.00010378999999997404,-0.001475591292278498,-0.003535553500715832,-0.0005843709161588364,-0.0013718012922785238,177.22576969799067,176.98531711562754,100.13586018675551
2021-04-29,True,0.00010378999999997404,-0.009517938281572486,-0.02034676011050841,-0.0013108835473634374,-0.009414148281572512,175.55734002273798,177.003686421691,99.18287216035307
2021-04-30,True,0.00010378999999997404,0.009442508001243891,0.020582549222540034,0.0016975332200522527,0.009546298001243864,177.23326270690075,177.02205763430473,100.11931003142689
2021-05-03,True,0.00010378999999997404,-0.006047876478329327,-0.01598195077080862,-0.003886197814149965,-0.005944086478329353,176.17977286653445,177.0404307536666,99.51386365054111
2021-05-04,True,0.00010378999999997404,-0.0018695298017597358,0.009815415204111222,0.013554474807630694,-0.0017657398017597618,175.86868522931903,177.05880577997453,99.32783882427489
2021-05-05,True,0.00013268999999995723,-0.004029118468048114,-0.0036664574689812797,0.004391779467114948,-0.003896428468048157,175.1834254775533,177.08229971291348,98.92768829045102
2021-05-06,True,0.00013268999999995723,0.000922041609559247,0.018177715510747892,0.0163336322916294,0.0010547316095592043,175.36819697387534,177.1057967632624,99.01889163362073
2021-05-07,True,0.00013268999999995723,-8.805162484446221e-05,-0.006106701390722235,-0.0059305981410333105,4.463837515549502e-05,175.37602512524225,177.1292969314349,99.01017401606279
2021-05-10,True,0.00013268999999995723,-0.005912960946628561,-0.002483599733532203,0.00934232215972492,-0.005780270946628604,174.3623041824756,177.15280021784474,98.42480839595103
2021-05-11,True,0.00013268999999995723,-0.0022441103456720176,-0.028008558470929323,-0.023520337779585287,-0.0021114203456720606,173.99415206590646,177.17630662290566,98.2039615693243
2021-05-12,True,0.00013268999999995723,0.011613460789603857,0.015145513785210118,-0.008081407793997596,0.011746150789603815,176.03791361258186,177.19981614703147,99.34429811513715
2021-05-13,True,0.00013268999999995723,0.002510376112892317,0.016846762460802824,0.01182601023501819,0.002643066112892274,176.50319345663553,177.22332879063603,99.59365658070263
2021-05-14,True,0.00013268999999995723,-0.0025970037228151433,0.014187451133877337,0.019381458579507623,-0.0024643137228151863,176.06823421487962,177.24684455413328,99.33504579885839
2021-05-17,True,0.00013268999999995723,-0.00862989414721884,-0.01182472952786781,0.0054350587665698705,-0.008497204147218882,174.57214648491544,177.27036343793716,98.47790860203973
2021-05-18,True,0.00013268999999995723,0.0005989751004963151,-0.009037820654259116,-0.010235770855251746,0.0007316651004962724,174.69987483201717,177.29388544246174,98.53688659145189
2021-05-19,True,0.00013268999999995723,0.0026900220921035863,0.008612453754316952,0.003232409570109779,0.0028227120921035433,175.19300228119448,177.31741056812112,98.80191782627546
2021-05-20,True,0.00013268999999995723,-0.0035606943791250804,-0.013296668590218335,-0.006175279831968175,-0.0034280043791251233,174.59243990218246,177.3409388153294,98.45016106742897
2021-05-21,True,0.00013268999999995723,0.010318827060565493,0.010270765022403327,-0.010366889098727657,0.01045151706056545,176.41719576646585,177.36447018450082,99.4659164729838
2021-05-24,True,0.00013268999999995723,0.0056037403015435465,0.006867304059127963,-0.004340176543959129,0.0057364303015435035,177.42920071397396,177.3880046760496,100.02322368865899
2021-05-25,True,0.00013268999999995723,-0.000619604615916293,0.008231800314631686,0.009471009546464272,-0.0004869146159163357,177.34280784285596,177.41154229039006,99.96125705991462
2021-05-26,True,0.00013268999999995723,0.0006328011251842177,0.006540185963585773,0.005274583713217338,0.000765491125184175,177.47856218837492,177.43508302793657,100.02450426358553
2021-05-27,False,0.00013268999999995723,0.0,0.0,0.0,0.00013268999999995723,177.5021118187917,177.45862688910356,100.0245042635855
2021-05-28,True,0.00013268999999995723,-0.0044884043269691,-0.0020030572365645357,0.006973751417373664,-0.004355714326969143,176.7289633272753,177.4821738743055,99.57561340917336
2021-05-31,True,0.00013268999999995723,0.012403664304499113,0.028068028504927622,0.0032606998959293946,0.012536354304499071,178.94450022741287,177.50572398395687,100.81055202681016
2021-06-01,True,0.00013268999999995723,-0.002292778360930402,0.004392527248540132,0.008978083970400936,-0.002160088360930445,178.55796429521914,177.52927721847232,100.57944643996994
2021-06-02,True,0.00013268999999995723,0.0031323571297263006,0.011528696730020186,0.005263982470567585,0.0032650471297262576,179.140964464031,177.55283357826644,100.89445538759283
2021-06-04,True,0.00013268999999995723,0.006578125513944806,0.003375213505741255,-0.009781037522148357,0.006710815513944763,180.34314642753924,177.57639306375395,101.55806372460329
2021-06-07,True,0.00013268999999995723,-0.005685950747031851,-0.007328822101224027,0.004043079392839675,-0.005553260747031894,179.34165391148696,177.59995567534958,100.98068618852653
2021-06-08,True,0.00013268999999995723,-0.0010764149947438634,-0.0019589194426054305,0.0001939105468822962,-0.0009437249947439061,179.17240471009197,177.62352141346815,100.87200348484161
2021-06-09,True,0.00013268999999995723,-0.00024893532529087566,-0.0013146592443054655,-0.0008167885937237142,-0.00011624532529091842,179.1515767556233,177.64709027852453,100.84689621132546
2021-06-10,True,0.00013268999999995723,-0.0033789235636938328,-0.015331119638192014,-0.008573272510804348,-0.0032462335636938757,178.5700088941705,177.67066227093358,100.50618746603504
2021-06-11,True,0.00013268999999995723,-0.005006393863603192,0.007005586395172529,0.017018374122378912,-0.004873703863603235,177.69971155189936,177.69423739111033,100.00308066309262
2021-06-14,True,0.00013268999999995723,0.0011043874529455444,0.0003960296254826856,-0.001812745280408403,0.0012370774529455017,177.91953985845512,177.71781563946976,100.11350815800854
2021-06-15,True,0.00013268999999995723,-0.001367055973530091,-0.004156363558656098,-0.0014222516115959159,-0.0012343659735301337,177.6999220324277,177.74139701642696,99.97666554629622
2021-06-16,True,0.00016136999999987495,0.0010745446248889897,-0.009303592539096921,-0.0114526817888749,0.0012359146248888647,177.9195439649092,177.7700791456635,100.08407760178993
2021-06-17,True,0.00016136999999987495,-0.004996995260327727,0.007781470949338141,0.017775461469993595,-0.004835625260327852,177.05919172380646,177.79876590333518,99.58403863166812
2021-06-18,True,0.00016136999999987495,-0.009011137114297817,0.0030260936554445646,0.021048367884040197,-0.008849767114297942,175.49225911160497,177.827457290189,98.68681798965764
2021-06-21,True,0.00016136999999987495,-0.0028959939352895888,-0.006074028321890069,-0.0002820404513108913,-0.002734623935289714,175.0123537793803,177.85615330697186,98.40106767479489
2021-06-22,True,0.00016136999999987495,-0.006877190993412865,-0.010961527557657346,0.002792854429168384,-0.00671582099341299,173.83700213976212,177.88485395443098,97.72445392360059
2021-06-23,True,0.00016136999999987495,0.0035278301222301653,0.017107002578637995,0.010051342334177664,0.00368920012223004,174.47832162930422,177.91355923331358,98.06915357164857
2021-06-24,True,0.00016136999999987495,-0.003706078974864211,-0.022571969968423932,-0.01515981201869551,-0.003544708974864336,173.85984675670554,177.94226914436703,97.70576018430484
2021-06-25,True,0.00016136999999987495,-0.01524403781848656,-0.006777179713579404,0.023710895923393715,-0.015082667818486686,171.23757644110117,177.97098368833883,96.21657019156046
2021-06-28,True,0.00016136999999987495,0.0012622619465457326,-0.004299200721897136,-0.0068237246149886015,0.0014236319465456076,171.48135572537177,177.9997028659766,96.33800111143289
2021-06-29,False,0.00016136999999987495,0.0,0.0,0.0,0.00016136999999987495,171.50902767174514,178.02842667802804,96.33800111143289
2021-06-30,True,0.00016136999999987495,-0.0012008228343069315,-0.010438493221315211,-0.008036847552701348,-0.0010394528343070566,171.3307521268225,178.05715512524105,96.22233490494253
2021-07-01,True,0.00016136999999987495,-0.008609045766754461,0.012660195855713612,0.029878287389222533,-0.008447675766754587,169.8834054839809,178.08588820836357,95.3940860744757
2021-07-02,True,0.00016136999999987495,-0.0028510295681626733,-2.754868693886283e-05,0.0056745104493864836,-0.0026896595681627986,169.42647695694885,178.11462592814374,95.12215859538682
2021-07-05,True,0.00016136999999987495,-0.00411672746486049,-0.016159140646846284,-0.007925685717125304,-0.003955357464860615,168.75633467657212,178.14336828532973,94.73062977358633
2021-07-06,True,0.00016136999999987495,-0.007229993875739587,0.010925263699710162,0.025385251451189337,-0.007068623875739712,167.563459620095,178.17211528066989,94.04583840526148
2021-07-07,True,0.00016136999999987495,0.0007198319957364323,-0.009955821743773225,-0.01139548573524609,0.0008812019957363073,167.71111687512467,178.2008669149127,94.11352468627626
2021-07-08,True,0.00032276604027664985,0.00585245194139793,0.01897147956484988,0.007266575682054022,0.0061752179816745795,168.74676957977866,178.2583841031007,94.6641418460179
2021-07-12,True,0.00016136999999987495,-1.1695291290475182e-05,0.005821800468338315,0.005845191050919266,0.00014967470870939976,168.77202670336112,178.2871496585434,94.6630348999321
2021-07-13,True,0.00016136999999987495,-0.004174716978600546,0.004038854581936061,0.012388288539137154,-0.004013346978600671,168.09468599991888,178.31591985588378,94.2679072826331
2021-07-14,True,0.00016136999999987495,-6.0546570532439136e-05,-0.0010241532583641052,-0.0009030601172992269,0.00010082342946743581,168.11163388263665,178.34469469587088,94.26220060502246
2021-07-15,True,0.00016136999999987495,-0.0023362790663585364,-0.0022158487176602696,0.0024567094150568032,-0.0021749090663586617,167.74600636594494,178.37347417925395,94.0420133306205
2021-07-16,True,0.00016136999999987495,0.0024169412424998194,-0.007983042690176901,-0.01281692517517654,0.002578311242499694,168.17850778004268,178.40225830678222,94.26927067864877
2021-07-19,True,0.00016136999999987495,-1.1892927302702833e-05,0.006256210313558295,0.0062799961681637,0.0001494770726971721,168.2036466110762,178.43104707920514,94.2681497219545
2021-07-20,True,0.00016136999999987495,-0.0025310974293418676,-0.0033158272463642254,0.0017463676123195095,-0.002369727429341993,167.8050498159866,178.4598404972723,94.02958634749618
2021-07-21,True,0.00016136999999987495,-0.0006201029296516044,0.004552762149822809,0.0057929680091260176,-0.0004587329296517294,167.72807211387416,178.4886385617333,93.97128773317556
2021-07-22,True,0.00016136999999987495,0.0007254465597732705,-0.014359778071052619,-0.01581067119059916,0.0008868165597731455,167.87681614576357,178.51744127333797,94.03944788157594
2021-07-23,True,0.00016136999999987495,-0.002220197158298813,-0.004884809218956601,-0.00044441490235897445,-0.0020588271582989382,167.53118679743392,178.5462486328362,93.83069545300067
2021-07-26,True,0.00016136999999987495,0.0032299035457345323,-0.009627147753146022,-0.016086954844615087,0.003391273545734407,168.09933087930554,178.57506064097805,94.1337106513805
2021-07-27,True,0.00016136999999987495,0.003809761810857863,0.006012834050374974,-0.001606689571340752,0.003971131810857738,168.76687547954424,178.60387729851365,94.49227980503015
2021-07-28,True,0.00016136999999987495,-0.0012968688346041602,0.004032085240495092,0.006625822909703412,-0.0011354988346042852,168.5752408891174,178.6326986061933,94.36975548398999
2021-07-29,True,0.00016136999999987495,0.0025805773104872042,-0.01817972990860972,-0.02334088452958413,0.002741947310487079,169.03746531748803,178.66152456476735,94.61324464194277
2021-07-30,False,0.00016136999999987495,0.0,0.0,0.0,0.00016136999999987495,169.06474289326627,178.69035517498634,94.61324464194277
2021-08-02,True,0.00016136999999987495,-0.0007193747536748212,-0.003567584375438221,-0.0021288348680885785,-0.0005580047536749462,168.970403963053,178.71919043760087,94.54519324383823
2021-08-03,True,0.00016136999999987495,0.005088111071087374,0.001518829156043779,-0.008657392986130968,0.005249481071087249,169.857410900231,178.74803035336174,95.02617207274669
2021-08-04,True,0.00019929999999997305,-0.006102379957568396,-0.019965799255706,-0.007761039340569209,-0.0059030799575684224,168.8547290223014,178.78365483581118,94.44640181305826
2021-08-05,True,0.00019929999999997305,0.005946517982234968,0.009913649983617925,-0.001979385980852011,0.006145817982234941,169.89247945231205,178.81928641821995,95.00791712979436
2021-08-06,True,0.00019929999999997305,0.0002614291891148146,0.005337706777865196,0.004814848399635567,0.00046072918911478763,169.9707538766068,178.8549251020031,95.0327500233334
2021-08-09,True,0.00019929999999997305,0.0030159484388349316,-0.0062418390179121335,-0.012273735895581997,0.0032152484388349046,170.51725207765614,178.89057088857595,95.31930678664152
2021-08-10,True,0.00019929999999997305,-0.004506098819834867,-0.007573295015738076,0.0014389026239316576,-0.004306798819834893,169.78286857764658,178.92622377935402,94.8898741567459
2021-08-11,True,0.00019929999999997305,-0.002993704169745315,-0.013679788333025411,-0.007692379993534781,-0.002794404169745342,169.30842662174192,178.96188377575325,94.60585854912686
2021-08-12,True,0.00019929999999997305,-0.0031654961917523907,-0.0057925870780122235,0.0005384053054925583,-0.0029661961917524177,168.8062246114649,178.9975508791898,94.30644373754404
2021-08-13,True,0.00019929999999997305,0.013099061537413253,-0.01974859532347382,-0.04594671839830033,0.013298361537413227,171.05107081611393,179.03322509108003,95.54152349604085
2021-08-16,True,0.00019929999999997305,-0.0015981765101669302,-0.01735549759081188,-0.01415914457047802,-0.0013988765101669571,170.81179149111037,179.06890641284068,95.3888617029393
2021-08-17,True,0.00019929999999997305,0.0031713761696411194,0.0008073764973751396,-0.005535375841907099,0.0033706761696410924,171.38754272618314,179.10459484588876,95.69131538677397
2021-08-18,True,0.00019929999999997305,-0.0027141877111815232,0.006860745618342351,0.012289121040705397,-0.0025148877111815502,170.95652230113149,179.14029039164154,95.43164294720161
2021-08-19,True,0.00019929999999997305,-0.0016628652683065666,0.013227608881082339,0.016553339417695472,-0.0014635652683065935,170.70631627270106,179.1759930515166,95.27298460325521
2021-08-20,True,0.00019929999999997305,-0.0038233303470338502,-0.016756358940938482,-0.009109698246870782,-0.003624030347033877,170.0876714020984,179.21170282693174,94.90879709254
2021-08-23,True,0.00019929999999997305,0.011532152753860414,0.04053006377061987,0.017465758262899044,0.011731452753860387,172.08304688316625,179.24741971930516,96.00308174736459
2021-08-24,True,0.00019929999999997305,-0.0008721175318975915,0.0049914781826741845,0.006735713246469367,-0.0006728175318976184,171.9672663922809,179.2831437300552,95.91937245991751
2021-08-25,True,0.00019929999999997305,-0.0029592866243363936,-0.02917937018896612,-0.023260796940293333,-0.0027599866243364205,171.4926390372145,179.3188748606006,95.63557610459576
2021-08-26,True,0.00019929999999997305,-0.002689796873529335,0.023136520407389154,0.028516114154447825,-0.002490496873529362,171.06553715585903,179.3546131123603,95.37838708876228
2021-08-27,True,0.00019929999999997305,-0.0036921347319048324,-0.011302451345965229,-0.003918181882155564,-0.0034928347319048594,170.46803350624907,179.39035848675363,95.02630740260025
2021-08-30,True,0.00019929999999997305,0.0044724021557289665,-0.008620136095495418,-0.01756494040695335,0.00467170215572894,171.2644093858631,179.42611098520004,95.45121857988097
2021-08-31,False,0.00019929999999997305,0.0,0.0,0.0,0.00019929999999997305,171.29854238265372,179.4618706091194,95.45121857988097
2021-09-01,True,0.00019929999999997305,0.0020778406754899063,-0.021822820348821752,-0.025978501699801565,0.0022771406754898793,171.6886132611654,179.4976373599318,95.64951148459541
2021-09-02,True,0.00019929999999997305,0.003034394848501344,-0.0012346328919689193,-0.007303422588971607,0.003233694848501317,172.2438018454143,179.5334112390576,95.93969203652192
2021-09-03,True,0.00019929999999997305,-0.001008776826199857,0.014704232464783676,0.01672178611718339,-0.0008094768261998841,172.10437447936388,179.56919224791756,95.84292958323965
2021-09-06,True,0.00019929999999997305,0.0011753907378855705,-0.04442397157930511,-0.04677475305507625,0.0013746907378855435,172.34096476891025,179.60498038793259,95.95556002771603
2021-09-08,True,0.00019929999999997305,9.289232366628888e-05,0.018883128109116566,0.018697343461783988,0.0002921923236662619,172.39132147586898,179.6407756605239,95.96447178654218
2021-09-09,True,0.00019929999999997305,0.004238273595273484,0.007417092033428487,-0.0010594551571184811,0.0044375735952734575,173.1563206521046,179.67657806711304,96.37111442952069
2021-09-10,True,0.00019929999999997305,0.004734530922034264,0.026284525010650983,0.016815463166582455,0.004933830922034237,174.0106446612836,179.7123876091218,96.82729553388407
2021-09-13,True,0.00019929999999997305,-0.004489185275058298,-0.004519238512186284,0.004459132037930312,-0.004289885275058324,173.26415895904776,179.7482042879723,96.39270647814843
2021-09-14,True,0.00019929999999997305,-0.003378957298795449,-0.007851028732553075,-0.0010931141349621771,-0.003179657298795476,172.71323831139398,179.78402810508692,96.06706453948182
2021-09-15,True,0.00019929999999997305,-0.00698929486452928,-0.02011870323553691,-0.006140113506478352,-0.006789994864529306,171.54051631022338,179.81985906188825,95.3957572901804
2021-09-16,True,0.00019929999999997305,0.005324323191997367,-0.013227653980506118,-0.023876300364500853,0.005523623191997341,172.48804148448173,179.8556971597993,95.90357392528328
2021-09-17,True,0.00019929999999997305,0.0025241823235632923,-0.012215665725958225,-0.01726403037308481,0.0027234823235632653,172.95780961649078,179.89154240024325,96.14560379479903
2021-09-20,True,0.00019929999999997305,0.003553371712781264,0.01909306050353396,0.011986317077971431,0.003752671712781237,173.60686349614315,179.92739478464364,96.48717678813415
2021-09-21,True,0.00019929999999997305,0.004657009357418835,0.024804877108644274,0.015490858393806603,0.004856309357418809,174.4499521318516,179.9632543144242,96.93642893735407
2021-09-22,True,0.0002368699999999989,-0.006230955964802702,-0.0008369737548711009,0.011624938174734303,-0.005994085964802703,173.40428412221755,180.00588221047366,96.33256535442706
2021-09-23,True,0.0002368699999999989,-0.0004946169588713237,-0.0064253231907864345,-0.005436089273043787,-0.00025774695887132484,173.3595896953298,180.04852020379286,96.28492891755398
2021-09-24,True,0.0002368699999999989,-0.006052471068250603,-0.012301392430245167,-0.0001964502937439605,-0.005815601068250604,172.35139948030613,180.09116829677353,95.70230517705734
2021-09-27,True,0.0002368699999999989,0.002210066768295313,-0.0389488723818355,-0.04336900591842613,0.0024469367682953117,172.77313245676166,180.13382649180795,95.91376357322814
2021-09-28,True,0.0002368699999999989,-0.00173111949077955,0.000930172839753135,0.004392411821312235,-0.0014942494907795511,172.51496629156773,180.17649479128906,95.74776470782373
2021-09-29,True,0.0002368699999999989,0.005139450777304826,0.006566341201358433,-0.003712560353251219,0.005376320777304825,173.44246208923713,180.21917319761025,96.23973909760286
2021-09-30,True,0.0002368699999999989,0.0019786513355900207,0.023392961082251158,0.019435658411071116,0.0022155213355900196,173.8267275644931,180.26186171316556,96.43011889064358
2021-10-01,False,0.0002368699999999989,0.0,0.0,0.0,0.0002368699999999989,173.8679019014513,180.30456034034955,96.4301188906436
2021-10-04,True,0.0002368699999999989,0.0024933237485644895,-0.007129450718738939,-0.012116098215867918,0.0027301937485644883,174.34259496029864,180.34726908155733,96.67049345862662
2021-10-05,True,0.0002368699999999989,0.0013984842692122555,-0.00673380129597891,-0.009530769834403421,0.0016353542692122544,174.6277068672725,180.3899879391847,96.80565360764099
2021-10-06,True,0.0002368699999999989,-0.0018350030579505025,-0.000674916316364386,0.002995089799536619,-0.0015981330579505036,174.34862855609384,180.43271691562782,96.62805700455147
2021-10-07,True,0.0002368699999999989,0.004045129485894982,0.03379627954214084,0.025706020570350874,0.004281999485894981,175.0951892939375,180.47545601328363,97.01883744294287
2021-10-08,True,0.0002368699999999989,-0.003482640766595551,-0.0014138525371586164,0.005551428996032485,-0.003245770766595552,174.52687044715572,180.5182052345495,96.68103569963529
2021-10-11,True,0.0002368699999999989,0.0010143025394906639,0.014025700104888137,0.011997095025906809,0.0012511725394906627,174.74523367486242,180.56096458182338,96.77907629678978
2021-10-13,True,0.0002368699999999989,-0.0018121547303548194,-0.0047575486807289735,-0.0011332392200193349,-0.0015752847303548206,174.46996017655215,180.60373405750389,96.6037391679849
2021-10-14,True,0.0002368699999999989,0.0014081060734420139,0.013822358012319671,0.011006145865435643,0.0016449760734420127,174.75695908657696,180.64651366399008,96.73973526642871
2021-10-15,True,0.0002368699999999989,-0.0040851487871431435,-0.0021390011491926133,0.006031296425093674,-0.0038482787871431446,174.08444558801847,180.68930340368166,96.34463264219512
2021-10-18,True,0.0002368699999999989,-0.008248065684972754,-0.04086337537540876,-0.02436724400546325,-0.008011195684972756,172.68982102870285,180.73210327897888,95.55016396956222
2021-10-19,True,0.0002368699999999989,-0.004889092581745441,-0.016421835892754966,-0.006643650729264085,-0.004652222581745442,171.88642954367555,180.77491329228258,95.08312100018223
2021-10-20,True,0.0002368699999999989,-0.016392055033917458,-0.04553734275178398,-0.012753232683949059,-0.016155185033917458,169.10957246957804,180.8177334459941,93.52488234794018
2021-10-21,True,0.0002368699999999989,0.0067912524506563805,-0.008175287737862922,-0.021757792639175683,0.00702812245065638,170.2980952524724,180.86056374251544,94.15988302177335
2021-10-22,True,0.0002368699999999989,0.0006126730981521143,0.02738274313110291,0.026157396934798682,0.0008495430981521131,170.4427708239226,180.90340418424913,94.21755858741473
2021-10-25,True,0.0002368699999999989,-0.00780644016644458,-0.035766066873218365,-0.020153186540329205,-0.007569570166444581,169.15259231080768,180.94625477359824,93.48222903118557
2021-10-26,True,0.0002368699999999989,0.0044256034446533464,0.009354351396523353,0.0005031445072166593,0.004662473444653346,169.94126178055112,180.98911551296646,93.89584633246972
2021-10-27,True,0.0002925599999999707,-0.007724886685522565,-0.029223342449444634,-0.013773569078399503,-0.007432326685522595,168.67820280564814,181.0420656886009,93.17072370118719
2021-10-28,True,0.0002925599999999707,-0.010678230268467773,-0.028153374523127234,-0.00679691398619169,-0.010385670268467801,166.92636660983092,181.09503135533876,92.17611624158448
2021-10-29,True,0.0002925599999999707,0.008283995170081646,0.03124088719425532,0.01467289685409203,0.008576555170081617,168.35801980240143,181.14801251771203,92.93947941379703
2021-11-01,True,0.0002925599999999707,-0.01479156287588751,-0.004783424628713655,0.024799701123061364,-0.014499002875887538,165.91699638910765,181.2010091802542,91.56516133089391
2021-11-03,True,0.0002925599999999707,-0.0011735900584405323,-0.017141877001481204,-0.01479469688460014,-0.0008810300584405616,165.77081852808269,181.2540213475,91.4577327971483
2021-11-04,False,0.0002925599999999707,0.0,0.0,0.0,0.0002925599999999707,165.81931643875126,181.30704902398537,91.45773279714832
2021-11-05,True,0.0002925599999999707,0.0006406405624691824,0.0069441179765144054,0.005662836851576041,0.0009332005624691531,165.97405911812015,181.36009221424783,91.51630719400411
2021-11-08,True,0.0002925599999999707,0.007774748103064375,0.013394743092661266,-0.002154753113467484,0.008067308103064346,167.31302299014226,181.413150922826,92.22761532945206
2021-11-09,True,0.0002925599999999707,0.001189183539602747,0.008295798682415274,0.00591743160320978,0.0014817435396027178,167.5609379810493,181.46622515425997,92.33725881420077
2021-11-10,True,0.0002925599999999707,0.022544855432446144,0.0468825101777458,0.0017927993128535112,0.022837415432446113,171.38759673197288,181.51931491309108,94.4183801123483
2021-11-11,True,0.0002925599999999707,-0.00025649300909651694,-0.010138629292034436,-0.009625643273841402,3.606699090345376e-05,171.39377816686516,181.57242020386204,94.39416954096403
2021-11-12,True,0.0002925599999999707,-0.002832766760189816,-0.02940389335852472,-0.02373835983814509,-0.0025402067601898452,170.9584025329112,181.62554103111685,94.12685108182109
2021-11-16,True,0.0002925599999999707,0.006621598942312904,-0.01259002531918035,-0.02583322320380616,0.0069141589423128745,172.14043610054767,181.6786773994009,94.74993904877212
2021-11-17,True,0.0002925599999999707,-0.017162882394705287,-0.017313792325366093,0.017011972464044477,-0.016870322394705317,169.23637144636626,181.73182931326085,93.12423260464983
2021-11-18,True,0.0002925599999999707,0.00337092320416448,0.020113749317855905,0.013371902909526945,0.003663483204164451,169.85636605069377,181.78499677724471,93.43805542920133
2021-11-19,True,0.0002925599999999707,0.008570407702073735,0.004075240524647045,-0.013065574879500424,0.008862967702073706,171.36179753699267,181.83817979590185,94.23862344493986
2021-11-22,True,0.0002925599999999707,0.007294396202419638,0.017296070181640366,0.002707277776801089,0.007586956202419609,172.66191198967374,181.8913783737829,94.9258362509394
2021-11-23,True,0.0002925599999999707,0.007744568636329214,0.014895892649254915,-0.0005932446234035139,0.008037128636329185,174.0496179869293,181.94459251543992,95.66078088974221
2021-11-24,True,0.0002925599999999707,0.005590674816390708,0.01837903551030819,0.007197685877526774,0.005883234816390678,175.07359275924946,181.99782222542623,96.19543279061864
2021-11-25,True,0.0002925599999999707,-0.005996394226736198,-0.030645312620481622,-0.018652524167009226,-0.0057038342267362275,174.0750020086716,182.05106750829648,95.61877575957558
2021-11-26,True,0.0002925599999999707,1.414639410249937e-06,0.002413640230491962,0.0024108109516714623,0.00029397463941022064,174.1261756446174,182.10432836860667,95.61891098610226
2021-11-29,True,0.0002925599999999707,0.002193935019396541,-0.0083215723008762,-0.012709442339669282,0.0024864950193965118,174.55913951310433,182.1576048109142,95.82863130765396
2021-11-30,True,0.0002925599999999707,0.00020306021276643525,-0.010223190426952385,-0.010629310852485255,0.000495620212766406,174.64565455097014,182.21089683977766,95.84808459866161
2021-12-01,True,0.0002925599999999707,0.012901261406984596,0.05260471318533196,0.02680219037136277,0.013193821406984567,176.94989812662158,182.26420445975705,97.08428413089261
2021-12-02,True,0.0002925599999999707,0.0016305806647506447,0.01249302359100148,0.00923186226150019,0.0019231406647506155,177.29019767133238,182.31752767541377,97.24254158764609
2021-12-03,True,0.0002925599999999707,0.009345397485962649,0.02222198447917053,0.0035311895072452316,0.00963795748596262,178.9989130591666,182.3708664913105,98.15104599927722
2021-12-06,True,0.0002925599999999707,-0.003467339052305806,-0.006619442888675254,0.00031523521593635774,-0.003174779052305835,178.43063105960084,182.42422091201115,97.81082258022276
2021-12-07,False,0.0002925599999999707,0.0,0.0,0.0,0.0002925599999999707,178.4828327250236,182.47759094208115,97.81082258022273
2021-12-08,True,0.00034748999999995527,1.8391257289029905e-05,-0.016887050202247397,-0.016923832716825456,0.0003658812572889852,178.54813624826556,182.54100008015763,97.81262081935637
2021-12-09,True,0.00034748999999995527,0.011489210905960933,0.02733696062399291,0.004358538812071044,0.011836700905960888,180.66155713435302,182.60443125227548,98.93602027913644
2021-12-10,True,0.00034748999999995527,-0.00506540722453882,-0.00613155348126217,0.003999260967815469,-0.004717917224538864,179.80921086213684,182.66788446609132,98.43504313179629
2021-12-13,True,0.00034748999999995527,-0.005341741177617555,-0.020715146825761945,-0.010031664470526835,-0.004994251177617599,178.91119849904211,182.73135972926445,97.9094112603976
2021-12-14,True,0.00034748999999995527,-0.0019100712244682306,0.008784401384424574,0.012604543833361036,-0.0015625812244682753,178.6316352194204,182.79485704945677,97.72246227424769
2021-12-15,True,0.00034748999999995527,0.007852607470556511,0.008087200936354792,-0.00761801400475823,0.008200097470556467,180.09643203954454,182.85837643433288,98.48957184863762
2021-12-16,True,0.00034748999999995527,0.004192732172514919,0.008654611124699153,0.0002691467796693142,0.004540222172514875,180.91410985348128,182.92191789156004,98.90236880237117
2021-12-17,True,0.00034748999999995527,-0.002849050045070951,-0.03386311214090671,-0.02816501205076481,-0.002501560045070996,180.46154234468224,182.98548142880819,98.62068888503163
2021-12-20,True,0.00034748999999995527,0.0027312731712225615,0.0036890118288559906,-0.0017735345135891324,0.0030787631712225166,181.01714069507506,183.0490670537499,98.88995535930364
2021-12-21,True,0.00034748999999995527,0.0035320769551364355,-0.007402655846517772,-0.014466809756790643,0.0038795669551363906,181.71940881242895,183.1126747740604,99.23912096016807
2021-12-22,True,0.00034748999999995527,-0.0013428526547220982,-0.003879378990770971,-0.0011936736813267746,-0.0009953626547221429,181.53853209925887,183.17630459741764,99.10590373478806
2021-12-23,True,0.0006951007493000103,0.007546763687808075,0.015806189391664612,0.0007126620160484623,0.008241864437108086,183.03474807093255,183.3036305839973,99.85331304556921
2021-12-27,True,0.00034748999999995527,-0.006838983651079984,-0.000839676741023741,0.012838290561136226,-0.0064914936510800285,181.84657916590308,183.3673267625889,99.17065508695845
2021-12-28,True,0.00034748999999995527,-0.004506471460543206,-0.013350851604531106,-0.0043379086834446955,-0.00415898146054325,181.09028261448887,183.43104507496562,98.72390060280138
2021-12-29,True,0.00034748999999995527,0.0031691559527110176,0.01749359311374885,0.011155281208326814,0.0035166459527109727,181.7271130239204,183.49478552881874,99.03666335814174
2021-12-30,True,0.0006951007493000103,-0.0014679596159784692,-0.028303352479519213,-0.025367433247562274,-0.0007728588666784589,181.58666361330398,183.62233289173247,98.89138252064973
2022-01-03,True,0.00034748999999995527,-0.0032116209199205244,-0.01960443892397133,-0.01318119708413028,-0.0028641309199205693,181.0665756354039,183.686139816189,98.5738912128011
2022-01-04,True,0.00034748999999995527,-0.00804971412645352,-0.03971010740034512,-0.023610679147438078,-0.007702224126453565,179.67196028805054,183.74996891291374,97.78067520283722
2022-01-05,True,0.00034748999999995527,0.0077692087569038795,0.0076323962228359065,-0.007906021290971852,0.008116698756903835,181.13030346477106,183.8138201896113,98.54008979190351
2022-01-06,True,0.00034748999999995527,0.008749629329725386,0.018881659092368726,0.0013824004329179552,0.009097119329725342,182.77806744961944,183.87769365398898,99.40197955362723
2022-01-07,True,0.00034748999999995527,0.00020904265717341507,-0.011066022160207535,-0.011484107474554365,0.0005565326571733704,182.87978941317022,183.94158931375682,99.42275158948668
2022-01-10,False,0.00034748999999995527,0.0,0.0,0.0,0.00034748999999995527,182.94333831119337,184.00550717662745,99.42275158948667
2022-01-11,True,0.00034748999999995527,0.0010593907966429585,0.025913766301522312,0.023794984708236395,0.0014068807966429139,183.20071778073716,184.06944725031627,99.52804254994165
2022-01-12,True,0.00034748999999995527,-0.0019764244613818217,-0.004012475488062088,-5.9626565298444754e-05,-0.0016289344613818664,182.9022958181942,184.13340954254127,99.33140122294719
2022-01-13,True,0.00034748999999995527,0.009370112631437857,0.010260639750934544,-0.008479585511941168,0.009717602631437812,184.6796676493331,184.1973940610232,100.26182432752015
2022-01-14,True,0.00034748999999995527,-3.9635769411304304e-05,-0.007285178180794531,-0.0072059066419719224,0.00030785423058865097,184.73652206632266,184.26140081348547,100.25785175340012
2022-01-17,True,0.00034748999999995527,-0.011042501747001887,-0.02372930119945424,-0.0016442977054504648,-0.010695011747001932,182.76076279272303,184.32542980765416,99.15113882193907
2022-01-18,True,0.00034748999999995527,0.008449837029859176,0.03289845465843378,0.01599878059871543,0.008797327029859131,184.36856899123714,184.38948105125803,99.98865875650733
2022-01-19,True,0.00034748999999995527,0.018654255849890996,0.04983444203370971,0.012525930333927718,0.01900174584989095,187.87189368191673,184.45355455202855,101.85322486096302
2022-01-20,True,0.00034748999999995527,0.009526058894230513,0.005728065623360053,-0.013324052165100972,0.009873548894230469,189.7268560100368,184.51765031769983,102.823147641089
2022-01-21,True,0.00034748999999995527,-4.1943437406081856e-05,-0.010225007154087501,-0.010141120279275337,0.0003055465625938734,189.7848263987224,184.58176835600872,102.81883638295109
2022-01-24,True,0.00034748999999995527,0.0031684396170847586,0.02681317032025261,0.020476291086083093,0.0035159296170847137,190.45209649073098,184.64590867469474,103.14449849320272
2022-01-25,True,0.00034748999999995527,0.016631264372042886,0.030259699002874896,-0.0030028297412108738,0.01697875437204284,193.6857358566877,184.71007128150012,104.85932603074393
2022-01-26,True,0.00034748999999995527,0.00632507467980214,0.019923396876332405,0.007273247516728125,0.0066725646798020954,194.9781164567465,184.77425618416973,105.5223387084867
2022-01-27,True,0.00034748999999995527,-0.0084452266415263,-0.00628198921160573,0.010608464071446869,-0.008097736641526344,193.3992350188189,184.83846339045118,104.63148820399141
2022-01-28,True,0.00034748999999995527,0.003139058378934064,0.019007707042044953,0.012729590284176825,0.003486548378934019,194.07353080816083,184.90269290809474,104.95981846225703
2022-01-31,True,0.00034748999999995527,-0.006852897497335105,-0.005424313702469319,0.00828148129220089,-0.006505407497335149,192.8110034058071,184.96694474485338,104.24078944039107
2022-02-01,True,0.00034748999999995527,-0.0003286847509500804,-0.008119953597836405,-0.007462584095936244,1.8805249049874846e-05,192.81462926474572,185.03121890848277,104.20653898416604
2022-02-02,True,0.0004016799999999529,0.0013540008047847516,-0.0016530859300008711,-0.004361087539570374,0.0017556808047847045,193.15315020822752,185.10554224849395,104.34757806923474
2022-02-03,True,0.0004016799999999529,-0.005707895715612323,-0.022441494657295464,-0.011025703226070818,-0.00530621571561237,192.12823792707258,185.1798954427043,103.75221212203252
2022-02-04,True,0.0004016799999999529,-0.003934343213020187,-0.008890389583158178,-0.0010217031571178037,-0.0035326632130202344,191.4495135687652,185.25427850310572,103.34417920909483
2022-02-07,True,0.0004016799999999529,-0.0073474746497139655,-0.008177911724841799,0.006517037574586132,-0.0069457946497140126,190.11974456172894,185.32869144169484,102.58516535284629
2022-02-08,True,0.0004016799999999529,-0.0009014187870595484,0.003373525323898674,0.005176362898017771,-0.0004997387870595955,190.0247343511856,185.40313427047312,102.49273028684097
2022-02-09,False,0.0004016799999999529,0.0,0.0,0.0,0.0004016799999999529,190.10106348647977,185.4776070014469,102.49273028684094
2022-02-10,True,0.0004016799999999529,-0.004165378016634964,-0.0034435549527739905,0.004887201080495938,-0.0037636980166350113,189.3855804908755,185.55210964662723,102.06598073799802
2022-02-11,True,0.0004016799999999529,-0.0008396696559894081,0.0053443860523682595,0.007023725364347076,-0.0004379896559894552,189.30263156562694,185.62664221803007,101.98031344190302
2022-02-14,True,0.0004016799999999529,0.01064503033681552,0.02760244347316104,0.006312382799529999,0.011046710336815473,191.39380290252933,185.70120472767618,103.06546109014269
2022-02-15,True,0.0004016799999999529,-0.0028115542190984,-0.0025471875388916898,0.00307592089930511,-0.002409874219098447,190.9325679112193,185.7757971875912,102.77580330790934
2022-02-16,True,0.0004016799999999529,-0.00480077324270485,-0.01938529928091015,-0.009783752795500452,-0.004399093242704897,190.09263774190876,185.8504196098055,102.28259809206233
2022-02-17,True,0.0004016799999999529,-0.0012006498955817136,-0.003921159102292908,-0.0015198593111294806,-0.0007989698955817607,189.94075944698125,185.92507200635438,102.1598418100866
2022-02-18,True,0.0004016799999999529,-0.009086806833357454,-0.02711241618894878,-0.008938802522233873,-0.0086851268333575,188.29109986035994,185.99975438927788,101.23190779396757
2022-02-21,True,0.0004016799999999529,0.006219357812131983,0.022845353199449452,0.010406637575185486,0.006621037812131936,189.5377823522233,186.07446677062094,101.86125245537943
2022-02-22,True,0.0004016799999999529,-0.0033705254371126114,-0.003983251575810869,0.002757799298414354,-0.0029688454371126585,188.97507397192646,186.14920916243335,101.51806436471469
2022-02-23,True,0.0004016799999999529,0.00418720039313138,-0.005504228857609961,-0.01387862964387272,0.004588880393131333,189.84225798366677,186.22398157676972,101.94297016756967
2022-02-24,True,0.0004016799999999529,-0.006717602651575962,-0.0036985962318470014,0.009736609071304922,-0.006315922651576009,188.6432289662414,186.29878402568946,101.258432765846
2022-02-25,True,0.0004016799999999529,-0.006158376415689944,-0.0044351904749227586,0.00788156235645713,-0.0057566964156899915,187.55726716620725,186.3736165212569,100.63509560368236
2022-03-02,True,0.0004016799999999529,-0.006835198708319825,-0.006060685785817481,0.00760971163082217,-0.006433518708319872,186.35061397901208,186.44847907554117,99.94751091721727
2022-03-03,True,0.0004016799999999529,-0.0024673853871056313,-0.018290294742001997,-0.013355523967790734,-0.0020657053871056784,185.96566851182519,186.52337170061622,99.70100090744327
2022-03-04,True,0.0004016799999999529,-0.01182314569242121,-0.05073015876095265,-0.02708386737611023,-0.011421465692421258,183.8416680089492,186.59829440856092,98.52269475005167
2022-03-07,True,0.0004016799999999529,0.010021739776119198,0.021505530580955143,0.0014620510287167454,0.010423419776119151,185.75792688694838,186.67324721145891,99.50966711182042
2022-03-08,True,0.0004016799999999529,0.00637941582177055,0.040005967804765966,0.027247136161224865,0.006781095821770503,187.01756918882222,186.74823012139882,100.14422576709205
2022-03-09,True,0.0004016799999999529,-0.0010619919117969175,-0.007902533883977266,-0.005778550060383431,-0.0006603119117969646,186.89407926017154,186.82324315047398,100.03791611177657
2022-03-10,True,0.0004016799999999529,-0.008339859815574373,-0.031111454771466988,-0.01443173514031824,-0.00793817981557442,185.41048045253808,186.89828631078268,99.20394890311053
2022-03-11,True,0.0004016799999999529,0.0020289668835673552,-0.005481562240009115,-0.009539496007143825,0.002430646883567308,185.86114785903075,186.97335961442798,99.40514961185336
2022-03-14,True,0.0004016799999999529,0.004160998630475647,0.005578704044016161,-0.0027432932169351334,0.0045626786304756,186.70917254660282,187.0484630735179,99.81860822519471
2022-03-15,False,0.0004016799999999529,0.0,0.0,0.0,0.0004016799999999529,186.78416988703134,187.12359670016528,99.81860822519471
2022-03-16,True,0.0004373900000000407,0.002560998833283013,0.01486180993729346,0.009739812270727434,0.002998388833283054,187.34422145625462,187.20544269012598,100.07413180094252
2022-03-17,True,0.0004373900000000407,0.020881647130861734,0.054791991721798015,0.013028697460074547,0.021319037130861775,191.3382198697329,187.28732447870422,102.16293088830434
2022-03-18,True,0.0004373900000000407,-0.007435393588923969,-0.00680556293769657,0.008065224240151369,-0.006998003588923928,189.99923432038622,187.36924208155799,101.40364139258432
2022-03-21,True,0.0004373900000000407,0.0025441504700492827,0.012976769992405456,0.00788846905230689,0.0029815404700493237,190.56572472679082,187.45119551435207,101.66151472328183
2022-03-22,True,0.0004373900000000407,0.0065583275869026975,0.012580671829854185,-0.0005359833439512099,0.0069957175869027385,191.8988687187229,187.53318479275808,102.32795274649087
2022-03-23,True,0.0004373900000000407,0.013938901881747444,0.029401916692258105,0.0015241129287632165,0.014376291881747485,194.65766286720037,187.6152099324546,103.75366844579456
2022-03-24,True,0.0004373900000000407,0.0033950712414833823,0.011168005450606752,0.004377862967639987,0.003832461241483423,195.40368081549667,187.697270949127,104.10576553798612
2022-03-25,True,0.0004373900000000407,0.003242868054080263,0.00147278128540698,-0.005012954822753546,0.003680258054080304,196.12281678561482,187.77936785846742,104.4432192004374
2022-03-28,True,0.0004373900000000407,0.0054545252307191365,0.015795801565006415,0.004886751103568143,0.0058919152307191774,197.27835579692552,187.86150067617507,105.01265830777254
2022-03-29,True,0.0004373900000000407,-0.003367470146477937,-0.0068280852760059536,-9.31449830500795e-05,-0.0029300801464778965,196.70031440327514,187.94366941795585,104.65918592120597
2022-03-30,True,0.0004373900000000407,-0.010050774205883146,-0.012933547570346952,0.0071680008414193395,-0.009613384205883105,194.80935870749846,188.02587409952258,103.60773996688636
2022-03-31,True,0.0004373900000000407,5.8777770585613856e-05,0.015412039949561196,0.015294484408389968,0.0004961677705856546,194.9060168326976,188.10811473659498,103.61382713638996
2022-04-01,True,0.0004373900000000407,0.0007426631246562279,0.0014142335448027966,-7.109270450965911e-05,0.0011800531246562687,195.1360162868753,188.19039134489967,103.69074366248927
2022-04-04,True,0.0004373900000000407,-0.014082953618871501,-0.02847781924284293,-0.0003119120050999287,-0.01364556361887146,192.4732753622996,188.27270394017,102.23111015788272
2022-04-05,True,0.0004373900000000407,-0.012603398240248052,-0.02547334519314204,-0.00026654871264593263,-0.012166008240248011,190.13164390821433,188.35505253814642,100.9432140768871
2022-04-06,True,0.0004373900000000407,-7.254798533440788e-05,-0.007804861321035596,-0.0076597653503667805,0.00036484201466563284,190.2010119202295,188.43743715457612,100.93589405177842
2022-04-07,True,0.0004373900000000407,-0.0070722204410712825,-0.011689764013122331,0.0024546768690202336,-0.006634830441071242,188.9390604564186,188.51985780521318,100.22236524899067
2022-04-08,True,0.0004373900000000407,-0.0018509719319320618,-0.011946304980430537,-0.008244361116566413,-0.001413581931932021,188.6719796143212,188.6023145058186,100.03693756817626
2022-04-11,True,0.0004373900000000407,0.001185479335579498,-0.004354515824677129,-0.006725474495836125,0.0016228693355795386,188.97816958452037,188.68480727216033,100.15547744230244
2022-04-12,True,0.0004373900000000407,-0.0002343713402335485,0.006103190526310946,0.006571933206778043,0.0002030186597664922,189.01653567923458,188.7673361200131,100.13201413144012
2022-04-13,True,0.0004373900000000407,-0.004514015543815107,-0.006161832692857638,0.002866198394772577,-0.004076625543815066,188.2459860416812,188.84990106515866,99.68021427595608
2022-04-14,False,0.0004373900000000407,0.0,0.0,0.0,0.0004373900000000407,188.328322953516,188.93250212338558,99.68021427595608
2022-04-18,True,0.0004373900000000407,0.01953220074536723,0.016415721495212823,-0.022648679995521635,0.01996959074536727,192.08916248865904,189.01513931048933,101.62633701690959
2022-04-19,True,0.0004373900000000407,-0.007335594417515519,-0.013662642244589232,0.0010085465904418056,-0.006898204417515478,190.76409217942293,189.09781264227237,100.8811733535505
2022-04-20,True,0.0004373900000000407,-0.00784319405800439,-0.027606157108970828,-0.011919768992962047,-0.00740580405800435,189.35133069143905,189.180522134544,100.09028865919588
2022-04-22,True,0.0004373900000000407,-0.0005546636387631773,0.0061602447819777756,0.00726957205950413,-0.00011727363876313656,189.3291247718842,189.26326780312044,100.0347964872044
2022-04-25,True,0.0004373900000000407,-0.010092162650375705,-0.02764424710798632,-0.007459921807234913,-0.009654772650375664,187.50119511611706,189.34604966382486,99.0256704320036
2022-04-26,True,0.0004373900000000407,0.004267961433574218,0.0208354671205151,0.012299544253366665,0.004705351433574259,188.38345413335355,189.42886773248736,99.44812339763855
2022-04-27,True,0.0004373900000000407,0.008779939441434702,0.02292616517622043,0.005366286293351025,0.009217329441434743,190.1198464914161,189.51172202494487,100.32089015918032
2022-04-28,True,0.0004373900000000407,0.003401731696856018,-0.015182707660117133,-0.02198617105382917,0.003839121696856059,190.84973971908425,189.5946125570414,100.6620057105606
2022-04-29,True,0.0004373900000000407,-0.00016518576093428085,-0.010275713310178403,-0.009945341788309841,0.0002722042390657599,190.90168982726036,189.67753934462775,100.6453850502607
2022-05-02,True,0.0004373900000000407,0.0009093680646536416,-0.0026254263290019274,-0.004444162458309211,0.0013467580646536823,191.15878821759128,189.7605024035617,100.73686873523124
2022-05-03,True,0.0004373900000000407,0.0030614661726150114,0.026003173146220145,0.019880240800990122,0.0034988561726150523,191.827625323696,189.843501749708,101.04513641799755
2022-05-04,True,0.00047278999999995685,0.005682451383855199,-0.014517894852646044,-0.025882797620356442,0.006155241383855156,193.00837066165508,189.93325785890022,101.61904915306582
2022-05-05,True,0.00047278999999995685,-0.001390629682875075,-0.010554104317579313,-0.007772844951829163,-0.0009178396828751182,192.83121991993474,190.02305640388332,101.4778014674613
2022-05-06,True,0.00047278999999995685,-0.010865981830397074,-0.01926356439393571,0.0024683992668584386,-0.010393191830397117,190.82708806041737,190.1128974047205,100.37566659887176
2022-05-09,True,0.00047278999999995685,0.009626936237293344,0.019246200707612463,-7.67176697422314e-06,0.010099726237293301,192.75438940848744,190.20278088148444,101.34152009512043
2022-05-10,True,0.00047278999999995685,0.004370793941907459,0.00792286418783573,-0.0008187236959791886,0.004843583941907415,193.68801147375856,190.29270685425737,101.78425367720561
2022-05-11,True,0.00047278999999995685,-0.0005003658614563186,0.010020070024640492,0.011020801747553129,-2.7575861456361763e-05,193.68267035998838,190.38267534313098,101.73334837894768
2022-05-12,True,0.00047278999999995685,0.005922823934559234,0.01556391419790514,0.0037182663287866733,0.00639561393455919,194.92138994542535,190.47268636820644,102.33561234528874
2022-05-13,True,0.00047278999999995685,0.00676258609288808,0.014930813621517859,0.0014056414357416992,0.007235376092888037,196.331719510229,190.56273994959446,103.02733869284229
2022-05-16,True,0.00047278999999995685,-0.0070636897522536575,0.007340771149110222,0.021468150653617537,-0.006590899752253701,195.0377168287495,190.6528361074152,102.29992944813254
2022-05-17,True,0.00047278999999995685,-0.01316912567042974,-0.0377556845265578,-0.011417433185698322,-0.012696335670429782,192.56145250749742,190.7429748617984,100.95336546314043
2022-05-18,False,0.00047278999999995685,0.0,0.0,0.0,0.00047278999999995685,192.65249363662844,190.83315623288328,100.95336546314044
2022-05-19,True,0.00047278999999995685,-0.0031551351455765516,0.00913492584389702,0.015445196135050123,-0.0026823451455765947,192.13573315553901,190.9233802408186,100.63499447432328
2022-05-20,True,0.00047278999999995685,0.008176209058082844,0.02086210898374646,0.00450969086758077,0.008648999058082802,193.79751493062528,191.01364690576264,101.4574183938994
2022-05-23,True,0.00047278999999995685,-0.008985560797831325,-0.002455792470181607,0.015515329125481045,-0.008512770797831368,192.14776110483157,191.1039562478832,100.54619740869963
2022-05-24,True,0.00047278999999995685,-0.00012129422608190806,0.00561416693414291,0.005856755386306726,0.0003514957739180488,192.21530023082772,191.1943082873576,100.53400749876697
2022-05-25,True,0.00047278999999995685,0.005792914067220869,0.010497044826912109,-0.0010887833075296292,0.006265704067220826,193.41966441926613,191.28470304437275,101.11611714941895
2022-05-26,True,0.00047278999999995685,0.004444031334576139,0.007492279122676428,-0.0013957835464758483,0.004916821334576095,194.3706743518093,191.37514053912508,101.56526798843646
2022-05-27,True,0.00047278999999995685,-0.0013510665887721115,-0.010917688876591666,-0.008215555699047443,-0.0008782765887721546,194.19996313898224,191.46562079182056,101.42811139454363
2022-05-30,True,0.00047278999999995685,-0.002902540348083306,-0.0008381424727686224,0.00496693822339799,-0.002429750348083349,193.72810571094755,191.5561438226747,101.13385133200606
2022-05-31,True,0.00047278999999995685,-0.003934062533391543,0.0004463506255519065,0.008314475692334993,-0.003461272533391586,193.05755993970425,191.6467096519126,100.73617245521939
2022-06-01,True,0.00047278999999995685,0.006646275729446038,0.02406348852682644,0.010770937067934364,0.007119065729445995,194.43194939848146,191.7373182997689,101.40537644033368
2022-06-02,True,0.00047278999999995685,0.0017976025312436946,-0.009064983632327158,-0.012660188694814547,0.0022703925312436515,194.87338624423094,191.8279697864878,101.58757685916855
2022-06-03,True,0.00047278999999995685,-0.004839134739456792,-0.023606603435969577,-0.013928333957055993,-0.0043663447394568355,194.0225018593433,191.91866413232316,101.09621319871712
2022-06-06,True,0.00047278999999995685,-0.003082657303767077,-0.012806002141192088,-0.006640687533657934,-0.00260986730376712,193.5161288755455,192.00940135753825,100.7847154917178
2022-06-07,True,0.00047278999999995685,-0.004936577070872221,-0.02266391740106477,-0.01279076325932033,-0.004463787070872264,192.6523140814656,192.10018148240607,100.28741909289143
2022-06-08,True,0.00047278999999995685,-0.006394627052842101,-0.013826506423332625,-0.0010372523176484217,-0.005921837052842145,191.5114584696222,192.1910045272091,99.646421506949
2022-06-09,True,0.00047278999999995685,0.0028877253477975293,-0.01623975936155921,-0.022015210057154268,0.0033605153477974862,192.15503566508843,192.2818705122395,99.93403702241237
2022-06-10,True,0.00047278999999995685,-0.014377848425674331,-0.045972876398309256,-0.017217179546960594,-0.013905058425674374,189.48310866737785,192.37277945779897,98.49787958641258
2022-06-13,True,0.00047278999999995685,-0.006400488505122887,-0.01389541970814804,-0.0010944426979022648,-0.005927698505122931,188.3599099273842,192.46373138419878,97.86774296263513
2022-06-14,True,0.00047278999999995685,-0.003620339590657696,0.00596036354638988,0.013201042727705272,-0.0031475495906577392,187.7670377699959,192.5547263117599,97.51359593531224
2022-06-15,True,0.0004903700000000007,-0.00439119729859564,-0.019292879922658403,-0.010510485325467124,-0.003900827298595639,187.03459098328628,192.6491493729014,97.0856043704884
2022-06-17,True,0.0004903700000000007,-0.00036193564392746373,-0.008099062090763583,-0.007375190802908656,0.00012843435607253699,187.0586126505425,192.74361873627942,97.05048285229333
2022-06-20,False,0.0004903700000000007,0.0,0.0,0.0,0.0004903700000000007,187.15034058242796,192.83813442459913,97.05048285229334
2022-06-21,True,0.0004903700000000007,-0.003590477969524941,-0.0008055105067490872,0.006375445432300795,-0.0031001079695249403,186.57015432008907,192.93269646057695,96.70219602109383
2022-06-22,True,0.0004903700000000007,-0.0013866219573349333,0.002916280007866784,0.0056895239225366505,-0.0008962519573349326,186.40294045409942,193.02730486694034,96.56817235395411
2022-06-23,True,0.0004903700000000007,0.0028377042448207252,-0.0006471155601497266,-0.006322524049791177,0.003328074244820726,187.02330327938355,193.12195966642795,96.84206995539068
2022-06-24,True,0.0004903700000000007,-0.001961135436789302,0.0031181241189618494,0.007040394992540454,-0.001470765436789301,186.74823586904608,193.21666088178958,96.65224262585673
2022-06-27,True,0.0004903700000000007,-0.0041167074120791,-0.009697314768070564,-0.001463899943912365,-0.003626337412079099,186.0710237546744,193.3114085357862,96.2545486394449
2022-06-28,True,0.0004903700000000007,0.0015390234427560077,-0.012983365435206395,-0.01606141232071841,0.0020293934427560085,186.44863507016905,193.40620265118991,96.40261403944271
2022-06-29,True,0.0004903700000000007,0.001980244378122137,-0.015935064391821657,-0.01989555314806593,0.0024706143781221377,186.90927774875465,193.50104325078402,96.59342120781942
2022-06-30,True,0.0004903700000000007,0.005222713490058664,0.015091865142411,0.004646438162293672,0.0057130834900586645,187.97710605759988,193.5959303573629,97.09765371131971
2022-07-01,True,0.0004903700000000007,0.0017595136961086747,-0.0033190389979352495,-0.006838066390152599,0.0022498836961086753,188.40003268376054,193.69086399373225,97.26841462685462
2022-07-04,True,0.0004903700000000007,0.013127801947625691,0.008173680147652287,-0.018081923747599093,0.013618171947625692,190.9656967237863,193.78584418270887,98.54470925323955
2022-07-05,True,0.0004903700000000007,0.0062970519777375555,0.01982527876354624,0.0072311748080711264,0.006787421977737556,192.26186149072328,193.88087094712077,99.1649462639153
2022-07-06,True,0.0004903700000000007,0.0008453169535695788,0.01701458505603659,0.015323951148897433,0.0013356869535695796,192.51866315078547,193.97594430980712,99.24873098867653
2022-07-07,True,0.0004903700000000007,-0.002982400119342925,-0.009445783401108326,-0.003480983162422476,-0.002492030119342924,192.03890084367808,194.07106429361832,98.95287663962841
2022-07-08,True,0.0004903700000000007,-0.00459620319177341,-0.02899702923105123,-0.01980462284750441,-0.004105833191773409,191.25042115048242,194.166230921416,98.49829202683875
2022-07-11,True,0.0004903700000000007,0.0011799010792526896,0.008672497524559833,0.006312695366054453,0.0016702710792526904,191.56986119782496,194.26144421607296,98.61445330589935
2022-07-12,True,0.0004903700000000007,-0.005866801367503972,-0.00281040246621538,0.008923200268792564,-0.005376431367503972,190.5398989870126,194.35670420047322,98.03618546159144
2022-07-13,True,0.0004903700000000007,-0.00942354848913127,-0.019724230437689495,-0.0008771334594269523,-0.00893317848913127,188.8377720600606,194.45201089751203,97.1127895198726
2022-07-14,True,0.0004903700000000007,0.003992180453432474,-0.00022784603551128288,-0.008212206942376232,0.004482550453432475,189.68424690083359,194.54736433009586,97.50029128073365
2022-07-15,True,0.0004903700000000007,-0.0017673426324186269,-0.012855386513911021,-0.009320701249073767,-0.001276972632418626,189.44202530874028,194.64276452114242,97.32805931666817
2022-07-18,True,0.0004903700000000007,0.006126806936015755,0.02567916101234539,0.013425547140313882,0.006617176936015755,190.6955967093254,194.73821149358065,97.92407727623169
2022-07-19,True,0.0004903700000000007,0.004481333034858407,0.027658716549633245,0.018696050479916432,0.004971703034858407,191.64367858621927,194.83370527035078,98.36269259484386
2022-07-20,False,0.0004903700000000007,0.0,0.0,0.0,0.0004903700000000007,191.73765489688762,194.92924587440422,98.36269259484388
2022-07-21,True,0.0004903700000000007,-0.00032843120779900425,-0.003616349520189993,-0.0029594871045919846,0.00016193879220099646,191.76870466114104,195.02483332870366,98.33040305073632
2022-07-22,True,0.0004903700000000007,-0.009463979203373196,-0.007006105604775391,0.011921852801971,-0.008973609203373195,190.04784724807487,195.12046765622307,97.40026227433736
2022-07-25,True,0.0004903700000000007,0.005236792722881689,-0.005127919385426348,-0.015601504831189725,0.0057271627228816895,191.13628219439795,195.21614887994764,97.91007726104733
2022-07-26,True,0.0004903700000000007,0.0048525081666737045,0.034681225834271794,0.024976209500924385,0.005342878166673705,192.1575000633936,195.31187702287392,98.3849538453256
2022-07-27,True,0.0004903700000000007,0.003387214656033486,0.013366687582297069,0.006592258270230096,0.003877584656033487,192.90260703718118,195.40765210800964,98.71804146674675
2022-07-28,True,0.0004903700000000007,-0.002692684117061759,-0.0010044442872572574,0.004380923946866261,-0.002202314117061758,192.47777490248518,195.50347415837385,98.45235524897241
2022-07-29,True,0.0004903700000000007,-0.0013143273999087768,-0.0009997735122106166,0.001628881287606937,-0.0008239573999087761,192.3191814155363,195.59934319699693,98.32302004298806
2022-08-01,True,0.0004903700000000007,-0.0038151244079019236,-0.0028555876917120415,0.004774661124091806,-0.003324754407901923,191.6797673694009,195.69525924692044,97.94808934413022
2022-08-02,True,0.0004903700000000007,0.010393528637507282,0.02793267447126112,0.007145617196246558,0.010883898637507283,193.76599052831045,195.79122233119736,98.96561665085218
2022-08-03,True,0.0005078799999999844,0.012388059949352376,0.044140397521158954,0.019364277622454202,0.012895939949352361,196.26478510639035,195.89066077719494,100.19098630210908
2022-08-04,True,0.0005078799999999844,-0.006487806677078337,0.002975499160687234,0.015951112514843907,-0.005979926677078352,195.09113608216157,195.99014972599048,99.54129651664341
2022-08-05,True,0.0005078799999999844,0.001937043945566643,0.011059108642113652,0.007185020750980366,0.0024449239455666275,195.56811907233666,196.08968920323332,99.73401450478302
2022-08-08,True,0.0005078799999999844,-0.009736349404875411,-0.017584298813123095,0.0018883999966277283,-0.009228469404875426,193.76332466890855,196.18927923458585,98.7634622161099
2022-08-09,True,0.0005078799999999844,0.009332861299742512,0.039748526232252245,0.02108280363276722,0.009840741299742497,195.67009942035332,196.2889198457235,99.68474001188831
2022-08-10,True,0.0005078799999999844,0.014152136969330448,-0.0004643455645656584,-0.028768619503226556,0.014660016969330433,198.5386263982463,196.38861106233477,101.09477597722258
2022-08-11,True,0.0005078799999999844,0.007900576667140325,0.02459154256303428,0.008790389228753628,0.00840845666714031,200.2080298350695,196.4883529101211,101.89307756406807
2022-08-12,True,0.0005078799999999844,0.00998422825665759,0.02750090062446502,0.007532444111149839,0.010492108256657575,202.3086341579512,196.5881454147971,102.90988489213527
2022-08-15,True,0.0005078799999999844,0.004998762024960232,0.0062330005981388785,-0.0037645234517815853,0.005506642024960217,203.4226753848177,196.68798860209037,103.424045784693
2022-08-16,True,0.0005078799999999844,-0.001933183993616176,0.00925029336468731,0.013116661351919662,-0.0014253039936161917,203.13273623319964,196.7878824977416,103.22420956764493
2022-08-17,True,0.0005078799999999844,-0.0028349934669843436,-0.01413282227864704,-0.008462835344678352,-0.002327113466984359,202.66002330712598,196.88782712750458,102.93171815842294
2022-08-18,True,0.0005078799999999844,-0.005739519368466685,-0.02013679125929398,-0.008657752522360609,-0.005231639368466701,201.59977915077803,196.98782251714607,102.3412394607441
2022-08-19,False,0.0005078799999999844,0.0,0.0,0.0,0.0005078799999999844,201.70216764661313,197.0878686924461,102.34123946074408
2022-08-22,True,0.0005078799999999844,0.014279463560824103,0.03430399428800137,0.005745067166353164,0.014787343560824088,204.68480689656653,197.18796567919762,103.80187563249443
2022-08-23,True,0.0005078799999999844,-0.003795685713182187,9.597337246115371e-05,0.007687344798825528,-0.0032878057131822025,204.01184301905042,197.28811350320677,103.40807633893989
2022-08-24,True,0.0005078799999999844,0.006379170777529373,0.013254133745968205,0.000495792190909459,0.006887050777529357,205.41688294114,197.3883121902928,104.06739926075625
2022-08-25,True,0.0005078799999999844,-0.0007023527066555802,-0.010397199288957345,-0.008992493875646185,-0.0001944727066555958,205.37693496392166,197.48856176628803,103.99434434434177
2022-08-26,True,0.0005078799999999844,-0.005940094372201762,-0.006630162277974592,0.0052500264664289325,-0.0054322143722017775,204.26128342609192,197.5888622570379,103.37692170137304
2022-08-29,True,0.0005078799999999844,-0.005130360647795809,-0.01706843662994149,-0.006807715334349873,-0.004622480647795824,203.3170895963609,197.689213688401,102.84683003334243
2022-08-30,True,0.0005078799999999844,-0.005909365842624298,-0.009058709605072832,0.002760022080175765,-0.005401485842624313,202.21887521534256,197.78961608624908,102.23937900115142
2022-08-31,True,0.0005078799999999844,-0.0056241859045520716,0.0036632371892270734,0.014911608998331216,-0.0051163059045520876,201.18426159006643,197.89006947646698,101.66465761637988
2022-09-01,True,0.0005078799999999844,0.005665104301480285,0.02226602833488962,0.01093581973192905,0.006172984301480269,202.4261688785668,197.99057388495268,102.24030614517616
2022-09-02,True,0.0005078799999999844,0.009616157431702577,0.02006086122925832,0.0008285463658531667,0.010124037431702562,204.47553898944957,198.09112933761736,103.22296595167111
2022-09-05,True,0.0005078799999999844,-0.002815755258015834,-0.02864341281745304,-0.02301190230142137,-0.0023078752580158496,204.00363495214634,198.19173586038536,102.93246288324309
2022-09-06,True,0.0005078799999999844,-0.007854411428380465,-0.009432385094821175,0.006276437761939757,-0.00734653142838048,202.50491583646655,198.29239347919415,102.12439936971883
2022-09-08,True,0.0005078799999999844,0.012335229233254683,0.03335767135595139,0.008687212889442028,0.012843109233254667,205.10570859082532,198.39310221999435,103.38348778043073
2022-09-09,True,0.0005078799999999844,0.004354884411595118,0.014412183092733474,0.005702414269543238,0.004862764411595102,206.10308933117577,198.49386210874985,103.83348237652659
2022-09-12,True,0.0005078799999999844,-0.003995060458284919,-0.029386221453339356,-0.02139610053676952,-0.003487180458284934,205.38437066566794,198.59467317143765,103.41887190920225
2022-09-13,True,0.0005078799999999844,-0.005676818211514986,-0.008687136506266105,0.0026664999167638668,-0.005168938211515001,204.32275154408623,198.69553543404797,102.83207979371338
2022-09-14,True,0.0005078799999999844,0.004203466970255217,0.00027251515913396623,-0.008134418781376468,0.004711346970255201,205.28538692052766,198.7964489225842,103.26411162428279
2022-09-15,True,0.0005078799999999844,-0.005714047342248188,-0.010066707410483072,0.0013613872740133037,-0.005206167342248203,204.21663684330122,198.89741366306302,102.67435512723613
2022-09-16,True,0.0005078799999999844,0.00894108080542012,0.026714110628047988,0.00883194901720775,0.009448960805420105,206.14627184064824,198.9984296815142,103.59190882590066
2022-09-19,True,0.0005078799999999844,-0.006054656013654129,-0.006834863368639023,0.005274448658669236,-0.005546776013654145,205.0028246446983,199.09949700398087,102.96501383958766
2022-09-20,True,0.0005078799999999844,-0.002503836754481089,-0.005171055823778636,-0.0001633823148164589,-0.0019959567544811044,204.593647872161,199.20061565651926,102.70733712236158
2022-09-21,False,0.0005078799999999844,0.0,0.0,0.0,0.0005078799999999844,204.69755689404235,199.3017856651989,102.70733712236158
2022-09-22,True,0.0005078799999999844,0.0004832874769796717,-0.014670174803367103,-0.015636749757326446,0.0009911674769796561,204.90044645505287,199.40300705610255,102.75694909525794
2022-09-23,True,0.0005078799999999844,0.004503989668366565,-0.023147990262629686,-0.032155969599362816,0.00501186966836655,205.92738078767573,199.5042798553262,103.21953039654456
2022-09-26,True,0.0005078799999999844,-0.003585750433854432,-0.021127402605197704,-0.01395590173748884,-0.0030778704338544475,205.29356299082826,199.6056040889791,102.84959880150139
2022-09-27,True,0.0005078799999999844,-0.005646320871270516,-0.005274834937399636,0.006017806805141394,-0.005138440871270531,204.23867415614745,199.70697978318384,102.26917175247632
2022-09-28,True,0.0005078799999999844,-0.008293905719262973,-0.023484787299933602,-0.0068969758614076575,-0.007786025719262988,202.6484665862995,199.8084069640761,101.42139145463183
2022-09-29,True,0.0005078799999999844,0.0064838112700815005,0.02241536836416888,0.00944774582400588,0.0069916912700814845,204.0653221010263,199.90988565780503,102.0786548046625
2022-09-30,True,0.0005078799999999844,-0.007247786570800153,0.0504767116843183,0.0649722848259186,-0.006739906570800168,202.6899408957252,200.01141589053293,101.33918606258867
2022-10-03,True,0.0005078799999999844,0.011839683557779571,0.005351013966475582,-0.01832835314908356,0.012347563557779556,205.19266782345778,200.1129976884354,102.53840090034089
2022-10-04,True,0.0005078799999999844,-0.0023594206518720152,-0.009097186805654226,-0.004378345501910195,-0.0018515406518720308,204.81274525751658,200.2146310777014,102.2965924893025
2022-10-05,True,0.0005078799999999844,-0.0007549706302218727,0.0126812937855564,0.014191235046000145,-0.0002470906302218883,204.7621379472134,200.31631608453316,102.21940077053141
2022-10-06,True,0.0005078799999999844,-0.0021371528463291255,-0.012186664578149126,-0.007912358885490875,-0.001629272846329141,204.4285245558997,200.4180527351462,102.00105318159805
2022-10-07,True,0.0005078799999999844,0.006447519744372303,0.008645953856382374,-0.004249085632362232,0.006955399744372287,205.8504066633382,200.51984105576932,102.6583731462695
2022-10-10,True,0.0005078799999999844,-0.0020141026810585275,-0.02183277266400993,-0.017804567301892876,-0.001506222681058543,205.54035011191675,200.62168107264472,102.45171359993289
2022-10-11,True,0.0005078799999999844,-0.00012147771815667707,0.0010168161719072237,0.0012597716082205779,0.00038640228184330736,205.6197713722109,200.7235728120279,102.43927431720645
2022-10-13,True,0.0005078799999999844,-0.008309776282285176,-0.03388195766583022,-0.01726240510125987,-0.007801896282285191,204.0155472423777,200.82551630018764,101.5884589772057
2022-10-14,True,0.0005078799999999844,-0.001378364864417836,0.012839024737627056,0.015595754466462728,-0.0008704848644178515,203.83795479639727,200.9275115634062,101.44850409500674
2022-10-17,True,0.0005078799999999844,-0.0033413905467112506,0.01823273449231529,0.02491551558573779,-0.002833510546711266,203.26037780166163,201.02955862797901,101.10969709574448
2022-10-18,True,0.0005078799999999844,-0.005338750216581238,-0.00577284363525211,0.004904656797910366,-0.004830870216581254,202.27845329632856,201.13165752021501,100.57017169263783
2022-10-19,True,0.0005078799999999844,-0.0018933815152032362,-0.0015747917578732007,0.0022119712725332716,-0.0013855015152032517,201.99819619279356,201.2338082664364,100.37985064882591
2022-10-20,True,0.0005078799999999844,0.0002902399156239858,0.02004871127972459,0.01946823144847662,0.0007981199156239702,202.15941497609515,201.33601089297875,100.40897009902221
2022-10-21,True,0.0005078799999999844,0.011329569906605186,-0.004397529444654269,-0.02705666925786464,0.011837449906605171,204.5524669240233,201.43826542619107,101.54598307885712
2022-10-24,False,0.0005078799999999844,0.0,0.0,0.0,0.0005078799999999844,204.65635503092466,201.54057189243574,101.5459830788571
2022-10-25,True,0.0005078799999999844,-0.00043364351456150543,-0.03811112123746227,-0.03724383420833926,7.4236485438479e-05,204.6715479994448,201.64293031808845,101.50197067488494
2022-10-26,True,0.0005078799999999844,-0.0009388386320319693,0.028843622569404075,0.030721299833468014,-0.00043095863203198486,204.58334302910308,201.74534072953838,101.40672507692227
2022-10-27,True,0.0005078799999999844,-0.004291790800911323,0.0019942039827481974,0.010577785584570842,-0.0037839108009113383,203.8092179077287,201.84780315318812,100.97172955261347
2022-10-28,True,0.0005078799999999844,-0.012156527979084796,0.012891750068024288,0.03720480602619388,-0.011648647979084811,201.435116073429,201.95031761545357,99.74488698601326
2022-10-31,True,0.0005078799999999844,0.005415693005548838,0.02143784539796606,0.010606459386868383,0.005923573005548823,202.62833168937115,202.0528841427641,100.28480046154672
2022-11-01,True,0.0005078799999999844,-0.0013677338673930377,0.001056939391318068,0.0037924071261041434,-0.0008598538673930533,202.45410093472464,202.1555027615625,100.14770717051137
2022-11-03,True,0.0005078799999999844,0.0009564489869383535,0.01133928005912003,0.009426382085243323,0.001464328986938338,202.75056034324788,202.25817349830507,100.24344472039195
2022-11-04,True,0.0005078799999999844,-0.0031797992636443725,-0.03414079142633288,-0.027781192899044137,-0.002671919263644388,202.20882721535207,202.36089637946137,99.92485249530417
2022-11-07,True,0.0005078799999999844,-0.0017500861751162528,0.0034352628820998876,0.006935435232332393,-0.0012422061751162683,201.95764216152213,202.46367143151457,99.75006416389934
2022-11-08,True,0.0005078799999999844,-0.006549078925446293,-0.028640251582879767,-0.01554209373198718,-0.006041198925446309,200.73757587071026,202.56649868096122,99.09712473574838
2022-11-09,True,0.0005078799999999844,0.00033161011821433023,-0.05147164328484243,-0.05213486352127109,0.0008394901182143147,200.906093082008,202.66937815431132,99.12996966371469
2022-11-10,True,0.0005078799999999844,0.031046776285820966,0.05005368317637057,-0.01203986939527136,0.03155465628582095,207.24561579493786,202.77230987808835,102.20607336353716
2022-11-11,True,0.0005078799999999844,-0.00782724468533949,-0.0035786273802694,0.012075861990409581,-0.007319364685339506,205.72870955349697,202.87529387882924,101.40648751265492
2022-11-14,True,0.0005078799999999844,0.00622674936411678,-0.027191019277582284,-0.039644518005815844,0.006734629364116765,207.11421616189782,202.9783301830844,102.03759976500096
2022-11-16,True,0.0005078799999999844,-0.010827144353240675,-0.02912130522448264,-0.007467016518001292,-0.01031926435324069,204.97694981400895,203.08141881741778,100.9333847516081
2022-11-17,True,0.0005078799999999844,0.0030931338079272135,-0.003448835616801612,-0.00963510323265604,0.003601013807927198,205.71507464059601,203.18455980840676,101.2454267364486
2022-11-18,True,0.0005078799999999844,-0.003914250803620854,0.010473117811330016,0.018301619418571724,-0.0034063708036208696,205.01433281647562,203.28775318264226,100.84932791415237
2022-11-21,True,0.0005078799999999844,0.0057415043517514515,-0.0027778002376756907,-0.014260808941178593,0.0062493843517514355,206.29554617986366,203.3909989667287,101.4280608423631
2022-11-22,True,0.0005078799999999844,-0.00015410008387086826,-0.0034637773047201392,-0.0031555771369784027,0.0003537799161291162,206.36852940088897,203.4942971872839,101.41243870385213
2022-11-23,True,0.0005078799999999844,-0.007510543383612803,0.026020325883235634,0.04104141265046124,-0.007002663383612818,204.92340005652335,203.59764787093943,100.65116282012468
2022-11-24,True,0.0005078799999999844,0.00010424984015808964,-0.03132349625378308,-0.031531995934099256,0.0006121298401580741,205.04883978464457,203.70105104434012,100.66165036134797
2022-11-25,False,0.0005078799999999844,0.0,0.0,0.0,0.0005078799999999844,205.1529799893944,203.80450673414452,100.66165036134795
2022-11-28,True,0.0005078799999999844,0.0035570943219181035,0.0228766275902287,0.015762438946392492,0.004064974321918088,205.98692158511628,203.90801496702466,101.01953158556707
2022-11-29,True,0.0005078799999999844,-0.004113851993515147,-0.0017625650868958453,0.006465138900134448,-0.0036059719935151624,205.24413851484994,204.0115757696661,100.60416314149518
2022-11-30,True,0.0005078799999999844,-0.010105330512652555,-0.031104937972802515,-0.010894276947497403,-0.00959745051265257,203.27431805244163,204.11518916876804,99.58804089017052
2022-12-01,True,0.0005078799999999844,0.007287852705630088,0.021589935166435315,0.007014229755175137,0.007795732705630073,204.8589903018977,204.21885519104305,100.31345543987887
2022-12-02,True,0.0005078799999999844,-0.012138069984224448,-0.04722500184040332,-0.022948861871954423,-0.011630189984224463,202.47644132471027,204.3225738632175,99.0964617841281
2022-12-05,True,0.0005078799999999844,0.0005694165669950422,0.008863703504523895,0.007724870370533811,0.0010772965669950266,202.69456849984672,204.42634521203118,99.1528603075165
2022-12-06,True,0.0005078799999999844,0.0008632889586810181,0.0065428679705787736,0.004816290053216737,0.0013711689586810025,202.97249700026697,204.5301692642375,99.23841442581602
2022-12-07,True,0.0005078799999999844,-0.011517849586190284,-0.04336344375161249,-0.02032774457923192,-0.011009969586190299,200.73777598146094,204.6340460466034,98.09598151411465
2022-12-08,True,0.0005078799999999844,-0.0037704626689897963,-0.012020065128181573,-0.00447913979020198,-0.003262582668989812,200.08285239253226,204.73797558590957,97.72630203065381
2022-12-09,True,0.0005078799999999844,0.0030217123092019568,-0.015252971621785488,-0.021296396240189402,0.003529592309201941,200.7890632895401,204.84195790895012,98.0214528992095
2022-12-12,True,0.0005078799999999844,-0.0072334546887543785,-0.025366481300598664,-0.010899571923089907,-0.006725574688754394,199.4386414477013,204.94599304253293,97.3127790823953
2022-12-13,True,0.0005078799999999844,0.004334073319193281,0.014643189195340503,0.005975042556953941,0.004841953319193265,200.40431403963436,205.0500810134794,97.73432570673326
2022-12-14,True,0.0005078799999999844,-0.0017934289959401217,-0.0046156485085369165,-0.0010287905166566729,-0.0012855489959401373,200.14668447493867,205.1542218486245,97.55913510891298
2022-12-15,True,0.0005078799999999844,-0.006901315278284498,-0.020968841541604027,-0.007166210985035032,-0.006393435278284513,198.8670596015849,205.25841557481698,96.88619053434016
2022-12-16,True,0.0005078799999999844,0.009776483006875895,0.036940291125033504,0.017387325111281715,0.01028436300687588,200.91228063263765,205.36266221891913,97.83291590681789
2022-12-19,True,0.0005078799999999844,0.000207859188294246,0.021478501129725446,0.021062782753136954,0.0007157391882942304,201.05608142529596,205.46696180780688,97.85324105457069
2022-12-20,True,0.0005078799999999844,-0.0054751640932281615,-0.0023180323479880527,0.00863229583846827,-0.0049672840932281775,200.05737875018528,205.57131436836983,97.31775046770196
2022-12-21,True,0.0005078799999999844,0.0031730997955203054,0.009245190731405709,0.002898991140365098,0.00368097979552029,200.7937859193095,205.6757199275112,97.6263926486207
2022-12-22,True,0.0005078799999999844,0.017109956046592177,0.03752124791215345,0.0033013358189690942,0.017617836046592162,204.33133791881045,205.78017851214798,99.29592801220551
2022-12-23,True,0.0005078799999999844,-0.0011576014448418798,-0.014479816598718775,-0.012164613709035016,-0.0006497214448418953,204.19857946671135,205.8846901492107,99.18104125115987
2022-12-26,True,0.0005078799999999844,-0.013455524003083072,-0.026079859653228028,0.0008311883529381151,-0.012947644003083087,201.5546889538411,205.9892548656437,97.84718580845636
2022-12-27,False,0.0005078799999999844,0.0,0.0,0.0,0.0005078799999999844,201.657054549267,206.09387268840487,97.84718580845636
2022-12-28,True,0.0005078799999999844,-0.00023376382245597627,-0.005057642219618519,-0.004590114574706566,0.00027411617754400817,201.7123320102348,206.19854364446587,97.8243242871946
2022-12-29,True,0.0010160179420943688,-0.014812848371109848,-0.03911021098285184,-0.009484514240632144,-0.013796830429015479,198.92934117004833,206.40804506444238,96.3767381779818
2023-01-02,True,0.0005078799999999844,-0.00022052843076629525,-0.023587929683875925,-0.023146872822343335,0.0002873515692336892,198.98650382840015,206.5128755823697,96.35549515605501
2023-01-03,True,0.0005078799999999844,0.006378541438243855,0.015603521831770209,0.0028464389552824987,0.006886421438243839,200.3568087542852,206.61775934162048,96.96979068629649
2023-01-04,True,0.0005078799999999844,0.000952877685769034,0.014675614318675617,0.01276985894713755,0.0014607576857690184,200.6494815025692,206.72269636923488,97.06214413156738
2023-01-05,True,0.0005078799999999844,0.0046694017642996,0.018831408766001933,0.009492605237402732,0.005177281764299584,201.68830040416861,206.82768669226687,97.51513621300373
2023-01-06,True,0.0005078799999999844,-0.002098409216354037,0.002056458938175317,0.006253277370883391,-0.0015905292163540525,201.367509269779,206.93273033778414,97.31061342547368
2023-01-09,True,0.0005078799999999844,0.006837074950748126,0.03341153284824283,0.019737382946746578,0.007344954950748111,202.84654455390987,207.0378273328681,97.97559565179381
2023-01-10,True,0.0005078799999999844,-0.0006275803824094218,0.014290397447194911,0.015545558212013755,-0.00011970038240943738,202.82226374495633,207.1429777046139,97.91413930245855
2023-01-11,True,0.0005078799999999844,-0.0045484975942515216,-0.010750695185878187,-0.0016536999973751447,-0.004040617594251537,202.0027365375625,207.24818148013054,97.46900315114661
2023-01-12,True,0.0005078799999999844,-0.011074844222232243,-0.030006892766276032,-0.007857204321811547,-0.010566964222232259,199.8681808477771,207.35343868654067,96.39009707956706
2023-01-13,True,0.0005078799999999844,-0.004159434899849995,-0.01907295033458765,-0.010754080534887661,-0.0036515548998500105,199.13835121267826,207.45874935098078,95.98937226589273
2023-01-16,True,0.0005078799999999844,-0.001578738889004565,0.010458822059168094,0.013616299837177223,-0.0010708588890045805,198.92510213914045,207.56411350060117,95.8379070371258
2023-01-17,True,0.0005078799999999844,-0.0035222865352524807,0.007885457628603626,0.014930030699108587,-0.0030144065352524963,198.32546101122645,207.66953116256585,95.5005098248983
2023-01-18,True,0.0005078799999999844,-0.0002451038086229611,0.005477161690104852,0.005967369307350774,0.0002627761913770233,198.37757622052405,207.77500236405268,95.4771141684008
2023-01-19,True,0.0005078799999999844,0.0015756341696808725,-0.007687135802129051,-0.010838404141490796,0.002083514169680857,198.79089871152647,207.88052713225335,95.62747480674605
2023-01-20,True,0.0005078799999999844,0.013001544667937247,0.021141012305280576,-0.004862077030593918,0.013509424667937232,201.47644938234137,207.98610549437328,96.8701485627808
2023-01-23,True,0.0005078799999999844,-0.0034924333328625835,0.0023077476622826534,0.00929261432800782,-0.002984553332862599,200.87513217384395,208.0917374776318,96.53200776193069
2023-01-24,True,0.0005078799999999844,-0.0009065319318963868,0.011279333122641963,0.013092396986434737,-0.00039865193189640236,200.79505291433293,208.19742310926193,96.44454283613095
2023-01-25,True,0.0005078799999999844,-0.005384575117888377,-0.001042840957550371,0.009726309278226384,-0.004876695117888392,199.81583666008947,208.30316241651067,95.9254935652631
2023-01-26,True,0.0005078799999999844,0.0009662954496323798,-0.01497633927698456,-0.01690893017624932,0.0014741754496323642,200.1104002609415,208.40895542663878,96.01813888049622
2023-01-27,False,0.0005078799999999844,0.0,0.0,0.0,0.0005078799999999844,200.21203233102605,208.5148021669209,96.01813888049622
2023-01-30,True,0.0005078799999999844,0.004102700277571791,0.02174237447227993,0.013536973917136347,0.004610580277571776,201.13512597862405,208.62070266464542,96.41187255607402
2023-01-31,True,0.0005078799999999844,0.006271096905571233,-0.005336615530890969,-0.017878809342033435,0.006778976905571218,202.49861635253234,208.72665694711478,97.01617383918507
2023-02-01,True,0.0005078799999999844,0.010174709985631964,0.001934347659221819,-0.01841507231204211,0.010682589985631949,204.66182604368424,208.83266504164507,98.00278419224833
2023-02-02,True,0.0005078799999999844,-0.014569291362795632,-0.0397815198091749,-0.01064293708358364,-0.014061411362795647,201.7839919174231,208.93872697556642,96.57567787374333
2023-02-03,True,0.0005078799999999844,-0.008398000430432984,-0.01944742364065193,-0.0026514227797859633,-0.007890120430432999,200.19189192026107,209.04484277622277,95.76504699260218
2023-02-06,True,0.0005078799999999844,-0.006662351569288644,-0.018621266751578092,-0.005296563613000803,-0.0061544715692886595,198.9598166130357,209.15101247097195,95.12735045480564
2023-02-07,True,0.0005078799999999844,0.004637140710521616,0.019655863942556407,0.010381582521513175,0.0051450207105216,199.9834689900714,209.2572360871857,95.56824544253732
2023-02-08,True,0.0005078799999999844,0.0047467288116863505,-0.024503265653750734,-0.033996723277123435,0.005254608811686335,201.03430388841824,209.36351365224968,96.02165171068626
2023-02-09,True,0.0005078799999999844,-0.003730318720235752,0.0038591224243605116,0.011319759864832015,-0.0032224387202357675,200.38648316347258,209.4698451935634,95.66364217164661
2023-02-10,True,0.0005078799999999844,0.006741820002412682,0.016437790904378618,0.002954150899553254,0.007249700002412667,201.83922505094628,209.5762307385403,96.30826183850668
2023-02-13,True,0.0005078799999999844,-0.00924016550950359,-0.02502164488469182,-0.006541313865684638,-0.008732285509503605,200.07670731078449,209.68267031460778,95.4188092943444
2023-02-14,True,0.0005078799999999844,0.005770927353549038,0.024094873849615766,0.01255301914251769,0.0062788073535490225,201.33295041192133,209.7891639492072,95.96918478623938
2023-02-15,True,0.0005078799999999844,-0.0009582053935769108,-0.0006780675598643537,0.0012383432272894679,-0.0004503253935769264,201.24228507178708,209.8957116697937,95.87727327577795
2023-02-16,True,0.0005078799999999844,0.00019367345547561176,-0.005431328356626491,-0.005818675267577715,0.0007015534554755962,201.38346729226697,210.00231350383655,95.89583273261792
2023-02-17,True,0.0005078799999999844,-0.004555287932448396,-0.024994185128612918,-0.015883609263716125,-0.004047407932448411,200.5683862492843,210.10896947881886,95.45922134918835
2023-02-22,True,0.0005078799999999844,0.002242837566553186,0.004063041893139154,-0.00042263323996721835,0.0027507175665531704,201.1200932326354,210.21567962223776,95.67321219523333
2023-02-23,True,0.0005078799999999844,0.003190960424126416,-0.014220292897295567,-0.0206022137455484,0.0036988404241264003,201.86400436358838,210.3224439616043,95.97834665730679
2023-02-24,True,0.0005078799999999844,-0.004662977380813356,-0.0025285773432666323,0.00679737741836008,-0.004155097380813372,201.02523976777675,210.42926252444354,95.53102898149709
2023-02-27,True,0.0005078799999999844,-0.00463185776703659,-0.009624629981000601,-0.0003609144469274202,-0.004123977767036605,200.19621614836126,210.53613533829446,95.08876745869836
2023-02-28,True,0.0005078799999999844,-0.015333473335700546,-0.023236214492812313,0.007430732178588778,-0.01482559333570056,197.22818846039965,210.64306243071007,93.6314665123504
2023-03-01,True,0.0005078799999999844,-0.004062645420366291,-0.007047409667929401,0.0010778811728031819,-0.003554765420366307,196.52708851613914,210.75004382925738,93.2512681588616
2023-03-02,False,0.0005078799999999844,0.0,0.0,0.0,0.0005078799999999844,196.6269006938547,210.85707956151737,93.25126815886159
2023-03-03,True,0.0005078799999999844,0.005593898341162991,0.020160568112642514,0.008972771430316532,0.006101778341162975,197.8266744577985,210.96416965508507,93.77264147804546
2023-03-06,True,0.0005078799999999844,0.002578616001750906,0.00446264492601553,-0.0006945870774862825,0.0030864960017508904,198.4372656975522,211.0713141375695,94.01432236699732
2023-03-07,True,0.0005078799999999844,0.019734271928646616,0.05719400284659979,0.017725458989306563,0.0202421519286466,202.45406297810726,211.17851303659364,95.86868477619473
2023-03-08,True,0.0005078799999999844,0.012586737937536618,0.015559384196063989,-0.009614091679009248,0.013094617937536603,205.10512158270754,211.2857663797947,97.07474625338595
2023-03-09,True,0.0005078799999999844,-0.003991748920330879,-0.02527895689519316,-0.017295459054531403,-0.0034838689203308946,204.39056222422485,211.39307419482364,96.68744494242742
2023-03-10,True,0.0005078799999999844,0.0032131233626486316,0.0026889363602233263,-0.003737310365073937,0.003721003362648616,205.15110019355484,211.50043650934572,96.99795592832722
2023-03-13,True,0.0005078799999999844,-0.0064832804810624235,-0.020385894752674234,-0.007419333790549386,-0.005975400481062439,203.92524021076775,211.60785335104006,96.36941019975876
2023-03-14,True,0.0005078799999999844,0.007567573093633729,0.01335939013552114,-0.001775756051746319,0.008075453093633713,205.57202892269783,211.71532474759996,97.09832255542862
2023-03-15,True,0.0005078799999999844,0.017500789237942856,0.034227945018950386,-0.0007736334569353279,0.01800866923794284,209.27410759613952,211.82285072673278,98.79675723282502
2023-03-16,True,0.0005078799999999844,0.0017251986556926918,-0.0226806526422501,-0.026131049953635483,0.0022330786556926763,209.7414331390016,211.93043131615988,98.9671147444169
2023-03-17,True,0.0005078799999999844,-0.023335171780777052,-0.05274635116117424,-0.006076007599620135,-0.022827291780777068,204.95360424621927,212.03806654361674,96.65887243131404
2023-03-20,True,0.0005078799999999844,0.004949607082259773,0.00234416429628607,-0.007555049868233475,0.005457487082259757,206.07213589385557,212.1457564368529,97.13705301250972
2023-03-21,True,0.0005078799999999844,0.0002810721875955201,0.011826460327686278,0.011264315952495238,0.0007889521875955046,206.23471695627148,212.25350102363208,97.16434167712951
2023-03-22,True,0.0005078799999999844,-0.015032907504906868,-0.04411327196677068,-0.014047456956956944,-0.014525027504906883,203.23915202001496,212.36130033173194,95.70442058064856
2023-03-23,True,0.0005078799999999844,-0.00042297868890635304,0.01679478433454688,0.017640741712359586,8.49013110936314e-05,203.25640729048703,212.46915438894445,95.66396019932728
2023-03-24,True,0.0005078799999999844,-0.004573324095864334,0.006070730618526522,0.015217378810255191,-0.004065444095864349,202.4300797295213,212.5770632230755,95.22667999091414
2023-03-27,True,0.0005078799999999844,0.001168718341328423,0.015456327139012247,0.0131188904563554,0.0016765983413284074,202.7694736654308,212.68502686194526,95.33791666352202
2023-03-28,True,0.0005078799999999844,0.001318303343969771,-0.009521434707167006,-0.012158041395106548,0.0018261833439697553,203.1397679009041,212.7930453333879,95.46353715773004
2023-03-29,True,0.0005078799999999844,0.0092827956357861,0.031101442969318615,0.012535851697746412,0.009790675635786086,205.12864347715075,212.9011186652518,96.3492558250378
2023-03-30,True,0.0005078799999999844,-0.004265732510292122,-0.015070165273252981,-0.006538700252668737,-0.003757852510292138,204.3578002893273,213.0092468853995,95.9384643049197
2023-03-31,True,0.0005078799999999844,-0.011081206764478485,-0.030616482790308142,-0.008454069261351171,-0.0105733267644785,202.19705848999817,213.11743002170766,94.8758900055255
2023-04-03,False,0.0005078799999999844,0.0,0.0,0.0,0.0005078799999999844,202.2997503320641,213.2256681020671,94.87589000552553
2023-04-04,True,0.0005078799999999844,-0.0032259515047521844,-0.013570305219818573,-0.007118402210314204,-0.0027180715047522,201.74988514526802,213.3339611543828,94.56998035079293
2023-04-05,True,0.0005078799999999844,0.011915982490285349,0.01650924284983131,-0.0073227221307393875,0.012423862490285334,204.25639797574368,213.4423092065739,95.69630254424398
2023-04-06,True,0.0005078799999999844,-0.005186995015457012,-0.004281709426719581,0.006092280604194442,-0.004679115015457027,203.30065879697221,213.5507122865737,95.20017827154494
2023-04-10,True,0.0005078799999999844,0.022145673971519335,0.06396679353543315,0.019675445592394484,0.02265355397151932,207.90614124347488,213.65917042232985,97.30738017587393
2023-04-11,True,0.0005078799999999844,0.00010893347744776564,0.015011356387883342,0.01479348943298781,0.0006168134774477501,208.034380553438,213.76768364180396,97.31797482636672
2023-04-12,True,0.0005078799999999844,-0.0037395004875270758,-0.0021082233370616713,0.00537077763799248,-0.0032316204875270913,207.3620923871315,213.87625197297194,96.95423894623715
2023-04-13,True,0.0005078799999999844,-0.0027500187130125938,-0.011161344279001536,-0.005661306852976348,-0.0022421387130126093,206.89715781217905,213.984875443824,96.68774832008833
2023-04-14,True,0.0005078799999999844,0.002580019746291341,0.006733980240140441,0.001573940747557759,0.0030878997462913255,207.53603549329566,214.09355408236445,96.9370779904256
2023-04-17,True,0.0005078799999999844,-0.0007336409892636404,-0.013692780219780406,-0.012225498241253125,-0.000225760989263656,207.48918195261484,214.2022879166118,96.8659970772066
2023-04-18,True,0.0005078799999999844,-0.012021420174034458,-0.034499051566537604,-0.010456211218468686,-0.011513540174034474,205.10024692052588,214.31107697459888,95.70212133497667
2023-04-19,True,0.0005078799999999844,0.0032015487671690386,0.009762540245917928,0.003359442711579851,0.003709428767169023,205.86105167660637,214.41992128437275,96.00836081064723
2023-04-20,True,0.0005078799999999844,-0.004179156819742574,-0.0038749475229003867,0.004483366116584761,-0.0036712768197425896,205.1052787694982,214.52882087399465,95.6073304900923
2023-04-24,True,0.0005078799999999844,-0.004032205896327321,-0.013371386233425354,-0.005306974440770712,-0.0035243258963273366,204.3824209240574,214.63777577154013,95.22201774099705
2023-04-25,True,0.0005078799999999844,0.0047811194790519694,0.010515920864846186,0.0009536819067422461,0.0052889994790519534,205.46339944185212,214.74678600509898,95.67705448079376
2023-04-26,True,0.0005078799999999844,-0.0004505532464465197,0.009982049971078988,0.010883156463972027,5.732675355346476e-05,205.47517799151618,214.85585160277526,95.63396875566505
2023-04-27,True,0.0005078799999999844,0.006590987621777153,0.025745944045838763,0.012563968802284458,0.007098867621777137,206.93381907963902,214.96497259268725,96.26397109436729
2023-04-28,True,0.0005078799999999844,-0.004787978964758961,-0.02195685733248934,-0.01238089940297142,-0.004280098964758977,206.04812185482265,215.07414900296763,95.80329519377968
2023-05-02,True,0.0005078799999999844,0.004498046737579274,0.006527326503859606,-0.0024687669712989413,0.005005926737579259,207.07958365724372,215.18338086176328,96.23400414471341
2023-05-03,True,0.0005078799999999844,0.008343697279889473,0.019998088312527806,0.0033106937527488593,0.008851577279889458,208.91256459507312,215.29266819723537,97.0365439494125
2023-05-04,True,0.0005078799999999844,0.013332549305162741,0.040796701627683424,0.014131603017357941,0.013840429305162726,211.80400417631148,215.40201103755936,98.32963172260239
2023-05-05,True,0.0005078799999999844,0.001116313237985818,0.008081107336078575,0.005848480860106939,0.0016241932379858024,212.148014807673,215.51140941092513,98.43934267218356
2023-05-08,False,0.0005078799999999844,0.0,0.0,0.0,0.0005078799999999844,212.25576054143352,215.62086334553675,98.43934267218354
2023-05-09,True,0.0005078799999999844,-0.0009301751937239354,0.01219735262276403,0.0140577030102119,-0.000422295193723951,212.16612595391666,215.73037286961267,98.3478233183928
2023-05-10,True,0.0005078799999999844,0.002244018181020894,0.019262955451755364,0.014774919089713576,0.0027518981810208784,212.7499855300035,215.8399380113857,98.56840559265765
2023-05-11,True,0.0005078799999999844,0.003538845708306699,0.005457091175055273,-0.001620600241558125,0.004046725708306683,213.61092636588967,215.94955879910293,98.91704690381476
2023-05-12,True,0.0005078799999999844,-0.00073017805787728,0.007635128152881171,0.009095484268635731,-0.00022229805787729552,213.56344107181715,216.0592352610258,98.84485651067244
2023-05-15,True,0.0005078799999999844,0.00010677525798668186,-0.006745893683129556,-0.0069594441991029194,0.0006146552579866663,213.69470896378567,216.16896742543017,98.8554053381885
2023-05-16,True,0.0005078799999999844,0.008273093433968773,0.023739291560982385,0.00719310469304484,0.008780973433968758,215.57115652617637,216.2787553206062,99.67283018927084
2023-05-17,True,0.0005078799999999844,0.010901774094365681,0.029413335344754914,0.007609787156023552,0.011409654094365666,218.03074885486237,216.38859897485844,100.75888927964948
2023-05-18,True,0.0005078799999999844,0.004183754887396955,0.01881958364187337,0.010452073867079461,0.004691634887396939,219.05366952271513,216.49849841650578,101.1802257867367
2023-05-19,True,0.0005078799999999844,0.00015781042538989354,-0.0015479485795493002,-0.0018635694303290873,0.000665690425389878,219.19949145316292,216.60845367388157,101.19618497585617
2023-05-22,True,0.0005078799999999844,-0.007829064123913492,-0.014244944828652592,0.0014131834191743926,-0.007321184123913508,217.5946916163661,216.71846477533347,100.4043157291378
2023-05-23,True,0.0005078799999999844,-0.0035140834575025557,-0.013589899770239333,-0.006561732855234222,-0.0030062034575025712,216.94055770209476,216.82853174922357,100.05166568807502
2023-05-24,True,0.0005078799999999844,0.007683852788542912,0.027116758057630114,0.01174905248054429,0.008191732788542896,218.71767678178776,216.9386546239284,100.82005770753182
2023-05-25,True,0.0005078799999999844,0.010967644301116672,0.022609506975118054,0.0006742183728847088,0.011475524301116657,221.22757679678094,217.0488334278388,101.92525493132007
2023-05-26,True,0.0005078799999999844,-0.0012125913865413443,-0.008016704074927966,-0.005591521301845277,-0.0007047113865413599,221.0716752043953,217.15906818936014,101.80172398401682
2023-05-29,True,0.0005078799999999844,-0.008617591583265222,-0.01823263012163569,-0.0009974469551052485,-0.008109711583265237,219.27884767925838,217.2693589369121,100.9248836339273
2023-05-30,True,0.0005078799999999844,0.0011023539687806346,0.0069092554159465485,0.004704547478385279,0.001610233968780619,219.63193792842662,217.379705698929,101.03608210447068
2023-05-31,True,0.0005078799999999844,0.007919817358240804,0.030278453174726504,0.014438818458244898,0.008427697358240789,221.48292943149133,217.49010850385937,101.83586322849303
2023-06-01,True,0.0005078799999999844,-0.00244837949519477,0.0050070839988643106,0.00990384298925385,-0.0019404994951947854,221.05314191873524,217.60056738016632,101.58665695597061
2023-06-02,True,0.0005078799999999844,0.0022373662327653623,0.004771804599771334,0.00029707213424060946,0.0027452462327653467,221.65998722382855,217.71108235632738,101.81382813624434
2023-06-05,True,0.0005078799999999844,0.004534420477491979,0.02944535932546292,0.020376518370478963,0.005042300477491964,222.77766348324812,217.8216534608345,102.27526049117276
2023-06-06,True,0.0005078799999999844,0.0027854334845915235,0.008792861685778567,0.00322199471659552,0.003293313484591508,223.51134016646333,217.9322807221942,102.55999681450632
2023-06-07,False,0.0005078799999999844,0.0,0.0,0.0,0.0005078799999999844,223.62485710590704,218.0429641689274,102.55999681450629
2023-06-09,True,0.0005078799999999844,-0.00022659211606502116,0.002559322494805042,0.0030125067269350845,0.0002812878839349633,223.6877600687576,218.1537038295695,102.53676932458205
2023-06-12,True,0.0005078799999999844,-0.001240961836543152,-0.01794093165315948,-0.015459007980073177,-0.0007330818365431676,223.52377863479416,218.26449973267046,102.40958969899604
2023-06-13,True,0.0005078799999999844,-0.00011893503596339082,0.021445666285069775,0.021683536356996557,0.0003889449640365936,223.61071708283663,218.37535190679472,102.39741579364527
2023-06-14,True,0.0005078799999999844,-0.00033984944117460936,0.00358189076797776,0.0042615896503269786,0.00016803055882537508,223.6482905165874,218.48626038052114,102.36263375421225
2023-06-15,True,0.0005078799999999844,-0.0005700050718391489,-0.008754608690269968,-0.0076145985465916706,-6.21250718391645e-05,223.63439635047234,218.5972251824432,102.30431615214927
2023-06-16,True,0.0005078799999999844,0.006278653997193698,0.018147465407718028,0.005590157413330632,0.006786533997193683,225.1520987842467,218.7082463411689,102.94632349299984
2023-06-19,True,0.0005078799999999844,-0.0026304990186476894,0.004880272594149128,0.010141270631444507,-0.002122619018647705,224.67418665727882,218.8193238853206,102.67566075426988
2023-06-20,True,0.0005078799999999844,-0.005219871128784295,0.001435142294598411,0.011874884552167,-0.00471199112878431,223.61552388288294,218.93045784353552,102.13997909906887
2023-06-21,True,0.0005078799999999844,-0.0031267441392703087,-0.01792203955453489,-0.011668551275994274,-0.0026188641392703243,223.02990520640188,219.04164824446508,101.82077563509094
2023-06-22,True,0.0005078799999999844,-0.0028035781298932872,0.007384863085289323,0.012992019345075897,-0.002295698129893303,222.51789587010927,219.15289511677548,101.53545804245057
2023-06-23,True,0.0005078799999999844,0.001571755465344396,-0.010876795287008004,-0.014020306217696796,0.0020796354653443805,222.98065197803453,219.2641984891474,101.69496594268264
2023-06-26,True,0.0005078799999999844,0.004861695974432201,-0.0032677879954689884,-0.01299117994433339,0.005369575974432186,224.17796352965902,219.37555839027607,102.1891249757365
2023-06-27,True,0.0005078799999999844,-0.002152409100393359,-0.005620556179443459,-0.001315737978656741,-0.0016445291003933746,223.80929634496755,219.48697484887134,101.96928382610055
2023-06-28,True,0.0005078799999999844,-0.00014783091695880213,0.01824449913398372,0.018540160967901325,0.0003600490830411823,223.88987867689264,219.59844789365758,101.95421726537576
2023-06-29,True,0.0005078799999999844,-0.007770089460178131,0.00411353952826507,0.01965371844862133,-0.007262209460178146,222.26394348192719,219.70997755337382,101.16242601132348
2023-06-30,True,0.0005078799999999844,0.006142772562375326,0.006137932671900048,-0.006147612452850605,0.006650652562375311,223.7421437471689,219.82156385677362,101.7835283407181
2023-07-03,True,0.0005078799999999844,0.0016632383984678026,-0.0012105884903490145,-0.0045370652872846196,0.002171118398467787,224.22791443197104,219.93320683262522,101.95273267788716
2023-07-04,True,0.0005078799999999844,0.0005201469368615458,0.01019705821037184,0.009156764336648748,0.0010280269368615302,224.45842676800333,220.04490650971138,102.00573616008566
2023-07-05,True,0.0005078799999999844,-0.002458501264507339,-0.014805929081943706,-0.009888926552929028,-0.0019506212645073544,224.0205933877518,220.15666291682953,101.75508223086665
2023-07-06,True,0.0005078799999999844,-0.002410918645747366,0.009197310253588942,0.014019147545083674,-0.0019030386457473815,223.59427354109167,220.26847608279172,101.50988353732919
2023-07-07,True,0.0005078799999999844,-0.005053173118302015,-0.01616517705211416,-0.0060588308155101285,-0.00454529311830203,222.57797202827362,220.38034603642464,100.99719690588277
2023-07-10,False,0.0005078799999999844,0.0,0.0,0.0,0.0005078799999999844,222.69101492870735,220.49227280656964,100.99719690588276
2023-07-11,True,0.0005078799999999844,0.004837499379887136,0.005294250799869958,-0.004380747959904313,0.005345379379887121,223.88138288799345,220.60425642208264,101.48552277234428
2023-07-12,True,0.0005078799999999844,-0.007065446790991793,-0.0008366376407400178,0.013294255941243569,-0.006557566790991809,222.4132657664458,220.71629691183432,100.76884619683943
2023-07-13,True,0.0005078799999999844,0.004813119077526065,-0.014271249912800349,-0.02389748806785248,0.00532099907752605,223.59672654841862,220.8283943047099,101.25361244980519
2023-07-14,True,0.0005078799999999844,-0.002980892715758516,0.0018966750306971352,0.007858460462214167,-0.0024730127157585316,223.0437690004624,220.94054862960934,100.95193950766318
2023-07-17,True,0.0005078799999999844,-0.003583745389178323,0.005610423584085829,0.012777914362442475,-0.0030758653891783385,222.35771639112198,221.05275991544735,100.59033711054943
2023-07-18,True,0.0005078799999999844,-9.753670324383779e-05,-0.008346492105041264,-0.008151418698553589,0.00041034329675614665,222.4489593895251,221.1650281911532,100.58053084109763
2023-07-19,True,0.0005078799999999844,0.0013023718417797818,0.010138306370264213,0.0075335626867046495,0.0018102518417797663,222.85164802796197,221.27735348567094,100.71145759721541
2023-07-20,True,0.0005078799999999844,-0.00027668797168428974,0.01722536247648505,0.01777873841985363,0.0002311920283156947,222.90316955248306,221.38973582795924,100.68360609350918
2023-07-21,True,0.0005078799999999844,0.008003490740625526,0.019360625675990294,0.0033536441947392415,0.008511370740625511,224.80038106780475,221.50217524699153,101.48901735034225
2023-07-24,True,0.0005078799999999844,-0.00400109986170305,0.004554013984167031,0.01255621370757313,-0.0034932198617030658,224.0151039117403,221.61467177175598,101.08315578602871
2023-07-25,True,0.0005078799999999844,0.006338465029700545,0.0024572639583602305,-0.010219666101040858,0.006846345029700529,225.54878860498428,221.7272254312554,101.72354259441799
2023-07-26,True,0.0005078799999999844,0.00809448814687532,-0.002877281867300315,-0.019066258161050953,0.008602368146875304,227.4890423196461,221.83983625450745,102.54652462809139
2023-07-27,True,0.0005078799999999844,-0.010732589488138844,-0.007537366858552404,0.013927812117725286,-0.01022470948813886,225.1630329501928,221.9525042705444,101.44649355960182
2023-07-28,True,0.0005078799999999844,0.004037477063774872,0.014832615478739283,0.006757661351189538,0.004545357063774857,226.1864793325139,222.06522950841335,101.85587353464734
2023-07-31,True,0.0005078799999999844,0.0017628853675067252,-0.002006751446392646,-0.0055325221814060965,0.0022707653675067096,226.70009575638045,222.17801199717607,102.0353426149397
2023-08-01,True,0.0005078799999999844,-5.804636015980169e-05,0.006357518000195739,0.006473610720515342,0.00044983363984018275,226.80207308560668,222.2908517659092,102.02942284122793
2023-08-02,True,0.0004903700000000007,0.009770761565572939,0.005971247603500669,-0.013570275527645207,0.010261131565572939,229.12931899688277,222.39985653088965,103.02583939169872
2023-08-03,True,0.0004903700000000007,0.006421158142740566,0.012289694071930896,-0.0005526222135502357,0.006911528142740566,230.7129527334567,222.5089147485367,103.687060356297
2023-08-04,True,0.0004903700000000007,-0.0038730680729079973,-0.008826259426692148,-0.0010801232808761534,-0.0033826980729079964,229.9325204728503,222.618026445062,103.28567014297623
2023-08-07,True,0.0004903700000000007,-0.004483922827612974,-0.00539258941652578,0.0035752562387001696,-0.003993552827612974,229.0142728055558,222.72719164668987,102.82277216014067
2023-08-08,True,0.0004903700000000007,-0.0011652610289383477,-0.007963528230354603,-0.005633006172477907,-0.000674891028938347,228.85971312734048,222.83641037965768,102.70301551592067
2023-08-09,False,0.0004903700000000007,0.0,0.0,0.0,0.0004903700000000007,228.97193906486675,222.94568267021555,102.70301551592068
2023-08-10,True,0.0004903700000000007,-0.010105280321839633,-0.012619751222459443,0.0075908094212198225,-0.009614910321839632,226.77039440454033,223.05500854462656,101.6656814317489
2023-08-11,True,0.0004903700000000007,0.010992091092393439,-0.007922742168352195,-0.029906924353139075,0.01148246109239344,229.37427663519716,223.16438802916662,102.78265213409361
2023-08-14,True,0.0004903700000000007,0.002523442640255858,-0.0011073730012746512,-0.006154258281786368,0.003013812640255859,230.06556772946988,223.2738211501245,103.04189113813695
2023-08-15,True,0.0004903700000000007,-0.002123358127985281,-0.007474922953734808,-0.0032282066977642465,-0.00163298812798528,229.6898733887095,223.3833079338019,102.82320353890387
2023-08-16,True,0.0004903700000000007,0.009470074531915534,-0.005867970417087569,-0.024808119480918638,0.009960444531915535,231.9776866321404,223.49284840651342,103.7964696795102
2023-08-17,True,0.0004903700000000007,0.00284723247776821,0.006412848821011424,0.0007183838654750049,0.0033376024777682107,232.75193593383077,223.60244259458653,104.09185750972907
2023-08-18,True,0.0004903700000000007,0.004203891859464385,-0.002251141833048994,-0.010658925551977763,0.004694261859464385,233.84453446940142,223.71209052436166,104.52923394586773
2023-08-21,True,0.0004903700000000007,-0.007308202477102872,0.014381337491214655,0.0289977424454204,-0.006817832477102871,232.2502216077029,223.82179222219213,103.76568755965627
2023-08-22,True,0.0004903700000000007,-0.005248206307629885,0.004800588466639712,0.015297001081899483,-0.004757836307629885,231.1452130708827,223.93154771444412,103.22137074032882
2023-08-23,True,0.0004903700000000007,-0.002817664392858577,-0.010586209649011488,-0.004950880863294334,-0.002327294392858576,230.6072701125667,224.04135702749687,102.93067011027968
2023-08-24,True,0.0004903700000000007,0.008508025454422936,-0.00799206848202518,-0.025008119390871053,0.008998395454422936,232.68236552370456,224.15122018774247,103.80597764706195
2023-08-25,True,0.0004903700000000007,-0.0015112753502797467,0.003289993868121834,0.0063125445686813275,-0.001020905350279746,232.44481885182563,224.26113722158595,103.64917512308591
2023-08-28,True,0.0004903700000000007,-0.0032275318828830315,0.0007696521482422614,0.007224715914008324,-0.0027371618828830307,231.80857975379075,224.3711081554453,103.31480806931378
2023-08-29,True,0.0004903700000000007,0.002226362064963558,-0.0033513600100086396,-0.007804084139935756,0.0027167320649635588,232.43834155534154,224.48113301575154,103.54471150100247
2023-08-30,True,0.0004903700000000007,0.0024799553514986746,-0.024028149152947736,-0.028988059855945086,0.0029703253514986754,233.12875905392366,224.5912118289485,103.801371903847
2023-08-31,True,0.0004903700000000007,-0.0022858465337649205,0.01874402498828844,0.02331571805581828,-0.0017954765337649197,232.7101818376966,224.70134462149306,103.56421419270737
2023-09-01,True,0.0004903700000000007,0.006302597563593776,-0.0016151784207272442,-0.014220373547914797,0.006792967563593776,234.29097455463813,224.81153141985516,104.21661783757848
2023-09-04,True,0.0004903700000000007,0.0048864294389659585,-0.004438763004899343,-0.01421162188283126,0.005376799438965959,235.55071013517826,224.9217722505175,104.72561538987976
2023-09-05,True,0.0004903700000000007,-0.002046578103981775,-0.012805132472906572,-0.008711976264943022,-0.001556208103981774,235.18414421116725,225.03206713997602,104.51139128756986
2023-09-06,True,0.0004903700000000007,-0.005310001191234495,-0.007287157832823706,0.0033328445496452843,-0.004819631191234495,234.0506433740433,225.14241611473946,103.9567076755381
2023-09-08,True,0.0004903700000000007,-0.0005148031065861968,0.011308542414727896,0.01233814862790029,-2.443310658619606e-05,234.04492478972716,225.25281920132966,103.90321666986071
2023-09-11,False,0.0004903700000000007,0.0,0.0,0.0,0.0004903700000000007,234.15969339949632,225.36327642628146,103.9032166698607
2023-09-12,True,0.0004903700000000007,0.007085708662427715,0.012990316297547192,-0.0011811010273082383,0.007576078662427715,235.93370565626083,225.47378781614262,104.63908374513471
2023-09-13,True,0.0004903700000000007,-0.0039618195514145305,-0.001712846888299711,0.00621079221452935,-0.0034714495514145296,235.11467369959684,225.58435339747405,104.22472576603333
2023-09-14,True,0.0004903700000000007,-0.006767889559438731,-0.014559340111342347,-0.0010235609924648854,-0.00627751955943873,233.63873673673652,225.69497319684956,103.51969006104468
2023-09-15,True,0.0004903700000000007,-0.0028275412611770967,-0.01078319162753183,-0.005128109105177636,-0.002337171261177096,233.09268299573768,225.80564724085613,103.22712733003918
2023-09-18,True,0.0004903700000000007,-0.007384971452509109,-0.019664140826798626,-0.004894197921780409,-0.0068946014525091085,231.48560184498606,225.91637555609364,102.46517158182259
2023-09-19,True,0.0004903700000000007,-0.002990054559696499,-0.00015718198600937297,0.005822927133383625,-0.002499684559696498,230.90696086026207,226.02715816917512,102.15894529250974
2023-09-20,True,0.00047278999999995685,-0.006033444526638223,-0.027786782798684222,-0.015719893745407776,-0.005560654526638267,229.6229670231222,226.13402154928588,101.54286623920315
2023-09-21,True,0.00047278999999995685,-0.0032739407437416407,-0.006833344986145036,-0.0002854634986617551,-0.0028011507437416838,228.9797584782652,226.24093545333412,101.21057801473599
2023-09-22,True,0.00047278999999995685,0.0012968107078253307,-0.0008533846725293689,-0.0034470060881800304,0.0017696007078252876,229.38496122094602,226.3478999052071,101.3417669512334
2023-09-25,True,0.00047278999999995685,-0.002024627555796952,-0.019536221402949677,-0.015486966291355772,-0.0015518375557969952,229.02899302338832,226.45491492880328,101.13668457820592
2023-09-26,True,0.00047278999999995685,-0.0030223342301354864,-0.0054429684478892555,0.0006017000123817173,-0.0025495442301355295,228.4450734756918,226.56198054803244,100.8311601633709
2023-09-27,True,0.00047278999999995685,0.005414869970991554,0.01843524989878693,0.007605509956803823,0.00588765997099151,229.7900803903649,226.66909678681571,101.37688976917947
2023-09-28,True,0.00047278999999995685,-0.0022840049089221564,0.00676129593081462,0.011329305748658933,-0.0018112149089221995,229.3738811708394,226.77626366908555,101.14545387587138
2023-09-29,True,0.00047278999999995685,0.002528213039834258,-0.011522709708204062,-0.016579135787872578,0.003001003039834215,230.06223288549168,226.88348121878562,101.40105028785273
2023-10-02,True,0.00047278999999995685,-0.003222443843339421,-0.022143258525848798,-0.015698370839169955,-0.002749653843339464,229.42964138263085,226.99074945987104,101.07444551311592
2023-10-03,True,0.00047278999999995685,0.008851162653976258,0.020527257569134243,0.0028249322611817265,0.009323952653976215,231.5688324963012,227.09806841630814,101.96864909999914
2023-10-04,True,0.00047278999999995685,-0.001628906330009121,-0.011778135245242191,-0.00852032258522395,-0.001156116330009164,231.3011119875311,227.2054381120747,101.80263021408675
2023-10-05,True,0.00047278999999995685,-0.002251004558066344,-0.0011533852618709946,0.0033486238542616933,-0.0017782145580663871,230.88980898289796,227.31285857115964,101.57358032195023
2023-10-06,True,0.00047278999999995685,-0.010300823716707425,0.004736038691866849,0.0253376861252817,-0.009828033716707468,228.62061615536987,227.42032981756347,100.5277832191912
2023-10-09,True,0.00047278999999995685,-0.0015472798413675055,0.01852692777337032,0.021621487456105332,-0.0010744898413675486,228.37496562578372,227.5278518752979,100.37231211190361
2023-10-10,True,0.00047278999999995685,-0.005287335860335538,-0.016427765838704256,-0.005853094118033179,-0.004814545860335581,227.27544388042583,227.635424768386,99.84186077877533
2023-10-11,False,0.00047278999999995685,0.0,0.0,0.0,0.00047278999999995685,227.38289743753802,227.74304852086226,99.84186077877531
2023-10-13,True,0.00047278999999995685,0.0036419373432886315,0.01000827258945248,0.0027243979028752177,0.004114727343288588,228.31851606302047,227.8507231567724,100.20530674634998
2023-10-16,True,0.00047278999999995685,-0.002964173463942158,-0.013644801077265326,-0.0077164541493810095,-0.0024913834639422013,227.74968708758925,227.95844870017365,99.9084211996639
2023-10-17,True,0.00047278999999995685,-0.004704765207586023,-0.023770594124308386,-0.01436106370913634,-0.004231975207586066,226.78585605829906,228.0662251751346,99.43859766352851
2023-10-18,True,0.00047278999999995685,0.00483518254156672,0.012381728106511456,0.002711363023378016,0.005307972541566676,227.9896291550722,228.1740526057351,99.9191742231175
2023-10-19,True,0.00047278999999995685,0.0005993199376379682,-0.0015825268293344907,-0.002781166704610427,0.0010721099376379251,228.23405910216775,228.28193101606655,99.97902947741605
2023-10-20,True,0.00047278999999995685,0.005122593517236761,0.01875481469823455,0.00850962766376103,0.005595383517236718,229.51111619454002,228.3898604302316,100.49093937979393
2023-10-23,True,0.00047278999999995685,0.002799480293478656,0.006088457067888076,0.0004894964809307641,0.003272270293478613,230.26213860208654,228.49784087234437,100.77212884069561
2023-10-24,True,0.00047278999999995685,-0.0014642864410604611,-0.014784474090508934,-0.011855901208388012,-0.0009914964410605042,230.03383451115158,228.60587236653038,100.62463931037244
2023-10-25,True,0.00047278999999995685,0.0037186654561618734,0.026168400009870346,0.0187310690975466,0.00419145545616183,230.99801108191517,228.71395493692654,100.99865185122549
2023-10-26,True,0.00047278999999995685,-0.008950632074203551,-0.03521114309352976,-0.017309878945122658,-0.008477842074203594,229.03964642450757,228.82208860768114,100.09507727953634
2023-10-27,True,0.00047278999999995685,-0.008023721683414392,-0.025776560330061777,-0.009729116963232995,-0.007550931683414436,227.31018370156272,228.93027340295396,99.29232177234174
2023-10-30,True,0.00047278999999995685,0.0019116636797751932,0.010143895782935952,0.006320568423385566,0.00238445367977515,227.85219430554028,229.0385093469161,99.48204559802694
2023-10-31,True,0.00047278999999995685,0.0025269167117488124,0.020042736616873235,0.01498890319337561,0.0029997067117487693,228.5356840620853,229.14679646375018,99.73330964643813
2023-11-01,True,0.00045513000000005176,0.023915098707165672,0.059782589047418434,0.01195239163308709,0.024370228707165723,234.1051509504269,229.25108804522472,102.11735653976247
2023-11-03,True,0.00045513000000005176,-0.012763505225223515,-0.024264139641876542,0.0012628708085704876,-0.012308375225223463,231.22369691037144,229.35542709292673,100.81457406137058
2023-11-06,True,0.00045513000000005176,0.014324459480157939,0.042935332593207955,0.014286413632892079,0.01477958948015799,234.6410882287912,229.45981362845953,102.25803138179184
2023-11-07,True,0.00045513000000005176,0.0014144810077613241,-0.00698787904538356,-0.009816841060906209,0.001869611007761376,235.07977579021687,229.56424767343626,102.4026076240873
2023-11-08,True,0.00045513000000005176,-0.005860244433823367,-0.015974901475377223,-0.00425441260773049,-0.005405114433823315,233.80914270099322,229.66872924947984,101.80277631397342
2023-11-09,True,0.00045513000000005176,0.002841823856713402,0.00954758032425578,0.003863932610828976,0.0032969538567134537,234.58000065575612,229.77325837822318,102.09195026064378
2023-11-10,True,0.00045513000000005176,0.005121506172095183,0.005822598653168716,-0.00442041369102165,0.005576636172095235,235.88816797266315,229.87783508130883,102.61457695093937
2023-11-13,True,0.00045513000000005176,0.0017582959561909441,0.02240696590986378,0.01889037399748189,0.002213425956190996,236.4102889664122,229.98245938038937,102.79492166634815
2023-11-14,False,0.00045513000000005176,0.0,0.0,0.0,0.00045513000000005176,236.5178863812295,230.08713129712714,102.79492166634816
2023-11-16,True,0.00045513000000005176,-0.00034410179742770663,-0.007529445226878428,-0.006841241632023015,0.00011102820257234512,236.5441465370306,230.19185085319438,102.75956584053336
2023-11-17,True,0.00045513000000005176,-0.0006449705389101144,0.011132716017252428,0.012422657095072656,-0.0001898405389100626,236.499240868776,230.29661807027318,102.69331909885456
2023-11-20,True,0.00045513000000005176,-0.009156475514176124,-0.021635093997825122,-0.0033221429694728724,-0.008701345514176072,234.44137926013644,230.40143297005554,101.7534380051386
2023-11-21,True,0.00045513000000005176,0.003692527579976855,0.011093773667989998,0.0037087185080362886,0.004147657579976907,235.41376182388495,230.50629557424318,102.12899445432333
2023-11-22,True,0.00045513000000005176,0.003978773456584905,0.005134997053848049,-0.00282254985932176,0.004433903456584957,236.45756371616358,230.6112059045479,102.53515772951447
2023-11-23,True,0.00045513000000005176,-0.007577691720307792,-0.019053052083398376,-0.0038976686427827922,-0.00712256172030774,234.77338012436158,230.71616398269123,101.75853137969766
2023-11-24,True,0.00045513000000005176,0.0010157746845053568,0.005509213550800501,0.0034776641817897878,0.0014709046845054086,235.11870938898366,230.82116983040467,101.86184809726794
2023-11-27,True,0.00045513000000005176,0.003723961399390218,0.012237036979264695,0.004789114180484259,0.004179091399390269,236.10129196522692,230.92622346942954,102.24100512191612
2023-11-28,True,0.00045513000000005176,-0.0006802754368728701,-0.003727333295389009,-0.002366782421643269,-0.0002251454368728183,236.04813483670117,231.03132492151718,102.17148471831179
2023-11-29,True,0.00045513000000005176,-0.0039714866421434415,0.0020855445397389705,0.010028517824025853,-0.0035163566421433897,235.2181054099026,231.13647420842872,101.76589662685312
2023-11-30,True,0.00045513000000005176,0.004002082363964825,0.019583045896991336,0.011578881169061686,0.004457212363964877,236.266522457564,231.2416713519352,102.17298684802417
2023-12-01,True,0.00045513000000005176,-0.0031230686168777777,-0.020679472083893924,-0.014433334850138368,-0.002667938616877726,235.6361778784241,231.34691637381758,101.85403876214879
2023-12-04,True,0.00045513000000005176,0.00792178424671747,0.010352889016666209,-0.005490679476768734,0.008376914246717522,237.6100819339359,231.4522092958668,102.6605374201451
2023-12-05,True,0.00045513000000005176,0.0023603223907982715,0.0011700768216507025,-0.0035505679599458404,0.0028154523907983234,238.2790618071946,231.55755013988363,102.90273915199505
2023-12-06,True,0.00045513000000005176,0.00534949789788316,0.017382821924393183,0.006683826128626863,0.005804627897883212,239.66218309684209,231.6629389276788,103.45296671370491
2023-12-07,True,0.00045513000000005176,-0.00460017804462969,-0.0024344090132632687,0.006765947075996111,-0.004145048044629638,238.66877183342484,231.76837568107294,102.977281146349
2023-12-08,True,0.00045513000000005176,-0.0039036665920000506,-0.014043890401842682,-0.006236557217842581,-0.003448536591999999,237.8457138403896,231.87386042189667,102.57547504821247
2023-12-11,True,0.00045513000000005176,0.004881163157786214,0.005093402545296231,-0.004668923770276195,0.005336293157786266,239.11492829576483,231.97939317199047,103.07593490361623
2023-12-12,True,0.00045513000000005176,0.01131483365762141,0.04196811120600325,0.01933844389076043,0.011769963657621462,241.9293023118007,232.0849739532048,104.24169139040463
2023-12-13,True,0.0004373900000000407,0.00208817976960698,0.009028676486311477,0.0048523169470975165,0.0025255697696070206,242.54031164410148,232.1864855999622,104.45927161410164
2023-12-14,True,0.0004373900000000407,-0.007075935140998589,-0.015921527661518897,-0.001769657379521718,-0.006638545140998548,240.93019683674024,232.2880416468988,103.7204477374597
2023-12-15,False,0.0004373900000000407,0.0,0.0,0.0,0.0004373900000000407,241.0355772955347,232.38964211343475,103.72044773745968
2023-12-18,True,0.0004373900000000407,0.0002171735918415304,0.00589873443115115,0.005464387247468089,0.0006545635918415711,241.19335040877087,232.49128701899875,103.74296323159027
2023-12-19,True,0.0004373900000000407,-0.004373130818760826,-0.010232405711327303,-0.0014861440738056508,-0.003935740818760785,240.24407589435341,232.59297638302803,103.28948003086978
2023-12-20,True,0.0004373900000000407,0.002377153797755896,0.011356290951799852,0.00660198335628806,0.002814543797755937,240.92025336810948,232.69471022496822,103.53490766300138
2023-12-21,True,0.0004373900000000407,0.0008390457252269675,0.006070476144292032,0.004392384693838097,0.0012764357252270082,241.2277725864393,232.79648856427352,103.62174020500227
2023-12-22,True,0.0004373900000000407,0.003093911322531141,0.008727178572834829,0.0025393559277725464,0.003531301322531182,242.07962053880502,232.89831142040666,103.94219651589707
2023-12-26,True,0.0004373900000000407,2.3792264652451774e-05,0.007190144360802582,0.007142559831497679,0.0004611822646524925,242.19126336643134,233.00017881283884,103.94466845494371
2023-12-27,True,0.0004373900000000407,0.0001247709047612945,-0.0021582389897342735,-0.0024077807992568625,0.0005621609047613352,242.32741382617067,233.10209076104985,103.95763205512283
2023-12-28,True,0.0008749713100121814,-0.014477229405937833,-0.038547052223915496,-0.00959259341203983,-0.013602258095925652,239.03121379958893,233.30604840276962,102.45392926416362
2024-01-02,True,0.0004373900000000407,0.008406815858931254,0.013232240571151096,-0.00358139114671141,0.008844205858931295,241.14525506114268,233.40809413528052,103.31486401725974
2024-01-03,True,0.0004373900000000407,-0.0017625213936708524,-0.020214728731142707,-0.016689685943801002,-0.0013251313936708117,240.8257059132264,233.5101845015744,103.1328489707063
2024-01-04,True,0.0004373900000000407,0.003297566393291989,0.0131680200968493,0.0065728873102653225,0.0037349563932920294,241.72517942319604,233.61231952117353,103.472787701715
2024-01-05,True,0.0004373900000000407,0.006540750934439431,0.01656260103060528,0.003481099161726416,0.006978140934439472,243.41197179261377,233.71449921360892,104.14928154292285
2024-01-08,True,0.0004373900000000407,-0.0035395015134815915,-0.00794564592131177,-0.0008666428943485868,-0.003102111513481551,242.65688071239663,233.81672359841997,103.7808061707167
2024-01-09,True,0.0004373900000000407,-0.001728624482165079,-0.010263898886978104,-0.0068066499226479464,-0.0012912344821650382,242.34355378068616,233.91899269515469,103.60148656099526
2024-01-10,True,0.0004373900000000407,-0.0005363717899615947,-0.008547968892847138,-0.007475225312923948,-9.898178996155401e-05,242.31956618194732,234.02130652336965,103.54594194086727
2024-01-11,True,0.0004373900000000407,0.0016300011622909507,0.006884659211518522,0.0036246568869366205,0.0020673911622909914,242.8205355115221,234.12366510262993,103.71464815616987
2024-01-12,True,0.0004373900000000407,-0.0005847429867208431,-0.0001899402200887986,0.0009795457533528877,-0.0001473529867208024,242.78475518037732,234.22606845250922,103.65402825757775
2024-01-15,True,0.0004373900000000407,0.0009345284703814703,-0.01642462250326328,-0.018293679444026222,0.001371918470381511,243.11783607033632,234.3285165925897,103.75085354764055
2024-01-16,True,0.0004373900000000407,-0.004698109513055881,-0.008776388570431864,0.0006198304556798984,-0.0042607195130558405,242.0819791622195,234.4310095424621,103.2636337806546
2024-01-17,True,0.0004373900000000407,-0.000653111896200648,-0.01615647099652386,-0.014850247204122563,-0.0002157218962006073,242.02975677863864,234.5335473217259,103.19622055885664
2024-01-18,True,0.0004373900000000407,8.839674130530417e-05,0.006409577401440936,0.006232783918830327,0.0005257867413053449,242.1570128157542,234.63612994998897,103.20533878025019
2024-01-19,False,0.0004373900000000407,0.0,0.0,0.0,0.0004373900000000407,242.2629298715897,234.73875744686782,103.20533878025019
2024-01-22,True,0.0004373900000000407,-0.0027075228648626992,0.015778888733340546,0.021193934463065944,-0.0022701328648626583,241.7129608325503,234.84142983198754,102.92603013253618
2024-01-23,True,0.0004373900000000407,-0.004470586407090254,-0.007808552549833712,0.0011326202643467953,-0.004033196407090213,240.7380849873733,234.94414712498178,102.46609159380733
2024-01-24,True,0.0004373900000000407,0.002443883690019688,0.00533950210801587,0.00045173472797649383,0.002881273690019729,241.43171729783313,235.04690934549282,102.71639732261076
2024-01-25,True,0.0004373900000000407,-0.002405969018555327,-0.0008141734735792328,0.003997764563531421,-0.0019685790185552865,240.95643988474683,235.14971651317148,102.46937289896758
2024-01-26,True,0.0004373900000000407,-0.001549329048638859,-0.007550926325789843,-0.0044522682285121256,-0.0011119390486388182,240.688511010218,235.25256864767718,102.31068353208158
2024-01-29,True,0.0004373900000000407,0.00502317398286078,-0.011507766296914005,-0.021554114262635565,0.005460563982860821,242.0028060245288,235.35546576867802,102.8243832086671
2024-01-30,True,0.0004373900000000407,0.0008839306154650537,0.013853000354431136,0.012085139123501029,0.0013213206154650944,242.32256932112946,235.4584078958506,102.91523309217102
2024-01-31,True,0.0004195699999999557,-0.004688476195143773,-0.005702077131472462,0.0036748752588150837,-0.004268906195143817,241.28811700373132,235.55719918005144,102.43291983587365
2024-02-01,True,0.0004195699999999557,0.001501474263903231,-0.008831044439529756,-0.011833992967336218,0.0019210442639031866,241.75164215684936,235.65603191411145,102.58665572581631
2024-02-02,True,0.0004195699999999557,-0.007427998201001193,-0.010593915311230198,0.004262081090772187,-0.007008428201001237,240.0573431303189,235.75490611542165,101.82496181555214
2024-02-05,True,0.0004195699999999557,0.004878606893518184,0.031231744710085312,0.021474530923048945,0.00529817689351814,241.32920939881132,235.8538218013805,102.3215174363559
2024-02-06,True,0.0004195699999999557,0.0007364048970316533,0.010551990967875874,0.009079181173812567,0.001155974897031609,241.6081799067968,235.95277898939372,102.3968359014993
2024-02-07,True,0.0004195699999999557,-0.0026914231216793125,-0.01698531065803609,-0.011602464414677466,-0.002271853121679357,241.05928160905225,236.05177769687432,102.12135827191621
2024-02-08,True,0.0004195699999999557,-0.004073249422065379,-0.003342834703036942,0.004803664141093816,-0.003653679422065424,240.17852827233938,236.1508179412426,101.70556696191454
2024-02-09,True,0.0004195699999999557,-0.002561434347641306,-0.01583911574956981,-0.010716247054287198,-0.0021418643476413504,239.6640984455639,236.24989973992624,101.44516408658635
2024-02-14,True,0.0004195699999999557,-0.002306966062768326,-0.001632364280674009,0.0029815678448626426,-0.00188739606276837,239.21175736977082,236.34902311036012,101.2112316868236
2024-02-15,True,0.0004195699999999557,-0.0008743823504231141,0.011642572740563573,0.0133913374414098,-0.0004548123504231584,239.10296090815265,236.44818806998654,101.12277148741791
2024-02-16,True,0.0004195699999999557,-0.0056233854758902194,-0.006639472061891601,0.004607298889888839,-0.0052038154758902635,237.85871321984766,236.54739463625506,100.55435765234661
2024-02-19,True,0.0004195699999999557,0.0026820237706653522,0.02022330185512622,0.014859254313795514,0.0031015937706653078,238.5964543230688,236.6466428266226,100.82393372378188
2024-02-20,True,0.0004195699999999557,0.009596462871839115,0.013274959489334196,-0.005917966254344033,0.01001603287183907,240.9862442526729,236.7459326585534,101.79108107434102
2024-02-21,True,0.0004195699999999557,-0.0019509715355038085,0.006338974030586679,0.010240917101594296,-0.0015314015355038528,240.61719754818904,236.84526414951895,101.59257286068801
2024-02-22,False,0.0004195699999999557,0.0,0.0,0.0,0.0004195699999999557,240.71815330576433,236.94463731699815,101.59257286068802
2024-02-23,True,0.0004195699999999557,-0.0024014066619916603,-0.0008512523413022425,0.003951560982681078,-0.001981836661991705,240.24108924433602,237.04405217847727,101.34871009691128
2024-02-26,True,0.0004195699999999557,0.004144467543328478,0.027404047215979083,0.019115112129322126,0.004564037543328434,241.33755859509728,237.1435087514498,101.76857037568897
2024-02-27,True,0.0004195699999999557,-0.0020246128159963623,-0.00812119120175229,-0.004071965569759565,-0.0016050428159964066,240.9502014804441,237.24300705341665,101.56261483660623
2024-02-28,True,0.0004195699999999557,0.0012512105768420722,-0.00012019042872977541,-0.0026226115824139196,0.0016707805768420279,241.3527763970638,237.34254710188605,101.68963775949376
2024-02-29,True,0.0004195699999999557,0.007454102022408621,0.007434776046433851,-0.00747342799838339,0.007873672022408577,243.25310900011203,237.4421289143736,102.4473247912269
2024-03-01,True,0.0004195699999999557,-0.004817064070499769,-0.016533635378063415,-0.006899507237063877,-0.004397494070499813,242.1834048956534,237.54175250840223,101.95403643285279
2024-03-04,True,0.0004195699999999557,0.0006513049707255377,0.003044307238186513,0.0017416972967354376,0.0010708749707254933,242.44275304228125,237.6414179015022,102.02041175447334
2024-03-05,True,0.0004195699999999557,-0.005697239336806034,-0.007203035975358836,0.004191442698253232,-0.005277669336806078,241.16322035861916,237.74112511121115,101.43942081783587
2024-03-06,True,0.0004195699999999557,-0.0067205916210844084,-0.008061846368774531,0.005379336873394286,-0.0063010216210844525,239.64364569292914,237.84087415507406,100.75797381096054
2024-03-07,True,0.0004195699999999557,0.0008208640653181677,0.005637096067324275,0.0039953679366879396,0.0012404340653181234,239.94090783458364,237.9406650506433,100.84064772346274
2024-03-08,True,0.0004195699999999557,0.0055236510614079665,-0.0002608109150210221,-0.011308113037836956,0.005943221061407922,241.36692969151946,238.0404978154786,101.39742266822994
2024-03-11,True,0.0004195699999999557,0.009421789493071833,0.01856697908323642,-0.00027659990290724673,0.00984135949307179,243.74230841635267,238.14037246714705,102.35236717368386
2024-03-12,True,0.0004195699999999557,-0.0011102280821182657,0.004887496472239332,0.007107952636475863,-0.00069065808211831,243.57396582109075,238.24028902322308,102.23878035899618
2024-03-13,True,0.0004195699999999557,-0.0056126256452189716,-0.004609521810727306,0.006615729479710637,-0.005193055645219016,242.30907266285513,238.34024750128856,101.66519301845784
2024-03-14,True,0.0004195699999999557,-0.0067274530672398756,-0.027348780452284543,-0.013893874317804792,-0.00630788306723992,240.78061536636648,238.4402479189327,100.98153204748783
2024-03-15,True,0.0004195699999999557,-0.0016862475937765113,-0.0039336321678943575,-0.000561136980341335,-0.0012666775937765556,240.47562395586618,238.54029029375207,100.8113235964167
2024-03-18,True,0.0004195699999999557,-0.001897987851819711,0.0034353346835314658,0.007231310387170888,-0.0014784178518197552,240.12010050048232,238.6403746433506,100.62006517520062
2024-03-19,True,0.0004195699999999557,0.012939841426954759,0.03204619601708094,0.006166513163171424,0.013359411426954714,243.32796371494996,238.74050098533974,101.92152680867999
2024-03-20,True,0.0004016799999999529,-0.0019321725356115744,-0.00977265909408583,-0.005908314022862682,-0.0015304925356116215,242.95555208277864,238.83639826977551,101.7246759048637
2024-03-21,True,0.0004016799999999529,-0.002539648159798481,-0.017482614607324726,-0.012403318287727763,-0.002137968159798528,242.43612084817937,238.9323340742325,101.46643474920323
2024-03-22,True,0.0004016799999999529,0.005128523152596973,-0.002716469426208392,-0.012973515731402338,0.005530203152596926,243.77684184799736,239.02830841418344,101.98659876954228
2024-03-25,False,0.0004016799999999529,0.0,0.0,0.0,0.0004016799999999529,243.87476212983086,239.12432130510726,101.98659876954228
2024-03-26,True,0.0004016799999999529,-0.01089460693095603,0.00575899321594478,0.02754820707785684,-0.010492926930956077,241.31580207049828,239.2203727624891,100.87594099273879
2024-03-27,True,0.0004016799999999529,-0.0032381252848731057,0.006600999439230509,0.01307725000897672,-0.002836445284873153,240.63132300155004,239.31646280182034,100.54942321323651
2024-03-28,True,0.0004016799999999529,-0.004910442919599776,-0.01621586984707073,-0.006394984007871178,-0.004508762919599823,239.54637341510642,239.41259143859855,100.0558792566857
2024-04-01,True,0.0004016799999999529,-0.002234173743623326,0.0005040096629778205,0.004972357150224473,-0.001832493743623373,239.10740618451558,239.5087586883276,99.83242679474019
2024-04-02,True,0.0004016799999999529,-0.007475324465754889,-0.018697411658961233,-0.003746762727451456,-0.007073644465754936,237.41604540403745,239.6049645665175,99.08644665754728
2024-04-03,True,0.0004016799999999529,-0.0004635851390880259,-0.0034534027383317048,-0.002526232460155653,-6.190513908807299e-05,237.40134813072498,239.70120908868458,99.0405300971558
2024-04-04,True,0.0004016799999999529,8.863703256456901e-05,-0.005075626044889074,-0.005252900110018212,0.0004903170325645219,237.51775005526724,239.7974922703513,99.04930523105143
2024-04-05,True,0.0004016799999999529,-0.0017660843774503264,0.013389976836702159,0.01692214559160281,-0.0013644043774503735,237.19367979736967,239.89381412704645,98.87444603792626
2024-04-08,True,0.0004016799999999529,0.00247010062674248,0.015119415760375676,0.010179214506890716,0.002871780626742433,237.8748480117975,239.990174674305,99.11857780620468
2024-04-09,True,0.0004016799999999529,-0.005038529012019084,-0.029251112965888743,-0.019174054941850576,-0.004636849012019131,236.7718582578098,240.08657392766816,98.61936649949573
2024-04-10,True,0.0004016799999999529,-0.007408065019856219,-0.011310113463472188,0.0035060165762402506,-0.007006385019856266,235.11294345698875,240.1830119026834,97.8890811612651
2024-04-11,True,0.0004016799999999529,-0.0005803307143073307,-0.030643145460690552,-0.02948248403207589,-0.00017865071430737782,235.07094036169724,240.27948861490444,97.83229593036344
2024-04-12,True,0.0004016799999999529,-0.00519699353535912,-0.030846691195281727,-0.020452704124563487,-0.004795313535359167,233.94370149961122,240.3760040798913,97.32406626655536
2024-04-15,True,0.0004016799999999529,0.0006741367590145653,-0.006695950280308033,-0.008044223798337163,0.0010758167590145182,234.1953820543504,240.47255831321007,97.38964965362752
2024-04-16,True,0.0004016799999999529,0.0006752562318510279,-0.007556036486685513,-0.00890654895038757,0.0010769362318509808,234.44759554661692,240.56915133043333,97.45538621641137
2024-04-17,True,0.0004016799999999529,-0.0033028088246614363,-0.009154907793863706,-0.0025492901445408334,-0.0029011288246614834,233.76743286930406,240.6657831471397,97.13363894624851
2024-04-18,True,0.0004016799999999529,-0.001204611774107976,0.008395490943937026,0.010804714492152978,-0.0008029317741080231,233.57973356970163,240.76245377891422,97.01667760214461
2024-04-19,True,0.0004016799999999529,0.006331225265211733,0.009387877918513227,-0.003274572611910239,0.006732905265211686,235.1524037876998,240.85916324134814,97.63066541590116
2024-04-22,True,0.0004016799999999529,0.007819750422417568,-0.0034451918691937033,-0.01908469271402884,0.008221430422417521,237.0856929141046,240.95591155003893,98.39380631459187
2024-04-23,True,0.0004016799999999529,0.00013932150777088825,-0.008867144930148507,-0.009145787945690284,0.0005410015077708412,237.21395663144204,241.05269872059037,98.4075091838744
2024-04-24,True,0.0004016799999999529,-0.0020054386438448047,-0.013867572052163121,-0.009856694764473511,-0.0016037586438448518,236.8335226980537,241.14952476861245,98.21023820192056
2024-04-25,False,0.0004016799999999529,0.0,0.0,0.0,0.0004016799999999529,236.92865398745107,241.24638970972148,98.21023820192057
2024-04-26,True,0.0004016799999999529,-0.0010723740360576866,-0.0012067281980744531,0.0009380198740409202,-0.0006706940360577337,236.7697473522505,241.3432935595401,98.10496237959009
2024-04-29,True,0.0004016799999999529,0.00020935636547701406,-0.015484558770058107,-0.015903271501012135,0.000611036365476967,236.91442227812752,241.44023633369707,98.12549303119702
2024-04-30,True,0.0004016799999999529,-0.004094493856245969,0.014656489473850138,0.022845477186342077,-0.0036928138562460164,236.03954141679435,241.5372180478276,97.72388012271276
2024-05-02,True,0.0004016799999999529,0.0006043665798363736,0.030444898232533636,0.02923616507286089,0.0010060465798363265,236.27700819014285,241.63423871757303,97.7829174557949
2024-05-03,True,0.0004016799999999529,-0.00024228190169366245,-0.007154157011299648,-0.006669593207912323,0.00015939809830629046,236.31467029592187,241.73129835858109,97.75923593699304
2024-05-06,True,0.0004016799999999529,0.02004194823612104,0.027800048562666824,-0.012283847909575254,0.020443628236120993,241.1457995621932,241.82839698650577,99.71773479342434
2024-05-07,True,0.0004016799999999529,0.00438165138426587,0.012599910518512033,0.003836607749980292,0.004783331384265823,242.29927983342293,241.92553461700732,100.15448770920659
2024-05-08,True,0.0003927000000000135,-0.004179551894125657,-0.015334761700704136,-0.006975657912452821,-0.0037868518941256437,241.38172834664044,242.0205387744514,99.73605115043303
2024-05-09,True,0.0003927000000000135,0.005498787661866844,-0.014478619955647885,-0.025476195279381574,0.005891487661866857,242.80382582099475,242.1155802400281,100.28426323505673
2024-05-10,True,0.0003927000000000135,-0.00746713921615862,-0.007230878778034778,0.007703399654282461,-0.007074439216158607,241.08612491377338,242.21065902838833,99.53572063297051
2024-05-13,True,0.0003927000000000135,0.0017091375119082266,0.004323212032254993,0.0009049370084385393,0.0021018375119082403,241.59284877471774,242.30577515418878,99.70577408688779
2024-05-14,True,0.0003927000000000135,0.003853157582355839,0.018743179336562624,0.011036864171850945,0.004245857582355852,242.6186176035308,242.4009286320918,100.08980533724333
2024-05-15,True,0.0003927000000000135,-0.005388580994694624,-0.002260634550227454,0.008516527439161793,-0.004995880994694611,241.40652386288625,242.49611947676559,99.55067503091169
2024-05-16,True,0.0003927000000000135,-0.0013509901582587143,-0.00020689192834490486,0.002495088388172524,-0.0009582901582587008,241.175186366929,242.5913477028841,99.41623584296603
2024-05-17,True,0.0003927000000000135,0.0031579803763636715,0.003025495457168741,-0.003290465295558602,0.003550680376363685,242.03152236842791,242.68661332512698,99.73006712330628
2024-05-20,True,0.0003927000000000135,0.008700855950884823,0.007625942779292474,-0.009775769122477173,0.009093555950884836,244.23244955896303,242.78191635817973,100.5974634447828
2024-05-21,True,0.0003927000000000135,-0.0006070040380966209,-0.022385497085638768,-0.021171489009445526,-0.00021430403809660737,244.18010955878833,242.87725681673356,100.53642434830275
2024-05-22,True,0.0003927000000000135,-0.0015438512582307848,-0.0055604372239661266,-0.002472734707504557,-0.0011511512582307714,243.8990213184348,242.97263471548547,100.38127199140516
2024-05-23,True,0.0003927000000000135,-0.001953202500294686,-0.00738827580941378,-0.0034818708088244074,-0.0015605025002946725,243.51841628584796,243.06805006913822,100.18528400445128
2024-05-24,True,0.0003927000000000135,-0.001638585872786954,0.0003431849621885047,0.0036203567077624124,-0.0012458858727869403,243.21502013123398,243.16350289240037,100.0211862546068
2024-05-27,True,0.0003927000000000135,0.0013038077102361344,-0.009262970444602728,-0.011870585865074997,0.001696507710236148,243.62763628813187,243.25899319998618,100.15154345715911
2024-05-28,False,0.0003927000000000135,0.0,0.0,0.0,0.0003927000000000135,243.7233088609022,243.35452100661578,100.15154345715911
2024-05-29,True,0.0003927000000000135,-0.005994727672991854,-0.017413859413301733,-0.005424404067318025,-0.005602027672991841,242.35796414011025,243.45008632701507,99.55139790526187
2024-05-31,True,0.0003927000000000135,0.0046033324525498204,0.00866149304238523,-0.0005451718627144109,0.004996032452549834,243.56879239408812,243.54568917591567,100.00948619466459
2024-06-03,True,0.0003927000000000135,-0.0022349454913947932,-0.007932770844474968,-0.003462879861685381,-0.0018422454913947796,243.12007888445564,243.64132956805503,99.78605818457669
2024-06-04,True,0.0003927000000000135,-0.0006783164278326573,-0.010319964794834461,-0.008963331939169147,-0.0002856164278326438,243.05063979599026,243.7370075181764,99.71839823210478
2024-06-05,True,0.0003927000000000135,0.004711693126745694,0.019336565655670494,0.009913179402179105,0.005104393126745707,244.29126581121605,243.83272304102874,100.18805628894614
2024-06-06,True,0.0003927000000000135,-0.0026672125228709258,-0.01997848256706412,-0.014644057521322269,-0.002274512522870912,243.73562226790045,243.92847615136694,99.9209383477857
2024-06-07,True,0.0003927000000000135,-0.006621937302276012,-0.019667963541951352,-0.006424088937399328,-0.006229237302275999,242.21733523777579,244.02426686395154,99.25952789474697
2024-06-10,True,0.0003927000000000135,0.0029884453396899968,0.018717359774144453,0.01274046909476446,0.0033811453396900104,243.0363072520071,244.120095193549,99.55604312677225
2024-06-11,True,0.0003927000000000135,-0.0056196648581849015,-0.021427196093758785,-0.010187866377388981,-0.005226964858184888,241.76596501473787,244.21596115493145,98.99679114804488
2024-06-12,True,0.0003927000000000135,-0.006721910713542898,-0.014874467691608325,-0.0014306462645225291,-0.0063292107135428845,240.23577727879655,244.31186476287698,98.33160477570888
2024-06-13,True,0.0003927000000000135,0.007640345586971686,0.009890334805485188,-0.005390356368458185,0.0080330455869717,242.1656022292987,244.40780603216936,99.08259730355113
2024-06-14,True,0.0003927000000000135,-0.008387230380859286,-0.023027620906608686,-0.006253160144890114,-0.007994530380859273,240.2296019650775,244.50378497759817,98.25189495004656
2024-06-17,True,0.0003927000000000135,-0.0014789247773505524,-0.0009551970402142524,0.0020026525144868526,-0.0010862247773505388,239.96865861916996,244.59980161395887,98.10664482790625
2024-06-18,True,0.0003927000000000135,0.001580104166354956,0.00872741258145843,0.005567204248748518,0.0019728041663549696,240.44206978868849,244.69585595605264,98.26160269419188
2024-06-19,True,0.0003927000000000135,-0.005523110924936122,-0.007850300507236486,0.0031959213426357566,-0.005130410924936109,239.2085031670303,244.79194801868655,97.71910600130113
2024-06-20,True,0.0003927000000000135,-0.0011166348073737417,0.006503438637845074,0.008736708252592557,-0.0007239348073737282,239.03533180536792,244.88807781667344,97.61003227944524
2024-06-21,True,0.0003927000000000135,0.009032026500665799,0.02937829162939445,0.011314238628062852,0.009424726500665812,241.2881744316294,244.98424536483205,98.491302602868
2024-06-24,True,0.0003927000000000135,-0.00793854512404335,-0.01017984652833559,0.0056972437197511105,-0.007545845124043337,239.46745123710517,245.08045067798682,97.70973187565392
2024-06-25,True,0.0003927000000000135,-0.004359857812996295,-0.012158156898675148,-0.0034384412726825575,-0.003967157812996282,238.5174460669716,245.17669377096803,97.28389856247217
2024-06-26,True,0.0003927000000000135,0.009322339789890235,0.027680826517033033,0.009036146937252564,0.009715039789890249,240.83465254609519,245.27297465861184,98.19045611580556
2024-06-27,True,0.0003927000000000135,-0.009506477947131647,-0.022892675686315887,-0.003879719792052594,-0.009113777947131634,238.63973900081547,245.36929335576025,97.2573771302395
2024-06-28,False,0.0003927000000000135,0.0,0.0,0.0,0.0003927000000000135,238.73345282632107,245.46564987726103,97.25737713023952
2024-07-01,True,0.0003927000000000135,-0.0018887296684899806,-0.0038649268356515045,-8.746749867154342e-05,-0.0014960296684899672,238.37630049803184,245.5620442379678,97.07375634445671
2024-07-02,True,0.0003927000000000135,0.014476244932364643,0.032937789772563564,0.003985299907834276,0.014868944932364656,241.9207045833179,245.65847645274005,98.478468187463
2024-07-03,True,0.0003927000000000135,0.014876594251682574,0.03713713737038224,0.00738394886701709,0.015269294251682587,245.61466300717498,245.754946536443,99.94291731204392
2024-07-04,True,0.0003927000000000135,0.005941512604789078,0.007756595369143219,-0.004126429840434935,0.006334212604789091,247.17043850151606,245.85145450394782,100.5364963165378
2024-07-05,True,0.0003927000000000135,0.0026806524403294152,0.002626882512690003,-0.0027344223679688275,0.003073352440329429,247.930080371862,245.9480003701315,100.80589392828875
2024-07-08,True,0.0003927000000000135,0.0048587845895784725,0.010792039716294935,0.0010744705371379904,0.005251484589578486,249.2320813682278,246.0445841498768,101.29549578559687
2024-07-09,True,0.0003927000000000135,0.008071988978924527,0.00902600017122959,-0.007117977786619463,0.00846468897892454,251.34175342057986,246.14120585807245,102.11283094367634
2024-07-10,True,0.0003927000000000135,0.0038497660196434857,0.017015167277196225,0.009315635237909254,0.004242466019643499,252.40806226878428,246.2378655096129,102.50578713651596
2024-07-11,True,0.0003927000000000135,-0.005058118860070942,-0.00814092031473274,0.001975317405409144,-0.004665418860070929,251.23047293464157,246.3345631193985,101.98750421103921
2024-07-12,True,0.0003927000000000135,-9.69608193855131e-05,0.004714906911492849,0.004908828550263875,0.0002957391806145004,251.30477162885262,246.43129870233545,101.97761930086804
2024-07-15,True,0.0003927000000000135,-0.000661918608280969,0.0003922214825648687,0.0017160586991268067,-0.00026921860828095555,251.23711570798034,246.52807227333585,101.91014491421625
2024-07-16,True,0.0003927000000000135,-0.0015696427809671534,0.005540639683139883,0.00867992524507419,-0.0011769427809671397,250.94142399833683,246.62488384731756,101.75024518356858
2024-07-17,True,0.0003927000000000135,-0.011206873394511197,-0.03364357998640748,-0.011229833197385087,-0.010814173394511184,248.22769992735326,246.72173343920437,100.61039068879595
2024-07-18,True,0.0003927000000000135,0.0032353934392629216,0.002334208433765135,-0.004136578444760708,0.0036280934392629353,249.128293216903,246.81862106392592,100.93577710750554
2024-07-19,True,0.0003927000000000135,0.008195359569645014,0.01716027244424479,0.000769553304954762,0.008588059569645028,251.26782183953375,246.9155467364177,101.7626573784607
2024-07-22,True,0.0003927000000000135,0.00022046323137357368,-0.01964364849238709,-0.020084574955134236,0.0006131632313735872,251.42189002911306,247.01251047162108,101.78508349600315
2024-07-23,True,0.0003927000000000135,-0.007028098042207682,-0.015039195594788527,-0.0009829995103731641,-0.006635398042207669,249.75360571224573,247.10951228448326,101.07000875980788
2024-07-24,True,0.0003927000000000135,-0.0049179561956194835,-0.011263391932816447,-0.00142747954157748,-0.00452525619561947,248.62340666061806,247.20655218995736,100.57314600204123
2024-07-25,True,0.0003927000000000135,0.004736005306393527,0.01785179623804145,0.008379785625254398,0.00512870530639354,249.89852284565202,247.3036302030023,101.04927397973077
2024-07-26,True,0.0003927000000000135,-0.0075485165359629935,-0.017649529081641722,-0.0025524960097157347,-0.00715581653596298,248.11029486356037,247.400746338583,100.2868012871741
2024-07-29,True,0.0003927000000000135,-0.007222972830069097,-0.012932712656123382,0.0015132330040148125,-0.006830272830069084,246.41563385769336,247.4979006116701,99.56271679424269
2024-07-30,False,0.0003927000000000135,0.0,0.0,0.0,0.0003927000000000135,246.51240127710926,247.59509303724033,99.56271679424269
2024-07-31,True,0.0003927000000000135,0.0040008667822217115,0.009754182314593959,0.001752448750150536,0.004393566782221725,247.59546997476605,247.69232363027604,99.96089759501204
2024-08-01,True,0.0003927000000000135,0.019141457117048122,0.023196993504991135,-0.01508592072910511,0.019534157117048135,252.43203878672253,247.7895924057656,101.87354373357002
2024-08-02,True,0.0003927000000000135,-0.005332342163593547,-0.023192660181231655,-0.012527975854044561,-0.004939642163593534,251.1851148444898,247.8868993787033,101.3305323815228
2024-08-05,True,0.0003927000000000135,0.002543350322140797,0.00043452267314853394,-0.00465217797113306,0.0029360503221408105,251.9226069818459,247.98424456408927,101.58815025715829
2024-08-06,True,0.0003927000000000135,0.014931429713339103,0.040868166050220575,0.011005306623542368,0.015324129713339116,255.78310168895823,248.08162797692955,103.10441114677984
2024-08-07,True,0.0003927000000000135,0.0010151219541473114,0.008145641878024442,0.006115397969729819,0.001407821954147325,256.1431987550159,248.17904963223606,103.20903361286196
2024-08-08,True,0.0003927000000000135,0.0011046367295664966,0.02224923703925164,0.02003996358011865,0.0014973367295665102,256.5267313745404,248.27650954502664,103.32299734865475
2024-08-09,True,0.0003927000000000135,0.012635286724144344,0.01725838907078562,-0.00801218437750307,0.013027986724144357,259.86875822527605,248.37400773032496,104.62800057058776
2024-08-12,True,0.0003927000000000135,-0.009856971836479041,-0.006453596695511812,0.013260346977446269,-0.009464271836479028,257.4092896556238,248.47154420316065,103.59709015417688
2024-08-13,True,0.0003927000000000135,-0.005505972288452317,0.003814289141548859,0.014826233718453494,-0.005113272288452304,256.0930858680375,248.5691189785692,103.02691135583781
2024-08-14,True,0.0003927000000000135,-0.0007456470853414593,0.0015800697773132523,0.003071363947996171,-0.00035294708534144576,256.00269855980434,248.66673207159207,102.95011979571929
2024-08-15,True,0.0003927000000000135,-0.0035834751573093696,-0.015919388904758927,-0.008752438590140188,-0.003190775157309356,255.18585150903556,248.76438349727655,102.58134541668797
2024-08-16,True,0.0003927000000000135,0.0074212743043041325,0.030488221745481457,0.015645673136873192,0.007813974304304146,257.17986719554915,248.8620732706759,103.34233088053814
2024-08-19,True,0.0003927000000000135,-0.00337507121846068,-0.004683371237575016,0.0020667711993463444,-0.0029823712184606664,256.4128613616576,248.95980140684927,102.99368006910824
2024-08-20,True,0.0003927000000000135,-0.00289151685029796,-0.002050008571535469,0.003733025129060451,-0.0024988168502979463,255.77213258305397,249.05756792086171,102.69598901099276
2024-08-21,True,0.0003927000000000135,-0.00858395161635692,-0.027029166632972536,-0.009861263400258698,-0.008191251616356907,253.67703868861398,249.15537282778422,101.81479765397438
2024-08-22,True,0.0003927000000000135,0.017143442348988496,0.043009571086582835,0.00872268638860584,0.01753614234898851,258.1255553497274,249.25321614269365,103.55956859628022
2024-08-23,True,0.0003927000000000135,-0.000642511052729803,-0.003200899449511305,-0.001915877344051699,-0.00024981105272978946,258.061072733009,249.35109788067285,103.49305654812248
2024-08-26,True,0.0003927000000000135,0.00904277186915231,0.010762896897414755,-0.007322646840889868,0.009435471869152324,260.4960007253046,249.44901805681056,104.42855327896227
2024-08-27,True,0.0003927000000000135,-0.007594979582510853,-0.009450303801550857,0.005739655363470849,-0.00720227958251084,258.619835697955,249.54697668620148,103.63573188993686
2024-08-28,True,0.0003927000000000135,-0.007595892286281214,-0.023191988643554932,-0.008000204070992504,-0.007203192286281201,256.7569472923762,249.6449737839461,102.84883504788088
2024-08-29,False,0.0003927000000000135,0.0,0.0,0.0,0.0003927000000000135,256.85777574557784,249.74300936515107,102.84883504788085
2024-08-30,True,0.0003927000000000135,-0.007144243494930096,-0.01271000442841823,0.001578482561441962,-0.006751543494930083,255.12358930062055,249.84108344492873,102.1143463608363
2024-09-02,True,0.0003927000000000135,-0.0003051245259372837,0.0014137941309662317,0.002024043182840799,8.757547406272983e-05,255.1459318698982,249.9391960383975,102.08320100009476
2024-09-03,True,0.0003927000000000135,0.0021339883941424503,0.01947363715572581,0.015205660367440909,0.002526688394142464,255.79060613476648,250.03734716068178,102.30095985236457
2024-09-04,True,0.0003927000000000135,0.000357660977516588,0.00010112633979811111,-0.0006141956152350649,0.0007503609775166016,255.98254142402533,250.13553682691176,102.3375345507822
2024-09-05,True,0.0003927000000000135,-0.002285289808820371,-0.016509699926163697,-0.011939120308522955,-0.0018925898088203576,255.49807147489028,250.23376505222367,102.1037554310738
2024-09-06,True,0.0003927000000000135,-0.007566438426334506,-0.014212969291513918,0.0009199075611550944,-0.007173738426334493,253.66519514169647,250.33203185175967,101.33149691842497
2024-09-09,True,0.0003927000000000135,0.0006364302436850122,0.0011414803775579361,-0.00013138010981208822,0.0010291302436850258,253.92624966578708,250.43033724066785,101.39596203225155
2024-09-10,True,0.0003927000000000135,0.006827272428593361,0.011658789367207203,-0.0019957554899795193,0.007219972428593374,255.75959018727013,250.52868123410224,102.08794814525847
2024-09-11,True,0.0003927000000000135,-0.0006902477383559725,-0.010685475721273045,-0.0093049802445611,-0.00029754773835595895,255.68348949964707,250.62706384722287,102.01750983106378
2024-09-12,True,0.0003927000000000135,0.008353490210577737,0.022861861289794633,0.00615488086863916,0.00874619021057775,257.9197459325152,250.72548509519567,102.86937757228308
2024-09-13,True,0.0003927000000000135,-0.0042979831015777,-0.006922644038727366,0.0016733221644280338,-0.0039052831015776866,256.9124963071617,250.82394499319253,102.4274202824353
2024-09-16,True,0.0003927000000000135,0.0021934878120180965,0.003374400284227009,-0.0010125753398091835,0.00258618781201811,257.57692027386645,250.9224435563913,102.65200538587122
2024-09-17,True,0.0003927000000000135,-0.00141244554653025,-0.008405029906991084,-0.0055801388139305845,-0.0010197455465302363,257.3142573565282,251.0209807999759,102.50707193338832
2024-09-18,True,0.0004016799999999529,-0.00938323229202883,-0.02331164316753538,-0.00454517858347772,-0.008981552292028877,255.0031758985959,251.12181090754362,101.54561046570396
2024-09-19,True,0.0004016799999999529,-0.005518252170159379,-0.030070802505493065,-0.019034298165174306,-0.005116572170159426,253.6984337454909,251.22268151654893,100.98548117311567
2024-09-20,True,0.0004016799999999529,-0.0036931392043855807,-0.014290209936398898,-0.006903931527627736,-0.003291459204385628,252.86339570060105,251.32359264326053,100.6126774813084
2024-09-23,True,0.0004016799999999529,0.003134057713973387,0.007588422027058809,0.0013203065991120354,0.00353573771397334,253.75745434526303,251.42454430395347,100.92787681002585
2024-09-24,True,0.0004016799999999529,-0.005723339113352279,-0.017094257789036872,-0.005647579562332314,-0.005321659113352326,252.40704367576546,251.52553651490948,100.35046428011644
2024-09-25,True,0.0004016799999999529,0.00015573593919134682,0.0110099902133237,0.010698518334941006,0.0005574159391912997,252.54773938507444,251.62656929241675,100.36608617891507
2024-09-26,True,0.0004016799999999529,0.0018909460586187083,0.0019385058714225757,-0.001843386245814841,0.002292626058618661,253.12673691343392,251.72764265277016,100.55579683101934
2024-09-27,True,0.0004016799999999529,-0.003861571087420562,-0.012361898054308105,-0.004638755879466981,-0.003459891087420609,252.25094597239925,251.82875661227092,100.16764938437048
2024-09-30,False,0.0004016799999999529,0.0,0.0,0.0,0.0004016799999999529,252.35227013237744,251.9299111872269,100.1676493843705
2024-10-01,True,0.0004016799999999529,-0.002495818762774045,0.009653076725049524,0.014644714250597613,-0.002094138762774092,251.8238094616192,252.03110639395257,99.91774946541348
2024-10-02,True,0.0004016799999999529,0.001107641863605454,-0.01620446086139534,-0.01841974458860625,0.001509321863605407,252.203892643016,252.13234224876885,100.02837811032452
2024-10-03,True,0.0004016799999999529,0.0030345210765835595,0.006693343844309461,0.0006243016911423422,0.0034362010765835124,253.0705159304345,252.23361876800334,100.33179445567917
2024-10-04,True,0.0004016799999999529,0.0016686571631204113,-0.0013928160367359538,-0.004730130362976776,0.0020703371631203642,253.59445722445534,252.33493596799005,100.49914660117656
2024-10-07,True,0.0004016799999999529,0.0038455044181395187,0.008511768331780963,0.0008207594955019257,0.004247184418139472,254.67151965170558,252.43629386506967,100.88546133854692
2024-10-08,True,0.0004016799999999529,-0.005552497234983975,-0.0243230105580924,-0.013218016088124451,-0.005150817234984022,253.35975319902403,252.53769247558938,100.32552001064717
2024-10-09,True,0.0004016799999999529,-0.0020919654469050333,-0.001199755847986919,0.0029841750458231477,-0.0016902854469050804,252.93150289536027,252.63913181590297,100.11572675909541
2024-10-10,True,0.0004016799999999529,0.007522375603210298,0.0048994465529745585,-0.010145304653446038,0.007924055603210252,254.93574618810663,252.74061190237077,100.8685324725667
2024-10-11,True,0.0004016799999999529,-0.005120680902280594,0.002978910133514692,0.01322027193807588,-0.004719000902280641,253.73270417182135,252.84213275135974,100.35222429536195
2024-10-14,True,0.0004016799999999529,-5.266014815707987e-05,0.0035052913545794515,0.0036106116508936113,0.00034901985184287304,253.82126192263908,252.9436943792433,100.34694185421363
2024-10-15,True,0.0004016799999999529,0.0029590193770253244,0.009569353488280594,0.0036513147342299456,0.0033606993770252773,254.67427887945826,253.04529680240157,100.6437511772166
2024-10-16,True,0.0004016799999999529,-0.010586460900220751,-0.014326645630477364,0.006846276169964138,-0.010184780900220798,252.08047714814924,253.14694003722113,99.5787178431171
2024-10-17,True,0.0004016799999999529,-0.0048978563407588915,-0.010133590005682746,-0.00033787732416496336,-0.004496176340758939,250.94707887082853,253.24862410009524,99.09119141813893
2024-10-18,True,0.0004016799999999529,0.00998681300880743,0.011712952734409771,-0.008260673283205087,0.010388493008807382,253.55404084525875,253.35034900742377,100.08039927264083
2024-10-21,True,0.0004016799999999529,-0.003383833137759913,-0.009672381760972097,-0.0029047154854522704,-0.00298215313775996,252.79790386676035,253.45211477561307,99.74187987761242
2024-10-22,True,0.0004016799999999529,0.0052063614552437755,0.0073449297515927065,-0.003067793158894844,0.005608041455243728,254.21560499144385,253.5539214210761,100.26096365091074
2024-10-23,True,0.0004016799999999529,0.003478116177203706,0.01371956902943296,0.0067633366750255485,0.003879796177203659,255.2019097238752,253.6557689602325,100.60954291320891
2024-10-24,True,0.0004016799999999529,-0.00770867115569066,-0.02037972892085407,-0.004962386609472748,-0.007306991155690707,253.33715162660747,253.75765740950845,99.83428843598504
2024-10-25,True,0.0004016799999999529,6.529674875852161e-05,0.0075688887373541475,0.007438295239837104,0.0004669767487584745,253.45545418601375,253.8595867853367,99.84080467299245
2024-10-28,True,0.0004016799999999529,-0.002338159070450434,-0.01104617160390267,-0.006369853463001802,-0.001936479070450481,252.964643003691,253.9615571041566,99.60745472195356
2024-10-29,True,0.0004016799999999529,0.005769819071047301,0.014122963486865207,0.002583325344770605,0.006171499071047254,254.5258140629961,254.06356838241416,100.18194095419702
2024-10-30,False,0.0004016799999999529,0.0,0.0,0.0,0.0004016799999999529,254.6280519919889,254.16562063656204,100.18194095419699
2024-10-31,True,0.0004016799999999529,-0.004477103856522674,-0.022332884655301564,-0.013378676942256217,-0.004075423856522721,253.59033475436087,254.26771388305932,99.73359609116163
2024-11-01,True,0.0004016799999999529,0.006002032483660985,0.03552720140646816,0.023523136439146188,0.006403712483660938,255.2142543467631,254.36984813837188,100.33196002378862
2024-11-04,True,0.0004016799999999529,-0.0029422969595036797,0.00046691892802940536,0.006351512847036765,-0.002540616959503727,254.56585268386266,254.47202341897207,100.03687213377327
2024-11-05,True,0.0004016799999999529,-0.0015024689948293945,-0.0004332829869171213,0.0025716550027416675,-0.0011007889948294416,254.28562939476888,254.574239741339,99.88663018423884
2024-11-06,True,0.0004195699999999557,-0.0041903185216052245,-0.030255818743378946,-0.021875181700168497,-0.003770748521605269,253.32678223366307,254.68105145510725,99.46824892794079
2024-11-07,True,0.0004195699999999557,0.00226414060606296,-0.016269920984091277,-0.020798202196217197,0.0026837106060629153,254.00663800594333,254.7879079838663,99.69336457757939
2024-11-08,True,0.0004195699999999557,-0.0012866981809565709,-0.00010662149802348902,0.0024667748638896527,-0.0008671281809566151,253.7863816919783,254.8948093464191,99.56514310460737
2024-11-11,True,0.0004195699999999557,0.0015013735620136475,-0.003141483698433999,-0.006144230822461294,0.0019209435620136032,254.27389100801622,255.00175556157657,99.71456488526621
2024-11-12,True,0.0004195699999999557,-0.00022102283676594947,-0.002531003613764554,-0.002088957940232655,0.0001985471632340062,254.32437636776032,255.10874664815753,99.69253493237571
2024-11-13,True,0.0004195699999999557,0.004923863686386121,-0.0009843849670976546,-0.010832112339869897,0.005343433686386077,255.68334180771296,255.21578262498875,100.18320151595454
2024-11-14,True,0.0004195699999999557,-0.006201373201765623,-0.01081185331326251,0.0015908930902687362,-0.005781803201765667,254.20503104341097,255.3228635109047,99.56218865317324
2024-11-18,True,0.0004195699999999557,0.0006300788925759403,0.0032024858419659017,0.001942328056814021,0.001049648892575896,254.47185707273294,255.429989324748,99.6248943773016
2024-11-19,True,0.0004195699999999557,-0.0017026755488742835,-0.012880100042660261,-0.009474748944911694,-0.0012831055488743278,254.14534282089053,255.537160085369,99.4553366469231
2024-11-21,True,0.0004195699999999557,0.002544138176328434,0.01918313474368301,0.01409485839102614,0.0029637081763283896,254.89855545138457,255.64437581162602,99.70825864724245
2024-11-22,True,0.0004195699999999557,0.00459903328310542,0.012978229750007637,0.0037801631837967972,0.005018603283105376,256.1777901786317,255.7516365223853,100.1666279293619
2024-11-25,True,0.0004195699999999557,0.0012466553883647147,0.012411586040949607,0.009918275264220178,0.0016662253883646704,256.60464011656245,255.858942236521,100.29144882470128
2024-11-26,True,0.0004195699999999557,-0.009735220738315647,-0.04034539248684897,-0.020874951010217677,-0.009315650738315692,254.2142009114054,255.96629297291517,99.31549891153242
2024-11-27,True,0.0004195699999999557,-0.013557830438561125,-0.06518947806026147,-0.03807381718313922,-0.013138260438561169,250.87426853265066,256.0736887504578,97.9695609325666
2024-11-28,True,0.0004195699999999557,-0.004991639585554486,0.0055775403368255256,0.015560819507934497,-0.00457206958555453,249.72725391969428,256.1811295880469,97.48073728977197
2024-11-29,True,0.0004195699999999557,-0.004270150451296353,-0.010341834856330574,-0.001801533953737867,-0.0038505804512963975,248.76565903759519,256.2886155045881,97.06465445131789
2024-12-02,True,0.0004195699999999557,-0.0015844377143338425,-0.0042834628740920835,-0.0011145874454243985,-0.0011648677143338867,248.4758799529473,256.3961465189954,96.91092605190097
2024-12-03,False,0.0004195699999999557,0.0,0.0,0.0,0.0004195699999999557,248.58013297789915,256.50372265019035,96.91092605190097
2024-12-04,True,0.0004195699999999557,0.003029839749326772,0.015084368002038316,0.009024688503384773,0.0034494097493267275,249.43758771208206,256.6113439171027,97.20442748340147
2024-12-05,True,0.0004195699999999557,-0.005593156866450003,-0.0267839753866364,-0.015597661653736395,-0.005173586866450047,248.14710068429585,256.71901033867005,96.66097588835905
2024-12-06,True,0.0004195699999999557,-0.010027347529377915,-0.009209300794973353,0.010845394263782478,-0.00960777752937796,245.76295854636098,256.8267219338378,95.69212918960706
2024-12-09,True,0.0004195699999999557,0.014659474101141417,0.030676876760297185,0.0013579285580143524,0.015079044101141373,249.46882903670854,256.93447872155957,97.09433715474927
2024-12-10,True,0.0004195699999999557,0.01067831474634168,0.029149808087253596,0.007793178594570234,0.011097884746341637,252.23740534916277,257.04228072079684,98.13070621760737
2024-12-11,True,0.00045513000000005176,-0.014644972138889375,-0.05097797259489012,-0.02168802831711137,-0.014189842138889323,248.6581963857351,257.1592683740213,96.69423853861572
2024-12-12,True,0.00045513000000005176,-0.005647791613850847,-0.021685572181217857,-0.010389988953516163,-0.005192661613850795,247.3669985143935,257.27630927183634,96.14837806656627
2024-12-13,True,0.00045513000000005176,-0.015152385888026434,-0.027960857539882884,0.0023439142361699836,-0.014697255888026383,243.7313824389744,257.3934034384752,94.69216350652651
2024-12-16,True,0.00045513000000005176,-0.0009492692935146744,0.005158911880078511,0.00705745046710786,-0.0004941392935146225,243.61094518584866,257.5105508981822,94.6023160356527
2024-12-17,True,0.00045513000000005176,-0.010403986892093722,-0.04665278070782159,-0.025844806923634146,-0.00994885689209367,241.18729475484696,257.6277516752125,93.61852253359267
2024-12-18,True,0.00045513000000005176,0.01675086216624833,0.032765234373822325,-0.0007364899586743348,0.01720599216624838,245.3371614589975,257.74500579383243,95.18600009469831
2024-12-19,True,0.00045513000000005176,0.012922433986567568,0.026640760087134126,0.0007958921139989886,0.01337756398656762,248.61917503469812,257.8623132783194,96.41547532630531
2024-12-20,True,0.00045513000000005176,-0.010133716199834705,-0.02758045400815009,-0.007313021608480677,-0.009678586199834653,246.21289291819303,257.9796741529617,95.43887274321003
2024-12-23,True,0.0009104671433170035,-0.005479227643409643,-0.012484329055865606,-0.0015258737690463204,-0.004568760500092639,245.08800517841487,258.21455616992165,94.91641711210553
2024-12-26,True,0.00045513000000005176,-0.0005825956150336969,-0.004839770847887064,-0.00367457961781967,-0.00012746561503364516,245.05676488509744,258.33207736087127,94.86114437997989
2024-12-27,True,0.00045513000000005176,0.0005919100497054951,0.002206846747967621,0.001023026648556631,0.001047040049705547,245.3133491323834,258.4496520392405,94.91726810107579
2024-12-30,True,0.0009104671433170035,-0.004171711213697894,-0.012694170745614776,-0.004350748318218988,-0.0032612440703808907,244.5133224271401,258.684961955624,94.52166085676255
2025-01-02,True,0.00045513000000005176,0.0034648981589859166,-0.014620915658641738,-0.02155071197661357,0.003920028158985968,245.47182153630175,258.8026972423589,94.84901979457608
2025-01-03,True,0.00045513000000005176,0.010086559611334003,0.03714837656005278,0.016975257337384773,0.010541689611334054,248.05950928726622,258.9204861139548,95.80528486189058
2025-01-06,True,0.00045513000000005176,0.007249308495322856,0.015436598738625863,0.0009379817479801502,0.007704438495322908,249.97066851974995,259.03832859479985,96.49949097330922
2025-01-07,True,0.00045513000000005176,-0.004530739714061404,-0.016685870032025603,-0.007624390603902793,-0.004075609714061353,248.9518856349004,259.15622470929316,96.06247579588744
2025-01-08,False,0.00045513000000005176,0.0,0.0,0.0,0.00045513000000005176,249.06519110660943,259.27417448184514,96.06247579588742
2025-01-09,True,0.00045513000000005176,-0.0015786694870701902,-0.015615919212636636,-0.012458580238496256,-0.0011235394870701383,248.7853565295465,259.39217793687703,95.91089388597074
2025-01-10,True,0.00045513000000005176,-0.0050395984911850294,-0.010685855395358518,-0.0006066584129884589,-0.004584468491184978,247.6448079014686,259.51023509882145,95.42776137795316
2025-01-13,True,0.00045513000000005176,0.005379667906153787,0.00638376185074277,-0.004375573961564803,0.005834797906153839,249.08976530808195,259.6283459921219,95.94089749955124
2025-01-14,True,0.00045513000000005176,0.009914415130570967,0.046955276442994076,0.027126446181852143,0.010369545130571018,251.67271287100746,259.74651064123333,96.89166266361224
2025-01-15,True,0.00045513000000005176,-0.004040267606748846,-0.026720904789330924,-0.018640369575833232,-0.003585137606748794,250.7704315635011,259.8647290706215,96.50037250547807
2025-01-16,True,0.00045513000000005176,-0.0026193685455671717,-0.0003669279304723827,0.004871809160661961,-0.00216423854556712,250.22770452942288,259.9830013047634,96.24771745599439
2025-01-17,True,0.00045513000000005176,0.005252209777424743,0.017454329524362034,0.006949909969512548,0.005707339777424795,251.65583906089734,260.1013273681472,96.75300068911369
2025-01-20,True,0.00045513000000005176,0.0032681469484692376,0.008781716443580093,0.0022454225466416178,0.0037232769484692894,252.59282344542044,260.2197072852723,97.06905986505829
2025-01-21,True,0.00045513000000005176,0.004492867765065823,0.011971906561195502,0.0029861710310638556,0.004947997765065875,253.84265217130007,260.33814108064905,97.50497991481902
2025-01-22,True,0.00045513000000005176,-0.0022796960877516045,-0.006188429050848145,-0.0016290368753449358,-0.0018245660877515527,253.3794994765234,260.45662877879903,97.2827993146275
2025-01-23,True,0.00045513000000005176,-0.0008198414384959033,-0.0005145370421148487,0.0011251458348769579,-0.00036471143849585154,253.28708907478398,260.5751704042552,97.20307912754524
2025-01-24,True,0.00045513000000005176,0.014670952030020662,0.04607791946662896,0.016736015406587635,0.015126082030020714,257.11833036127433,260.6937659815612,98.62849209039399
2025-01-27,True,0.00045513000000005176,-0.005964260131897164,-0.018727983080226773,-0.006799462816432446,-0.005509130131897112,255.70183202001795,260.8124155352724,98.04051371374868
2025-01-28,True,0.00045513000000005176,0.005068103329895485,0.006703998022791942,-0.003432208636999029,0.005523233329895537,257.11413290114626,260.93111908995496,98.53716712589853
2025-01-29,True,0.0004903700000000007,0.009114586158581526,0.041833829630216646,0.023604657313053595,0.009604956158581526,259.5837028754135,261.05907188282316,99.4348524275487
2025-01-30,True,0.0004903700000000007,-0.0013842564023248405,-0.014428753450377493,-0.011660240645727812,-0.0008938864023248398,259.35166453314804,261.18708741990235,99.29727655954004
2025-01-31,True,0.0004903700000000007,-0.00029865842854521563,-0.003809703601194462,-0.003212386744104031,0.00019171157145478508,259.4013852483151,261.31516573196046,99.26763512623359
2025-02-03,True,0.0004903700000000007,0.0019411049383021572,-0.002468118955397003,-0.006350328832001317,0.002431474938302158,260.0321132155072,261.44330684978047,99.46022958044816
2025-02-04,True,0.0004903700000000007,-0.007086632043624475,-0.023904181282370606,-0.009730917195121655,-0.006596262043624475,258.3168732569803,261.5715108041604,98.75573699246746
2025-02-05,True,0.0004903700000000007,0.004337284308854869,0.014177977890009519,0.005503409272299781,0.004827654308854869,259.5639378232092,261.6997776259135,99.1838587628617
2025-02-06,True,0.0004903700000000007,-0.0011205442045275488,-0.018940963982743687,-0.01669987557368859,-0.0006301742045275481,259.40036732516745,261.8281073458679,99.07277333770224
2025-02-07,False,0.0004903700000000007,0.0,0.0,0.0,0.0004903700000000007,259.52756948329267,261.95649999486716,99.07277333770223
2025-02-10,True,0.0004903700000000007,0.013399049188998475,0.023170576314382546,-0.0036275220636144043,0.013889419188998475,263.13225668694804,262.08495560376963,100.39960366315789
2025-02-11,True,0.0004903700000000007,-0.0027402903097207363,-0.02185323224738639,-0.016372651627944917,-0.0022499203097207355,262.5402300784855,262.2134742034491,100.12461444860108
2025-02-12,True,0.0004903699999998897,0.0017970957763430717,0.001857083534648372,-0.0017371080180377714,0.0022874657763429615,263.14078186970323,262.3420558247942,100.3044597795797
2025-02-13,True,0.0004903699999998897,0.010244882577631226,0.04229489699254078,0.021805131837278325,0.010735252577631115,265.9656646265498,262.470700498709,101.33156353116756
2025-02-14,True,0.0004903699999998897,0.012208420970743511,0.03053864157207592,0.006121799630588898,0.0126987909707434,269.34310700703725,262.59940825611255,102.5680555777748
2025-02-17,True,0.0004903699999998897,-0.0011907483650120628,-0.00790158152137819,-0.0055200847913540645,-0.0007003783650121731,269.15446492212436,262.72817912793903,102.44598269417304
2025-02-18,True,0.0004903699999998897,-0.010178685976363313,-0.031122383251565577,-0.010765011298838953,-0.009688315976363424,266.5468114195098,262.857013145138,101.4037282970778
2025-02-19,True,0.0004903699999998897,0.002059464206388352,0.0026495929805746645,-0.0014693354322020402,0.002549834206388242,267.226461596871,262.98591033867393,101.6124632885222
2025-02-20,True,0.0004903699999998897,-0.003039951324910713,-0.009607949533641838,-0.0035280468838204126,-0.002549581324910823,266.5451460008616,263.1148707395267,101.30371774567267
2025-02-21,True,0.0004903699999998897,-0.006058693490339426,-0.029294938295300443,-0.017177551314621592,-0.005568323490339536,265.06093640314907,263.24389437869115,100.69025039640387
2025-02-24,True,0.0004903699999998897,-0.001244511785169151,0.0028020628552207585,0.005291086425559061,-0.0007541417851692614,264.8610428753913,263.37298128717765,100.5650016113806
2025-02-25,True,0.0004903699999998897,-0.009355353931736279,-0.023924121404375342,-0.005213413540902785,-0.00886498393173639,262.513053986158,263.50213149601143,99.62464155252255
2025-02-26,True,0.0004903699999998897,0.016080279040119272,0.020954661733817593,-0.011205896346420949,0.01657064904011916,266.8630656722125,263.63134503623303,101.22584840415516
2025-02-27,True,0.0004903699999998897,-0.010586155199499226,-0.03373887089418884,-0.012566560495190384,-0.010095785199499337,264.16887348350593,263.7606219388984,100.15478108203055
2025-02-28,True,0.0004903699999998897,-0.001114766824296768,-0.006358276426295745,-0.0041287427777022085,-0.0006243968242968784,264.0039272778248,263.88996223507854,100.04318657738287
2025-03-05,True,0.0004903699999998897,0.006178269879218813,0.016133513374068476,0.00377697361563085,0.006668639879218703,265.76447439554005,264.0193659558597,100.66097743753089
2025-03-06,True,0.0004903699999998897,0.010413985422410479,0.030640177613077108,0.009812206768256152,0.010904355422410368,268.6624646829991,264.14883313234344,101.7087455950995
2025-03-07,True,0.0004903699999998897,-0.0013765928092632311,-0.006323282870692809,-0.0035700972521663468,-0.0008862228092633414,268.4243698788041,264.2783637956465,101.56880269107596
2025-03-10,True,0.0004903699999998897,-0.0014068966626497635,-0.010629752343522961,-0.007815959018223434,-0.0009165266626498739,268.1783517869052,264.40795797690095,101.42597591950452
2025-03-11,True,0.0004903699999998897,-0.0020205145001686714,0.0012711674021558077,0.005312196402493151,-0.0015301445001687816,267.76800015685416,264.537615707254,101.22114370803696
2025-03-12,True,0.0004903699999998897,-0.006806811835716178,-0.001114524495083748,0.012499099176348607,-0.006316441835716289,266.07665915839726,264.6673370178683,100.53248812505859
2025-03-13,False,0.0004903699999998897,0.0,0.0,0.0,0.0004903699999998897,266.2071351697487,264.7971219399217,100.5324881250586
2025-03-14,True,0.0004903699999998897,0.006356481535899081,0.01409002072040664,0.001377057648608478,0.00684685153589897,268.02981590205303,264.9269705046073,101.17120782060645
2025-03-17,True,0.0004903699999998897,0.0016600322756189453,-0.005159271217214091,-0.008479335768451982,0.002150402275618835,268.6061878281025,265.05688274313366,101.33907297491629
2025-03-18,True,0.0004903699999998897,0.008007734021607144,0.02219718499069004,0.00618171694747575,0.008498104021607033,270.8888311531131,265.18685868672435,102.15017157887326
2025-03-19,True,0.0005253100000000541,0.0033362215182089526,-0.0032094312275232906,-0.009881874263941196,0.0038615315182090066,271.93487691254165,265.32616399546106,102.49078825003993
2025-03-20,True,0.0005253100000000541,0.003063087522621984,0.0028308011395367463,-0.0032953739057072218,0.0035883975226220378,272.91068735116914,265.4655424826695,102.80456167639373
2025-03-21,True,0.0005253100000000541,0.002247730730233608,-0.010570405260313461,-0.015065866720780677,0.002773040730233662,273.66747980291,265.6049941867911,103.03551732556988
2025-03-24,True,0.0005253100000000541,0.005659169429275754,0.018570385966368563,0.007252047107817054,0.006184479429275808,275.3599707022128,265.7445191462873,103.6183066302987
2025-03-25,True,0.0005253100000000541,0.007820365545819122,0.00847924536114103,-0.0071614857304972135,0.008345675545819177,277.65803567599977,265.88411739964005,104.42821421283423
2025-03-26,True,0.0005253100000000541,0.006463996932197477,0.010313302548891503,-0.00261469131550345,0.006989306932197531,279.59867290953036,266.02378898535125,105.10288345863934
2025-03-27,True,0.0005253100000000541,-0.007191675961449799,-0.028688948722378826,-0.014305596799479228,-0.006666365961449745,277.7347658335798,266.1635339419432,104.34741443362434
2025-03-28,True,0.0005253100000000541,-0.007530642065468707,-0.020459681948126574,-0.0053983978171891584,-0.0070053320654686535,275.7891415727904,266.30335230795816,103.56202397852758
2025-03-31,True,0.0005253100000000541,0.0017476075185798067,0.009918631062800312,0.006423416025640699,0.0022729175185798606,276.4159875441053,266.4432441219591,103.74291472655294
2025-04-01,True,0.0005253100000000541,0.012196838395796333,0.02321284291631992,-0.0011808338752727447,0.012722148395796388,279.932592756612,266.5832094225288,105.00758594774238
2025-04-02,True,0.0005253100000000541,0.006230825806993495,0.018367470772720208,0.005905819158733218,0.006756135806993549,281.8238553700795,266.7232482482706,105.66152640273525
2025-04-03,True,0.0005253100000000541,-0.012661548094726931,-0.045211999547468955,-0.019888903358015093,-0.012136238094726876,278.40357396053435,266.8633606378079,104.3243903153828
2025-04-04,True,0.0005253100000000541,0.0010738474119357756,-0.009226189636611213,-0.011373884460482764,0.0015991574119358296,278.84878509934276,267.0035466297845,104.43635997314385
2025-04-07,True,0.0005253100000000541,-0.004154380501612968,-0.011898798678790143,-0.003590037675564206,-0.0036290705016129143,277.83682319892813,267.1438062628646,104.00271939134603
2025-04-08,True,0.0005253100000000541,0.0060745594363527024,0.03563148147396974,0.023482362601264333,0.006599869436352756,279.6705099566521,267.2841395757326,104.63415839061035
2025-04-09,True,0.0005253100000000541,-0.0033190444979363425,-0.022158612623933167,-0.015520523628060482,-0.0027937344979362885,278.8891848049308,267.4245466070931,104.28705529963254
2025-04-10,True,0.0005253100000000541,0.010268375194067234,0.034304235567174025,0.013767485179039557,0.010793685194067289,281.8994268697453,267.5650273956712,105.35735167394526
2025-04-11,True,0.0005253100000000541,-0.003478780391613848,0.011286323752763033,0.01824388453599073,-0.002953470391613794,281.0668452590726,267.70558198021246,104.99102901778407
2025-04-14,False,0.0005253100000000541,0.0,0.0,0.0,0.0005253100000000541,281.21449248355566,267.8462103994825,104.99102901778407
2025-04-15,True,0.0005253100000000541,0.001995723412015892,-0.0020267343732402595,-0.006018181197272043,0.002521033412015946,281.9234436150498,267.9869126922674,105.20045206042799
2025-04-16,True,0.0005253100000000541,0.003358768745358241,0.01584278500913958,0.009125247518423097,0.003884078745358295,283.0184564702132,268.12768889737384,105.55361053312879
2025-04-17,True,0.0005253100000000541,-0.0031284616392864327,0.0002505027940037972,0.006507426072576663,-0.0026031516392863788,282.28171651130447,268.2685390536285,105.22356348870065
2025-04-22,True,0.0005253100000000541,-0.010704137152580772,-0.0009017860475875392,0.020506488257574004,-0.010178827152580717,279.4084197106021,268.40946319987876,104.09782739386229
2025-04-23,True,0.0005253100000000541,0.009117168187366366,0.03092964713736513,0.0126953107626324,0.00964247818736642,282.10260930302815,268.55046137499227,105.04640649606341
2025-04-24,True,0.0005253100000000541,-0.005683323006490783,-0.007568694437916267,0.003797951575065299,-0.005158013006490729,280.64752037507816,268.69153361785715,104.44970728933545
2025-04-25,True,0.0005253100000000541,-0.004619889160029431,-0.007247750478732077,0.0019920278413267847,-0.004094579160029377,279.49838688683644,268.832679967382,103.96741457204853
2025-04-28,True,0.0005253100000000541,0.00231674951735201,0.0010858339573220398,-0.0035476650773819804,0.002842059517352064,280.2927379373727,268.97390046249564,104.20815456645218
2025-04-29,True,0.0005253100000000541,-0.011476523396226413,-0.011814175431231054,0.011138871361221773,-0.010951213396226359,277.223192350808,269.11519514214757,103.01283515573239
2025-04-30,True,0.0005253100000000541,0.008865670935274069,0.019155372948171448,0.0014240310776233102,0.009390980935274124,279.8265900649902,269.25656404530775,103.92563355220706
2025-05-02,True,0.0005253100000000541,-0.005015759693146528,-0.02452210938741002,-0.014490590001116965,-0.004490449693146474,278.5700428394987,269.3980072109664,103.40464123082752
2025-05-05,True,0.0005253100000000541,0.0028806157038373226,0.006160437961992991,0.0003992065543183457,0.0034059257038373766,279.51883170872486,269.5395246781344,103.7023538727788
2025-05-06,True,0.0005253100000000541,-0.01529697585703045,-0.03231748539222184,-0.0017235336781609412,-0.014771665857030394,275.3898729259761,269.681116485843,102.11685434802506
2025-05-07,True,0.0005426600000000696,0.003269758407361772,0.02531057599106532,0.018771059176341774,0.003812418407361842,276.43977434672007,269.82746164051525,102.45057069654914
2025-05-08,True,0.0005426600000000696,-0.0021469980751622378,-0.003442096115666388,0.0008519000346580879,-0.001604338075162168,275.99627149124643,269.97388621084906,102.2307288178583
2025-05-09,True,0.0005426600000000696,0.006217826111952061,0.004107408077546811,-0.008328244146357312,0.006760486111952131,277.8621404516135,270.12039023994026,102.86603695663126
2025-05-12,True,0.0005426600000000696,0.0028388577845397858,0.025629659242927996,0.019951943673848425,0.0033815177845398555,278.80173622120094,270.2669737709079,103.15790062367279
2025-05-13,True,0.0005426600000000696,-0.005122732119099664,-0.015213431049951627,-0.004967966811752301,-0.004580072119099594,277.5248041623777,270.4136368468944,102.62973694611028
2025-05-14,True,0.0005426600000000696,-0.002435095924135605,0.022586358333882936,0.027456550182154146,-0.001892435924135535,276.99960625314213,270.5603795110658,102.37995923634968
2025-05-15,True,0.0005426600000000696,0.004076282013803671,0.008482073706601052,0.00032950967899370877,0.004618942013803741,278.27905137227185,270.7072018066113,102.7970624775139
2025-05-16,True,0.0005426600000000696,-0.00683338007549985,-0.0066446894766979065,0.007022070674301794,-0.0062907200754997806,276.52847575721324,270.85410377674367,102.09499206449047
2025-05-19,False,0.0005426600000000696,0.0,0.0,0.0,0.0005426600000000696,276.67853669986766,271.00108546469914,102.09499206449048
2025-05-20,True,0.0005426600000000696,0.0007126742710312165,-0.020220812114605923,-0.021646160656668356,0.0012553342710312863,277.02586074904576,271.14814691373743,102.16771307575199
2025-05-21,True,0.0005426600000000696,0.0014399217831236092,-0.001611573319357092,-0.00449141688560431,0.001982581783123679,277.57508717402095,271.2952881671416,102.31474680201981
2025-05-22,True,0.0005426600000000696,-0.007395278167949104,-0.005358279182299974,0.009432277153598234,-0.0068526181679490344,275.67297108868223,271.4425092682184,101.55851116756502
2025-05-23,True,0.0005426600000000696,0.002857701074785446,0.004080129487158625,-0.0016352726624122664,0.0034003610747855156,276.6103587289427,271.5898102602979,101.84857762661751
2025-05-26,True,0.0005426600000000696,0.006337391371746234,0.03026009974085146,0.01758531699735899,0.006880051371746304,278.513452206955,271.73719118673375,102.49368185143442
2025-05-27,True,0.0005426600000000696,0.0020704629988638618,0.00224381007708635,-0.0018971159206413735,0.0026131229988639315,279.24124211441,271.88465209090316,102.70577613224273
2025-05-28,True,0.0005426600000000696,-0.0015411807474152808,0.0009879188501220881,0.00407028034495265,-0.000998520747415211,278.9624139406248,272.0321930162068,102.54757381748752
2025-05-29,True,0.0005426600000000696,0.0014915328825691329,-0.0025853966735516023,-0.005568462438689868,0.0020341928825692024,279.5298772975671,272.17981400606897,102.70044393936365
2025-05-30,True,0.0005426600000000696,-0.006657672463800173,-0.010337384954424128,0.0029779599731762176,-0.006115012463800103,277.820548613888,272.3275151039375,102.01706886204796
2025-06-02,True,0.0005426600000000696,0.003068184811397183,0.017285987614032994,0.011149617991238628,0.0036108448113972525,278.8237155003499,272.47529635328385,102.32990631885941
2025-06-03,True,0.0005426600000000696,-0.0012801585608475754,-0.0034618268732260296,-0.0009015097515308786,-0.0007374985608475058,278.6180834114383,272.6231577976029,102.19897886234817
2025-06-04,True,0.0005426600000000696,-0.0014529069440229049,-0.010273493117177077,-0.007367679229131267,-0.0009102469440228352,278.3644721524635,272.7710994804134,102.05057378978368
2025-06-05,True,0.0005426600000000696,-0.005001971889930286,-0.008657840195641855,0.0013461035842187163,-0.004459311889930216,277.12315815205983,272.9191214452575,101.54039654112167
2025-06-06,True,0.0005426600000000696,0.0003887571121077341,-0.007108567323598454,-0.007886081547813922,0.0009314171121078038,277.38127540372403,273.06722373570096,101.5798496828014
2025-06-09,True,0.0005426600000000696,0.004019967453660983,0.013488453201091285,0.005448518293769318,0.004562627453661053,278.6468628260125,273.2154063953334,101.98797589870169
2025-06-10,True,0.0005426600000000696,0.0017566677194220718,0.0022034293771529545,-0.0013099060616911888,0.0022993277194221415,279.2875632816384,273.36366946776786,102.16703771404745
2025-06-11,True,0.0005426600000000696,0.0007782324050782293,0.0003612199239741802,-0.0011952448861822784,0.001320892405078299,279.65647210280997,273.51201299664126,102.24650429019516
2025-06-12,True,0.0005426600000000696,0.0020445002326933697,-0.004143184468560009,-0.008232184933946748,0.0025871602326934394,280.3799882062497,273.66043702561404,102.45543391425876
2025-06-13,True,0.0005426600000000696,0.0018352492865387855,0.014604714004920713,0.010934215431843142,0.0023779092865388552,281.046706383965,273.8089415983703,102.6433631945487
2025-06-16,True,0.0005426600000000696,0.0020323252158223983,0.0019184390015650292,-0.0021462114300797677,0.002574985215822468,281.7703974978593,273.9575267586181,102.85185474977844
2025-06-17,True,0.0005426600000000696,0.0037208480052312635,0.0012351470012430348,-0.006206549009219492,0.004263508005231333,282.9717278432286,274.10619255008896,103.23434330711795
2025-06-18,False,0.0005513099999999501,0.0,0.0,0.0,0.0005513099999999501,283.12773298650586,274.25731003510367,103.23434330711798
2025-06-20,True,0.0005513099999999501,-0.0025650647087987664,-0.001353495146805624,0.0037766342707919085,-0.002013754708798816,282.5575831810127,274.4085108326991,102.96968644433989
2025-06-23,True,0.0005513099999999501,0.001729184775828077,0.012296236301159382,0.008837866749503228,0.002280494775828027,283.2019542733276,274.55979498880623,103.1476419498615
2025-06-24,True,0.0005513099999999501,0.004939479825701305,-0.000649607990728505,-0.010528567642131115,0.005490789825701255,284.75695668247033,274.71116254938147,103.65685691104127
2025-06-25,True,0.0005513099999999501,-0.003775477553096364,0.0032352841606612024,0.01078623926685393,-0.003224167553096414,283.8388525422162,274.86261356040654,103.2657184131144
2025-06-26,True,0.0005513099999999501,-0.003133837143495212,-0.008632657238222124,-0.0023649829512317013,-0.002582527143495262,283.1058310011474,275.01414806788847,102.94227878460329
2025-06-27,True,0.0005513099999999501,-0.003785424592164197,0.01310096356070456,0.020671812745032953,-0.003234114592164247,282.1902343019798,275.16576611785973,102.55281326715306
2025-06-30,True,0.0005513099999999501,-0.002490950321156089,0.00015938964684777032,0.005141290289159948,-0.001939640321156139,281.6428867452912,275.31746775637816,102.29750006073363
2025-07-01,True,0.0005513099999999501,0.0017805666911631102,-0.014729750917172713,-0.018290884299498933,0.00233187669116306,282.2996432281244,275.4692530295269,102.47954721751302
2025-07-02,True,0.0005513099999999501,-0.005182542822403732,0.013357651666093984,0.023722737310901448,-0.004631232822403782,280.99224785465344,275.6211219834145,101.9487352176014
2025-07-03,True,0.0005513099999999501,-0.002345463768941065,0.006015690721955615,0.010706618259837744,-0.0017941537689411147,280.4881045541217,275.7730746641752,101.70974990785022
2025-07-04,True,0.0005513099999999501,0.001445256174266209,-0.006736481126696253,-0.009626993475228671,0.0019965661742661588,281.0481176159585,275.92511111796824,101.85666555582178
2025-07-07,True,0.0005513099999999501,-0.004895901442408118,-0.007564311130630367,0.0022274917541858694,-0.004344591442408168,279.8270783692593,276.0772313909787,101.35826013590021
2025-07-08,True,0.0005513099999999501,0.0011414807607751055,-0.008179394718154043,-0.010462356239704254,0.0016927907607750556,280.3007670621375,276.22943552941683,101.47389488919514
2025-07-09,True,0.0005513099999999501,0.001319822972853412,-0.005785470253611101,-0.008425116199317925,0.001871132972853362,280.82524706970355,276.3817235795185,101.60774867188589
2025-07-10,True,0.0005513099999999501,0.0032156719062520676,-0.0043831117133882975,-0.010814455525892433,0.003766981906252018,281.8831106942339,276.5340955875451,101.93430582052599
2025-07-11,True,0.0005513099999999501,0.0008086147319102538,-0.003946708985813748,-0.005563938449634255,0.0013599247319102039,282.2664505079748,276.68655159978346,102.01668598489111
2025-07-14,True,0.0005513099999999501,-0.002285349645929223,0.0058060643347642715,0.010376763626622718,-0.0017340396459292731,281.7769892920782,276.83909166254585,101.7836706513802
2025-07-15,True,0.0005513099999999501,0.004373223641170622,0.006511659104187439,-0.0022347881781538035,0.0049245336411705715,283.1646095551548,276.9917158221703,102.22854814074928
2025-07-16,True,0.0005513099999999501,0.004140276855186638,0.003933863274571357,-0.004346690435801918,0.0046915868551865875,284.4931009151979,277.14442412502024,102.65156941669613
2025-07-17,True,0.0005513099999999501,-0.00018078863196800687,-0.021075108340967142,-0.02071353107703113,0.0003705213680319432,284.5985116881446,277.29721661748454,102.63302140559591
2025-07-18,True,0.0005513099999999501,0.0019971070010493855,-0.0006862368958328868,-0.004680450897931658,0.002548417001049336,285.32378737380395,277.4500933459779,102.83787759191978
2025-07-21,False,0.0005513099999999501,0.0,0.0,0.0,0.0005513099999999501,285.4810892310209,277.6030543569404,102.83787759191979
2025-07-22,True,0.0005513099999999501,-0.0009337474081329619,0.010558738166896156,0.01242623298316208,-0.0003824374081330118,285.3719105831844,277.7560996968379,102.74190590041367
2025-07-23,True,0.0005513099999999501,0.0017815707056294584,-0.0038978280127775025,-0.007460969424036419,0.0023328807056294085,286.0376492073125,277.9092294121618,102.92484701294163
2025-07-24,True,0.0005513099999999501,0.005598732139858023,0.002441127939596832,-0.008756336340119214,0.006150042139857973,287.7967928035234,278.06244354942896,103.50077814531038
2025-07-25,True,0.0005513099999999501,-0.0010149496005572673,-0.012449278054357379,-0.010419378853242844,-0.00046363960055731727,287.6633588134663,278.21574215518217,103.3957879540168
2025-07-28,True,0.0005513099999999501,0.0025389832818600716,0.009519300262321895,0.0044413336986017515,0.0030902932818600215,288.5523229586448,278.3691252759897,103.65816348079515
2025-07-29,True,0.0005513099999999501,-0.0033545205143795153,0.0050971105735855005,0.011806151602344531,-0.0028032105143795654,287.74345005297846,278.52259295844556,103.31063164269356
2025-07-30,True,0.0005513099999999501,-0.0008901262275025404,-0.009176179964984118,-0.007395927509979037,-0.00033881622750259036,287.64595790274296,278.67614524916945,103.21872281014704
2025-07-31,True,0.0005513099999999501,-0.0018902725888434724,-0.007366820004051283,-0.0035862748263643385,-0.0013389625888435223,287.26081072627915,278.82978219480674,103.02371879542696
2025-08-01,True,0.0005513099999999501,0.0038291165713213032,0.007286615520376044,-0.00037161762226656236,0.004380426571321253,288.51913561448384,278.98350384202854,103.41799125795437
2025-08-04,True,0.0005513099999999501,0.0005702896570332535,0.00015026701578067328,-0.0009903122982858337,0.0011215996570332035,288.8427385780366,279.1373102375316,103.4769369713587
2025-08-05,True,0.0005513099999999501,0.005489089520487516,0.021042021439440162,0.01006384239846513,0.006040399520487466,290.5874641176396,279.2912014280387,104.04461817337683
2025-08-06,True,0.0005513099999999501,0.006708739484403389,0.01889552445559643,0.005478045486789651,0.007260049484403339,292.69714348668094,279.4451774602979,104.74224180457215
2025-08-07,True,0.0005513099999999501,-0.00027808369927712073,-0.008272244073348561,-0.00771607667479432,0.00027322630072282935,292.77711604442794,279.5992383810835,104.71313074371949
2025-08-08,True,0.0005513099999999501,0.005682338165234849,0.00491354976334495,-0.006451126567124747,0.0062336481652347986,294.60218557668105,279.75338423719535,105.30781830574597
2025-08-11,True,0.0005513099999999501,0.0017414146724072889,0.017856912912131827,0.01437408356731725,0.0022927246724072387,295.27762727609775,279.90761507545915,105.49110183961771
2025-08-12,True,0.0005513099999999501,-0.007170285261593952,-0.017602714472047604,-0.003262143948859699,-0.006618975261594003,293.3231919658551,280.06193094272635,104.73511732868853
2025-08-13,True,0.0005513099999999501,0.0020965320804646193,0.001792192986831966,-0.0024008711740972724,0.002647842080464569,294.0998654567184,280.21633188587435,104.95457687187859
2025-08-14,True,0.0005513099999999501,-0.0032074096277481534,-0.0005834979063171856,0.005831321349179121,-0.0026560996277482036,293.31870691355806,280.3708179518063,104.61813003804747
2025-08-15,True,0.0005513099999999501,0.0025956857850282233,0.008829716366693136,0.003638344796636689,0.003146995785028173,294.24177964788487,280.5253891874513,104.88953620211113
2025-08-18,True,0.0005513099999999501,-0.007446190727834086,-0.029347346477450936,-0.014454965021782765,-0.006894880727834136,292.21301767206705,280.68004563976416,104.10893906120593
2025-08-19,True,0.0005513099999999501,0.0015544507574045087,0.004406871080732909,0.0012979695659238917,0.0021057607574044585,292.8283483774836,280.8347873557258,104.27068210982208
2025-08-20,False,0.0005513099999999501,0.0,0.0,0.0,0.0005513099999999501,292.98978757422753,280.98961438234284,104.27068210982205
2025-08-21,True,0.0005513099999999501,0.0037786830366636666,0.02806837024435584,0.020511004171028507,0.0043299930366636164,294.2584313142375,281.1445267666479,104.66447086785162
2025-08-22,True,0.0005513099999999501,-0.0004604053208957055,0.00527245177246984,0.006193262414261251,9.090467910424457e-05,294.2851807825098,281.2995245556996,104.61630934048698
2025-08-25,True,0.0005513099999999501,-0.0015034266401409376,-0.0009931313407862592,0.0020137219394956163,-0.0009521166401409876,294.0049869649399,281.45460779658237,104.45911305791383
2025-08-26,True,0.0005513099999999501,0.0035752847077843574,0.012910027167559809,0.005759457751991094,0.004126594707784308,295.21822638821163,281.6097765364066,104.83237834253445
2025-08-27,True,0.0005513099999999501,0.004612188572986452,0.01819880492677813,0.008974427780805224,0.005163498572986402,296.74258527888674,281.76503082230886,105.31561862480488
2025-08-28,True,0.0005513099999999501,0.001173571292177091,-0.0013498059805623168,-0.003696948564916499,0.0017248812921770412,297.25443101282656,281.9203707014515,105.43914590961346
2025-08-29,True,0.0005513099999999501,-0.0003691788827943352,-0.0041583671874211485,-0.003420009421832478,0.00018213111720561488,297.30857029444127,282.07579622102287,105.40024145194033
2025-09-01,True,0.0005513099999999501,-0.003998114456137343,-0.013063512508188982,-0.005067283595914296,-0.003446804456137393,296.28380578950254,282.2313074282374,104.97907141816229
2025-09-02,True,0.0005513099999999501,-0.003250879700473932,-0.0049196823725579375,0.001582077028389926,-0.0026995697004739815,295.4839670046521,282.3869043703357,104.6379851301958
2025-09-03,True,0.0005513099999999501,-0.0007926955403144559,0.012046705171727809,0.01363209625235672,-0.0002413855403145058,295.4126414476224,282.54258709458406,104.55508476983327
2025-09-04,True,0.0005513099999999501,-0.002742932948337042,0.00652581193378222,0.012011677830456305,-0.002191622948337092,294.7652083233969,282.69835564827514,104.26845520464752
2025-09-05,True,0.0005513099999999501,-0.002975151227929296,-0.011290450784174502,-0.0053401483283159095,-0.002423841227929346,294.0507442589035,282.85421007872753,103.95841171218896
2025-09-08,True,0.0005513099999999501,0.004759008342525693,0.008308082371534742,-0.0012099343135166436,0.005310318342525643,295.61224731977484,283.010150433286,104.45287805656268
2025-09-09,True,0.0005513099999999501,0.0018856515237132274,0.007592113723217044,0.003820810675790589,0.0024369615237131775,296.3326429924315,283.1661767593214,104.64973125808773
2025-09-10,True,0.0005513099999999501,-0.0006958518475742768,0.007460836206088349,0.008852539901236902,-0.00014454184757432668,296.2898105247168,283.32228910423055,104.5769506739075
2025-09-11,True,0.0005513099999999501,-0.0010261807321138385,-0.00982645597830284,-0.007774094514075162,-0.00047487073211388846,296.14911116547506,283.47848751543654,104.4696949532541
2025-09-12,True,0.0005513099999999501,-0.0015999200474151138,0.008325205157657065,0.011525045252487293,-0.0010486100474151638,295.83856623197386,283.6347720403886,104.30264389087226
2025-09-15,True,0.0005513099999999501,0.0020351402930474847,0.00590357117388815,0.001833290587793181,0.002586450293047435,296.60373797829925,283.79114272656216,104.51479744175182
2025-09-16,True,0.0005513099999999501,0.00030676798942793704,0.007779927345406686,0.007166391366550812,0.0008580779894278871,296.85824711744044,283.9475996214587,104.54684156978027
2025-09-17,True,0.0005513099999999501,-0.0015988873053716102,-0.0023785375372755804,0.0008192370734676399,-0.00104757730537166,296.5472651548478,284.10414277260594,104.37977505741661
2025-09-18,True,0.0005513099999999501,-0.009490702047009122,-0.0133692431741085,0.005612160919909746,-0.008939392047009172,293.8963128911602,284.2607722275579,103.3896835599563
2025-09-19,False,0.0005513099999999501,0.0,0.0,0.0,0.0005513099999999501,294.05834086742016,284.41748803389464,103.38968355995627
2025-09-22,True,0.0005513099999999501,-0.004448298697783269,0.006117395791091468,0.015013993186658007,-0.0038969886977833195,292.91239883657096,284.5742902392226,102.93002877749043
2025-09-23,True,0.0005513099999999501,0.0010500843935348644,-0.003787253240971659,-0.005887422028041388,0.0016013943935348145,293.3814671098647,284.73117889117435,103.03805443870849
2025-09-24,True,0.0005513099999999501,-0.004463911297055987,-0.017625793474906854,-0.00869797088079488,-0.003912601297056037,292.2335824011184,284.8881540374088,102.57835514029308
2025-09-25,True,0.0005513099999999501,-0.004660041282626251,0.001411719262133691,0.010731801827386192,-0.004108731282626301,291.03287313927297,285.0452157256112,102.10059916228364
2025-09-26,True,0.0005513099999999501,-0.001505269171406772,-0.0017243019564370337,0.0012862363863765103,-0.000953959171406822,290.7552396607609,285.2023640034928,101.94699496151445
2025-09-29,True,0.0005513099999999501,-0.003127145058758815,-0.011038726749912603,-0.004784436632394973,-0.0025758350587588652,290.00630212092483,285.35959891879156,101.62836758242558
2025-09-30,True,0.0005513099999999501,-0.0024857317569352694,-0.004115723423875987,0.0008557400899945519,-0.0019344217569353193,289.4453076204538,285.5169205192714,101.37588591738724
2025-10-01,True,0.0005513099999999501,-0.0006865111109091212,-0.014232481859359622,-0.01285945963754138,-0.0001352011109091711,289.40617429331604,285.6743288527229,101.3063285929752
2025-10-02,True,0.0005513099999999501,-0.0014589274315607765,0.000650376298209678,0.003568231161331231,-0.0009076174315608265,289.14350420472607,285.83182396696265,101.15861144913879
2025-10-03,True,0.0005513099999999501,-0.0015555753107088554,-0.012294185238114716,-0.009183034616697006,-0.0010042653107089053,288.85312741363646,285.98940590983386,101.00133831695342
2025-10-06,True,0.0005513099999999501,-0.002248128628419564,-0.01856901462007569,-0.014072757363236562,-0.001696818628419614,288.36299604616374,286.14707472920594,100.77439943045192
2025-10-07,True,0.0005513099999999501,-0.002732690468141559,-0.0046493810908886475,0.0008159998453944698,-0.002181380468141609,287.7339666388538,286.30483047297486,100.4991659286775
2025-10-08,True,0.0005513099999999501,-0.0005139541160492783,-0.006115352805820253,-0.005087444573721696,3.735588395067176e-05,287.74471519552026,286.4626731890629,100.44754242924041
2025-10-09,True,0.0005513099999999501,-0.005906091687734196,-0.013269480775559506,-0.0014572974000911139,-0.005354781687734246,286.20390506384894,286.6206029254187,99.85461691960846
2025-10-10,True,0.0005513099999999501,0.0032046574731858833,0.010231515865902938,0.0038222009195311712,0.003755967473185833,287.27887762196747,286.7786197300175,100.17444044204582
2025-10-13,True,0.0005513099999999501,-0.003109563310852293,-0.007946482128520449,-0.0017273555068158624,-0.002558253310852343,286.54394548215316,286.9367236508608,99.86311331512046
2025-10-14,True,0.0005513099999999501,-0.0017691411738737228,0.009153488592768913,0.012691770940516359,-0.0012178311738737727,286.19498333266023,287.0949147359768,99.68653871694518
2025-10-15,True,0.0005513099999999501,0.0006673998739524837,-0.0057959220831796015,-0.007130721831084569,0.0012187098739524338,286.5437719847234,287.2531930334198,99.75303284144387
2025-10-16,True,0.0005513099999999501,0.006434270803015613,0.018043721862315176,0.0051751802562839495,0.006985580803015563,288.5454466575235,287.411558591271,100.39451721141981
2025-10-17,True,0.0005513099999999501,-0.0014229090418778486,0.002515570978268276,0.005361389062023973,-0.0008715990418778985,288.2939507226786,287.5700114576379,100.25174365761268
2025-10-20,True,0.0005513099999999501,0.0036756284036018605,0.002295081540151641,-0.0050561752670520805,0.00422693840360181,289.51255149451435,287.7285516806546,100.62002877484322
2025-10-21,False,0.0005513099999999501,0.0,0.0,0.0,0.0005513099999999501,289.6721626592788,287.8871793084816,100.62002877484325
2025-10-22,True,0.0005513099999999501,-0.00010067446004937732,0.009596237618197686,0.009797586538296441,0.00045063553995057276,289.8026992307074,288.04589438930617,100.609904489396
2025-10-23,True,0.0005513099999999501,-0.0044094145437437865,0.002816896417421768,0.011635725504909341,-0.0038581045437438366,288.68461012001615,288.2046969713419,100.16651815661491
2025-10-24,True,0.0005513099999999501,0.0006596627264863254,0.0038246006171345583,0.0025052751641619075,0.0012109727264862755,289.0341993094278,288.3635871028291,100.23255786673217
2025-10-27,True,0.0005513099999999501,-0.003939642064395357,-0.00829202807179131,-0.00041274394300059675,-0.0033883320643954074,288.0548554642008,288.52256483203473,99.83789504709753
2025-10-28,True,0.0005513099999999501,-0.004141787019062894,-0.004625634793605199,0.003657939244520588,-0.003590477019062944,287.0206011254271,288.6816302072523,99.42461559447592
2025-10-29,True,0.0005513099999999501,0.0033021648470495887,0.0072706721851088785,0.0006663424910097008,0.003853474847049539,288.12662779244897,288.84078327680174,99.75275116060449
2025-10-30,True,0.0005513099999999501,-0.0014031974526430104,0.0068940214523682914,0.009700416357654312,-0.0008518874526430604,287.88117633346025,289.0000240890301,99.61285548016939
2025-10-31,True,0.0005513099999999501,-0.0008992577257602118,-0.0024702207398163978,-0.0006717052882959743,-0.0003479477257602617,287.7810087328658,289.15935269231056,99.52332720812547
2025-11-03,True,0.0005513099999999501,0.006701299292423399,0.009381724050892687,-0.004020874533954111,0.007252609292423349,289.8681719509848,289.3187691350433,100.18989532465662
2025-11-04,True,0.0005513099999999501,0.007055353867003168,0.02401206858779466,0.009901360853788324,0.007606663867003118,292.07310170075857,289.4782734656551,100.8963809974538
2025-11-05,True,0.0005513099999999501,-0.003791132672110023,-0.00808587992796267,-0.0005036145837426231,-0.003239822672110073,291.12683664395496,289.6378657325994,100.5140801972109
2025-11-06,True,0.0005513099999999501,-0.0011417113455561428,5.7669427824313946e-05,0.0023410921189365996,-0.0005904013455561928,290.9549549678728,289.79754598435636,100.39938536387018
2025-11-07,True,0.0005513099999999501,-0.0011316216641848779,0.005024145101089052,0.007287388429458808,-0.0005803116641849278,290.78611041375257,289.95731426943297,100.28583384640868
2025-11-10,True,0.0005513099999999501,0.01070327218537353,0.025386089152213437,0.003979544781466375,0.011254582185373481,294.05878659176926,290.1171706363628,101.35862897971901
2025-11-11,True,0.0005513099999999501,-0.005044514110408756,-0.009284260775971304,0.0008047674448462087,-0.004493204110408806,292.7375204431533,290.27711513370633,100.84760567787566
2025-11-12,True,0.0005513099999999501,-0.00554284036927572,-0.013032791093384196,-0.0019471103548327577,-0.00499153036927577,291.2763122196348,290.43714781005065,100.2889315006402
2025-11-13,True,0.0005513099999999501,-0.0014346949657750665,-0.0034492858002502604,-0.0005798958687001273,-0.0008833849657751164,291.01900310453357,290.5972687140098,100.14512675648676
2025-11-14,True,0.0005513099999999501,-0.0011331000304071557,-0.011805313906245016,-0.009539113845430705,-0.0005817900304072056,290.84969114986825,290.7574778942245,100.03171483544003
2025-11-17,True,0.0005513099999999501,0.0028035029905096,0.000609538292144283,-0.0049974676888749165,0.00335481299050955,291.82543747202357,290.9177753993623,100.31199952337572
2025-11-18,True,0.0005513099999999501,-0.004657127544701831,-0.015250334523608947,-0.005936079434205284,-0.004105817544701881,290.62725547086063,291.0781612781177,99.84509115858188
2025-11-19,True,0.0005513099999999501,-0.0020018466307387267,-0.006757791354451814,-0.002754098092974361,-0.0014505366307387766,290.2056899909091,291.2386355792119,99.64532673137666
2025-11-21,False,0.0005513099999999501,0.0,0.0,0.0,0.0005513099999999501,290.36568328985794,291.39919835139307,99.64532673137666
2025-11-24,True,0.0005513099999999501,-0.0012331986738808158,0.0044891984350574725,0.006955595782819104,-0.0006818886738808657,290.1676862191389,291.5598496434361,99.52251195560713
2025-11-25,True,0.0005513099999999501,0.002364560906095877,0.022623836743926925,0.01789471493173517,0.002915870906095827,291.0137777332745,291.720589504143,99.75770932998938
2025-11-26,True,0.0005513099999999501,-0.005746486611151942,-0.007039877790060736,0.004453095432243148,-0.005195176611151992,289.5019097616716,291.8814179823425,99.18476885677771
2025-11-27,True,0.0005513099999999501,-0.0024958713864516513,0.0019553435247076393,0.006947086297610942,-0.0019445613864517012,288.938955526645,292.0423351268903,98.93735283314423
2025-11-28,True,0.0005513099999999501,-0.00551126945582284,-0.009820677100707876,0.0012018618109378028,-0.00495995945582289,287.505830022025,292.20334098666905,98.39238286982545
2025-12-01,True,0.0005513099999999501,0.003002489507012247,0.017467952320000705,0.011462973305976211,0.003553799507012197,288.5275680990204,292.3644356105884,98.6876421875476
2025-12-02,True,0.0005513099999999501,0.005119989206331348,0.01101928784501968,0.0007793094323569843,0.005671299206331298,290.1638942669851,292.5256190475848,99.19264343810667
2025-12-03,True,0.0005513099999999501,-0.0016966131245426978,0.005156799150450702,0.008550025399536098,-0.0011453031245427477,289.8315686522516,292.6868913466219,99.02444462707801
2025-12-04,True,0.0005513099999999501,-0.0077970296657525195,-0.049188583688587625,-0.033594524357082586,-0.00724571966575257,287.73153035551206,292.8482525566901,98.25277352468152
2025-12-05,True,0.0005513099999999501,0.0011539178146768502,0.005233472271581844,0.0029256366422281436,0.0017052278146768003,288.2221781642338,293.0097027268071,98.36608667971755
2025-12-08,True,0.0005513099999999501,-0.0014932665827429529,-0.00630919836181042,-0.0033226651963245146,-0.0009419565827430028,287.9506853862195,293.1712419060174,98.21928082513922
2025-12-09,True,0.0005513099999999501,-0.006141069719619666,-0.0008450477926068063,0.011437091646632525,-0.005589759719619716,286.3411102438107,293.3328701433926,97.61644172500543
2025-12-10,True,0.0005513099999999501,-0.006354319043355922,-0.007337048213788707,0.005371589872923138,-0.005803009043355972,284.6794701915813,293.4945874880313,96.99649749186277
2025-12-11,True,0.0005513099999999501,-0.00010697191280241046,0.006572596710662187,0.006786540536267008,0.0004443380871975396,284.80596412283063,293.65639398905927,96.98612730817692
2025-12-12,True,0.0005513099999999501,-0.0011072088147315762,0.006587792888984993,0.008802210518448145,-0.0005558988147316261,284.6476408249462,293.81828969562935,96.87880258230925
2025-12-15,True,0.0005513099999999501,-0.0016454219884564688,-0.01559486139737702,-0.012304017420464082,-0.0010941119884565187,284.3362044286338,293.98027465692144,96.71948390430535
2025-12-16,True,0.0005513099999999501,-0.003407647571286209,-0.008902148269503146,-0.002086853126930728,-0.002856337571286259,283.5240442450473,294.1423489221425,96.39007959377324
2025-12-17,True,0.0005513099999999501,0.003074804143988227,0.008426533061367446,0.002276924773390991,0.003626114143988177,284.552134792045,294.30451254052673,96.68629690238312
2025-12-18,True,0.0005513099999999501,-0.004758339407118193,-0.004028846477707616,0.00548783233652877,-0.004207029407118243,283.35501559311666,294.46676556133536,96.22648418505341
2025-12-19,True,0.0005513099999999501,-0.002417642539894677,-0.005819696794814411,-0.0009844117150250575,-0.0018663325398947269,282.82618090717284,294.62910803385694,95.9939711301954
2025-12-22,True,0.0005513099999999501,0.0016281040250695766,0.02074242364529882,0.017486215595159667,0.0021794140250695265,283.4425762524988,294.7915400074071,96.15017318521991
2025-12-23,False,0.0011029239427160003,0.0,0.0,0.0,0.0011029239427160003,283.7551918562327,295.11667265499136,96.15017318521991
2025-12-26,True,0.0005513099999999501,0.005060387269735593,-0.00033745700644696985,-0.010458231545918155,0.005611697269735543,285.34754009164567,295.27937342779273,96.63646220159168
2025-12-29,True,0.0005513099999999501,-0.004852094290011922,0.004762036033787039,0.014466224613810884,-0.004300784290011972,284.12032187402593,295.4421638991572,96.16783133601888
2025-12-30,True,0.0011029239427160003,-0.006684494268134944,-0.009680505362818503,0.0036884831734513845,-0.005581570325418944,282.5344843166054,295.76801413540943,95.52570623382371
2026-01-02,True,0.0005513099999999501,-0.01636029758222168,-0.021610007235839765,0.011110587928603593,-0.01580898758222173,278.06790016249477,295.9310739992824,93.9637383815831
2026-01-05,True,0.0005513099999999501,0.001100412987897926,0.01586377708547275,0.013662951109676897,0.0016517229878978761,278.5271913053897,296.09422375968893,94.06708032624212
2026-01-06,True,0.0005513099999999501,-0.0040788624650696,-0.012664521071468123,-0.004506796141328923,-0.00352755246506965,277.5446720251114,296.25746346618985,93.6836050568515
2026-01-07,True,0.0005513099999999501,0.004146204532790616,0.0112842913208706,0.002991882255289367,0.004697514532790566,278.84844215544797,296.42079316837334,94.07182241667375
2026-01-08,True,0.0005513099999999501,-0.0022367231774577468,-0.0016965013377184207,0.0027769450171970726,-0.0016854131774577967,278.3784673165256,296.58421291585495,93.86152572979515
2026-01-09,True,0.0005513099999999501,0.004792255426318201,0.01266495025028262,0.0030804393976462193,0.005343565426318151,279.8660008699096,296.7477227582775,94.31108628856462
2026-01-12,True,0.0005513099999999501,-0.0018351274534561838,-0.0073397724316149075,-0.00366951752470254,-0.0012838174534562337,279.5067040133638,296.9113227453114,94.13810878917636
2026-01-13,True,0.0005513099999999501,0.00014903991596865694,0.017392734304928402,0.017094654472991088,0.000700349915968607,279.7024565100322,297.07501292665404,94.1521313941974
2026-01-14,True,0.0005513099999999501,-0.0012232357398717037,-0.0030902134321695914,-0.0006437419524261841,-0.0006719257398717536,279.51451722999775,297.2387933520306,94.03702460161674
2026-01-15,True,0.0005513099999999501,-0.00959104290692146,-0.02614448337289839,-0.006962397559055467,-0.00903973290692151,276.98778065063146,297.40266407119344,93.13560842357654
2026-01-16,True,0.0005513099999999501,-0.0028378159380287415,-0.004818691695094039,0.0008569401809634443,-0.0022865059380287912,276.3544464454124,297.5666251339225,92.87145234148373
2026-01-19,True,0.0005513099999999501,0.0025289142371754288,0.008397152430563644,0.003339323956212786,0.0030802242371753786,277.20568010940474,297.73067659002504,93.10618686804544
2026-01-20,True,0.0005513099999999501,0.00841776423558234,0.04448463259077074,0.027649104119606062,0.00896907423558229,279.6919584328311,297.8948184893358,93.88950094908873
2026-01-21,True,0.0005513099999999501,-0.0007526827506292248,0.019122890664842296,0.020628256166100745,-0.00020137275062927468,279.6356360938326,298.05905088171716,93.81887088032238
2026-01-22,True,0.0005513099999999501,0.0008893708726071779,0.01778119026986175,0.016002448524647394,0.001440680872607128,280.0385018060523,298.2233738170587,93.902264675551
2026-01-23,True,0.0005513099999999501,0.0005606874307475126,0.002312928525041906,0.0011915536635468808,0.0011119974307474626,280.349903900571,298.38778734527773,93.95488548469503
2026-01-26,True,0.0005513099999999501,0.003355785200714556,0.024977196328903738,0.018265625927474625,0.003907095200714506,281.4452576646217,298.55229151631903,94.27000417085652
2026-01-27,True,0.0005513099999999501,0.004629936671658094,0.019402434611183992,0.010142561267867804,0.005181246671658044,282.90349496915053,298.7168863801548,94.70622782574142
2026-01-28,False,0.0005513099999999501,0.0,0.0,0.0,0.0005513099999999501,283.0594624949619,298.881571986785,94.70622782574141
2026-01-29,True,0.0005513099999999501,0.0034996830243555583,0.0014792616148242659,-0.0055201044338868506,0.004050993024355508,284.20613440300684,299.04634838623696,95.0374869770812
2026-01-30,True,0.0005513099999999501,-0.005494570801920931,0.005638763320232859,0.016627904924074722,-0.0049432608019209815,282.80122935914693,299.21121562856575,94.51558450610025
2026-02-02,True,0.0005513099999999501,0.0005340470039159233,0.01554477861001958,0.014476684602187734,0.0010853570039158734,283.1081696541479,299.3761737638539,94.56603245836854
2026-02-03,True,0.0005513099999999501,0.00011913166290467014,-0.02114618976585404,-0.02138445309166338,0.0006704416629046202,283.2979771661927,299.5412228422116,94.5772920595389
2026-02-04,True,0.0005513099999999501,-0.0020773537207602936,-0.002847625174446996,0.001307082267073591,-0.0015260437207603435,282.8656520670341,299.70636291377673,94.3809298264423
2026-02-05,True,0.0005513099999999501,0.0036111038790627896,0.009481992735546127,0.002259784977420548,0.0041624138790627395,284.0430559831081,299.87159402871464,94.7215613746693
2026-02-06,True,0.0005513099999999501,-0.004868656339389562,0.003982689787553266,0.01372000246633239,-0.0043173463393896125,282.8167437351304,300.0369162372186,94.26064875014468
2026-02-09,True,0.0005513099999999501,-0.0012123006103882626,-0.00021685081114027524,0.00220775040963625,-0.0006609906103883126,282.62980452306084,300.2023295895093,94.14643947284594
2026-02-10,True,0.0005513099999999501,-0.005669321194516532,0.007855001582747203,0.019193643971780267,-0.005118011194516582,281.18330201960777,300.3678341358352,93.61298716574571
2026-02-11,True,0.0005513099999999501,0.004038123539303522,-0.008245244070010196,-0.01632149114861724,0.004589433539303472,282.47377409658867,300.5334299264726,93.99079968098647
2026-02-12,True,0.0005513099999999501,0.009345879076808335,0.007170745105484294,-0.011521013048132375,0.009897189076808286,285.26947044806224,300.6991170117253,94.86874231058636
2026-02-13,True,0.0005513099999999501,0.005519682395709899,0.008828993288911976,-0.0022103715025078205,0.0060709923957098485,287.0013392338806,300.864895441925,95.39209910558661
2026-02-18,True,0.0005513099999999501,0.004182286148445254,0.017481296003094855,0.009116723706204347,0.004733596148445204,288.3598876678767,301.03076526743104,95.79083633252644
2026-02-19,True,0.0005513099999999501,-0.004849493430060817,0.008226281313232137,0.01792526817335377,-0.004298183430060867,287.1204639768084,301.19672653863057,95.32655526386779
2026-02-20,True,0.0005513099999999501,0.00011310809313443138,-0.01397241420214614,-0.014198630388415004,0.0006644180931343815,287.3112320079838,301.36277930593855,95.33733152769676
2026-02-23,True,0.0005513099999999501,0.007325812933434086,0.020921182542225563,0.006269556675357391,0.007877122933434037,289.57441790266705,301.52892361979764,96.03537014836951
2026-02-24,True,0.0005513099999999501,-0.00234909792704642,-0.010232056236383236,-0.005533860382290395,-0.00179778792704647,289.0538245101801,301.69515953067844,95.80989796450052
2026-02-25,True,0.0005513099999999501,0.005657081179896721,0.01109633661444187,-0.00021782574535157231,0.006208391179896671,290.8483837247845,301.8614870890793,96.35160368734127
2026-02-26,True,0.0005513099999999501,-0.004686832465119912,-0.022868484997877647,-0.013494820067637822,-0.0041355224651199625,289.64557369994685,302.02790634552633,95.90026868861123
2026-02-27,True,0.0005513099999999501,0.0022895202025502064,-0.0027042870792176967,-0.00728332748431811,0.0028408302025501563,290.4684075937487,302.19441735057364,96.11971330919005
2026-03-02,True,0.0005513099999999501,0.00332802003805327,-0.03265159483567317,-0.03930763491177971,0.0038793300380532197,291.5952304124326,302.3610201548031,96.43942538067287
2026-03-03,False,0.0005513099999999501,0.0,0.0,0.0,0.0005513099999999501,291.75598977891127,302.5277148088246,96.43942538067289
2026-03-04,True,0.0005513099999999501,6.350310442442518e-05,-0.022286653389681794,-0.022413659598530644,0.0006148131044243753,291.9353651847216,302.6945013632758,96.44554620909955
2026-03-05,True,0.0005513099999999501,-0.00036204625481868914,-0.014117729922967762,-0.013393637413330384,0.00018926374518126094,291.99061796528736,302.8613798688224,96.41064770019754
2026-03-06,True,0.0005513099999999501,-0.0060782882105693175,-0.003266308851842703,0.008890267569295932,-0.005526978210569368,290.3767921821026,303.0283503761578,95.8249588930044
2026-03-09,True,0.0005513099999999501,0.0016008821113333658,0.017688834805925636,0.014487070583258904,0.0021521921113333157,291.00173882355114,303.1954129360036,95.97827882870173
2026-03-10,True,0.0005513099999999501,-0.002336874940746164,-0.0042147856413347244,0.0004589642401576037,-0.0017855649407462141,290.4821363210116,303.3625675991093,95.75411317881543
2026-03-11,True,0.0005513099999999501,-0.0018327148635000241,-0.03965346792373861,-0.03598803819673856,-0.001281404863500074,290.10991109877,303.52981441625235,95.57871988842629
2026-03-12,True,0.0005513099999999501,-0.0025916160197634822,-0.019541837343259694,-0.01435860530373273,-0.0020403060197635324,289.51799810076204,303.69715343823816,95.33115303289806
2026-03-13,True,0.0005513099999999501,-0.0023206041404155997,0.015356356599426163,0.019997564880257362,-0.0017692941404156496,289.00575560317753,303.86458471590015,95.11004906128993
2026-03-16,True,0.0005513099999999501,-0.0025451974946510787,-0.0005817233847338713,0.004508671604568286,-0.001993887494651129,288.4295106411982,304.0321083000998,94.86810858690595
2026-03-17,True,0.0005513099999999501,-0.005228565711647393,-0.015282070273020504,-0.004824938849725717,-0.004677255711647443,287.08045206514396,304.1997242417267,94.3723577596082
2026-03-18,True,0.0005426600000000696,-0.01088981843534208,-0.023465543931068773,-0.0016859070603846098,-0.010347158435342011,284.1099851439363,304.3648012640837,93.3452173063293
2026-03-19,True,0.0005426600000000696,0.0033896803358003103,-0.017449440278528516,-0.024228800950129137,0.00393234033580038,285.22720229832146,304.5299678671377,93.6614561437061
2026-03-20,True,0.0005426600000000696,0.00586940365287663,0.061797550372824604,0.050058743067071344,0.0064120636528767,287.05609727499024,304.69522409950054,94.2108948781061
2026-03-23,True,0.0005426600000000696,0.0015878093094031332,0.004880589409071749,0.0017049707902654827,0.002130469309403203,287.66766148031166,304.8605700098104,94.36040268213581
2026-03-24,True,0.0005426600000000696,0.0029292748315329683,0.025039828013323922,0.019181278350257985,0.003471934831533038,288.6664248541108,305.0260056467319,94.6366603208357
2026-03-25,True,0.0005426600000000696,-0.0056498729642574476,-0.020713160249667406,-0.009413414321152511,-0.005107212964257378,287.19214394675004,305.1915310589562,94.1022652071138
2026-03-26,True,0.0005426600000000696,-0.006127320731277339,-0.01630675143049078,-0.0040521099679361,-0.00558466073127727,285.58827325811933,305.3571462952006,93.52598317185938
2026-03-27,True,0.0005426600000000696,-0.0023988234400532707,-0.0006991792963283264,0.004098467583778215,-0.001856163440053201,285.0581747463897,305.5228514042092,93.30175253217162
2026-03-30,True,0.0005426600000000696,0.008997039529503903,0.04088598081690722,0.022891901757899413,0.009539699529503972,287.77754408189907,305.68864643475223,94.14073680467024
2026-03-31,True,0.0005426600000000696,-0.0015942377135838388,0.00925734710429397,0.012445822531461648,-0.001051577713583769,287.4749236300727,305.8545314356265,93.99073549138434
2026-04-01,True,0.0005426600000000696,-0.006315660490655919,-0.006875302307276038,0.005756018674035801,-0.00577300049065585,285.81533075490506,306.0205064556554,93.3974438723837
2026-04-02,False,0.0005426600000000696,0.0,0.0,0.0,0.0005426600000000696,285.9704313022925,306.1865715436886,93.3974438723837
2026-04-06,True,0.0005426600000000696,-0.00624641964438188,-0.014155261202845604,-0.0016624219140818446,-0.00570375964438181,284.33932469674403,306.35272674860255,92.81436066018011
2026-04-07,True,0.0005426600000000696,0.014708222012410998,0.03701265563568395,0.007596211610861954,0.015250882012411067,288.6757501891827,306.5189721193,94.17875448075934
2026-04-08,True,0.0005426600000000696,-0.0010876631384464895,0.01855164625840793,0.020726972535300908,-0.0005450031384464199,288.51842099933623,306.6853077047102,94.0763752781839
2026-04-09,True,0.0005426600000000696,-0.006868177547098855,3.4209701039150664e-05,0.013770564795236861,-0.006325517547098786,286.69339266464374,306.8517335537893,93.43059247028437
2026-04-10,True,0.0005426600000000696,0.0043456114795732415,0.009723088466631002,0.0010318655074845196,0.004888271479573311,288.0948277993884,307.01824971551963,93.83638531791985
2026-04-13,True,0.0005426600000000696,0.008282202004833362,0.011755304503263878,-0.0048090995064028474,0.008824862004833432,290.63722489902426,307.18485623891024,94.61313570516113
2026-04-14,True,0.0005426600000000696,0.0036603073818435535,9.182335337625432e-05,-0.007228791410310853,0.004202967381843623,291.8587636752244,307.35155317299683,94.95926103583017
2026-04-15,True,0.0005426600000000696,-0.007585849879948851,-0.017274489234834906,-0.0021027894749372036,-0.007043189879948781,289.80314698453265,307.5183405668417,94.23930502822856
2026-04-16,True,0.0005426600000000696,0.013386253911068399,0.017448736714226403,-0.009323771107910392,0.013928913911068468,293.83979007003694,307.68521846953377,95.50013209332388
2026-04-17,True,0.0005426600000000696,-0.001299668557907969,0.0008820277735206161,0.0034813648893365543,-0.0007570085579078994,293.61735083430005,307.8521869301884,95.37608089199107
2026-04-20,True,0.0005426600000000696,-0.006930802082800322,-0.019397550607710173,-0.0055359464421095295,-0.006388142082800252,291.74168147919517,308.01924599794796,94.71540667336701
2026-04-22,True,0.0005426600000000696,-0.014224702674642736,-0.029304711607394323,-0.0008553062581088492,-0.013682042674642667,287.7500593432248,308.1863957219812,93.36883890319665
2026-04-23,True,0.0005426600000000696,0.0032472833613728797,-0.00344458173182798,-0.00993914845457374,0.0037899433613729494,288.84061577036726,308.3536361514837,93.67186953763361
2026-04-24,True,0.0005426600000000696,-0.009967264056885564,-0.02630171892140945,-0.006367190807638322,-0.009424604056885494,286.1184073311846,308.5209673356777,92.73872366019174
2026-04-27,True,0.0005426600000000696,-0.0018513969310163065,-0.009930629525755899,-0.006227835663723286,-0.0013087369310162368,285.7439536048667,308.6883893238121,92.56712059394083
2026-04-28,True,0.0005426600000000696,-0.005542216077970836,-0.02207695900428225,-0.010992526848340576,-0.004999556077970767,284.3153606848781,308.85590216516255,92.05437185812261
2026-04-29,True,0.0005339999999999275,0.001549263889070891,0.017103054026298525,0.014004526248156743,0.002083263889070819,284.9076646089011,309.02083121691874,92.1969122557012
2026-04-30,True,0.0005339999999999275,0.000945988753099758,0.0036230389495618596,0.0017310614433623435,0.0014799887530996857,285.32932474819415,309.1858483407886,92.28408294861559
2026-05-04,True,0.0005339999999999275,0.009283588377737096,0.017722598371079607,-0.0008445783843945842,0.009817588377737023,288.13057061066957,309.3509535838026,93.14035314024514
2026-05-05,True,0.0005339999999999275,0.010909537349714454,0.02798112483800802,0.006162050138579113,0.011443537349714381,291.4278035570473,309.5161469930164,94.15592898409362
2026-05-06,True,0.0005339999999999275,0.014506402234006172,0.007706605008382263,-0.021306199459630082,0.015040402234006099,295.8109949447182,309.68142861551064,95.52106378067201
2026-05-07,False,0.0005339999999999275,0.0,0.0,0.0,0.0005339999999999275,295.96895801601863,309.84679849839137,95.52106378067198
2026-05-08,True,0.0005339999999999275,-0.011632163792577699,-0.03224035427516045,-0.008976026690005051,-0.011098163792577772,292.6842460424383,310.01225668878953,94.41054014075766
2026-05-11,True,0.0005339999999999275,0.0009592371922447958,-0.0032820898020267295,-0.005200564186516321,0.0014932371922447233,293.121293044213,310.17780323386137,94.50105390784897
2026-05-12,True,0.0005339999999999275,-0.0040553479239809394,-0.032516119552897293,-0.024405423704935415,-0.0035213479239810117,292.0891109874771,310.3434381807882,94.118023793151
2026-05-13,True,0.0005339999999999275,0.007002799150795644,0.018236027552503215,0.004230429250911928,0.007536799150795572,294.29052795112415,310.50916157677676,94.77676164423174
2026-05-14,True,0.0005339999999999275,0.003387241465942205,-0.0039575361026840394,-0.01073201903456845,0.003921241465942133,295.44451217236013,310.6749734690588,95.09762208180715
2026-05-15,True,0.0005339999999999275,-0.0031651276394943874,-0.004848214892058454,0.0014820403869303205,-0.0026311276394944596,294.66715995044643,310.8408739048913,94.79678661584462
2026-05-18,True,0.0005339999999999275,-0.0018546074535582503,-0.016828521427762293,-0.013119306520645793,-0.0013206074535583227,294.27802030269703,311.00686293155644,94.6210696216884
2026-05-19,True,0.0005339999999999275,0.009848108717449918,0.03976371618685953,0.020067498751959695,0.010382108717449845,297.33324670263556,311.1729405963619,95.55241086605967
2026-05-20,True,0.0005339999999999275,-0.0005228037233838919,-0.003790291876994293,-0.002744684430226509,1.1196276616035625e-05,297.33657572791276,311.33910694664036,95.50248237169657
2026-05-21,True,0.0005339999999999275,-0.007627384651013081,-0.02289131792150211,-0.007636548619475945,-0.007093384651013153,295.22745302545957,311.5053620297499,94.77443697976032
2026-05-22,True,0.0005339999999999275,0.017147847259118082,0.03238351052518559,-0.0019121839930505795,0.01768184725911801,300.4476197565542,311.67170589307375,96.39874716751793
2026-05-25,True,0.0005339999999999275,-0.006170149836643725,-0.01607912628025553,-0.0037388266069680784,-0.005636149836643798,298.7542519535433,311.83813858402067,95.80426990428816
2026-05-26,True,0.0005339999999999275,0.0022061030262018606,-0.004085367221524343,-0.008497573273928064,0.002740103026201788,299.57286938341184,312.00466015002456,96.01551119119983
2026-05-27,True,0.0005339999999999275,-0.0012114722405074945,-0.008222792927541236,-0.005799848446526247,-0.0006774722405075669,299.3699170803954,312.1712706385447,95.8992531465294
2026-05-28,True,0.0005339999999999275,-0.00014996609790197523,-0.012399065987993535,-0.012099133792189585,0.0003840339020979523,299.4848852778225,312.33797009706564,95.88487918543854
2026-05-29,True,0.0005339999999999275,-0.0032787787721253138,-0.00618698917441655,0.0003705683698340771,-0.002744778772125386,298.66286552213955,312.50475857309755,95.57066167115012
2026-06-01,True,0.0005339999999999275,-0.006697071674314779,0.0003681675090198659,0.013762310857649424,-0.006163071674314851,296.8221848754703,312.67163611417556,94.9309597008289
2026-06-02,True,0.0005339999999999275,-0.007208965249283588,-0.03457638186413655,-0.020158451365569374,-0.00667496524928366,294.84090710621007,312.83860276786055,94.24697096125138
2026-06-03,True,0.0005339999999999275,0.005739482306381221,-0.0018272471023349595,-0.013306211715097402,0.006273482306381149,296.6905863201383,313.0056585817386,94.78761108168919
2026-06-05,True,0.0005339999999999275,0.0020381314509448356,-0.0009632778822520893,-0.0050395407841417605,0.0025721314509447634,297.45371350841157,313.17280360342124,94.98069758480204
2026-06-08,True,0.0005339999999999275,-0.0001859214749178606,0.009525960858975835,0.009897803808811556,0.00034807852508206695,297.55725075828974,313.3400378805454,94.96304805826551
2026-06-09,False,0.0005339999999999275,0.0,0.0,0.0,0.0005339999999999275,297.71614633019465,313.50736146077367,94.9630480582655
2026-06-10,True,0.0005339999999999275,0.009894633058535243,0.034101451502518,0.014312185385447512,0.01042863305853517,300.82091877587345,313.6747743917938,95.9021710812278
2026-06-11,True,0.0005339999999999275,-0.001994251740633321,-0.0004918103413901661,0.003496693139876476,-0.0014602517406333935,300.3816445056121,313.842276721319,95.71102008425095
2026-06-12,True,0.0005339999999999275,-0.0001619400084150412,-0.0035232738540534048,-0.0031993938372233224,0.00037205999158488635,300.49340449773905,314.00986849708823,95.69552891313845
2026-06-15,True,0.0005339999999999275,-7.943720888278771e-05,-0.005243992610673247,-0.005085118192907671,0.00045456279111713983,300.6299976183999,314.1775497668657,95.68793118460606
2026-06-16,True,0.0005339999999999275,-0.008109285201753972,-0.026266482509980676,-0.01004791210647273,-0.007575285201754044,298.3526396462379,314.3453205784412,94.91238460213931
2026-06-17,True,0.0005253100000000541,-0.0011250745451213962,-0.0019592427639235355,0.00029090632631925684,-0.0005997645451213421,298.1736983110347,314.51044931879426,94.80565715919973
2026-06-18,True,0.0005253100000000541,-0.002823279158701457,0.001208492483866545,0.006855050801269459,-0.002297969158701403,297.48850434838,314.67566480292595,94.53813485535657
2026-06-19,True,0.0005253100000000541,-5.4087740917321825e-05,0.0018089372045202723,0.001917112686354916,0.00047122225908273225,297.6286875534502,314.8409670764036,94.5330241858975
2026-06-22,True,0.0005253100000000541,0.003866091981175652,0.008751102575551561,0.0010189186132002574,0.004391401981175706,298.93569476162713,315.0063561848185,94.89830566664423
2026-06-23,True,0.0005253100000000541,0.006452744788869901,0.01161971507972002,-0.0012857744980197816,0.006978054788869955,301.02168441802274,315.17183217378596,95.51033870693088
2026-06-24,True,0.0005253100000000541,-0.003295649196515047,-0.0011860016811784297,0.005405296711851665,-0.002770339196514993,300.1877522466785,315.3373950889452,95.19573540017558
2026-06-25,True,0.0005253100000000541,0.004433617281255843,0.01312573181611674,0.004258497253605054,0.004958927281255897,301.6763614807934,315.50304497595937,95.61757526105032
2026-06-26,True,0.0005253100000000541,-0.003167551216420303,-0.005612824149866312,0.0007222782829742943,-0.002642241216420249,300.87925976446917,315.66878188051567,95.31486071320018
2026-06-29,True,0.0005253100000000541,-0.003584526666172728,-0.012276502516357118,-0.005107449184011663,-0.003059216666172674,299.958804918492,315.83460584832534,94.97338143577039
2026-06-30,True,0.0005253100000000541,-0.007728490787737681,-0.01790634919232123,-0.002449367616845869,-0.007203180787737627,297.7981474177904,316.0005169251235,94.23976590783673
2026-07-01,True,0.0005253100000000541,0.004752376976697124,0.010839530405203246,0.0013347764518089982,0.005277686976697178,299.3698328221018,316.16651515666945,94.68739365829286
2026-07-02,True,0.0005253100000000541,0.004183154894145373,0.011684134799229492,0.0033178250109387464,0.004708464894145427,300.77940517031084,316.3326005887464,95.08327773062639
2026-07-03,True,0.0005253100000000541,-0.004934249146285255,-0.01699325593502214,-0.007124757642451629,-0.004408939146285201,299.4532870764591,316.49877326716165,94.61435947610634
2026-07-06,True,0.0005253100000000541,-0.010173564093938848,-0.015402339849896252,0.004944788337981444,-0.009648254093938793,296.56408567348024,316.6650332377467,93.65229960543985
2026-07-07,True,0.0005253100000000541,-0.004952560176713615,-0.008866577981595486,0.0010385423718317448,-0.004427250176713561,295.25112227277543,316.8313805463568,93.18872447660723
2026-07-08,True,0.0005253100000000541,0.008950277562779607,0.03031230476036238,0.012411749634803163,0.009475587562779662,298.0488001348801,316.99781523887157,94.02235151377539
2026-07-09,False,0.0005253100000000541,0.0,0.0,0.0,0.0005253100000000541,298.2053681500789,317.1643373611947,94.02235151377539
2026-07-10,True,0.0005253100000000541,-0.00014478757500537443,-0.012670614783166648,-0.0123810396331559,0.00038052242499467964,298.3188419799138,317.33094695925394,94.00874539293474
2026-07-13,True,0.0005253100000000541,0.0031352026750068873,0.011937080499267172,0.005666675149253397,0.0036605126750069413,299.4108418821747,317.4976440790011,94.30332711623966
2026-07-14,True,0.0005253100000000541,-0.00949140870746284,-0.012586032776021105,0.006396784638904575,-0.008966098707462785,296.7262947197746,317.66442876641224,93.40872563920776
2026-07-15,True,0.0005253100000000541,-0.007171414959715617,-0.020698317623636126,-0.006355487704204891,-0.006646104959715563,294.7542206207595,317.8313010674875,92.73920461288114
2026-07-16,True,0.0005253100000000541,-0.006459487873959788,-0.013509876558302112,-0.000590900810382535,-0.005934177873959734,293.00509664649553,317.9982610282513,92.14047136580555
2026-07-17,True,0.0005253100000000541,0.0028614337968970492,-0.006208252537533737,-0.011931120131327836,0.003386743796897103,293.9974298400223,318.165308694752,92.40398679734238
2026-07-20,True,0.0005253100000000541,-0.003272166408295511,-0.011779065339103464,-0.005234732522512442,-0.002746856408295457,293.18986111584377,318.3324441130625,92.10178432573188
2026-07-21,True,0.0005253100000000541,0.003353867171558722,0.023068307324218124,0.01636057298110068,0.003879177171558776,294.32719653201684,318.49966732927953,92.41051929505718
2026-07-22,True,0.0005253100000000541,-0.0074260542038928025,-0.016411975641056658,-0.0015598672332710524,-0.0069007442038927485,292.2961198365005,318.6669783895243,91.72463407212868
2026-07-23,True,0.0005253100000000541,0.0009130310217974752,-0.012117708995423998,-0.013943771039018948,0.0014383410217975292,292.7165413361736,318.8343773399421,91.80833753823177
2026-07-24,True,0.0005253100000000541,0.0029670144648748136,0.013210038269472932,0.007276009339723305,0.0034923244648748675,293.73880247475546,319.00186422670254,92.08059118614004
2026-07-27,True,0.0005253100000000541,-0.006973544828930547,-0.0026567848895931814,0.011290304768267914,-0.006448234828930493,291.8447056980294,319.16943909599945,91.4388001948547
2026-07-28,True,0.0005253100000000541,-0.0016090400999024205,-0.016861248595230405,-0.013643168395425564,-0.0010837300999023665,291.5284248059673,319.33710199405095,91.29174874625069
2026-07-29,True,0.0005253100000000541,0.002364703497396106,0.0188042341159331,0.014074827121140887,0.00289001349739616,292.37094588853114,319.50485296709945,91.50751332050584
2026-07-30,True,0.0005253100000000541,0.004982211153413477,0.01559964531366484,0.005635223006837886,0.005507521153413531,293.98118505765575,319.6726920614116,91.96318370578231
2026-07-31,True,0.0005253100000000541,-0.000793241770004486,0.005220836251510884,0.006807319791519856,-0.00026793177000443197,293.9024181583953,319.84061932327836,91.89027296790402
2026-08-03,True,0.0005253100000000541,0.0006084152907790038,0.0016534294314947684,0.00043659884993676085,0.0011337252907790579,294.23562276288254,320.0086347990151,91.94615106173008
2026-08-04,True,0.0005253100000000541,-0.000992795792629055,-0.0034945764638831347,-0.0015089848786250248,-0.00046748579262900086,294.0980717895555,320.1767385349614,91.85491523689869
2026-08-05,True,0.0005165999999998995,-0.003204250614130386,-0.01597163905274911,-0.009563137824488338,-0.0026876506141304867,293.30763892629574,320.34214183808854,91.56074103873073
2026-08-06,True,0.0005165999999998995,0.0030886702709564534,-0.007321964153990557,-0.013499304695903463,0.0036052702709563527,294.3650922371611,320.50763058856205,91.84339595803249
2026-08-07,True,0.0005165999999998995,-0.009738754686742073,-0.029014755411455078,-0.009537246037970931,-0.009222154686742173,291.6504118221729,320.673204830524,90.94941748447935
2026-08-10,False,0.0005165999999998995,0.0,0.0,0.0,0.0005165999999998995,291.80107842492015,320.83886460813943,90.94941748447934
2026-08-11,False,0.0005165999999998995,0.0,0.0,0.0,0.0005165999999998995,291.9518228620344,321.004609965596,90.94941748447933
