variante,data,cdi_return,spread_return,overlay_excess_return,strategy_total_return,wealth,cdi_wealth,relative_wealth
com_quality,2014-05-15,0.0004070500000000027,0.0,0.0,0.0004070500000000027,100.040705,100.040705,100.0
com_quality,2014-05-16,0.0004070500000000027,0.004886118864701139,0.0024430594323505694,0.002850109432350572,100.3258319569395,100.08142656897023,100.24420653896338
com_quality,2014-05-19,0.0004070500000000027,-0.0017565387437526708,-0.0008782693718763354,-0.00047121937187633267,100.27855648142176,100.12216471365514,100.15620094532903
com_quality,2014-05-20,0.0004070500000000027,0.0012240321587428937,0.0006120160793714469,0.0010190660793714496,100.3807469568203,100.16291944080183,100.21747320988104
com_quality,2014-05-21,0.0004070500000000027,-0.0038516076310381496,-0.0019258038155190748,-0.001518753815519072,100.228293314375,100.2036907571602,100.02455254594804
com_quality,2014-05-22,0.0004070500000000027,-0.0006012365066099458,-0.0003006182533049729,0.0001064317466950298,100.23896078670069,100.2444786694829,99.99449557436434
com_quality,2014-05-23,0.0004070500000000027,-0.0001529456462264464,-7.64728231132232e-05,0.0003305771768867795,100.2720974993716,100.2852831845253,99.98685182438041
com_quality,2014-05-26,0.0004070500000000027,-0.002419657266403535,-0.0012098286332017675,-0.0008027786332017648,100.19160120199277,100.32610430904556,99.86593408766429
com_quality,2014-05-27,0.0004070500000000027,0.002387111222731315,0.0011935556113656575,0.0016006056113656603,100.3519684410884,100.36694204980456,99.98508113487335
com_quality,2014-05-28,0.0004070500000000027,0.013823613051845278,0.006911806525922639,0.007318856525922642,101.08643010020263,100.40779641356595,100.67587748250294
com_quality,2014-05-29,0.0004070500000000027,-0.00985521325954378,-0.00492760662977189,-0.004520556629771888,100.6294631684332,100.44866740709608,100.17998821288928
com_quality,2014-05-30,0.0004070500000000027,-0.0005598653319963268,-0.0002799326659981634,0.0001271173340018393,100.6422549175132,100.48955503716415,100.15195597223271
com_quality,2014-06-02,0.0004070500000000027,-0.00035254630659741285,-0.00017627315329870642,0.0002307768467012963,100.66548081974798,100.53045931054203,100.13430905432242
com_quality,2014-06-03,0.0004070500000000027,0.011589597172541873,0.005794798586270937,0.006201848586270939,101.28979288965621,100.57138023400438,100.71433110889029
com_quality,2014-06-04,0.0004070500000000027,0.016590562474895987,0.008295281237447993,0.008702331237447996,102.17125021835449,100.61231781432862,101.54944487702068
com_quality,2014-06-05,0.0004070500000000027,0.012824089618779675,0.006412044809389838,0.00681909480938984,102.86796566038734,100.65327205829495,102.20031952941353
com_quality,2014-06-06,0.00040848999999999926,-0.008308624744103058,-0.004154312372051529,-0.0037458223720515296,102.48264053324922,100.69438791339806,101.7759208401854
com_quality,2014-06-09,0.0004070500000000027,0.004570190984530033,0.0022850954922650165,0.002692145492265019,102.75853871199622,100.7353755639982,102.00839390995539
com_quality,2014-06-10,0.0004070500000000027,0.004740012354746716,0.002370006177373358,0.0027770561773733608,103.04390494670426,100.77637989862154,102.25005606508567
com_quality,2014-06-11,0.0008142656897025055,0.0035089812308242555,0.0017544906154121278,0.0025687563051146334,103.30859962723974,100.85843864710542,102.42930687109606
com_quality,2014-06-13,0.0004070500000000027,0.0002448265862289805,0.00012241329311449026,0.000529463293114493,103.36329773860544,100.89949307455672,102.44184047805687
com_quality,2014-06-16,0.0004070500000000027,0.0061256833898032685,0.0030628416949016342,0.003469891694901637,103.72195718698627,100.94056421321271,102.75547595305544
com_quality,2014-06-17,0.0004070500000000027,0.0,0.0,0.0004070500000000027,103.76417720965922,100.98165206987571,102.75547595305542
com_quality,2014-06-18,0.0004070500000000027,0.009118009239677366,0.004559004619838683,0.004966054619838686,104.27947578126502,101.02275665135075,103.22374803248921
com_quality,2014-06-20,0.0004070500000000027,-0.004638675170847838,-0.002319337585423919,-0.001912287585423916,104.080063434314,101.06387796444567,102.98443472645036
com_quality,2014-06-23,0.0004070500000000027,-0.006137616080937689,-0.0030688080404688445,-0.002661758040468842,103.80302748861521,101.10501601597109,102.66852385663826
com_quality,2014-06-24,0.0004070500000000027,0.0031158227493109526,0.0015579113746554763,0.001964961374655479,104.00699642820264,101.14617081274038,102.82840723724354
com_quality,2014-06-25,0.0004070500000000027,0.006495973225913776,0.003247986612956888,0.0036550366129568905,104.38714580815139,101.1873423615697,103.16225663398482
com_quality,2014-06-26,0.0004070500000000027,-0.013766769104547166,-0.006883384552273583,-0.00647633455227358,103.71109972894084,101.22853066927797,102.45244008112064
com_quality,2014-06-27,0.0004070500000000027,-0.008479836028917583,-0.0042399180144587914,-0.003832868014458789,103.31358877204543,101.26973574268689,102.01822688127844
com_quality,2014-06-30,0.0004070500000000027,0.0014997132722083255,0.0007498566361041627,0.0011569066361041655,103.43311294849555,101.31095758862094,102.09469479944286
com_quality,2014-07-01,0.0004070500000000027,-0.00707491774698958,-0.00353745887349479,-0.0031304088734947872,103.10932501390839,101.35219621390739,101.73368596403428
com_quality,2014-07-02,0.0004070500000000027,-0.008538771028406701,-0.004269385514203351,-0.003862335514203348,102.71108220606165,101.39345162537626,101.29952236516587
com_quality,2014-07-03,0.0004070500000000027,0.008014212959368388,0.004007106479684194,0.004414156479684197,103.16446499511692,101.43472382986036,101.70527517594262
com_quality,2014-07-04,0.0004070500000000027,-0.01027022964785964,-0.00513511482392982,-0.004728064823929817,102.67669671709396,101.4760128341953,101.18321941251328
com_quality,2014-07-07,0.0004070500000000027,-0.009924486782016103,-0.004962243391008051,-0.004555193391008049,102.20898450679772,101.51731864521945,100.68132794562422
com_quality,2014-07-08,0.0008142656897025055,-0.03169426230677348,-0.01584713115338674,-0.015032865463684236,100.67249059352726,101.59998071470284,99.08711584918504
com_quality,2014-07-10,0.0004070500000000027,0.015233142443618458,0.007616571221809229,0.008023621221809232,101.48024852550586,101.64133698685276,99.84151284691606
com_quality,2014-07-11,0.0004070500000000027,-0.004542102413984198,-0.002271051206992099,-0.001864001206992096,101.29108921976847,101.68271009307325,99.61485991773202
com_quality,2014-07-14,0.0004070500000000027,-0.0084846795716175,-0.00424233978580875,-0.0038352897858087475,100.90260853989044,101.72410004021664,99.19243178361724
com_quality,2014-07-15,0.0004070500000000027,0.0034247698691954685,0.0017123849345977342,0.0021194349345977368,101.1164650534219,101.76550683513801,99.36221829782899
com_quality,2014-07-16,0.0004070500000000027,-0.008658956292224159,-0.004329478146112079,-0.003922428146112077,100.719842984861,101.80693048469524,98.9322067813471
com_quality,2014-07-17,0.0004070500000000027,-0.012334131201225215,-0.006167065600612608,-0.005760015600612605,100.13969511797696,101.84837099574904,98.3223336209831
com_quality,2014-07-18,0.0004070500000000027,-0.001678179989942716,-0.000839089994971358,-0.0004320399949713553,100.09643076460175,101.88982837516285,98.23986590304409
com_quality,2014-07-21,0.0004070500000000027,0.0,0.0,0.0004070500000000027,100.13717501674448,101.93130262980297,98.23986590304408
com_quality,2014-07-22,0.0004070500000000027,-0.005206874879240956,-0.002603437439620478,-0.0021963874396204756,99.91723498329863,101.97279376653843,97.98420862338448
com_quality,2014-07-23,0.0004070500000000027,-0.01169483027071703,-0.005847415135358515,-0.0054403651353585126,99.37364874167407,102.01430179224108,97.41148740502594
com_quality,2014-07-24,0.0004070500000000027,-0.00016175293313616928,-8.087646656808464e-05,0.00032617353343191807,99.40606179581415,102.05582671378562,97.40361231367739
com_quality,2014-07-25,0.0004070500000000027,-0.007821007242428714,-0.003910503621214357,-0.0035034536212143544,99.05779726864495,102.09736853804945,97.02287011611693
com_quality,2014-07-28,0.0004070500000000027,-0.0038423789996390187,-0.0019211894998195094,-0.0015141394998195066,98.90780994503538,102.13892727191285,96.83654663977856
com_quality,2014-07-29,0.0004070500000000027,-0.0004530998961518517,-0.00022654994807592586,0.00018050005192407685,98.92566280986617,102.18050292225888,96.81461725152296
com_quality,2014-07-30,0.0004070500000000027,0.0030478596149476293,0.0015239298074738146,0.0019309798074738174,99.11668626719297,102.22209549597339,96.96209590136729
com_quality,2014-07-31,0.0004070500000000027,0.003565357435905762,0.001782678717952881,0.0021897287179528835,99.33372492154058,102.26370499994502,97.13487783529257
com_quality,2014-08-01,0.00040740999999999895,0.007915637800051625,0.003957818900025813,0.004365228900025811,99.7673393683153,102.30536825599906,97.51916352880639
com_quality,2014-08-04,0.00040740999999999895,-0.011931936502219444,-0.005965968251109722,-0.005558558251109723,99.21277680087829,102.34704848608023,96.93760422839334
com_quality,2014-08-05,0.00040740999999999895,-0.0014476779610061693,-0.0007238389805030846,-0.0003164289805030857,99.18138300306231,102.38874569710394,96.86746558696015
com_quality,2014-08-06,0.00040740999999999895,-0.0098190710370825,-0.00490953551854125,-0.004502125518541252,98.73485596768002,102.4304598959884,96.39208499887529
com_quality,2014-08-07,0.00040740999999999895,0.0070412150856267175,0.0035206075428133587,0.003928017542813357,99.12268821400822,102.47219108965461,96.73130549856607
com_quality,2014-08-08,0.00040740999999999895,0.003896691176480797,0.0019483455882403984,0.0023557555882403975,99.35619704068976,102.51393928502645,96.91969475921026
com_quality,2014-08-11,0.00040740999999999895,-0.014199849279952922,-0.007099924639976461,-0.0066925146399764626,98.69125423742257,102.55570448903057,96.23185246411977
com_quality,2014-08-12,0.00040740999999999895,-0.007612389659273477,-0.0038061948296367384,-0.0033987848296367393,98.35582389970259,102.59748670859645,95.8657244490391
com_quality,2014-08-13,0.00040740999999999895,-0.0024569147842748392,-0.0012284573921374196,-0.0008210473921374207,98.27506910698821,102.63928595065642,95.74800545108401
com_quality,2014-08-14,0.000407770000000003,0.012432330983725497,0.0062161654918627485,0.006623935491862751,98.92603682521126,102.68113917228851,96.34294829863877
com_quality,2014-08-15,0.00040740999999999895,0.01351772598218975,0.006758862991094875,0.007166272991094873,99.63496781102782,102.7229724951987,96.99385190171047
com_quality,2014-08-18,0.00040740999999999895,0.014866100955514449,0.0074330504777572245,0.007840460477757223,100.41615183835279,102.76482286142297,97.71451849215238
com_quality,2014-08-19,0.00040848999999999926,0.018555906091190573,0.009277953045595286,0.009686443045595286,101.38882717399285,102.80680126391364,98.62073902457024
com_quality,2014-08-20,0.000407770000000003,0.0,0.0,0.000407770000000003,101.43017049604958,102.84872279326503,98.62073902457023
com_quality,2014-08-21,0.00040740999999999895,0.003036353406402947,0.0015181767032014736,0.0019255867032014725,101.62548308366024,102.89062439141823,98.77040175891526
com_quality,2014-08-22,0.00040848999999999926,0.0022604919429908476,0.0011302459714954238,0.001538735971495423,101.78185787010166,102.93265418257589,98.88199102450714
com_quality,2014-08-25,0.00040848999999999926,0.007967597136321648,0.003983798568160824,0.004392288568160823,102.22891316087069,102.97470114248296,99.27575610966781
com_quality,2014-08-26,0.00040740999999999895,0.015692604741748363,0.007846302370874182,0.00825371237087418,103.07268120608757,103.0166540654754,100.05438648839882
com_quality,2014-08-27,0.00040848999999999926,0.013468790072271874,0.006734395036135937,0.007142885036135936,103.80891751830895,103.05873533849461,100.72791712158157
com_quality,2014-08-28,0.00040740999999999895,0.01361971744254093,0.006809858721270465,0.007217268721270463,104.55813437170276,103.10072249785887,101.41358066028505
com_quality,2014-08-29,0.00040740999999999895,0.01263232904764,0.00631616452382,0.006723574523819999,105.2611387802225,103.14272676321173,102.05386466257973
com_quality,2014-09-01,0.00040740999999999895,0.0016986731463372838,0.0008493365731686419,0.0012567465731686408,105.39342535567235,103.18474814152232,102.14050744313562
com_quality,2014-09-02,0.00040740999999999895,0.006805855082671084,0.003402927541335542,0.003810337541335541,105.79500988091503,103.22678663976265,102.48794264042616
com_quality,2014-09-03,0.00040740999999999895,0.003961049619081098,0.001980524809540549,0.0023879348095405483,106.04764146768537,103.26884226490756,102.69083989113538
com_quality,2014-09-04,0.00040740999999999895,0.004756799805112909,0.0023783999025564547,0.002785809902556454,106.3430700374288,103.3109150239347,102.93498030947808
com_quality,2014-09-05,0.00040740999999999895,-0.004423355161653406,-0.002211677580826703,-0.0018042675808267042,106.15119868371468,103.3530049238246,102.70741403402104
com_quality,2014-09-08,0.00040740999999999895,-0.019785912401877024,-0.009892956200938512,-0.009485546200938513,105.1442965843153,103.39511197156061,101.69174787801944
com_quality,2014-09-09,0.00040848999999999926,-0.005775868407480799,-0.0028879342037403995,-0.0024794442037404003,104.88359716759297,103.43734784084988,101.398188717066
com_quality,2014-09-10,0.00040740999999999895,-0.0009589845107142603,-0.00047949225535713017,-7.208225535713122e-05,104.87603692135916,103.4794892507337,101.34958887093227
com_quality,2014-09-11,0.00040740999999999895,-0.008705521674793418,-0.004352760837396709,-0.00394535083739671,104.46226416126862,103.52164782944935,100.90861800554886
com_quality,2014-09-12,0.00040740999999999895,-0.002698348840400918,-0.001349174420200459,-0.00094176442020046,104.36388531762798,103.56382358399155,100.77253012292228
com_quality,2014-09-15,0.00040740999999999895,0.0003321976558231018,0.0001660988279115509,0.0005735088279115498,104.42373892717278,103.6060165213579,100.7892615055288
com_quality,2014-09-16,0.00040740999999999895,0.01642057027007597,0.008210285135037985,0.008617695135037984,105.32363087410796,103.64822664854887,101.6164330830667
com_quality,2014-09-17,0.00040740999999999895,-0.0036547948864369606,-0.0018273974432184803,-0.0014199874432184814,105.17407264079255,103.69045397256775,101.43081509568596
com_quality,2014-09-18,0.00040740999999999895,0.00036061235584204014,0.00018030617792102007,0.000587716177921019,105.23588514478139,103.73269850042071,101.44909625035406
com_quality,2014-09-19,0.00040740999999999895,0.0,0.0,0.00040740999999999895,105.27875929674823,103.77496023911677,101.44909625035406
com_quality,2014-09-22,0.00040848999999999926,0.0010007472579245391,0.0005003736289622696,0.0009088636289622688,105.37444333197531,103.81735127262486,101.49983797531254
com_quality,2014-09-23,0.00040848999999999926,0.014263525111690847,0.007131762555845423,0.0075402525558454225,106.16899324763003,103.85975962244622,102.22341514517113
com_quality,2014-09-24,0.00040848999999999926,0.0034893747751972405,0.0017446873875986203,0.0021531773875986195,106.39759392315493,103.9021852956544,102.40169022470492
com_quality,2014-09-25,0.00040740999999999895,0.005331274565266164,0.002665637282633082,0.003073047282633081,106.72455876003917,103.94451608496571,102.67454482428012
com_quality,2014-09-26,0.00040740999999999895,0.0035926448884902595,0.0017963224442451298,0.002203732444245129,106.95975113277643,103.98686412026387,102.85890630289066
com_quality,2014-09-29,0.00040740999999999895,0.008557629079195507,0.004278814539597753,0.004686224539597752,107.46098854328412,104.0292294085751,103.29884125280863
com_quality,2014-09-30,0.00040740999999999895,-0.01636406619882763,-0.008182033099413816,-0.007774623099413817,106.62551985946966,104.07161195692845,102.45399091502318
com_quality,2014-10-01,0.00040740999999999895,-0.015935749969098002,-0.007967874984549001,-0.0075604649845490025,105.81938135011282,104.11401177235582,101.63798277362106
com_quality,2014-10-02,0.00040740999999999895,0.02280776103865613,0.011403880519328065,0.011811290519328064,107.06924480581456,104.15642886189201,102.79657816204974
com_quality,2014-10-03,0.00040740999999999895,0.0010845210202517844,0.0005422605101258922,0.0009496705101258911,107.1709253101481,104.19886323257464,102.85229798614957
com_quality,2014-10-06,0.00040848999999999926,0.008183599751106385,0.004091799875553193,0.004500289875553192,107.65322554027506,104.24142742621652,103.27297716301271
com_quality,2014-10-07,0.00040848999999999926,-0.005232356038027086,-0.002616178019013543,-0.002207688019013544,107.41556080404162,104.28400900690586,103.00290699116523
com_quality,2014-10-08,0.00040848999999999926,-0.013062359533957546,-0.006531179766978773,-0.006122689766978774,106.75788864909241,104.32660798174511,102.33045118055857
com_quality,2014-10-09,0.00040848999999999926,0.0022299742605359496,0.0011149871302679748,0.001523477130267974,106.920531850925,104.36922435783957,102.44450172815124
com_quality,2014-10-10,0.00040740999999999895,-0.01194120091989503,-0.005970600459947515,-0.005563190459947517,106.32571256815943,104.4117454235352,101.8330956319717
com_quality,2014-10-13,0.00040848999999999926,-0.016140198912257386,-0.008070099456128693,-0.007661609456128694,105.5110864833176,104.45439657742325,101.0116279836159
com_quality,2014-10-14,0.00040740999999999895,-0.0006848976599343366,-0.0003424488299671683,6.496117003283063e-05,105.51794060694696,104.49695234313288,100.97705075690773
com_quality,2014-10-15,0.00040848999999999926,0.01517095284269655,0.007585476421348275,0.007993966421348274,106.36144748100871,104.53963830319553,101.7426970356731
com_quality,2014-10-16,0.00040848999999999926,-0.003658653214877374,-0.001829326607438687,-0.0014208366074386879,106.21032524280753,104.58234170004602,101.55665241024221
com_quality,2014-10-17,0.00040848999999999926,0.0064647626875663725,0.0032323813437831863,0.0036408713437831855,106.59702337239796,104.62506254080708,101.88478819864194
com_quality,2014-10-20,0.00040848999999999926,-0.004339906847068111,-0.0021699534235340556,-0.0017614634235340564,106.40925661466989,104.66780083260439,101.66379322791984
com_quality,2014-10-21,0.00040848999999999926,0.0,0.0,0.00040848999999999926,106.45272373190441,104.71055658256651,101.66379322791983
com_quality,2014-10-22,0.00040848999999999926,-0.01974633178211974,-0.00987316589105987,-0.00946467589105987,105.4451832040614,104.75332979782495,100.66045958402634
com_quality,2014-10-23,0.00040848999999999926,0.007050267795136345,0.0035251338975681723,0.0039336238975681715,105.85996489659635,104.79612048551408,101.01515629219244
com_quality,2014-10-24,0.00040848999999999926,0.0032651778322401286,0.0016325889161200643,0.0020410789161200635,106.076033439008,104.83892865277123,101.180005177594
com_quality,2014-10-27,0.00040848999999999926,-0.011725793152170285,-0.0058628965760851425,-0.005454406576085143,105.49745162465325,104.88175430673661,100.58703949222281
com_quality,2014-10-28,0.00040848999999999926,0.004378592840738948,0.002189296420369474,0.002597786420369473,105.77151147186737,104.92459745455338,100.80716441888741
com_quality,2014-10-29,0.0004174299999999945,-0.003847766848831813,-0.0019238834244159064,-0.001506453424415912,105.61217161620493,104.96839612926883,100.61330410930859
com_quality,2014-10-30,0.00041635999999999675,-0.0024491372892682384,-0.0012245686446341192,-0.0008082086446341225,105.52681494612612,105.01210077068122,100.49014748935355
com_quality,2014-10-31,0.00041635999999999675,0.0027351907028940955,0.0013675953514470478,0.0017839553514470445,105.71507007237044,105.0558236089581,100.62752015144464
com_quality,2014-11-03,0.00041635999999999675,-0.016666728741796324,-0.008333364370898162,-0.007917004370898165,104.87812340053767,105.09956465167592,99.78930336022594
com_quality,2014-11-04,0.0004174299999999945,0.0010290656597419477,0.0005145328298709739,0.0009319628298709683,104.9758659132136,105.14343636294845,99.84062680892757
com_quality,2014-11-05,0.0004174299999999945,-0.015482512680337401,-0.007741256340168701,-0.007323826340168706,104.20704090135638,105.18732638758944,99.06805741727767
com_quality,2014-11-06,0.0004174299999999945,-0.021242091224928726,-0.010621045612464363,-0.010203615612464368,103.14375231188657,105.23123473324341,98.01629009994178
com_quality,2014-11-07,0.0004174299999999945,-0.0007424830157702449,-0.00037124150788512243,4.6188492114872086e-05,103.14851636627691,105.2751614075581,97.97991756759396
com_quality,2014-11-10,0.0004174299999999945,0.0023944725851551053,0.0011972362925775526,0.001614666292577547,103.31506679878292,105.31910641818445,98.09717373460785
com_quality,2014-11-11,0.0004174299999999945,0.02394688476844803,0.011973442384224015,0.01239087238422401,104.59523060685423,105.36306977277658,99.2712445000148
com_quality,2014-11-12,0.0004174299999999945,-0.0005017670366997719,-0.00025088351834988594,0.00016654648165010858,104.61265057450917,105.40705147899183,99.24634937289656
com_quality,2014-11-13,0.0004174299999999945,-0.0017213518412130258,-0.0008606759206065129,-0.00044324592060651836,104.56628144389819,105.45105154449071,99.16096607133478
com_quality,2014-11-14,0.0004174299999999945,0.005074836870633126,0.002537418435316563,0.0029548484353165575,104.87525895700955,105.49506997693692,99.41247394777513
com_quality,2014-11-17,0.0004174299999999945,0.017888079989830642,0.008944039994915321,0.009361469994915316,105.85704554694458,105.53910678399738,100.3012520880984
com_quality,2014-11-18,0.0004174299999999945,0.002556030684296119,0.0012780153421480594,0.0016954453421480539,106.03652038175069,105.58316197334221,100.42938514052358
com_quality,2014-11-19,0.0008350342478048888,-0.00013316673808056595,-6.658336904028297e-05,0.0007684508787646058,106.11800423901919,105.67132752958148,100.42270379286441
com_quality,2014-11-21,0.0004174299999999945,0.0,0.0,0.0004174299999999945,106.16230107752867,105.71543791183215,100.42270379286438
com_quality,2014-11-24,0.0004174299999999945,0.004767016473119401,0.0023835082365597005,0.0028009382365596952,106.45965512589788,105.75956670707968,100.66196226083
com_quality,2014-11-25,0.0004174299999999945,0.007393160939242072,0.003696580469621036,0.004114010469621031,106.89763126167809,105.80371392301022,101.03391204156016
com_quality,2014-11-26,0.0004174299999999945,-0.010212038905166075,-0.005106019452583038,-0.004688589452583043,106.39643215523846,105.8478795673131,100.51824617570776
com_quality,2014-11-27,0.00041635999999999675,0.0071972374565455795,0.0035986187282727898,0.0040149787282727865,106.82361156710587,105.89195039044974,100.87982247302168
com_quality,2014-11-28,0.00041635999999999675,-0.006797035066502387,-0.0033985175332511934,-0.0029821575332511967,106.50504672914194,105.9360395629143,100.53712331381777
com_quality,2014-12-01,0.00041635999999999675,-0.0005562238129290576,-0.0002781119064645288,0.00013824809353546794,106.51977084880416,105.98014709234673,100.50917437960076
com_quality,2014-12-02,0.0004174299999999945,0.0016477674957345425,0.0008238837478672712,0.0012413137478672657,106.65199530477845,106.02438638514748,100.59194770281536
com_quality,2014-12-03,0.00043525999999999564,-0.008416575327067988,-0.004208287663533994,-0.0037730276635339986,106.24959437612243,106.07053455956547,100.16881202428219
com_quality,2014-12-04,0.00043525999999999564,-0.0031534710375474726,-0.0015767355187737363,-0.0011414755187737406,106.12831306526245,106.11670282043787,100.01094101542547
com_quality,2014-12-05,0.00043525999999999564,-0.008030974280965185,-0.0040154871404825924,-0.003580227140482597,105.74834959845256,106.16289117650749,99.60952308903711
com_quality,2014-12-08,0.0004345500000000065,0.007384271917972484,0.003692135958986242,0.004126685958986249,106.18473982792646,106.20902426086822,99.97713524522915
com_quality,2014-12-09,0.0004345500000000065,-0.026136495484705667,-0.013068247742352834,-0.012633697742352828,104.84323392009007,106.25517739236079,98.67117677752593
com_quality,2014-12-10,0.00043525999999999564,-0.006169666126743057,-0.0030848330633715284,-0.002649573063371533,104.56544411161863,106.30142602087258,98.36692509758704
com_quality,2014-12-11,0.00043525999999999564,-0.003545919030579981,-0.0017729595152899905,-0.0013376995152899948,104.42556696771443,106.34769477956243,98.19260039831406
com_quality,2014-12-12,0.00043525999999999564,0.012722056570270158,0.006361028285135079,0.0067962882851350746,105.13527322516572,106.39398367719217,98.81693455915187
com_quality,2014-12-15,0.00043525999999999564,-0.0025703013410168334,-0.0012851506705084167,-0.000849890670508421,105.0459197373103,106.4402927225275,98.689995161088
com_quality,2014-12-16,0.00043525999999999564,-0.020225049338194214,-0.010112524669097107,-0.00967726466909711,104.02936256960362,106.48662192433791,97.69242435309832
com_quality,2014-12-17,0.00043525999999999564,-0.0173697101562275,-0.00868485507811375,-0.008249595078113754,103.17116245217011,106.53297129139669,96.84434893866695
com_quality,2014-12-18,0.00043525999999999564,-0.0015484930363072053,-0.0007742465181536026,-0.000338986518153607,103.13618881903659,106.57934083248097,96.76940016090337
com_quality,2014-12-19,0.00043525999999999564,0.0018972701763856894,0.0009486350881928447,0.0013838950881928404,103.27891848415818,106.62573055637172,96.86115907037643
com_quality,2014-12-22,0.0004345500000000065,-0.0015874676018154954,-0.0007937338009077477,-0.0003591838009077412,103.2418223696634,106.672064767585,96.78431048897819
com_quality,2014-12-23,0.000869288833702513,0.0,0.0,0.000869288833702513,103.33156933302044,106.76479360235544,96.7843104889782
com_quality,2014-12-26,0.00043525999999999564,-0.021375196072185788,-0.010687598036092894,-0.010252338036092897,102.27217915441832,106.81126404641881,95.75036871576778
com_quality,2014-12-29,0.0004345500000000065,0.007141761767815136,0.003570880883907568,0.004005430883907575,102.68182329936795,106.85767888121018,96.09213336321447
com_quality,2014-12-30,0.000869288833702513,-0.01328074542688171,-0.006640372713440855,-0.005771083879738343,102.08923788418282,106.950569068257,95.45459998350114
com_quality,2015-01-02,0.0004345500000000065,-0.01635843091841085,-0.008179215459205426,-0.007744665459205419,101.29859088978459,106.9970444380456,94.67419536848928
com_quality,2015-01-05,0.0004345500000000065,0.00676900039987508,0.00338450019993754,0.0038190501999375466,101.68545529357561,107.04354000370617,94.99448102151233
com_quality,2015-01-06,0.0004345500000000065,-0.004511691807079932,-0.002255845903539966,-0.0018212959035399596,101.50025599039985,107.09005577401479,94.78028119117734
com_quality,2015-01-07,0.0004345500000000065,0.014070431856439757,0.007035215928219879,0.007469765928219885,102.25843914430253,107.13659175775139,95.4467913031255
com_quality,2015-01-08,0.0004345500000000065,-0.0060765857990497385,-0.0030382928995248693,-0.0026037428995248626,101.99218445946406,107.18314796369972,95.1569219575509
com_quality,2015-01-09,0.0004345500000000065,-0.034833420883739724,-0.017416710441869862,-0.016982160441869856,100.26013681915664,107.22972440064736,93.50032127710232
com_quality,2015-01-12,0.0004345500000000065,0.004323230719869708,0.002161615359934854,0.0025961653599348607,100.52042871334888,107.27632107738565,93.70234521823015
com_quality,2015-01-13,0.0004345500000000065,-0.01672408671021299,-0.008362043355106496,-0.00792749335510649,99.72355368267135,107.32293800270982,92.91914248578753
com_quality,2015-01-14,0.0004345500000000065,-0.016390634789520485,-0.008195317394760242,-0.007760767394760236,98.94962237876125,107.3695751854189,92.1579713879681
com_quality,2015-01-15,0.0004345500000000065,-0.007048757194454981,-0.0035243785972274904,-0.003089828597227484,98.64388500585048,107.41623263431572,91.8333128863963
com_quality,2015-01-16,0.0004345500000000065,-0.0022054812015821178,-0.0011027406007910589,-0.0006681906007910524,98.57797208906406,107.46291035820697,91.73208855080634
com_quality,2015-01-19,0.0004345500000000065,0.004183592012908533,0.0020917960064542663,0.002526346006454273,98.82701415517562,107.50960836590313,91.92389001997219
com_quality,2015-01-20,0.0004345500000000065,0.04224650142277577,0.021123250711387886,0.02155780071138789,100.9575072312344,107.55632666621852,93.86477798236605
com_quality,2015-01-21,0.0004530099999999981,0.003959935862402453,0.0019799679312012264,0.0024329779312012244,101.20313461831707,107.60505075776159,94.05054307919394
com_quality,2015-01-22,0.0004526499999999011,0.006838597612720754,0.003419298806360377,0.003871948806360278,101.59498797460238,107.65375818398708,94.37198448842828
com_quality,2015-01-23,0.0004526499999999011,-0.01483143468921957,-0.007415717344609785,-0.006963067344609884,100.88757523146039,107.70248765762906,93.67246516363456
com_quality,2015-01-26,0.0004526499999999011,-0.007456208626696003,-0.0037281043133480015,-0.0032754543133481006,100.55712258800527,107.75123918866728,93.32340244545546
com_quality,2015-01-27,0.0004526499999999011,-0.0060834551383947,-0.00304172756919735,-0.002589077569197449,100.29677239748962,107.80001278708605,93.03966651245585
com_quality,2015-01-28,0.0004526499999999011,0.0,0.0,0.0004526499999999011,100.34217173151534,107.8488084628741,93.03966651245585
com_quality,2015-01-29,0.0004526499999999011,-0.01472107346600593,-0.007360536733002965,-0.006907886733003064,99.64901937465049,107.89762622602481,92.35515447383887
com_quality,2015-01-30,0.0004526499999999011,0.0016019887842798845,0.0008009943921399422,0.0012536443921398433,99.77394380897175,107.94646608653602,92.42909696458918
com_quality,2015-02-02,0.0004530099999999981,-0.01712223380618828,-0.00856111690309414,-0.008108106903094141,98.9649660064253,107.99536691513786,91.63815896305199
com_quality,2015-02-03,0.0004530099999999981,0.014274806191029154,0.007137403095514577,0.007590413095514575,99.71615098039763,108.04428989630411,92.29192128163419
com_quality,2015-02-04,0.0004530099999999981,0.008985350246234945,0.004492675123117473,0.004945685123117471,100.20931566483593,108.09323504007003,92.70637115050582
com_quality,2015-02-05,0.0004530099999999981,-0.016650874044667564,-0.008325437022333782,-0.007872427022333784,99.4204251403065,108.14220235647551,91.93489958025924
com_quality,2015-02-06,0.0004530099999999981,-0.019138810337073875,-0.009569405168536937,-0.009116395168536939,98.51406925690353,108.19119185556502,91.0555356377066
com_quality,2015-02-09,0.0004530099999999981,0.0041588204130541765,0.0020794102065270883,0.0025324202065270863,98.76354827651693,108.24020354738751,91.24479171297779
com_quality,2015-02-10,0.0004530099999999981,-0.02311450587862858,-0.01155725293931429,-0.011104242939314292,97.66685384290578,108.2892374419965,90.19073007621793
com_quality,2015-02-11,0.0004530099999999981,0.012205724475138024,0.006102862237569012,0.00655587223756901,98.30714525854518,108.3382935494501,90.74090244339477
com_quality,2015-02-12,0.0004530099999999981,-0.0032056283408116726,-0.0016028141704058363,-0.0011498041704058382,98.1941112929462,108.38737187981093,90.59552749542827
com_quality,2015-02-13,0.0004530099999999981,0.013915408159449548,0.006957704079724774,0.0074107140797247725,98.92179977605092,108.4364724431462,91.22557894707994
com_quality,2015-02-18,0.0004530099999999981,0.02181054533363367,0.010905272666816835,0.011358282666816833,100.04538153981754,108.48559524952768,92.21996829136918
com_quality,2015-02-19,0.0004530099999999981,-0.018207807040923608,-0.009103903520461804,-0.008650893520461805,99.17989959690262,108.53474030903168,91.3807867550123
com_quality,2015-02-20,0.0004530099999999981,0.0020713861938382425,0.0010356930969191212,0.0014887030969191193,99.32754902058464,108.58390763173907,91.47538635048276
com_quality,2015-02-23,0.0004530099999999981,-0.004222720547135905,-0.0021113602735679526,-0.0016583502735679546,99.16282915249352,108.6330972277353,91.28233630733313
com_quality,2015-02-24,0.0004530099999999981,0.00445249686982645,0.002226248434913225,0.002679258434913223,99.42851199893018,108.68230910711046,91.48546144795256
com_quality,2015-02-25,0.0004530099999999981,0.005329767196637225,0.0026648835983186124,0.0031178935983186104,99.738519519982,108.73154327995907,91.7291491606791
com_quality,2015-02-26,0.0004530099999999981,-0.02438198000712395,-0.012190990003561974,-0.011737980003561976,98.56779077227158,108.7807997563803,90.61138637794424
com_quality,2015-02-27,0.0004530099999999981,0.006849322379961031,0.0034246611899805155,0.0038776711899805136,98.95000425480926,108.83007854647795,90.92155916486892
com_quality,2015-03-02,0.0004530099999999981,-0.009825452202072336,-0.004912726101036168,-0.00445971610103617,98.50871532763648,108.87937966036027,90.47508870359641
com_quality,2015-03-03,0.0004530099999999981,0.0,0.0,0.0004530099999999981,98.55334076076706,108.92870310814023,90.47508870359641
com_quality,2015-03-04,0.00047102999999999674,-0.014198182068780518,-0.007099091034390259,-0.0066280610343902625,97.90012320306163,108.98001179516524,89.83310020838596
com_quality,2015-03-05,0.00047102999999999674,0.0045162777174885035,0.0022581388587442517,0.0027291688587442486,98.16730917057465,109.0313446501211,90.0358603166742
com_quality,2015-03-06,0.00047102999999999674,-0.025025860777235943,-0.012512930388617971,-0.012041900388617974,96.98518821212393,109.08270168439165,88.90977828247287
com_quality,2015-03-09,0.00047102999999999674,0.016228461491761745,0.008114230745880873,0.00858526074588087,97.81783134141335,109.13408290936604,89.63087308173868
com_quality,2015-03-10,0.00047102999999999674,0.01301873113837505,0.006509365569187525,0.006980395569187521,98.5006384978965,109.18548833643882,90.21403851250035
com_quality,2015-03-11,0.00047102999999999674,0.007499974246599506,0.003749987123299753,0.004221017123299749,98.91641137965208,109.23691797700992,90.55218072013903
com_quality,2015-03-12,0.00047102999999999674,-0.014258739327178239,-0.007129369663589119,-0.006658339663589123,98.25779231438304,109.28837184248461,89.90690469430751
com_quality,2015-03-13,0.0004710300000000106,-0.005552781618566604,-0.002776390809283302,-0.002305360809283291,98.03127265077475,109.33984994427357,89.65740551202295
com_quality,2015-03-16,0.0004710300000000106,-0.00421019219916402,-0.00210509609958201,-0.0016340660995819993,97.87108307143724,109.39135229379282,89.46875691652889
com_quality,2015-03-17,0.0004710300000000106,0.020320043082678374,0.010160021541339187,0.010631051541339198,98.91155559997638,109.44287890246376,90.37733344727438
com_quality,2015-03-18,0.0004710300000000106,0.000595374103254975,0.0002976870516274875,0.0007687170516274981,98.98759059936908,109.49442978171318,90.40422494250127
com_quality,2015-03-19,0.0004710300000000106,0.02605947346176779,0.013029736730883895,0.013500766730883906,100.32399896930342,109.54600494297324,91.58161360747883
com_quality,2015-03-20,0.0004713800000000125,0.0022455293870955358,0.0011227646935477679,0.0015941446935477804,100.48392993989582,109.59764273878325,91.68438976319118
com_quality,2015-03-23,0.0004713800000000125,0.016058937159034115,0.008029468579517057,0.00850084857951707,101.33812861298968,109.64930487561746,92.42021983444792
com_quality,2015-03-24,0.0004713800000000125,0.0036527897954693133,0.0018263948977346566,0.002297774897734669,101.57098082110001,109.70099136494973,92.588936122917
com_quality,2015-03-25,0.0004713800000000125,0.0038549860860741976,0.0019274930430370988,0.0023988730430371114,101.8146367089466,109.75270221825934,92.76731656818185
com_quality,2015-03-26,0.0004713800000000125,0.00809979907848123,0.004049899539240615,0.004521279539240627,102.27496914269398,109.80443744703099,93.14283786757781
com_quality,2015-03-27,0.0004710300000000106,0.022511539549074255,0.011255769774537128,0.011726799774537139,103.47432722777732,109.85615863120167,94.1907386140737
com_quality,2015-03-30,0.0004710300000000106,0.009618243653454617,0.0048091218267273085,0.005280151826727319,104.02068738570844,109.9079041776017,94.64350008678173
com_quality,2015-03-31,0.0004710300000000106,0.022626948156086523,0.011313474078043262,0.011784504078043273,105.24651960040619,109.95967409770645,95.7137427552647
com_quality,2015-04-01,0.0004710300000000106,0.01563189153624984,0.00781594576812492,0.008286975768124932,106.11869495801425,110.0114684029967,96.46148396936003
com_quality,2015-04-02,0.0004710300000000106,0.0,0.0,0.0004710300000000106,106.16868004690032,110.06328710495853,96.46148396936006
com_quality,2015-04-06,0.0004710300000000106,-0.020339496405315072,-0.010169748202657536,-0.009698718202657525,105.13897993717731,110.1151302150836,95.48095682383833
com_quality,2015-04-07,0.0004710300000000106,-0.0136965912838357,-0.00684829564191785,-0.00637726564191784,104.46848073279766,110.1669977448688,94.82738285628142
com_quality,2015-04-08,0.0004710300000000106,0.012478430555522287,0.006239215277761143,0.006710245277761154,105.1694898623098,110.21888970581655,95.41875275918309
com_quality,2015-04-09,0.0004710300000000106,-0.0006415033215252264,-0.0003207516607626132,0.0001502783392373974,105.18529455858474,110.27080610943467,95.38816144519431
com_quality,2015-04-10,0.0004710300000000106,0.017377096064400264,0.008688548032200132,0.009159578032200143,106.14874747193406,110.32274696723638,96.21655586898872
com_quality,2015-04-13,0.0004710300000000106,-0.020825982427518725,-0.010412991213759363,-0.009941961213759351,105.09342074167895,110.37471229074036,95.21512542189025
com_quality,2015-04-14,0.0004710300000000106,0.012866182778130453,0.006433091389065226,0.006904121389065237,105.81899847567162,110.42670209147064,95.82736464231061
com_quality,2015-04-15,0.0004710300000000106,0.016840984135741827,0.008420492067870914,0.008891522067870925,106.75989043581806,110.47871638095678,96.63389830461523
com_quality,2015-04-16,0.0004710300000000106,0.006321044576760415,0.0031605222883802075,0.0036315522883802183,107.14759456023748,110.5307551707337,96.93916810278701
com_quality,2015-04-17,0.0004710300000000106,-0.007653273104495287,-0.0038266365522476435,-0.0033556065522476327,106.78804938987356,110.58281847234174,96.56839178554912
com_quality,2015-04-20,0.0004710300000000106,0.001186117821458857,0.0005930589107294285,0.0010640889107294393,106.90168136902776,110.63490629732678,96.62563556725385
com_quality,2015-04-22,0.0004710300000000106,-0.0032241544529723193,-0.0016120772264861596,-0.001141047226486149,106.77970150199492,110.68701865724,96.469940917512
com_quality,2015-04-23,0.0004710300000000106,0.01697916255059194,0.00848958127529597,0.00896061127529598,107.73651289924643,110.73915556363812,97.28854473459826
com_quality,2015-04-24,0.0004713800000000125,0.016238613757966043,0.008119306878983022,0.008590686878983034,108.6620435469974,110.79135578678772,98.07808811015177
com_quality,2015-04-27,0.0004717299999999968,-0.011235359136453559,-0.005617679568226779,-0.005145949568226783,108.1028741509241,110.843619393053,97.52737662561324
com_quality,2015-04-28,0.0004717299999999968,0.0027494515190480406,0.0013747257595240203,0.0018464557595240171,108.30248132552116,110.8959076536293,97.66138680589691
com_quality,2015-04-29,0.0004889699999999897,0.016994818926038983,0.008497409463019492,0.008986379463019481,109.27572851949887,110.95013242559469,98.49085001568726
com_quality,2015-04-30,0.0004889699999999897,-0.005302534633810363,-0.0026512673169051815,-0.002162297316905192,109.0394419049183,111.00438371184683,98.22985206419482
com_quality,2015-05-04,0.0004896700000000114,0.02125885378893941,0.010629426894469706,0.011119096894469717,110.25186202477799,111.05873922841903,99.27346806811708
com_quality,2015-05-05,0.0004896700000000114,-0.003133637576094602,-0.001566818788047301,-0.0010771487880472897,110.13310436521803,111.11312136125701,99.11800066091861
com_quality,2015-05-06,0.0004896700000000114,-0.010578592758087972,-0.005289296379043986,-0.004799626379043975,109.60450661230074,111.167530123394,98.59399276986875
com_quality,2015-05-07,0.0004896700000000114,0.0,0.0,0.0004896700000000114,109.6581766510536,111.22196552786954,98.59399276986873
com_quality,2015-05-08,0.0004896700000000114,-0.011741328333922569,-0.0058706641669612845,-0.005380994166961273,109.06810664213467,111.27642758772957,98.01546383769924
com_quality,2015-05-11,0.0004896700000000114,0.017448124590154004,0.008724062295077002,0.009213732295077014,110.07303097866618,111.33091631602647,98.87013834163581
com_quality,2015-05-12,0.0004896700000000114,-0.0043408017296371094,-0.0021704008648185547,-0.0016807308648185432,109.88802783811622,111.38543172581896,98.65565553367097
com_quality,2015-05-13,0.0004896700000000114,-0.016047363018844477,-0.008023681509422238,-0.007534011509422227,109.06013017163613,111.43997383017215,97.86446139859764
com_quality,2015-05-14,0.0004896700000000114,1.2714982445271444e-05,6.357491222635722e-06,0.0004960274912226471,109.11422699439758,111.49454264215757,97.8650832665419
com_quality,2015-05-15,0.0004896700000000114,-0.0062368293455918634,-0.0031184146727959317,-0.0026287446727959202,108.82739355145983,111.54913817485317,97.56004872119495
com_quality,2015-05-18,0.0004896700000000114,0.0012379020088577482,0.0006189510044288741,0.0011086210044288854,108.94804188580822,111.60376044134325,97.62040405714569
com_quality,2015-05-19,0.0004896700000000114,-0.007144019501686008,-0.003572009750843004,-0.0030823397508429927,108.61222700552709,111.6584094547186,97.27187368683876
com_quality,2015-05-20,0.0004896700000000114,0.023806785022859094,0.011903392511429547,0.012393062511429558,109.95826512431215,111.71308522807631,98.42917228525067
com_quality,2015-05-21,0.0004896700000000114,0.004742165295990241,0.0023710826479951203,0.0028607526479951318,110.27282852243547,111.76778777451995,98.66244176264776
com_quality,2015-05-22,0.0004896700000000114,-0.009972769389778634,-0.004986384694889317,-0.0044967146948893056,109.77696307397163,111.82251710715951,98.17071365758328
com_quality,2015-05-25,0.0004896700000000114,-0.011526913980482334,-0.005763456990241167,-0.0052737869902411555,109.19802275428393,111.87727323911139,97.60518789271777
com_quality,2015-05-26,0.0004896700000000114,-0.009563704143895574,-0.004781852071947787,-0.004292182071947775,108.72932495872583,111.93205618349839,97.13868275633024
com_quality,2015-05-27,0.0004896700000000114,0.014394553414670257,0.007197276707335129,0.00768694670733514,109.56512148520807,111.98686595344978,97.83747455773218
com_quality,2015-05-28,0.0004896700000000114,-0.008840859157902968,-0.004420429578951484,-0.0039307595789514725,109.1344473344111,112.04170256210122,97.40520256189545
com_quality,2015-05-29,0.0004896700000000114,-0.0015180718201360556,-0.0007590359100680278,-0.0002693659100680164,109.10505023468511,112.09656602259481,97.33130470088913
com_quality,2015-06-01,0.0004896700000000114,0.00867988043222919,0.004339940216114595,0.004829610216114606,109.63198509992822,112.15145634807911,97.75351000317701
com_quality,2015-06-02,0.0004896700000000114,-0.001998978273849662,-0.000999489136924831,-0.0005098191369248196,109.57609261590522,112.20637355170908,97.65585425092478
com_quality,2015-06-03,0.0005075299999999923,0.002389873398247761,0.0011949366991238805,0.0017024666991238726,109.7626422646039,112.26332165247777,97.77248762011962
com_quality,2015-06-05,0.0005075299999999923,0.003287334602007228,0.001643667301003614,0.0021511973010036062,109.99876336439453,112.32029865611604,97.93311153950079
com_quality,2015-06-08,0.0005075299999999923,0.00906271655750114,0.00453135827875057,0.005038888278750562,110.55303484378844,112.37730457729296,98.37665644289432
com_quality,2015-06-09,0.0005075299999999923,0.0,0.0,0.0005075299999999923,110.60914382556271,112.43433943068506,98.37665644289433
com_quality,2015-06-10,0.0005075299999999923,-0.012065796685742333,-0.0060328983428711664,-0.005525368342871174,109.99798756383686,112.4914032309763,97.78346113967503
com_quality,2015-06-11,0.0005075299999999923,-0.009927536597943914,-0.004963768298971957,-0.004456238298971965,109.50781031884505,112.54849599285812,97.29833291223542
com_quality,2015-06-12,0.0005075299999999923,-0.01406701391099405,-0.007033506955497025,-0.006525976955497033,108.79316487225732,112.60561773102937,96.61433156214417
com_quality,2015-06-15,0.0005075299999999923,-0.011827931483212126,-0.005913965741606063,-0.005406435741606071,108.20498161724952,112.66276846019639,96.04324755740242
com_quality,2015-06-16,0.0005075299999999923,-0.016549381470021753,-0.008274690735010876,-0.007767160735010884,107.36453613269943,112.71994819507299,95.24892253045975
com_quality,2015-06-17,0.0005075299999999923,-0.011544899618763333,-0.0057724498093816665,-0.005264919809381674,106.79927045958931,112.77715695038042,94.69938181415475
com_quality,2015-06-18,0.0005075299999999923,0.011923706837113461,0.0059618534185567305,0.006469383418556723,107.49019588901452,112.83439474084744,95.26367924948131
com_quality,2015-06-19,0.0005075299999999923,-0.01646299565499168,-0.00823149782749584,-0.007723967827495848,106.65994507419654,112.89166158121027,94.47991426494255
com_quality,2015-06-22,0.0005075299999999923,-0.004727499149377016,-0.002363749574688508,-0.001856219574688516,106.4619607963146,112.94895748621256,94.25670069536514
com_quality,2015-06-23,0.0005075299999999923,-0.004922149373044595,-0.0024610746865222975,-0.0019535446865223054,106.25398259848421,113.00628247060554,94.02484558867097
com_quality,2015-06-24,0.0005075299999999923,-0.011548787474683022,-0.005774393737341511,-0.005266863737341519,105.69435735058815,113.06363654914784,93.48218452591843
com_quality,2015-06-25,0.0005075299999999923,-0.007076648917763224,-0.003538324458881612,-0.00303079445888162,105.37401947799492,113.12101973660562,93.15158201663223
com_quality,2015-06-26,0.0005075299999999923,-0.007349004079674599,-0.0036745020398372993,-0.003166972039837307,105.04030290458284,113.17843204775254,92.80946997062476
com_quality,2015-06-29,0.0005075299999999923,-0.006842126905235755,-0.0034210634526178774,-0.0029135334526178853,104.73426446819722,113.23587349736972,92.49212394747855
com_quality,2015-06-30,0.0005075299999999923,-0.007632041296129167,-0.0038160206480645836,-0.0033084906480645914,104.38775213367227,113.29334410024583,92.1393511354969
com_quality,2015-07-01,0.0005075299999999923,-0.008847001998194956,-0.004423500999097478,-0.003915970999097486,103.97897272365584,113.35084387117702,91.7319793770814
com_quality,2015-07-02,0.0005075299999999923,-0.00913060248219999,-0.004565301241099995,-0.004057771241100003,103.55704983845865,113.40837282496695,91.31340769546823
com_quality,2015-07-03,0.0005075299999999923,0.005309344475202371,0.0026546722376011855,0.0031622022376011777,103.88451817317721,113.46593097642679,91.55569189729721
com_quality,2015-07-06,0.0005075299999999923,-0.015013742699909677,-0.007506871349954839,-0.006999341349954846,103.15739496950755,113.52351834037523,90.86874374366451
com_quality,2015-07-07,0.0005075299999999923,0.004324774452124041,0.0021623872260620207,0.002669917226062013,103.43281667533233,113.58113493163853,91.06513747867179
com_quality,2015-07-08,0.0010153175867008844,-0.0056383178734043336,-0.0028191589367021668,-0.0018038413500012823,103.24624028366625,113.69645585545207,90.80867077767869
com_quality,2015-07-10,0.0005075299999999923,0.0,0.0,0.0005075299999999923,103.2986408479974,113.75416021769237,90.80867077767869
com_quality,2015-07-13,0.0005075299999999923,-0.014061439035575107,-0.007030719517787554,-0.0065231895177875615,102.62480423681606,113.81189386662767,90.17054435196255
com_quality,2015-07-14,0.0005075299999999923,-0.00601827624422482,-0.00300913812211241,-0.002501608122112418,102.36807719300704,113.86965681712178,89.89934637057296
com_quality,2015-07-15,0.0005075299999999923,-0.0026929122857231036,-0.0013464561428615518,-0.0008389261428615595,102.28219793685535,113.92744908404617,89.77836224648554
com_quality,2015-07-16,0.0005075299999999923,-0.012303174128156636,-0.006151587064078318,-0.005644057064078326,101.70491137506039,113.98527068227979,89.22636299083815
com_quality,2015-07-17,0.0005075299999999923,-0.014636634144342858,-0.007318317072171429,-0.006810787072171437,101.0122208794908,114.04312162670915,88.57370741755767
com_quality,2015-07-20,0.0005075299999999923,0.008022253420481696,0.004011126710240848,0.00451865671024084,101.46866042918425,114.10100193222834,88.92880755723142
com_quality,2015-07-21,0.0005075299999999923,0.006665030683467169,0.0033325153417335844,0.0038400453417335766,101.85830468599728,114.158911613739,89.22501383916371
com_quality,2015-07-22,0.0005075299999999923,0.007256458559120591,0.0036282292795602957,0.004135759279560288,102.27956611480269,114.21685068615031,89.54857842810833
com_quality,2015-07-23,0.0005075299999999923,-0.013861063190369297,-0.006930531595184648,-0.006423001595184656,101.62262429849251,114.27481916437905,88.92827399911529
com_quality,2015-07-24,0.0005075299999999923,-0.013602430955662949,-0.006801215477831474,-0.006293685477831482,100.98304346372598,114.33281706334955,88.32376045433506
com_quality,2015-07-27,0.0005075299999999923,0.02057303485179812,0.01028651742589906,0.010794047425899051,102.07305922408506,114.3908443979937,89.23184347599354
com_quality,2015-07-28,0.0005075299999999923,0.0021191062403083725,0.0010595531201541863,0.0015670831201541786,102.2330161922176,114.448901183251,89.32634139363749
com_quality,2015-07-29,0.0005246099999999925,-0.002248446636091744,-0.001124223318045872,-0.0005996133180458794,102.17171591416474,114.50894222130074,89.22597129288559
com_quality,2015-07-30,0.0005246099999999925,0.03465393818821112,0.01732696909410556,0.017851579094105553,103.99564238198695,114.56901475747947,90.77117630986501
com_quality,2015-07-31,0.0005246099999999925,-0.025826675468674218,-0.012913337734337109,-0.012388727734337116,102.70726868295903,114.62911880831139,89.59963205746291
com_quality,2015-08-03,0.0005246099999999925,-0.0021954259499898316,-0.0010977129749949158,-0.0005731029749949233,102.64840684172323,114.68925439032942,89.5013289495921
com_quality,2015-08-04,0.0005246099999999925,0.00391698309012974,0.00195849154506487,0.0024831015450648627,102.90329325935035,114.74942152007515,89.67652463620277
com_quality,2015-08-05,0.0005246099999999925,-0.013304588041218418,-0.006652294020609209,-0.006127684020609217,102.27273439357695,114.8096202140988,89.08028282199449
com_quality,2015-08-06,0.0005246099999999925,0.002123457331430441,0.0010617286657152204,0.001586338665715213,102.4349735865939,114.86985048895933,89.17481232069628
com_quality,2015-08-07,0.0005246099999999925,0.012176337375898613,0.006088168687949307,0.006612778687949299,103.11235339682798,114.93011236122435,89.71743895346309
com_quality,2015-08-10,0.0005246099999999925,-0.0011517181743372846,-0.0005758590871686423,-5.124908716864975e-05,103.10706898284059,114.99040584747019,89.66580144051989
com_quality,2015-08-11,0.0005246099999999925,0.0,0.0,0.0005246099999999925,103.1611599822997,115.05073096428183,89.6658014405199
com_quality,2015-08-12,0.0005246099999999925,0.011197092417110976,0.005598546208555488,0.0061231562085554804,103.7928318795271,115.111087728253,90.16753635805672
com_quality,2015-08-13,0.0005246099999999925,0.008901249293401204,0.004450624646700602,0.004975234646700594,104.30922557277331,115.17147615598613,90.56862780112223
com_quality,2015-08-14,0.0005246099999999925,0.017864555855930622,0.008932277927965311,0.009456887927965304,105.29566622886787,115.23189626409231,91.37718777754706
com_quality,2015-08-17,0.0005246099999999925,0.008762995717245245,0.0043814978586226225,0.004906107858622615,105.81225812443222,115.29234806919142,91.77734680269516
com_quality,2015-08-18,0.0005246099999999925,-0.013151602009614653,-0.0065758010048073265,-0.006051191004807334,105.17196793987131,115.35283158791201,91.17415367451841
com_quality,2015-08-19,0.0005246099999999925,0.013741175822396336,0.006870587911198168,0.00739519791119816,105.94973545749684,115.41334683689135,91.80024525866231
com_quality,2015-08-20,0.0005246099999999925,0.005730929389945325,0.0028654646949726626,0.0033900746949726552,106.30891297461037,115.47389383277546,92.06315769394817
com_quality,2015-08-21,0.0005246099999999925,0.00822182902611817,0.004110914513059085,0.004635524513059077,106.80171054666083,115.53447259221907,92.44142302325587
com_quality,2015-08-24,0.0005246099999999925,0.001787362255927744,0.000893681127963872,0.0014182911279638647,106.95318646518052,115.59508313188569,92.52399286149101
com_quality,2015-08-25,0.0005246099999999925,-0.028448932415502764,-0.014224466207751382,-0.013699856207751389,105.48794318964674,115.65572546844751,91.20857853113836
com_quality,2015-08-26,0.0005246099999999925,0.019283838498823584,0.009641919249411792,0.010166529249411785,106.56038944954456,115.71639961858551,92.08754316655184
com_quality,2015-08-27,0.0005246099999999925,-0.006889926308333158,-0.003444963154166579,-0.0029203531541665863,106.24919548010637,115.77710559898942,91.77047131245072
com_quality,2015-08-28,0.0005246099999999925,0.005309112707926,0.002654556353963,0.003179166353962993,106.58697934751235,115.8378434263577,92.01395346700627
com_quality,2015-08-31,0.0005246099999999925,-0.012405740665656608,-0.006202870332828304,-0.005678260332828312,105.98175073068738,115.8986131173976,91.44350210932627
com_quality,2015-09-01,0.0005246099999999925,0.0059452053025567594,0.0029726026512783797,0.0034972126512783724,106.3523914501474,115.95941468882512,91.71518477869348
com_quality,2015-09-02,0.0005246099999999925,-0.013314836244400958,-0.006657418122200479,-0.006132808122200487,105.70015264004648,116.02024815736502,91.10491859720833
com_quality,2015-09-03,0.0005246099999999925,-0.01608470383733455,-0.008042351918667276,-0.007517741918667283,104.90552617173488,116.08111353975086,90.37260495938557
com_quality,2015-09-04,0.0005246099999999925,-0.0065195232278668636,-0.0032597616139334318,-0.002735151613933439,104.61859365251571,116.14201085272495,90.07816627626534
com_quality,2015-09-08,0.0005246099999999925,0.007925252577628649,0.003962626288814324,0.0044872362888143166,105.08804200243802,116.2029401130384,90.43492522668689
com_quality,2015-09-09,0.0005246099999999925,0.0006081203690283532,0.0003040601845141766,0.0008286701845141691,105.17512532959441,116.2639013374511,90.46240846875422
com_quality,2015-09-10,0.0005246099999999925,-0.00576140447964551,-0.002880702239822755,-0.0023560922398227625,104.92732303298295,116.32489454273174,90.20194984525698
com_quality,2015-09-11,0.0005246099999999925,0.0,0.0,0.0005246099999999925,104.9823689559193,116.3859197456578,90.20194984525699
com_quality,2015-09-14,0.0005246099999999925,-0.021125816424549818,-0.010562908212274909,-0.010038298212274916,103.92852462930873,116.44697696301556,89.24965451212805
com_quality,2015-09-15,0.0005246099999999925,0.03318503423764904,0.01659251711882452,0.017117127118824512,105.70748239666048,116.50806621160012,90.7297544572375
com_quality,2015-09-16,0.0005246099999999925,0.018139128053106184,0.009069564026553092,0.009594174026553085,106.72165837868283,116.56918750821539,91.5522023100328
com_quality,2015-09-17,0.0005246099999999925,-0.02209948846461153,-0.011049744232305765,-0.010525134232305772,105.59839859875294,116.63034086967407,90.54110432271777
com_quality,2015-09-18,0.0005246099999999925,0.0018422860469715892,0.0009211430234857946,0.0014457530234857872,105.75106780280232,116.6915263127977,90.62446189908518
com_quality,2015-09-21,0.0005246099999999925,-0.0008502230765087644,-0.0004251115382543822,9.949846174561034e-05,105.76158987137664,116.75274385441668,90.58595659495136
com_quality,2015-09-22,0.0005246099999999925,-0.007745254403102105,-0.0038726272015510523,-0.0033480172015510597,105.40749824922389,116.81399351137014,90.23533489501325
com_quality,2015-09-23,0.0005246099999999925,0.010914253502214866,0.005457126751107433,0.005981736751107425,106.03801815534356,116.87527530050615,90.72750235899068
com_quality,2015-09-24,0.0005246099999999925,0.0014821467766713682,0.0007410733883356841,0.0012656833883356766,106.17222871345484,116.93658923868155,90.79470284253344
com_quality,2015-09-25,0.0005246099999999925,-0.007146380790985791,-0.0035731903954928953,-0.0030485803954929027,105.84855413845322,116.99793534276206,90.470446190657
com_quality,2015-09-28,0.0005246099999999925,-0.0070240683631759525,-0.0035120341815879762,-0.0029874241815879836,105.53233960823387,117.05931362962222,90.15287749092745
com_quality,2015-09-29,0.0005246099999999925,0.014939986785733148,0.007469993392866574,0.007994603392866567,106.37602880852302,117.12072411614547,90.8259657812846
com_quality,2015-09-30,0.0005246099999999925,-0.015560381802900685,-0.0077801909014503425,-0.00725558090145035,105.60420892552776,117.18216681922404,90.11969294648947
com_quality,2015-10-01,0.0005246099999999925,0.029590657414880463,0.014795328707440231,0.015319938707440224,107.22205893351455,117.24364175575907,91.45234430441747
com_quality,2015-10-02,0.0005246099999999925,0.00787636298651457,0.003938181493257285,0.004462791493257277,107.70056862601258,117.30514894266058,91.81231139193834
com_quality,2015-10-05,0.0005246099999999925,0.014318867709055067,0.007159433854527534,0.007684043854527526,108.52814451849243,117.36668839684738,92.4692909043582
com_quality,2015-10-06,0.0005246099999999925,0.026698764054518754,0.013349382027259377,0.01387399202725937,110.03386313027525,117.42826013524726,93.7030515512573
com_quality,2015-10-07,0.0005246099999999925,0.01769058778456007,0.008845293892280035,0.009369903892280028,111.06486985270223,117.48986417479681,94.53144799577288
com_quality,2015-10-08,0.0005246099999999925,0.017210517196726244,0.008605258598363122,0.009129868598363115,112.07887752035171,117.55150053244154,95.34448902200145
com_quality,2015-10-09,0.0005246099999999925,-0.03602635063950816,-0.01801317531975408,-0.01748856531975409,110.11877874987232,117.61316922513588,93.62793254816751
com_quality,2015-10-13,0.0005246099999999925,0.006458303216783313,0.0032291516083916565,0.003753761608391649,110.53213839390656,117.67487026984307,93.93011281035847
com_quality,2015-10-14,0.0005246099999999925,0.0,0.0,0.0005246099999999925,110.5901246590294,117.73660368353534,93.93011281035847
com_quality,2015-10-15,0.0005246099999999925,-0.006875205047731092,-0.003437602523865546,-0.0029129925238655535,110.2679764526843,117.79836948319375,93.60738772230305
com_quality,2015-10-16,0.0005246099999999925,0.013898491197570473,0.006949245598785236,0.007473855598785229,111.0921033858619,117.86016768580834,94.25754736919369
com_quality,2015-10-19,0.0005246099999999925,0.009413882668664664,0.004706941334332332,0.005231551334332324,111.67328742756399,117.921998308378,94.7009794860557
com_quality,2015-10-20,0.0005246099999999925,-0.0004830616925036585,-0.00024153084625182925,0.0002830791537481633,111.70489980726528,117.98386136791055,94.6781182715613
com_quality,2015-10-21,0.0005249600000000109,-0.008066333905953293,-0.004033166952976647,-0.003508206952976636,111.31301590107986,118.04579817577422,94.29646596597279
com_quality,2015-10-22,0.0005249600000000109,-0.0018884608310361928,-0.0009442304155180964,-0.00041927041551808545,111.26634564665045,118.10776749798457,94.20747509138138
com_quality,2015-10-23,0.0005249600000000109,0.002708431451271559,0.0013542157256357795,0.0018791757256357905,111.47543466246985,118.1697693516103,94.33498539781213
com_quality,2015-10-26,0.0005249600000000109,-0.008896651684145343,-0.0044483258420726715,-0.003923365842072661,111.03807574988491,118.23180375372911,93.91557281928273
com_quality,2015-10-27,0.0005249600000000109,-0.010271108574927496,-0.005135554287463748,-0.004610594287463737,110.52612423214154,118.29387072142765,93.43351735646682
com_quality,2015-10-28,0.0005249600000000109,-0.01841760003002936,-0.00920880001501468,-0.008683840015014668,109.56633305182999,118.35597027180155,92.57355822457762
com_quality,2015-10-29,0.0005249600000000109,-0.004495483982541765,-0.0022477419912708824,-0.0017227819912708714,109.3775741463987,118.41810242195542,92.36558592761189
com_quality,2015-10-30,0.0005249600000000109,0.02848091008413617,0.014240455042068084,0.014765415042068096,110.99257942496487,118.48026718900284,93.68022376916706
com_quality,2015-11-03,0.0005249600000000109,0.01497717014244164,0.00748858507122082,0.008013545071220832,111.88202346275789,118.54246459006636,94.38138801117299
com_quality,2015-11-04,0.0005249600000000109,0.008148895891540636,0.004074447945770318,0.004599407945770329,112.39661453046135,118.60469464227756,94.76573829514899
com_quality,2015-11-05,0.0005249600000000109,-0.022532168638460637,-0.011266084319230318,-0.010741124319230307,111.18934852072906,118.66695736277697,93.6986596705365
com_quality,2015-11-06,0.0005249600000000109,-0.00024950070954778136,-0.00012475035477389068,0.00040020964522612026,111.23384757045345,118.72925276871413,93.68697686250766
com_quality,2015-11-09,0.0005249600000000109,-0.02000224087257166,-0.01000112043628583,-0.009476160436285817,110.17977778493047,118.7915808772476,92.75049373977431
com_quality,2015-11-10,0.0005249600000000109,0.016174070901066928,0.008087035450533464,0.008611995450533476,111.12864552995507,118.85394170554491,93.50017671712655
com_quality,2015-11-11,0.0005249600000000109,-0.010360810865473719,-0.005180405432736859,-0.004655445432736848,110.6112921846764,118.91633527078265,93.01606203454307
com_quality,2015-11-12,0.0005249600000000109,-0.005442940145114233,-0.0027214700725571167,-0.0021965100725571058,110.3683333672542,118.97876159014638,92.76305442432401
com_quality,2015-11-13,0.0005249600000000109,-0.006235037462481344,-0.003117518731240672,-0.002592558731240661,110.08219698093045,119.04122068083072,92.47401559841116
com_quality,2015-11-16,0.0005249600000000109,0.0,0.0,0.0005249600000000109,110.13998573105755,119.10371256003931,92.47401559841116
com_quality,2015-11-17,0.0005249600000000109,-0.0010333707597985353,-0.0005166853798992677,8.274620100743278e-06,110.14089709759736,119.16623724498481,92.42626069594448
com_quality,2015-11-18,0.0005249600000000109,-0.0011994728250477593,-0.0005997364125238797,-7.477641252386872e-05,110.13266115644025,119.22879475288892,92.3708583859284
com_quality,2015-11-19,0.0010501955830016219,0.005222091163674794,0.002611045581837397,0.003661241164839019,110.53588338905949,119.354008306505,92.61178988241412
com_quality,2015-11-23,0.0005249600000000109,0.008372104898260582,0.004186052449130291,0.004711012449130302,111.05661931178096,119.41666438670558,92.99926428370803
com_quality,2015-11-24,0.0005249600000000109,-0.00794360976881306,-0.00397180488440653,-0.0034468448844065186,110.67382437162667,119.479353358842,92.63008315690412
com_quality,2015-11-25,0.0005249600000000109,-0.0006459378335074983,-0.00032296891675374917,0.00020199108324626177,110.6961794972985,119.54207524018126,92.60018221608603
com_quality,2015-11-26,0.0005249600000000109,-0.017274781648802584,-0.008637390824401292,-0.00811243082440128,109.79816439860117,119.60483004799933,91.80077790716095
com_quality,2015-11-27,0.0005249600000000109,-0.041627189479820234,-0.020813594739910117,-0.020288634739910105,107.57050954600535,119.66761779958132,89.89107623598213
com_quality,2015-11-30,0.0005249600000000109,-0.014307726953938046,-0.007153863476969023,-0.006628903476969012,106.8574350212565,119.73043851222138,89.24834515689938
com_quality,2015-12-01,0.0005249600000000109,0.009227857206886791,0.004613928603443396,0.005138888603443407,107.40656347628044,119.79329220322275,89.65991459193818
com_quality,2015-12-02,0.0005249600000000109,0.021440528722667745,0.010720264361333873,0.011245224361333885,108.61437438045105,119.85617888989775,90.62058826372761
com_quality,2015-12-03,0.0005249600000000109,0.008670897938434369,0.004335448969217184,0.004860408969217195,109.14228465987573,119.91909858956777,91.01326306114383
com_quality,2015-12-04,0.0005249600000000109,0.005661619978498705,0.0028308099892493527,0.0033557699892493636,109.50854106329547,119.98205131956334,91.270769134983
com_quality,2015-12-07,0.0005249600000000109,-0.008682978170227007,-0.0043414890851135035,-0.0038165290851134926,109.09059853125905,120.04503709722405,90.87472599380095
com_quality,2015-12-08,0.0005249600000000109,0.011711716112290924,0.005855858056145462,0.006380818056145473,109.78668579212302,120.10805593989859,91.40659627948659
com_quality,2015-12-09,0.0005249600000000109,0.00034910204313483295,0.00017455102156741648,0.0006995110215674274,109.86348278885598,120.1711078649448,91.42254302284279
com_quality,2015-12-10,0.0005249600000000109,-0.0007612616255920496,-0.0003806308127960248,0.00014432918720398615,109.87933929603031,120.23419288972958,91.38776304408178
com_quality,2015-12-11,0.0005249600000000109,0.007526316028603777,0.0037631580143018886,0.0042881180143018996,110.35051487026521,120.29731103162898,91.73148919451033
com_quality,2015-12-14,0.0005249600000000109,0.019232153526986345,0.009616076763493173,0.010141036763493184,111.46958349843497,120.36046230802813,92.61312341353467
com_quality,2015-12-15,0.0005249600000000109,-0.011115942068366885,-0.005557971034183443,-0.005033011034183432,110.90855585471151,120.42364673632133,92.09865243290298
com_quality,2015-12-16,0.0005249600000000109,0.009363677896788145,0.004681838948394072,0.005206798948394083,111.48603440670372,120.48686433391202,92.52961725166672
com_quality,2015-12-17,0.0005249600000000109,0.0,0.0,0.0005249600000000109,111.54456011532585,120.55011511821274,92.5296172516667
com_quality,2015-12-18,0.0005249600000000109,-0.0031458985251584665,-0.0015729492625792332,-0.0010479892625792223,111.42766261402588,120.61339910664519,92.38414922334013
com_quality,2015-12-21,0.0005249600000000109,0.007649102831109519,0.0038245514155547597,0.004349511415554771,111.91231850457417,120.67671631664021,92.73729176631772
com_quality,2015-12-22,0.0005249600000000109,0.013859431834250077,0.006929715917125039,0.0074546759171250495,112.74658857015984,120.74006676563778,93.37959766827555
com_quality,2015-12-23,0.0010501955830016219,0.041202230188856104,0.020601115094428052,0.021651310677429675,115.18769998711271,120.86686745044636,95.30130334050227
com_quality,2015-12-28,0.0005249600000000109,0.019739409269341507,0.009869704634670753,0.010394664634670765,116.38503749851783,120.93031772118314,96.24140553972173
com_quality,2015-12-29,0.0005249600000000109,-0.01818649809576761,-0.009093249047883806,-0.008568289047883794,115.38781685638173,120.99380130077404,95.36671764658703
com_quality,2015-12-30,0.0010501955830016219,0.0034824921866716263,0.0017412460933358131,0.0027914416763374353,115.70991521729623,121.12086845647067,95.53260036182859
com_quality,2016-01-04,0.0005249600000000109,0.01208167384082319,0.006040836920411595,0.006565796920411606,116.46964302229104,121.18445206757558,96.1093944273846
com_quality,2016-01-05,0.0005249600000000109,-0.020189559963440906,-0.010094779981720453,-0.009569819981720441,115.35504950523247,121.24806905753296,95.13970028709966
com_quality,2016-01-06,0.0005249600000000109,-0.007000928447574342,-0.003500464223787171,-0.00297550422378716,115.01181006819448,121.31171944386539,94.8068419073179
com_quality,2016-01-07,0.0005249600000000109,-0.002374154543748813,-0.0011870772718744066,-0.0006621172718743957,114.93565876227878,121.37540324410463,94.69435790967093
com_quality,2016-01-08,0.0005249600000000109,-0.0053647961005127975,-0.0026823980502563988,-0.002157438050256388,114.68769219873376,121.43912047579164,94.44048322269943
com_quality,2016-01-11,0.0005249600000000109,-0.036199500481495325,-0.018099750240747663,-0.01757479024074765,112.67208006514558,121.5028711564766,92.73203093286713
com_quality,2016-01-12,0.0005249600000000109,-0.009289933372059439,-0.0046449666860297195,-0.004120006686029709,112.20787034194831,121.56665530371889,92.30151973961212
com_quality,2016-01-13,0.0005249600000000109,-0.003424124092802558,-0.001712062046401279,-0.001187102046401268,112.07466814944304,121.63047293508711,92.14357672460592
com_quality,2016-01-14,0.0005249600000000109,0.0002496712357906439,0.00012483561789532194,0.0006497956178953329,112.14749377768362,121.6943240681591,92.15507348959969
com_quality,2016-01-15,0.0005249600000000109,-0.005794874938269759,-0.0028974374691348795,-0.0023724774691348685,111.88142637547614,121.75820872052189,91.88820002459425
com_quality,2016-01-18,0.0005249600000000109,-0.015274908996928321,-0.007637454498464161,-0.00711249449846415,111.08567034590024,121.82212690977181,91.18677629736051
com_quality,2016-01-19,0.0005249600000000109,0.004641474967452694,0.002320737483726347,0.002845697483726358,111.40178655848163,121.88607865351435,91.39828583308811
com_quality,2016-01-20,0.0005246099999999925,0.0021867243394617375,0.0010933621697308687,0.0016179721697308614,111.58203154879156,121.95002130923677,91.49816486365803
com_quality,2016-01-21,0.0005246099999999925,-0.011443175197656072,-0.005721587598828036,-0.005196977598828044,111.00214223040076,122.01399750991581,90.97492459533576
com_quality,2016-01-22,0.0010494952156520848,0.0,0.0,0.0010494952156520848,111.1186384475987,122.14205061654506,90.97492459533575
com_quality,2016-01-26,0.0005246099999999925,-0.028840934505220323,-0.014420467252610161,-0.013895857252610168,109.57454970962648,122.206127557719,89.66371154987583
com_quality,2016-01-27,0.0005246099999999925,0.025120034936198493,0.012560017468099247,0.01308462746809924,111.00829187256164,122.27023811429707,90.78929883884918
com_quality,2016-01-28,0.0005246099999999925,0.03948649147131293,0.019743245735656466,0.020267855735656457,113.25819191769637,122.33438230391423,92.58083441851208
com_quality,2016-01-29,0.0005246099999999925,-0.0073526112307035485,-0.0036763056153517742,-0.0031516956153517816,112.9012365708267,122.39856014421468,92.24065743731146
com_quality,2016-02-01,0.0005246099999999925,-0.006055655161063836,-0.003027827580531918,-0.0025032175805319253,112.6186202105788,122.46277165285196,91.96151507155284
com_quality,2016-02-02,0.0005246099999999925,0.01828447538604075,0.009142237693020375,0.009666847693020368,113.70728725955257,122.52701684748877,92.80180827472994
com_quality,2016-02-03,0.0005246099999999925,0.015035692346090632,0.007517846173045316,0.008042456173045309,114.62177313389338,122.59129574579713,93.49911218131736
com_quality,2016-02-04,0.0005246099999999925,-0.01265076906327546,-0.00632538453163773,-0.005800774531637738,113.95687807152714,122.65560836545832,92.90800444443364
com_quality,2016-02-05,0.0005246099999999925,-0.01912061427050224,-0.00956030713525112,-0.009035697135251127,112.92719823479409,122.71995472416293,92.02024111614124
com_quality,2016-02-10,0.0005246099999999925,-0.02528356348318224,-0.01264178174159112,-0.012117171741591127,111.5588399794864,122.78433483961078,90.85755127086213
com_quality,2016-02-11,0.0005246099999999925,0.008595847227946929,0.0042979236139734645,0.004822533613973457,112.09683623522335,122.84874872951099,91.2478453338086
com_quality,2016-02-12,0.0005246099999999925,0.011709912584372054,0.005854956292186027,0.006379566292186019,112.81196543313028,122.91319641158198,91.78181735293326
com_quality,2016-02-15,0.0005246099999999925,0.024384490003006187,0.012192245001503094,0.012716855001503087,114.24657883997797,122.97767790355148,92.90025701215377
com_quality,2016-02-16,0.0005246099999999925,0.008706085824074547,0.0043530429120372735,0.004877652912037266,114.8038339979471,123.04219322315646,93.30444377704825
com_quality,2016-02-17,0.0005246099999999925,-0.009705874058961672,-0.004852937029480836,-0.004328327029480844,114.30692546016574,123.10674238814326,92.85188060599268
com_quality,2016-02-18,0.0005246099999999925,-3.973500932957785e-05,-1.9867504664788926e-05,0.0005047424953352036,114.36462102295661,123.17132541626749,92.8500368380807
com_quality,2016-02-19,0.0005246099999999925,0.030282876572141085,0.015141438286070542,0.015666048286070534,116.1562626981204,123.23594232529413,94.25518278710754
com_quality,2016-02-22,0.0005246099999999925,-0.025791843564294106,-0.012895921782147053,-0.01237131178214706,114.719257356833,123.30059313299742,93.04031265534286
com_quality,2016-02-23,0.0005246099999999925,0.019980290939144343,0.009990145469572172,0.010514755469572165,115.925502295591,123.36527785716092,93.96931155119344
com_quality,2016-02-24,0.0005246099999999925,-0.03610068250175427,-0.018050341250877136,-0.017525731250877145,113.89382309723553,123.42999651557756,92.27402277602874
com_quality,2016-02-25,0.0005246099999999925,-0.024763595631567076,-0.012381797815783538,-0.011857187815783545,112.54336264571396,123.49474912604961,91.1321035446149
com_quality,2016-02-26,0.0005246099999999925,0.0,0.0,0.0005246099999999925,112.60240401919152,123.55953570638863,91.13210354461492
com_quality,2016-02-29,0.0005246099999999925,0.012751817686447994,0.006375908843223997,0.006900518843223989,113.37941902991828,123.62435627441555,91.71284886470427
com_quality,2016-03-01,0.0005246099999999925,0.01636651899397966,0.00818325949698983,0.008707869496989823,114.36671221447531,123.68921084796068,92.46296538754329
com_quality,2016-03-02,0.0005246099999999925,0.06584079357392776,0.03292039678696388,0.033445006786963875,118.19170768069118,123.75409944486361,95.50528686393079
com_quality,2016-03-03,0.0005246099999999925,0.062450105903981465,0.031225052951990732,0.03174966295199073,121.94425456327333,123.81902208297339,98.48588085403894
com_quality,2016-03-04,0.0005246100000000203,-0.0009217287716725003,-0.00046086438583625017,6.374561416377011e-05,121.9520279746742,123.88397878014834,98.44051601789228
com_quality,2016-03-07,0.0005246099999999925,0.018751512061780412,0.009375756030890206,0.009900366030890199,123.15939768983284,123.94896955425621,99.36298634247399
com_quality,2016-03-08,0.0005246099999999925,-0.017124763058414927,-0.008562381529207463,-0.00803777152920747,122.16947058952717,124.01399442317407,98.51264863919083
com_quality,2016-03-09,0.0005246099999999925,0.016981058894017464,0.008490529447008732,0.009015139447008725,123.270845403059,124.07905340478843,99.34863461676099
com_quality,2016-03-10,0.0005246099999999925,-0.009202027523982026,-0.004601013761991013,-0.004076403761991021,122.76834366511416,124.14414651699511,98.89176985747564
com_quality,2016-03-11,0.0005246099999999925,-0.013786366368495936,-0.006893183184247968,-0.006368573184247976,121.98648448377396,124.2092737776994,98.21044820058798
com_quality,2016-03-14,0.0005246099999999925,-0.062261821860646785,-0.031130910930323392,-0.0306063009303234,118.25292943023136,124.27443520481592,95.15467057672758
com_quality,2016-03-15,0.0005246099999999925,0.013248346903828243,0.006624173451914121,0.0071487834519141135,119.09829401528256,124.33963081626871,95.78466112004864
com_quality,2016-03-16,0.0005246099999999925,0.043935071454748245,0.021967535727374123,0.022492145727374114,121.77707020015593,124.40486062999123,97.8877108044428
com_quality,2016-03-17,0.0005246099999999925,-0.013164250009195605,-0.0065821250045978025,-0.00605751500459781,121.03940377020253,124.47012466392633,97.24373948930568
com_quality,2016-03-18,0.0005246099999999925,0.01379405548108209,0.006897027740541045,0.007421637740541037,121.93771437731604,124.53542293602628,97.91408059051224
com_quality,2016-03-21,0.0005246099999999925,-0.01385173294060002,-0.00692586647030001,-0.006401256470300018,121.15715979418466,124.60075546425276,97.23629631518884
com_quality,2016-03-22,0.0005246099999999925,-0.03534332022446038,-0.01767166011223019,-0.017147050112230198,119.07967190373829,124.66612226657685,95.51887051488383
com_quality,2016-03-23,0.0005246099999999925,0.004303589058266152,0.002151794529133076,0.002676404529133069,119.39837727694913,124.73152336097912,95.7242997276674
com_quality,2016-03-24,0.0005246099999999925,0.022605303855090617,0.011302651927545308,0.011827261927545301,120.81053315872748,124.79695876544955,96.80567087038204
com_quality,2016-03-28,0.0005246099999999925,0.004106540365508934,0.002053270182754467,0.00257788018275446,121.12196823802537,124.86242849798748,97.00433484679309
com_quality,2016-03-29,0.0005246099999999925,0.008232226798450676,0.004116113399225338,0.00464072339922533,121.6840617901878,124.92793257660182,97.40340633234688
com_quality,2016-03-30,0.0005246099999999925,0.0,0.0,0.0005246099999999925,121.74789846584355,124.99347101931085,97.40340633234686
com_quality,2016-03-31,0.0005246099999999925,0.01392879143640656,0.00696439571820328,0.007489005718203272,122.65966917363349,125.05904384414228,98.08140651267166
com_quality,2016-04-01,0.0005246099999999925,-0.02612127629138196,-0.01306063814569098,-0.012536028145690986,121.12200410853167,125.12465106913335,96.80107242945265
com_quality,2016-04-04,0.0005246099999999925,0.021367408903564672,0.010683704451782336,0.011208314451782329,122.47957761761015,125.19029271233073,97.83472421384187
com_quality,2016-04-05,0.0005246099999999925,0.022498385513939637,0.011249192756969818,0.011773802756969811,123.92162800623687,125.25596879179055,98.93470882192312
com_quality,2016-04-06,0.0005246099999999925,0.012096401940800444,0.006048200970400222,0.006572810970400214,124.73614144226613,125.3216793255784,99.53277207386354
com_quality,2016-04-07,0.0005246099999999925,-0.013166000401197336,-0.006583000200598668,-0.006058390200598676,123.9804412252918,125.3874243317694,98.8778913723
com_quality,2016-04-08,0.0005246099999999925,-0.015524679549154721,-0.007762339774577361,-0.007237729774577368,123.08310429437026,125.4532038284481,98.1107700228056
com_quality,2016-04-11,0.0005246099999999925,-0.0018800140368389062,-0.0009400070184194531,-0.0004153970184194606,123.03197593982857,125.51901783370853,98.01859356709207
com_quality,2016-04-12,0.0005246099999999925,-0.011604067867421422,-0.005802033933710711,-0.005277423933710719,122.38268404539201,125.58486636565429,97.45018455413349
com_quality,2016-04-13,0.0005246099999999925,2.494268793570842e-05,1.247134396785421e-05,0.0005370813439678467,122.4484135018175,125.65074944239838,97.45139925166231
com_quality,2016-04-14,0.0005246099999999925,-0.0006348501111662352,-0.0003174250555831176,0.0002071849444168749,122.47378296956282,125.71666708206337,97.42048195536101
com_quality,2016-04-15,0.0005246099999999925,-0.00804660150157871,-0.004023300750789355,-0.003498690750789362,122.04528507787302,125.7826193027813,97.0287355712383
com_quality,2016-04-18,0.0005246099999999925,-0.0019801911844171544,-0.0009900955922085772,-0.00046548559220858465,121.98847475607228,125.84860612269372,96.93271821949456
com_quality,2016-04-19,0.0005246099999999925,-0.007460834205045952,-0.003730417102522976,-0.0032058071025229833,121.59740323727333,125.91462755995175,96.57130834888673
com_quality,2016-04-20,0.0005246099999999925,-0.016509634153312733,-0.008254817076656366,-0.007730207076656374,120.65743013026551,125.98068363271597,95.7745478521375
com_quality,2016-04-22,0.0005246099999999925,0.011882478212052211,0.0059412391060261055,0.006465849106026098,121.4375828670087,126.04677435915654,96.34326898440538
com_quality,2016-04-25,0.0005246099999999925,0.00585123194987669,0.002925615974938345,0.0034502259749383374,121.85656996975015,126.1128997574531,96.62498460039461
com_quality,2016-04-26,0.0005246099999999925,-0.019290088523053556,-0.009645044261526778,-0.009120434261526785,120.74518513400592,126.17905984579487,95.69352100227267
com_quality,2016-04-27,0.0005246099999999925,-0.022644501579860365,-0.011322250789930183,-0.01079764078993019,119.44142199781531,126.24525464238059,94.61062305760423
com_quality,2016-04-28,0.0005246099999999925,-0.010456235505595282,-0.005228117752797641,-0.004703507752797649,118.87962834344341,126.31148416541853,94.1162469342516
com_quality,2016-04-29,0.0005246099999999925,0.00446452429022888,0.00223226214511444,0.0027568721451144327,119.207364279445,126.37774843312654,94.32622891087843
com_quality,2016-05-02,0.0005246099999999925,0.0,0.0,0.0005246099999999925,119.26990165481965,126.44404746373206,94.3262289108784
com_quality,2016-05-03,0.0005246099999999925,-0.0029705525875480254,-0.0014852762937740127,-0.0009606662937740202,119.15532308043812,126.510381275472,94.18620185878778
com_quality,2016-05-04,0.0005246099999999925,-0.0029849296189551483,-0.0014924648094775742,-0.0009678548094775816,119.03999802791986,126.57674988659294,94.04570597252207
com_quality,2016-05-05,0.0005246099999999925,-0.0007011023911705772,-0.0003505511955852886,0.00017405880441470395,119.06071798765414,126.64315331535094,94.012755424041
com_quality,2016-05-06,0.0005246099999999925,0.0033939651436538237,0.0016969825718269119,0.0022215925718269045,119.3252223943319,126.70959158001172,94.17220978017525
com_quality,2016-05-09,0.0005246099999999925,9.890071054655114e-05,4.945035527327557e-05,0.0005740603552732681,119.39372227389265,126.7760646988505,94.17686418765703
com_quality,2016-05-10,0.0005246099999999925,-0.022766876530245103,-0.011383438265122552,-0.010858828265122559,118.09724634778671,126.84257269015218,93.10536978485266
com_quality,2016-05-11,0.0005246099999999925,0.016915958864887573,0.008457979432443787,0.00898258943244378,119.15806542483105,126.90911557221116,93.89244018254168
com_quality,2016-05-12,0.0005246099999999925,-0.009799633405667071,-0.004899816702833536,-0.0043752067028335435,118.63672425828766,126.9756933633315,93.43262565916257
com_quality,2016-05-13,0.0005246099999999925,0.007343450525565842,0.003671725262782921,0.004196335262782913,119.13456372775377,127.04230608182685,93.77550471338283
com_quality,2016-05-16,0.0005246099999999925,-0.0017884389051837785,-0.0008942194525918892,-0.0003696094525918967,119.0905304668696,127.10895374602045,93.6916928014586
com_quality,2016-05-17,0.0005246099999999925,-0.003347410493186334,-0.001673705246593167,-0.0011490952465931744,118.95368410439586,127.17563637424516,93.53496274580911
com_quality,2016-05-18,0.0005246099999999925,0.009323458126441725,0.0046617290632208624,0.005186339063220855,119.57061824298052,127.24235398484345,93.97076877186919
com_quality,2016-05-19,0.0005246099999999925,-0.010398934797446982,-0.005199467398723491,-0.004674857398723499,119.01164265361737,127.30910659616742,93.48242701217742
com_quality,2016-05-20,0.0005246099999999925,0.0029669724384719376,0.0014834862192359688,0.0020080962192359614,119.25062948327516,127.37589422657885,93.62103418967934
com_quality,2016-05-23,0.0005246099999999925,0.0047416618760140194,0.0023708309380070097,0.0028954409380070024,119.59591263776414,127.44271689444906,93.84287745279016
com_quality,2016-05-24,0.0005246099999999925,0.013442329411345363,0.006721164705672682,0.007245774705672674,120.4624776764567,127.50957461815906,94.47328017303356
com_quality,2016-05-25,0.0005246099999999925,-0.009748005583015196,-0.004874002791507598,-0.004349392791507606,119.93853904440357,127.57646741609949,94.01305857859798
com_quality,2016-05-27,0.0005246099999999925,0.007001293175468451,0.0035006465877342255,0.004025256587734218,120.42132243881527,127.64339530667066,94.34199250928421
com_quality,2016-05-30,0.0005246099999999925,-0.015154186856179211,-0.0075770934280896055,-0.007052483428089613,119.57205305792688,127.71035830828251,93.62752923242888
com_quality,2016-05-31,0.0005246099999999925,0.022484954763286033,0.011242477381643017,0.01176708738164301,120.97906785466196,127.77735643935462,94.67958269435694
com_quality,2016-06-01,0.0005246099999999925,0.03396897640072574,0.01698448820036287,0.017509098200362862,123.09730223391762,127.84438971831626,96.28682377470138
com_quality,2016-06-02,0.0005246099999999925,0.0,0.0,0.0005246099999999925,123.16188030964254,127.91145816360641,96.28682377470135
com_quality,2016-06-03,0.0005246099999999925,0.0011730299928049137,0.0005865149964024569,0.0011111249964024495,123.29872855345852,127.97856179367362,96.34326782968549
com_quality,2016-06-06,0.0005246099999999925,-0.0038812927163652117,-0.0019406463581826058,-0.0014160363581826132,123.12413307090912,128.0457006269762,96.15639765180039
com_quality,2016-06-07,0.0005246099999999925,0.003272770668076269,0.0016363853340381346,0.002160995334038127,123.39020374798284,128.1128746819821,96.31366406715759
com_quality,2016-06-08,0.0005246099999999925,-0.009876428127777878,-0.004938214063888939,-0.004413604063888947,122.84560824327666,128.18008397716903,95.83829595957938
com_quality,2016-06-09,0.0005246099999999925,-0.013439153349903712,-0.006719576674951856,-0.006194966674951864,122.08458379404536,128.2473285310243,95.19464084938961
com_quality,2016-06-10,0.0005246099999999925,0.005853295705787437,0.0029266478528937184,0.003451257852893711,122.50592917258183,128.31460836204496,95.47309596030274
com_quality,2016-06-13,0.0005246099999999925,-0.017247471072805956,-0.008623735536402978,-0.008099125536402985,121.51373827325939,128.38192348873778,94.65019293305657
com_quality,2016-06-14,0.0005246099999999925,-0.008760695934006982,-0.004380347967003491,-0.0038557379670034982,121.04521313908667,128.4492739296192,94.23580954253627
com_quality,2016-06-15,0.0005246099999999925,0.0025128792632370667,0.0012564396316185333,0.001781049631618526,121.26080067135725,128.51665970321545,94.35414906626563
com_quality,2016-06-16,0.0005246099999999925,0.0103269365412397,0.00516346827061985,0.0056880782706198426,121.95054159673397,128.58408082806235,94.84108826799601
com_quality,2016-06-17,0.0005246099999999925,0.008897468614067913,0.004448734307033957,0.004973344307033949,122.5570436285238,128.65153732270556,95.26278984222745
com_quality,2016-06-20,0.0005246099999999925,0.0029991469951654304,0.0014995734975827152,0.002024183497582708,122.80512157374919,128.71902920570042,95.4055684940721
com_quality,2016-06-21,0.0005246099999999925,-0.011627997067899284,-0.005813998533949642,-0.00528938853394965,122.15555757178672,128.78655649561205,94.8511715009235
com_quality,2016-06-22,0.0005246099999999925,0.004733103924806664,0.002366551962403332,0.0028911619624033247,122.50872907333441,128.8541192110152,95.07552402939531
com_quality,2016-06-23,0.0005246099999999925,-0.00870915514497382,-0.00435457757248691,-0.0038299675724869178,122.03952461363696,128.9217173704945,94.6617273666317
com_quality,2016-06-24,0.0005246099999999925,-0.011248888191562334,-0.005624444095781167,-0.005099834095781175,121.41714328497942,128.98935099264423,94.12958693923761
com_quality,2016-06-27,0.0005246099999999925,-0.006807090011421671,-0.0034035450057108355,-0.002878935005710843,121.06759122088289,129.0570200960685,93.80938063714909
com_quality,2016-06-28,0.0005246099999999925,-0.013934003405163708,-0.006967001702581854,-0.006442391702581862,120.2876263757499,129.1247246993811,93.15615321217133
com_quality,2016-06-29,0.0005246099999999925,-0.01722045240755199,-0.008610226203775995,-0.008085616203776002,119.31502679481238,129.19246482120565,92.35447822745465
com_quality,2016-06-30,0.0005246099999999925,0.01741865079745543,0.008709325398727714,0.009233935398727708,120.41677404433312,129.2602404801755,93.15840168408268
com_quality,2016-07-01,0.0005246099999999925,0.0031682628342271785,0.0015841314171135892,0.002108741417113582,120.67070188307561,129.32805169493383,93.30589945615229
com_quality,2016-07-04,0.0005246099999999925,0.0,0.0,0.0005246099999999925,120.73400693999048,129.3958984841335,93.30589945615228
com_quality,2016-07-05,0.0005246099999999925,0.006485776129513343,0.0032428880647566716,0.003767498064756664,121.1888720774872,129.46378086643728,93.60832139029914
com_quality,2016-07-06,0.0005246099999999925,-0.006525814676484068,-0.003262907338242034,-0.0027382973382420414,120.85702091165287,129.53169886051762,93.30304626189933
com_quality,2016-07-07,0.0005246099999999925,0.007719428063348549,0.0038597140316742745,0.004384324031674267,121.3868972528324,129.59965248505685,93.66298051364652
com_quality,2016-07-08,0.0005246099999999925,-0.004728715794759961,-0.0023643578973799803,-0.0018397478973799877,121.16357596384204,129.66764175874704,93.44164382141905
com_quality,2016-07-11,0.0005246099999999925,-0.009196196785690336,-0.004598098392845168,-0.004073488392845176,120.67001754351772,129.7356667002901,93.01221523167143
com_quality,2016-07-12,0.0005246099999999925,-0.01521975164315785,-0.007609875821578925,-0.007085265821578933,119.8150383925273,129.80372732839774,92.30477495411245
com_quality,2016-07-13,0.0005246099999999925,-0.0017204364083521356,-0.0008602182041760678,-0.0003356082041760753,119.77482748265909,129.8718236617915,92.22541433973645
com_quality,2016-07-14,0.0005246099999999925,0.0020712195458700566,0.0010356097729350283,0.001560219772935021,119.9617025367974,129.9399557192027,92.32087380115162
com_quality,2016-07-15,0.0005246099999999925,0.004051948385964468,0.002025974192982234,0.002550584192982227,120.26767495905099,130.00812351937253,92.50781543749449
com_quality,2016-07-18,0.0005246099999999925,-0.002637352571607937,-0.0013186762858039686,-0.000794066285803976,120.17217445309399,130.07632708105203,92.3858915375227
com_quality,2016-07-19,0.0005246099999999925,0.003794451441663682,0.001897225720831841,0.0024218357208318337,120.46321171783451,130.14456642300203,92.5610765233942
com_quality,2016-07-20,0.0005246099999999925,-0.007851524936335702,-0.003925762468167851,-0.0034011524681678584,120.05349796797698,130.2128415639932,92.19789425221674
com_quality,2016-07-21,0.0005246099999999925,0.0024104907576182333,0.0012052453788091166,0.0017298553788091093,120.26117315718174,130.2811525228061,92.30895707353346
com_quality,2016-07-22,0.0005246099999999925,-0.0027863851184452976,-0.0013931925592226488,-0.0008685825592226563,120.15671639962578,130.3494993182311,92.18042035303797
com_quality,2016-07-25,0.0005246099999999925,0.006079856176968698,0.003039928088484349,0.0035645380884843417,120.58501959181945,130.41788196906845,92.46049527197421
com_quality,2016-07-26,0.0005246099999999925,-0.0012833749688960366,-0.0006416874844480183,-0.0001170774844480258,120.57090180106351,130.48630049412824,92.40119563853303
com_quality,2016-07-27,0.0005246099999999925,0.012614171984871608,0.006307085992435804,0.006831695992435796,121.39460554770221,130.55475491223046,92.98367235212042
com_quality,2016-07-28,0.0005246099999999925,-0.0004940010039244519,-0.00024700050196222595,0.0002776094980377666,121.42830584321278,130.623245242205,92.96071738078263
com_quality,2016-07-29,0.0005246099999999925,0.01331212020925289,0.006656060104626445,0.007180670104626437,122.30024244883657,130.6917715028915,93.57914506968845
com_quality,2016-08-01,0.0005246099999999925,-0.0124148472093311,-0.00620742360466555,-0.005682813604665558,121.60523296719444,130.76033371313963,92.99856425418007
com_quality,2016-08-02,0.0005246099999999925,0.0007274112344371336,0.0003637056172185668,0.0008883156172185593,121.7132567947747,130.8289318918089,93.03237061923538
com_quality,2016-08-03,0.0005246099999999925,0.0,0.0,0.0005246099999999925,121.7771087864218,130.89756605776867,93.0323706192354
com_quality,2016-08-04,0.0005246099999999925,0.014560954195776216,0.007280477097888108,0.0078050870978881,122.72758972702881,130.96623622989824,93.70933552033418
com_quality,2016-08-05,0.0005246099999999925,0.008036125027018962,0.004018062513509481,0.004542672513509473,123.28510097553105,131.03494242708683,94.08566806074029
com_quality,2016-08-08,0.0005246099999999925,0.00894281934686357,0.004471409673431785,0.004996019673431777,123.90103576544583,131.1036846682335,94.50614304165863
com_quality,2016-08-09,0.0005246099999999925,0.010002898136758795,0.0050014490683793975,0.00552605906837939,124.58572020771908,131.17246297224733,94.97856286656611
com_quality,2016-08-10,0.0005246099999999925,0.002780488181009566,0.001390244090504783,0.0019148540905047757,124.82428368367731,131.24127735804717,95.11053701735676
com_quality,2016-08-11,0.0005246099999999925,-0.0007391712053956973,-0.0003695856026978486,0.0001550243973021439,124.84363449302403,131.310127844562,95.0754039633617
com_quality,2016-08-12,0.0005246099999999925,0.03342948898006322,0.01671474449003161,0.0172393544900316,126.9958581638732,131.37901445073055,96.66373179523194
com_quality,2016-08-15,0.0005246099999999925,-0.00014165595257809027,-7.082797628904514e-05,0.0004537820237109474,127.0534866013937,131.44793719550154,96.6568888885856
com_quality,2016-08-16,0.0005246099999999925,0.00883623990185127,0.004418119950925635,0.004942729950925627,127.68147767498795,131.5168960978337,97.08370670488404
com_quality,2016-08-17,0.0005246099999999925,-0.01840588289976372,-0.00920294144988186,-0.008678331449881867,126.5734154917137,131.58589117669555,96.19071950635572
com_quality,2016-08-18,0.0005246099999999925,0.0013889541628642893,0.0006944770814321446,0.0012190870814321373,126.7277195073924,131.65492245106577,96.25748672974628
com_quality,2016-08-19,0.0005246099999999925,-0.005332037926481875,-0.0026660189632409376,-0.002141408963240945,126.45634363294818,131.72398993993284,96.00099700184701
com_quality,2016-08-22,0.0005246099999999925,0.0029669313067527403,0.0014834656533763702,0.002008075653376363,126.7102775378125,131.79309366229523,96.14333651085931
com_quality,2016-08-23,0.0005246099999999925,0.0035249031091516836,0.0017624515545758418,0.0022870615545758344,127.00007174213886,131.8622336371614,96.3126956362642
com_quality,2016-08-24,0.0005246099999999925,-0.0007255724640608807,-0.00036278623203044036,0.00016182376796955217,127.02062337228055,131.9314098835498,96.27777303706237
com_quality,2016-08-25,0.0005246099999999925,-0.01139264729572989,-0.005696323647864945,-0.005171713647864953,126.36370908082581,132.0006224204888,95.72963124241447
com_quality,2016-08-26,0.0005246099999999925,0.006813313415042571,0.0034066567075212856,0.003931266707521278,126.86047852337417,132.06987126701682,96.05557823774176
com_quality,2016-08-29,0.0005246099999999925,0.00781368495167531,0.003906842475837655,0.004431452475837647,127.4226547050125,132.13915644218224,96.43065548156919
com_quality,2016-08-30,0.0005246099999999925,-0.00020798913527797502,-0.00010399456763898751,0.000420615432361005,127.47625064001384,132.2084779650434,96.4206324754145
com_quality,2016-08-31,0.0005246099999999925,0.002449360537780332,0.001224680268890166,0.0017492902688901585,127.69924360477303,132.27783585466864,96.53865500572142
com_quality,2016-09-01,0.0005246099999999925,0.011358123672693315,0.005679061836346658,0.00620367183634665,128.49144780584675,132.34723013013635,97.08661653100089
com_quality,2016-09-02,0.0005246099999999925,0.0,0.0,0.0005246099999999925,128.55885570428015,132.41666081053495,97.08661653100084
com_quality,2016-09-05,0.0005246099999999925,-0.018802971322356407,-0.009401485661178204,-0.00887687566117821,127.41765472704991,132.48612791496274,96.1743366889203
com_quality,2016-09-06,0.0005246099999999925,0.004814128763455744,0.002407064381727872,0.0029316743817278646,127.79120180119304,132.55563146252823,96.40571312680741
com_quality,2016-09-08,0.0005246099999999925,-0.008370452195460565,-0.004185226097730282,-0.00366061609773029,127.32340727073128,132.6251714723498,96.00244497876193
com_quality,2016-09-09,0.0005246099999999925,0.0036076587125864618,0.0018038293562932309,0.0023284393562932235,127.6198721031978,132.6947479635559,96.17552620714734
com_quality,2016-09-12,0.0005246099999999925,0.00025297712661798144,0.00012648856330899072,0.0006510985633089832,127.70296521857387,132.76436095528504,96.18768493269376
com_quality,2016-09-13,0.0005246099999999925,0.0014511978204102688,0.0007255989102051344,0.001250208910205127,127.86262060354974,132.8340104666858,96.25744201679218
com_quality,2016-09-14,0.0005246099999999925,0.005431261851764471,0.0027156309258822356,0.0032402409258822282,128.27692629971992,132.90369651691677,96.51870464219337
com_quality,2016-09-15,0.0005246099999999925,-0.0012090399015697861,-0.0006045199507848931,-7.990995078490054e-05,128.26667569685247,132.9734191251465,96.46038775323636
com_quality,2016-09-16,0.0005246099999999925,0.0052362319270788105,0.0026181159635394052,0.003142725963539398,128.66978270882186,133.04317831055377,96.71279981636985
com_quality,2016-09-19,0.0005246099999999925,0.000357194429881455,0.0001785972149407275,0.00070320721494072,128.76026422836756,133.11297409232728,96.73006339641944
com_quality,2016-09-20,0.0005246099999999925,0.010284252196948868,0.005142126098474434,0.005666736098474426,129.48991466571954,133.18280648966584,97.2272007766762
com_quality,2016-09-21,0.0005246099999999925,-0.014971143467475842,-0.007485571733737921,-0.006960961733737929,128.58854032482648,133.2526755217784,96.4997812023747
com_quality,2016-09-22,0.0005246099999999925,-0.0010591779030823534,-0.0005295889515411767,-4.978951541184163e-06,128.58790008871546,133.32258120788387,96.44870278067461
com_quality,2016-09-23,0.0005246099999999925,-0.003297458553939009,-0.0016487292769695044,-0.0011241192769695118,128.4433519514407,133.39252356721133,96.2897683592612
com_quality,2016-09-26,0.0005246099999999925,-0.0031825268026338255,-0.0015912634013169127,-0.00106665340131692,128.30634741320515,133.46250261899993,96.13662631479777
com_quality,2016-09-27,0.0005246099999999925,0.025874054842794453,0.012937027421397226,0.01346163742139722,130.03356094094553,133.53251838249892,97.37969635865718
com_quality,2016-09-28,0.0005246099999999925,-0.005457632287757877,-0.0027288161438789385,-0.002204206143878946,129.74694016700906,133.60257087696758,97.11410440334332
com_quality,2016-09-29,0.0005246099999999925,0.013046134765493489,0.0065230673827467445,0.007047677382746737,130.66135474270467,133.67266012167534,97.74725409352247
com_quality,2016-09-30,0.0005246099999999925,0.006861679955009706,0.003430839977504853,0.003955449977504845,131.17817919538246,133.74278613590178,98.08243344211976
com_quality,2016-10-03,0.0005246099999999925,-0.003060971537795207,-0.0015304857688976034,-0.0010058757688976108,131.0462302435217,133.81294893893653,97.9323983834499
com_quality,2016-10-04,0.0005246099999999925,0.011438215871460225,0.0057191079357301125,0.006243717935730105,131.86444594170302,133.8831485500794,98.49219066757959
com_quality,2016-10-05,0.0005246099999999925,0.0,0.0,0.0005246099999999925,131.9336233486885,133.95338498864024,98.4921906675796
com_quality,2016-10-06,0.0005246099999999925,-0.004862271350350634,-0.002431135675175317,-0.0019065256751753246,131.68208850835532,134.02365827393913,98.25286834000775
com_quality,2016-10-07,0.0005246099999999925,0.004070287710491258,0.002035143855245629,0.002559753855245622,132.01916224208136,134.09396842530623,98.45272221592832
com_quality,2016-10-10,0.0005246099999999925,0.015439868367364853,0.007719934183682426,0.00824454418368242,133.10760005827896,134.16431546208182,99.21237223164493
com_quality,2016-10-11,0.0005246099999999925,-0.0030404644120146174,-0.0015202322060073087,-0.000995622206007316,132.9750751758726,134.2346994036164,99.06162547140188
com_quality,2016-10-13,0.0005246099999999925,-0.003279585385222027,-0.0016397926926110134,-0.0011151826926110208,132.82678367348782,134.30512026927053,98.89927011507919
com_quality,2016-10-14,0.0005246099999999925,-0.022591891000224247,-0.011295945500112124,-0.01077133550011213,131.39606182313986,134.375578078415,97.7826951162685
com_quality,2016-10-17,0.0005246099999999925,-0.0007081323656173803,-0.00035406618280869016,0.00017054381719130236,131.41847060908708,134.44607285043074,97.74809172394956
com_quality,2016-10-18,0.0005246099999999925,0.00654982714032223,0.003274913570161115,0.0037995235701611075,131.9177981857208,134.5166046047088,98.0680404277042
com_quality,2016-10-19,0.0005159099999999867,0.016259002671665326,0.008129501335832663,0.00864541133583265,133.05828181355375,134.58600306619041,98.86487359916222
com_quality,2016-10-20,0.0005159099999999867,-0.0003376507957421858,-0.0001688253978710929,0.00034708460212889384,133.10446429435697,134.65543733103232,98.8481913041042
com_quality,2016-10-21,0.0005159099999999867,0.0032679948502796524,0.0016339974251398262,0.002149907425139813,133.39062657046264,134.72490741770577,99.00962570855123
com_quality,2016-10-24,0.0005159099999999867,0.00708776722700293,0.003543883613501465,0.004059793613501452,133.93216498431437,134.79441334469163,99.36032337024803
com_quality,2016-10-25,0.0005159099999999867,-0.010435206268495272,-0.005217603134247636,-0.004701693134247649,133.3024570437527,134.8639551304803,98.84216795717073
com_quality,2016-10-26,0.0005159099999999867,0.0026553919347120283,0.0013276959673560141,0.0018436059673560008,133.54821424902178,134.9335327935717,98.97333263580282
com_quality,2016-10-27,0.0005159099999999867,-0.0144895647842128,-0.0072447823921064,-0.006728872392106414,132.64958535714644,135.0031463524752,98.2566621157229
com_quality,2016-10-28,0.0005159099999999867,-0.013184753959383804,-0.006592376979691902,-0.006076466979691915,131.84354453185392,135.07279582570993,97.60925116407388
com_quality,2016-10-31,0.0005159099999999867,-0.0012810942626855053,-0.0006405471313427526,-0.0001246371313427659,131.8271119306774,135.14248123180437,97.54676007802443
com_quality,2016-11-01,0.0005159099999999867,-2.951507811896001e-05,-1.4757539059480004e-05,0.0005011524609405067,131.8931774122401,135.21220258929668,97.54532127019776
com_quality,2016-11-03,0.0005159099999999867,0.0070041963934791875,0.0035020981967395937,0.00401800819673958,132.42312528017652,135.28195991673454,97.88675841308212
com_quality,2016-11-04,0.0005159099999999867,0.01920473587028128,0.00960236793514064,0.010118277935140628,133.76301926680128,135.35175323267518,98.82621840653752
com_quality,2016-11-07,0.0005159099999999867,0.010735928357642095,0.005367964178821048,0.005883874178821034,134.55006404194634,135.42158255568546,99.35644046001252
com_quality,2016-11-08,0.0005159099999999867,0.0,0.0,0.0005159099999999867,134.61947976548623,135.49144790434178,99.35644046001252
com_quality,2016-11-09,0.0005159099999999867,-0.008695993500386488,-0.004347996750193244,-0.0038320867501932575,134.10360624075898,135.56134929723012,98.92466173874169
com_quality,2016-11-10,0.0005159099999999867,-0.009759763457105625,-0.004879881728552813,-0.004363971728552826,133.51838189442734,135.63128675294607,98.44217001172642
com_quality,2016-11-11,0.0005159099999999867,0.022329489769610054,0.011164744884805027,0.011680654884805014,135.0779640341137,135.7012602900948,99.54068499095096
com_quality,2016-11-14,0.0005159099999999867,-0.028275091420199523,-0.014137545710099762,-0.013621635710099774,133.23798121557905,135.77126992729106,98.13414965252322
com_quality,2016-11-16,0.0005159099999999867,0.006730464118580519,0.0033652320592902595,0.003881142059290246,133.7550967483698,135.84131568315928,98.4642235506203
com_quality,2016-11-17,0.0005159099999999867,-0.007311002160153806,-0.003655501080076903,-0.003139591080076916,133.33516043970377,135.91139757633337,98.1044730739505
com_quality,2016-11-18,0.0005159099999999867,-0.012422679747609246,-0.006211339873804623,-0.005695429873804636,132.57575938370692,135.981515625457,97.49542706147592
com_quality,2016-11-21,0.0005159099999999867,0.00751982674818763,0.003759913374093815,0.004275823374093802,133.14262991451804,136.05166984918333,97.86181239973752
com_quality,2016-11-22,0.0005159099999999867,-0.00520174712540484,-0.00260087356270242,-0.0020849635627024333,132.8650323825039,136.12186026617522,97.60741744397053
com_quality,2016-11-23,0.0005159099999999867,0.012830258508360694,0.006415129254180347,0.006931039254180334,133.785925137455,136.19208689510515,98.23325876524429
com_quality,2016-11-24,0.0005159099999999867,0.0013051099590177173,0.0006525549795088586,0.0011684649795088453,133.94224930572932,136.26234975465522,98.2973283132844
com_quality,2016-11-25,0.0005159099999999867,0.017361545822421158,0.008680772911210579,0.009196682911210566,135.1740737010084,136.33264886351714,99.15018510080549
com_quality,2016-11-28,0.0005159099999999867,-0.0068112487249059675,-0.0034056243624529837,-0.002889714362452997,134.78345923880335,136.40298424039236,98.81269093150132
com_quality,2016-11-29,0.0005159099999999867,0.0064677459971014106,0.0032338729985507053,0.003749782998550692,135.28886796274287,136.4733559039918,99.13207385177645
com_quality,2016-11-30,0.0005071799999999735,0.0029399522152030594,0.0014699761076015297,0.001977156107601503,135.5563551743259,136.5425724606392,99.27772176212835
com_quality,2016-12-01,0.0005071799999999735,-0.017106185858798417,-0.008553092929399209,-0.008045912929399235,134.46568054356652,136.61182412253982,98.42902062631985
com_quality,2016-12-02,0.0005071799999999735,-0.015153921960384866,-0.007576960980192433,-0.00706978098019246,133.515037632771,136.6811109074983,97.68360583718844
com_quality,2016-12-05,0.0005071799999999735,0.0021369858493536543,0.0010684929246768272,0.0015756729246768006,133.72541366260614,136.75043283332835,97.78792716918922
com_quality,2016-12-06,0.0005071799999999735,0.012798037440753838,0.006399018720376919,0.006906198720376892,134.6489479433247,136.81978991785277,98.41335674040178
com_quality,2016-12-07,0.0005071799999999735,0.008256533076162509,0.004128266538081254,0.004635446538081228,135.27310594292484,136.88918217890333,98.81942735703805
com_quality,2016-12-08,0.0005071799999999735,-0.007691909498606082,-0.003845954749303041,-0.0033387747493030676,134.82145951254282,136.9586096343208,98.4395649696765
com_quality,2016-12-09,0.0005071799999999735,0.0,0.0,0.0005071799999999735,134.88983826037838,137.02807230195515,98.43956496967647
com_quality,2016-12-12,0.0005071799999999735,-0.008872733035997591,-0.0044363665179987955,-0.003929186517998822,134.3598309264707,137.09757019966526,98.00307235992047
com_quality,2016-12-13,0.0005071799999999735,-0.00472195981714274,-0.00236097990857137,-0.0018537999085713967,134.11075468418352,137.16710334531913,97.77180636858589
com_quality,2016-12-14,0.0005071799999999735,0.013656076254244127,0.0068280381271220636,0.007335218127122037,135.09448632298495,137.23667175679384,98.43905757376193
com_quality,2016-12-15,0.0005071799999999735,-0.013973981341524453,-0.006986990670762226,-0.006479810670762253,134.21909962894813,137.30627545197544,97.7516134547637
com_quality,2016-12-16,0.0005071799999999735,-0.005470607163884479,-0.0027353035819422393,-0.002228123581942266,133.92004288791782,137.37591444875918,97.48436865755649
com_quality,2016-12-19,0.0005071799999999735,-0.002294077521550293,-0.0011470387607751464,-0.0006398587607751729,133.83435297523258,137.4455887650493,97.3726069914184
com_quality,2016-12-20,0.0005071799999999735,-0.0035683234329196363,-0.0017841617164598182,-0.0012769817164598445,133.66344895344898,137.5152984187592,97.19896658073588
com_quality,2016-12-21,0.0005071799999999735,0.024568788489418156,0.012284394244709078,0.012791574244709052,135.37321488454091,137.58504342781123,98.39239172502728
com_quality,2016-12-22,0.0005071799999999735,-0.0157215469551385,-0.00786077347756925,-0.007353593477569276,134.37773529452838,137.65482381013695,97.61934349636118
com_quality,2016-12-23,0.0005071799999999735,0.0003242195953559691,0.00016210979767798455,0.0006692897976779581,134.46767294179605,137.72463958367698,97.63516052630357
com_quality,2016-12-26,0.0005071799999999735,-0.004197950715025219,-0.0020989753575126097,-0.0015917953575126363,134.25362792427177,137.79449076638105,97.43033061596599
com_quality,2016-12-27,0.0005071799999999735,0.003939496481651941,0.0019697482408259706,0.002476928240825944,134.58616452671072,137.86437737620793,97.62214655309286
com_quality,2016-12-28,0.0005071799999999735,-0.0025154273743743004,-0.0012577136871871502,-0.0007505336871871767,134.48515307640412,137.9342994311256,97.49942808355384
com_quality,2016-12-29,0.0010146172315523472,-0.008973207864413373,-0.0044866039322066864,-0.003471986700654339,134.01822241348736,138.07424994815054,97.062430151758
com_quality,2017-01-02,0.0005071799999999735,0.004920909287753652,0.002460454643876826,0.0029676346438767993,134.4159395332324,138.14427844623924,97.30112679660652
com_quality,2017-01-03,0.0005071799999999735,0.0019417632414392909,0.0009708816207196454,0.001478061620719619,134.61461457466945,138.21434246138162,97.39554678435925
com_quality,2017-01-04,0.0005071799999999735,-0.006448295922292504,-0.003224147961146252,-0.0027169679611462787,134.24887097976804,138.2844420115912,97.08168831350898
com_quality,2017-01-05,0.0005071799999999735,-0.010461924457182081,-0.005230962228591041,-0.004723782228591067,133.6147085488254,138.35457711489065,96.57411509983568
com_quality,2017-01-06,0.0005071799999999735,0.010078747853094656,0.005039373926547328,0.005546553926547302,134.35580973517136,138.4247477893118,97.06054147172186
com_quality,2017-01-09,0.0005071799999999735,-0.013363803884121932,-0.006681901942060966,-0.006174721942060993,133.52619996875623,138.4949540528956,96.412321215514
com_quality,2017-01-10,0.0005071799999999735,-0.0017392333325014601,-0.0008696166662507301,-0.00036243666625075655,133.47780517798242,138.56519592369213,96.32852195546178
com_quality,2017-01-11,0.0004808900000000168,0.0,0.0,0.0004808900000000168,133.54199331971446,138.63183054075986,96.3285219554618
com_quality,2017-01-12,0.0004808900000000168,0.0034323584773768845,0.0017161792386884422,0.002197069238688459,133.83539432531035,138.6984972017486,96.49375950385067
com_quality,2017-01-13,0.0004808900000000168,0.012599941999538428,0.006299970999769214,0.006780860999769231,134.74291353107958,138.76519592206796,97.10137519407435
com_quality,2017-01-16,0.0004808900000000168,-0.007401534267237428,-0.003700767133618714,-0.003219877133618697,134.3090579048837,138.8319267171349,96.742198340684
com_quality,2017-01-17,0.0004808900000000168,-0.002688776352489472,-0.001344388176244736,-0.0008634981762447192,134.19308227832968,138.8986896023739,96.61220178713349
com_quality,2017-01-18,0.0004808900000000168,-0.004276342917984566,-0.002138171458992283,-0.001657281458992266,133.9706865711448,138.9654845932168,96.40572762604118
com_quality,2017-01-19,0.0004808900000000168,-0.008711585931842097,-0.004355792965921049,-0.003874902965921032,133.4515631604038,139.0323117051028,95.98600607566954
com_quality,2017-01-20,0.0004808900000000168,-0.004101088374103917,-0.0020505441870519586,-0.0015696541870519418,133.24209035552045,139.09917095347868,95.78927713385357
com_quality,2017-01-23,0.0004808900000000168,0.003185075275200566,0.001592537637600283,0.0020734276376003,133.51835818815522,139.16606235379848,95.94175183940662
com_quality,2017-01-24,0.0009620112551921335,-0.01057151181991689,-0.005285755909958445,-0.0043237446547663115,132.941058900626,139.29994167212362,95.43511454838595
com_quality,2017-01-26,0.0004808900000000168,-0.010003078434225529,-0.0050015392171127646,-0.004520649217112748,132.34007900678475,139.36692962107432,94.958021509554
com_quality,2017-01-27,0.0004808900000000168,0.0026421561238424013,0.0013210780619212006,0.0018019680619212174,132.5785516024671,139.43394978385982,95.08340817138189
com_quality,2017-01-30,0.0004808900000000168,-0.0268709117274189,-0.01343545586370945,-0.012954565863709433,130.86105402361773,139.50100217597137,93.80653327389368
com_quality,2017-01-31,0.0004808900000000168,-0.01176458097960599,-0.005882290489802995,-0.005401400489802978,130.15422106231844,139.56808681290775,93.25500122158394
com_quality,2017-02-01,0.0004808900000000168,0.01836812301845095,0.009184061509225475,0.009664951509225491,131.41215529760677,139.6352037101752,94.11104922392202
com_quality,2017-02-02,0.0004808900000000168,0.0023851919762521434,0.0011925959881260717,0.0016734859881260885,131.63207169816675,139.7023528832874,94.22323173621645
com_quality,2017-02-03,0.0004808900000000168,-0.011735202910184095,-0.0058676014550920474,-0.005386711455092031,130.92300770969274,139.76953434776544,93.67063310373392
com_quality,2017-02-06,0.0004808900000000168,-0.006416425757565486,-0.003208212878782743,-0.002727322878782726,130.56593839540704,139.83674811913792,93.37026221760225
com_quality,2017-02-07,0.0004808900000000168,-0.00025864162615438224,-0.00012932081307719112,0.00035156918692282567,130.61184135620854,139.90399421294092,93.3581933031953
com_quality,2017-02-08,0.0004808900000000168,-0.0038596266988807637,-0.0019298133494403819,-0.001448923349440365,130.4225948095541,139.97127264471797,93.17811601284731
com_quality,2017-02-09,0.0004808900000000168,-0.011286159933110149,-0.005643079966555074,-0.0051621899665550575,129.74932859921614,140.03858343002008,92.65255718903663
com_quality,2017-02-10,0.0004808900000000168,-0.001008866190891744,-0.000504433095445872,-2.3543095445855214e-05,129.74627389838892,140.10592658440575,92.60584263737356
com_quality,2017-02-13,0.0004808900000000168,0.0,0.0,0.0004808900000000168,129.8086675840439,140.17330212344092,92.60584263737354
com_quality,2017-02-14,0.0004808900000000168,-0.0017797562136661338,-0.0008898781068330669,-0.0004089881068330501,129.75557738283817,140.24071006269907,92.52347433553838
com_quality,2017-02-15,0.0004808900000000168,0.00627092512868585,0.003135462564342925,0.003616352564342942,130.2248192978444,140.3081504177611,92.81343878463649
com_quality,2017-02-16,0.0004808900000000168,0.008048820478488705,0.004024410239244353,0.004505300239244369,130.81152120738253,140.37562320421551,93.18677860263577
com_quality,2017-02-17,0.0004808900000000168,-0.012018183312941771,-0.006009091656470886,-0.005528201656470869,130.0883687391584,140.44312843765817,92.62707986236849
com_quality,2017-02-20,0.0004808900000000168,-0.012897131317770774,-0.006448565658885387,-0.00596767565888537,129.31204354752964,140.51066613369255,92.03005515929468
com_quality,2017-02-21,0.0004808900000000168,0.00257591883766424,0.00128795941883212,0.0017688494188321368,129.54077708060666,140.5782363079296,92.14852916268921
com_quality,2017-02-22,0.0004544200000000056,-0.013969540295952168,-0.006984770147976084,-0.006530350147976078,128.6948304478294,140.64211787007264,91.5051852153703
com_quality,2017-02-23,0.0004544200000000056,-0.008108833717523245,-0.0040544168587616225,-0.0035999968587616168,128.23152946247833,140.70602846127517,91.13435356308842
com_quality,2017-02-24,0.0004544200000000056,-0.008123332257692503,-0.004061666128846252,-0.003607246128846246,127.76896677422877,140.76996809472854,90.76436437653308
com_quality,2017-03-01,0.0004544200000000056,-0.004627310984554045,-0.0023136554922770225,-0.0018592354922770168,127.53141417639056,140.83393678363018,90.55446229009637
com_quality,2017-03-02,0.0004544200000000056,0.0014556349333958718,0.0007278174666979359,0.0011822374666979416,127.68218659241084,140.8979345411834,90.62033947352884
com_quality,2017-03-03,0.0004544200000000056,-0.0021976139658843596,-0.0010988069829421798,-0.0006443869829421742,127.59990985341709,140.96196138059761,90.52081043970227
com_quality,2017-03-06,0.0004544200000000056,0.0029345802602309262,0.0014672901301154631,0.0019217101301154688,127.84511989278423,141.02601731508818,90.65357040264814
com_quality,2017-03-07,0.0004544200000000056,0.005302581912085436,0.002651290956042718,0.0031057109560427235,128.24216988231183,141.09010235787653,90.89381022420993
com_quality,2017-03-08,0.0004544200000000056,0.03127214725408435,0.015636073627042175,0.01609049362704218,130.3056496995212,141.15421652219,92.31438699462204
com_quality,2017-03-09,0.0004544200000000056,0.011062513872057464,0.005531256936028732,0.005985676936028738,131.08561722156188,141.21835982126203,92.82476965989053
com_quality,2017-03-10,0.0004544200000000056,-0.009016831431163011,-0.0045084157155815055,-0.0040539957155815,130.5541966909713,141.282532268332,92.40646709461237
com_quality,2017-03-13,0.0004544200000000056,-0.0050388422178844205,-0.0025194211089422103,-0.0020650011089422046,130.28460213002737,141.34673387664537,92.17376203664385
com_quality,2017-03-14,0.0004544200000000056,0.02225376432073975,0.011126882160369875,0.01158130216036988,131.7934674741388,141.4109646594536,93.19890278064668
com_quality,2017-03-15,0.0004544200000000056,-0.008637560882362269,-0.0043187804411811345,-0.003864360441181129,131.28417001202564,141.4752246300142,92.79658000569344
com_quality,2017-03-16,0.0004544200000000056,0.03240111271314519,0.016200556356572596,0.0166549763565726,133.4707047595682,141.53951380159054,94.29925338493592
com_quality,2017-03-17,0.0004544200000000056,0.0,0.0,0.0004544200000000056,133.53135651722505,141.6038321874523,94.2992533849359
com_quality,2017-03-20,0.0004544200000000056,0.012857255910877094,0.006428627955438547,0.006883047955438553,134.45045924768786,141.66817980087492,94.90519285041137
com_quality,2017-03-21,0.0004544200000000056,-0.0029325396787095864,-0.0014662698393547932,-0.0010118498393547875,134.31441557209692,141.73255665514003,94.76609943536633
com_quality,2017-03-22,0.0004544200000000056,-0.011079562277382257,-0.005539781138691129,-0.005085361138691123,133.63137826278057,141.79696276353528,94.24135443974785
com_quality,2017-03-23,0.0004544200000000056,0.015581544448927565,0.007790772224463782,0.008245192224463788,134.73319466377723,141.8613981393543,94.97523387681909
com_quality,2017-03-24,0.0004544200000000056,0.003985118221247835,0.0019925591106239177,0.0024469791106239234,135.06288397662712,141.9258627958968,95.16439168727176
com_quality,2017-03-27,0.0004544200000000056,0.01708195182821591,0.008540975914107955,0.008995395914107961,136.27782809129812,141.9903567464685,95.97681928120625
com_quality,2017-03-28,0.0004544200000000056,0.00434194759073718,0.00217097379536859,0.002625393795368596,136.63561105561533,142.05488000438123,96.18508779944852
com_quality,2017-03-29,0.0004544200000000056,-0.002269223333968756,-0.001134611666984378,-0.0006801916669843725,136.54267265156196,142.11943258295287,96.07600464620779
com_quality,2017-03-30,0.0004544200000000056,-0.0032777337099272608,-0.0016388668549636304,-0.0011844468549636247,136.38094511237148,142.18401449550723,95.91862038519167
com_quality,2017-03-31,0.0004544200000000056,-0.002757345927974858,-0.001378672963987429,-0.0009242529639874234,136.25489461961996,142.24862575537426,95.78644004191523
com_quality,2017-04-03,0.0004544200000000056,0.002084409201883991,0.0010422046009419955,0.0014966246009420012,136.45881704690646,142.31326637589004,95.88622376671455
com_quality,2017-04-04,0.0004544200000000056,0.007778346838905853,0.0038891734194529265,0.004343593419452932,137.05153866665773,142.37793637039658,96.25897253498448
com_quality,2017-04-05,0.0004544200000000056,0.01485402422625276,0.00742701211312638,0.007881432113126386,138.1317010646585,142.442635752242,96.97356436517943
com_quality,2017-04-06,0.0004544200000000056,0.0021147248218222336,0.0010573624109111168,0.0015117824109111225,138.34052614071732,142.50736453478055,97.0760539936543
com_quality,2017-04-07,0.0004544200000000056,0.0006749572883523042,0.0003374786441761521,0.0007918986441761577,138.45007781580276,142.57212273137245,97.10880020820322
com_quality,2017-04-10,0.0004544200000000056,-0.009702262905737974,-0.004851131452868987,-0.004396711452868981,137.84135277301942,142.63691035538406,96.63792662753535
com_quality,2017-04-11,0.0004544200000000056,0.013342609005719278,0.006671304502859639,0.0071257245028596445,138.82357227798144,142.70172742018775,97.282334830617
com_quality,2017-04-12,0.0004188600000000251,0.011349102883786932,0.005674551441893466,0.006093411441893491,139.66948142170466,142.761499465735,97.83413731601182
com_quality,2017-04-13,0.0004188600000000251,-0.02900901147137802,-0.01450450573568901,-0.014085645735688986,137.70214658631116,142.82129654740123,96.41569563864653
com_quality,2017-04-17,0.0004188600000000251,0.001481903846093549,0.0007409519230467745,0.0011598119230467998,137.86185517775107,142.8811186756731,96.48710512316515
com_quality,2017-04-18,0.0004188600000000251,-0.013189686020871796,-0.006594843010435898,-0.006175983010435873,137.0104227023861,142.9409658610416,95.85105422862415
com_quality,2017-04-19,0.0004188600000000251,0.0,0.0,0.0004188600000000251,137.06781088803922,143.0008381140022,95.85105422862411
com_quality,2017-04-20,0.0004188600000000251,0.005054715917730573,0.0025273579588652867,0.002946217958865312,137.47164253405992,143.06073544505463,96.0932027270744
com_quality,2017-04-24,0.0004188600000000251,0.002876689666733434,0.001438344833366717,0.0018572048333667423,137.72695553302503,143.1206578647032,96.23136002017472
com_quality,2017-04-25,0.0004188600000000251,-0.002969274913094011,-0.0014846374565470055,-0.0010657774565469803,137.58016924865908,143.1806053834564,96.08855115551536
com_quality,2017-04-26,0.0004188600000000251,-0.01161228465830487,-0.005806142329152435,-0.0053872823291524095,136.83898603402397,143.24057801182735,95.53088093705207
com_quality,2017-04-27,0.0004188600000000251,0.0017434150479396088,0.0008717075239698044,0.0012905675239698296,137.01558598541246,143.3005757603334,95.61412105877898
com_quality,2017-04-28,0.0004188600000000251,0.011405445291182453,0.005702722645591227,0.006121582645591252,137.85433821875625,143.3605986394964,96.15915357985736
com_quality,2017-05-02,0.0004188600000000251,-0.010785993204098884,-0.005392996602049442,-0.004974136602049417,137.16863190927106,143.42064665984256,95.64078471532785
com_quality,2017-05-03,0.0004188600000000251,-0.0011347681722674863,-0.0005673840861337431,-0.00014852408613371803,137.14825906357052,143.48071983190252,95.58654237604124
com_quality,2017-05-04,0.0004188600000000251,-0.01333487630375138,-0.00666743815187569,-0.006248578151875665,136.2912774484181,143.54081816621132,94.94949185158
com_quality,2017-05-05,0.0004188600000000251,-0.007317243956537031,-0.0036586219782685156,-0.0032397619782684904,135.8497261497711,143.60094167330843,94.60225299833249
com_quality,2017-05-08,0.0004188600000000251,0.016559460728680142,0.008279730364340071,0.008698590364340095,137.03142726865573,143.66109036373774,95.38520619724083
com_quality,2017-05-09,0.0004188600000000251,0.00736105508155685,0.003680527540778425,0.00409938754077845,137.59317219429593,143.7212642480475,95.7361270889079
com_quality,2017-05-10,0.0004188600000000251,0.012672967089026446,0.006336483544513223,0.006755343544513248,138.5226613418478,143.78146333679044,96.34250349600036
com_quality,2017-05-11,0.0004188600000000251,-0.004584767557513997,-0.0022923837787569984,-0.0018735237787569732,138.26313584192712,143.84168764052373,96.1217419719532
com_quality,2017-05-12,0.0004188600000000251,0.012170901871928139,0.006085450935964069,0.0065043109359640945,139.16244226842446,143.90193716980886,96.70644120948027
com_quality,2017-05-15,0.0004188600000000251,0.006573428180627616,0.003286714090313808,0.0037055740903138333,139.67811900883913,143.96221193521183,97.02415455501567
com_quality,2017-05-16,0.0004188600000000251,-0.004571363895099434,-0.002285681947549717,-0.0018668219475496918,139.41736483068098,144.02251194730303,96.8024810466387
com_quality,2017-05-17,0.0004188600000000251,0.04052341803362669,0.020261709016813345,0.02068056901681337,142.30059526620414,144.08283721665728,98.76304354850177
com_quality,2017-05-18,0.0004188600000000251,0.00438437451107461,0.002192187255537305,0.00261104725553733,142.6721488449353,144.14318775385388,98.97945998569797
com_quality,2017-05-19,0.0004188600000000251,0.03059050825439917,0.015295254127199585,0.01571411412719961,144.91411527465743,144.20356356947647,100.49274212619484
com_quality,2017-05-22,0.0004188600000000251,-0.0005460125649667941,-0.00027300628248339703,0.00014585371751662808,144.93525153709086,144.2639646741132,100.46531846292598
com_quality,2017-05-23,0.0004188600000000251,0.0,0.0,0.0004188600000000251,144.9959591165497,144.32439107835663,100.46531846292596
com_quality,2017-05-24,0.0004188600000000251,-0.005310464427263725,-0.0026552322136318626,-0.0022363722136318374,144.67169418249256,144.38484279280374,100.19867140077886
com_quality,2017-05-25,0.0004188600000000251,-0.0005254410488494954,-0.0002627205244247477,0.00015613947557527742,144.6942831449528,144.44531982805591,100.17235817483962
com_quality,2017-05-26,0.0004188600000000251,-0.0056656554159613265,-0.0028328277079806632,-0.002413967707980638,144.3449958179115,144.50582219471912,99.88870595359755
com_quality,2017-05-29,0.0004188600000000251,0.010842099986631284,0.005421049993315642,0.0058399099933156675,145.1879576014736,144.56634990340362,100.4299809039139
com_quality,2017-05-30,0.0004188600000000251,0.005394987375963112,0.002697493687981556,0.003116353687981581,145.64041462859552,144.62690296472417,100.70077671795168
com_quality,2017-05-31,0.00038333999999999233,-0.0016562206352711412,-0.0008281103176355706,-0.00044477031763557825,145.57563809512058,144.6823442417067,100.61741732074893
com_quality,2017-06-01,0.00038333999999999233,0.0035062736294668717,0.0017531368147334359,0.0021364768147334283,145.8866570707008,144.7378067715483,100.79374582548832
com_quality,2017-06-02,0.00038333999999999233,-0.01467274217124076,-0.00733637108562038,-0.006953031085620388,144.872302609111,144.79329056239607,100.05456885910117
com_quality,2017-06-05,0.00038333999999999233,0.0035578969458238963,0.0017789484729119481,0.0021622884729119406,145.18555831908688,144.84879562240025,100.23249257630317
com_quality,2017-06-06,0.00038333999999999233,-0.0027711692872788296,-0.0013855846436394148,-0.0010022446436394224,145.04004687092777,144.90432195971414,100.09366519188528
com_quality,2017-06-07,0.00038333999999999233,-0.021875344111704886,-0.010937672055852443,-0.01055433205585245,143.5092460548556,144.95986958249418,98.99929302377507
com_quality,2017-06-08,0.00038333999999999233,0.01134780608953348,0.00567390304476674,0.006057243044766732,144.37851643738108,145.01543849889993,99.56079016957655
com_quality,2017-06-09,0.00038333999999999233,0.006177491814216549,0.0030887459071082743,0.0034720859071082667,144.87981104959252,145.0710287170941,99.86819031394995
com_quality,2017-06-12,0.00038333999999999233,0.0007804506537204964,0.0003902253268602482,0.0007735653268602405,144.99188504798255,145.1266402452425,99.90714647770234
com_quality,2017-06-13,0.00038333999999999233,0.009549583571039702,0.004774791785519851,0.0051581317855198434,145.73977229889098,145.18227309151413,100.38399950318001
com_quality,2017-06-14,0.00038333999999999233,-0.0004143370369392163,-0.00020716851846960815,0.00017617148153038417,145.7654474904948,145.23792726408104,100.36321106776373
com_quality,2017-06-16,0.00038333999999999233,0.0022186968513659006,0.0011093484256829503,0.0014926884256829427,145.98302988682838,145.29360277111843,100.4745061740922
com_quality,2017-06-19,0.00038333999999999233,-0.006742237904299397,-0.0033711189521496987,-0.0029877789521497063,145.54686486276145,145.3492996208047,100.1359244540374
com_quality,2017-06-20,0.00038333999999999233,0.013033562981026023,0.006516781490513011,0.006900121490513004,146.5511559128778,145.40501782132134,100.78823833505173
com_quality,2017-06-21,0.00038333999999999233,0.006069482396483139,0.0030347411982415695,0.003418081198241562,147.05207966348416,145.46075738085295,101.09398734839853
com_quality,2017-06-22,0.00038333999999999233,0.0025975284230851936,0.0012987642115425968,0.0016821042115425892,147.29943658600223,145.51651830758732,101.22523428896659
com_quality,2017-06-23,0.00038333999999999233,0.0,0.0,0.00038333999999999233,147.3559023520231,145.57230060971534,101.22523428896659
com_quality,2017-06-26,0.00038333999999999233,0.000376029343227377,0.0001880146716136885,0.0005713546716136808,147.44009483522177,145.62810429543106,101.2442588252847
com_quality,2017-06-27,0.00038333999999999233,0.007569689109153274,0.003784844554576637,0.0041681845545766295,148.05465236123928,145.68392937293163,101.62730576976607
com_quality,2017-06-28,0.00038333999999999233,-0.00847814039409138,-0.00423907019704569,-0.0038557301970456974,147.48379356731692,145.73977585041746,101.19666556828622
com_quality,2017-06-29,0.00038333999999999233,-0.007663453558893613,-0.0038317267794468063,-0.003448386779446814,146.97521240339674,145.79564373609196,100.80905618102003
com_quality,2017-06-30,0.00038333999999999233,0.001636143070301424,0.000818071535150712,0.0012014115351507045,147.15179011895938,145.85153303816173,100.89149359880739
com_quality,2017-07-03,0.00038333999999999233,-0.0002492167085702407,-0.00012460835428512035,0.000258731645714872,147.18986294378672,145.9074437648366,100.87892649330287
com_quality,2017-07-04,0.00038333999999999233,-0.01064847711529461,-0.005324238557647305,-0.004940898557647313,146.46261276226747,145.96337592432937,100.34202883756053
com_quality,2017-07-05,0.00038333999999999233,0.0011345257706616568,0.0005672628853308284,0.0009506028853308207,146.60184054455237,146.0193295248562,100.39892733488892
com_quality,2017-07-06,0.00038333999999999233,-0.004599478390880374,-0.002299739195440187,-0.0019163991954401945,146.32089289528273,146.07530457463628,100.1681244624898
com_quality,2017-07-07,0.00038333999999999233,0.00031030680138530164,0.00015515340069265082,0.0005384934006926432,146.39968573049032,146.1313010818919,100.1836599322742
com_quality,2017-07-10,0.00038333999999999233,-0.00642705485335858,-0.00321352742667929,-0.0028301874266792974,145.98534718066608,146.18731905484864,99.86184035969168
com_quality,2017-07-11,0.00038333999999999233,-0.0014430293668020872,-0.0007215146834010436,-0.00033817468340105125,145.9359786321021,146.24335850173512,99.78981618530774
com_quality,2017-07-12,0.00038333999999999233,0.014999174340385696,0.007499587170192848,0.00788292717019284,147.08638132316975,146.29941943078316,100.53791183550042
com_quality,2017-07-13,0.00038333999999999233,-0.013214445414996806,-0.006607222707498403,-0.006223882707498411,146.17093293794397,146.35550185022774,99.87389000758398
com_quality,2017-07-14,0.00038333999999999233,-0.010100873621084056,-0.005050436810542028,-0.004667096810542035,145.48873904303534,146.411605768307,99.3696765222751
com_quality,2017-07-17,0.00038333999999999233,-0.0030167935889056363,-0.0015083967944528182,-0.0011250567944528257,145.3250559486586,146.4677311932622,99.21984505713694
com_quality,2017-07-18,0.00038333999999999233,-0.00041323638785646655,-0.00020661819392823327,0.00017672180607175905,145.3507380550133,146.52387813333783,99.19935228764764
com_quality,2017-07-19,0.00038333999999999233,0.0004302390156235153,0.00021511950781175765,0.00059845950781175,145.43772458616976,146.58004659678144,99.220683826255
com_quality,2017-07-20,0.00038333999999999233,0.005271173811617638,0.002635586905808819,0.0030189269058088115,145.87679044604255,146.63623659184387,99.48208835452098
com_quality,2017-07-21,0.00038333999999999233,0.016382141643666262,0.008191070821833131,0.008574410821833123,147.1275979766974,146.69244812677897,100.29664093515048
com_quality,2017-07-24,0.00038333999999999233,-0.0107694065516213,-0.00538470327581065,-0.005001363275810657,146.3917594113185,146.74868120984388,99.75678023435523
com_quality,2017-07-25,0.00038333999999999233,0.0,0.0,0.00038333999999999233,146.44787722837123,146.80493584929886,99.75678023435522
com_quality,2017-07-26,0.0003471299999999743,0.008264696957172343,0.004132348478586172,0.004479478478586146,147.10388734265035,146.85589624668023,100.16886696571827
com_quality,2017-07-27,0.0003471299999999743,0.011846680312456323,0.0059233401562281615,0.006270470156228136,148.02629787809758,146.90687433394433,100.76199534516581
com_quality,2017-07-28,0.0003471299999999743,0.008839135416883886,0.004419567708441943,0.004766697708441917,148.73189449298226,146.95787011723186,101.20716527419404
com_quality,2017-07-31,0.0003471299999999743,0.002632407535183595,0.0013162037675917976,0.001663333767591772,148.97928527541035,147.00888360268567,101.34032830155353
com_quality,2017-08-01,0.0003471299999999743,-0.009690487794479855,-0.004845243897239927,-0.004498113897239953,148.30915948191213,147.05991479645067,100.84948008244842
com_quality,2017-08-02,0.0003471299999999743,-0.0006330623447900474,-0.0003165311723950237,3.0598827604950616e-05,148.31369756831535,147.11096370467396,100.81756915552255
com_quality,2017-08-03,0.0003471299999999743,-0.015132588841900663,-0.007566294420950331,-0.007219164420950357,147.24299659969057,147.16203033350476,100.05501844871421
com_quality,2017-08-04,0.0003471299999999743,-0.003017414562674403,-0.0015087072813372016,-0.0011615772813372272,147.07196248000434,147.21311468909443,99.90411709623278
com_quality,2017-08-07,0.0003471299999999743,0.02221839301325587,0.011109196506627936,0.01145632650662791,148.7568669021458,147.26421677759646,101.01358643478449
com_quality,2017-08-08,0.0003471299999999743,-0.012082196014514365,-0.006041098007257183,-0.0056939680072572085,147.90985006114516,147.31533660516646,100.40356521573318
com_quality,2017-08-09,0.0003471299999999743,0.00649439773071965,0.003247198865359825,0.0035943288653597994,148.44148670469096,147.36647417796223,100.72948242313956
com_quality,2017-08-10,0.0003471299999999743,-0.008572127012149766,-0.004286063506074883,-0.003938933506074909,147.85678555901828,147.4176295021436,100.29789927999643
com_quality,2017-08-11,0.0003471299999999743,-0.005368623547223589,-0.0026843117736117944,-0.0023371817736118202,147.51121737470493,147.4688025838727,100.02876187375841
com_quality,2017-08-14,0.0003471299999999743,0.008222863240061731,0.004111431620030866,0.00445856162003084,148.1689052270158,147.51999342931364,100.43988057660341
com_quality,2017-08-15,0.0003471299999999743,-0.012468605540734187,-0.006234302770367094,-0.0058871727703671195,147.29660928274822,147.57120204463274,99.81392523874578
com_quality,2017-08-16,0.0003471299999999743,0.005785833367609669,0.0028929166838048345,0.0032400466838048087,147.77385717319046,147.6224284359985,100.10257840817029
com_quality,2017-08-17,0.0003471299999999743,-0.0037777852517044547,-0.0018888926258522273,-0.001541762625852253,147.54602496312282,147.67367260958147,99.91356099959934
com_quality,2017-08-18,0.0003471299999999743,0.00044025097488717413,0.00022012548744358706,0.0005672554874435614,147.62972125543362,147.72493457155443,99.93554688895483
com_quality,2017-08-21,0.0003471299999999743,0.016638411699653424,0.008319205849826712,0.008666335849826687,148.90913000124954,147.77621432809224,100.76664277692349
com_quality,2017-08-22,0.0003471299999999743,0.0009192192127853993,0.00045960960639269965,0.000806739606392674,149.029260894175,147.82751188537196,100.81294002278473
com_quality,2017-08-23,0.0003471299999999743,-0.0035414349849950677,-0.0017707174924975339,-0.0014235874924975595,148.8171047023499,147.8788272495727,100.63449073151877
com_quality,2017-08-24,0.0003471299999999743,0.0,0.0,0.0003471299999999743,148.8687635839052,147.93016042687586,100.63449073151875
com_quality,2017-08-25,0.0003471299999999743,0.005231502940426028,0.002615751470213014,0.002962881470212988,149.3098440850215,147.98151142346484,100.89763420361041
com_quality,2017-08-28,0.0003471299999999743,0.0014464151637036543,0.0007232075818518272,0.0010703375818518015,149.4696560224861,148.03288024552526,100.97057881639391
com_quality,2017-08-29,0.0003471299999999743,0.004954652673555382,0.002477326336777691,0.002824456336777665,149.89182653959477,148.08426689924488,101.22062909058377
com_quality,2017-08-30,0.0003471299999999743,-0.01519779678757291,-0.007598898393786455,-0.0072517683937864804,148.80484572940802,148.1356713908136,100.45173072245981
com_quality,2017-08-31,0.0003471299999999743,-0.0021463759122919285,-0.0010731879561459642,-0.0007260579561459899,148.69680478725311,148.18709372642348,100.34396454374807
com_quality,2017-09-01,0.0003471299999999743,-0.009384035460444293,-0.004692017730222146,-0.004344887730222172,148.05073386460975,148.23853391226874,99.87331226051512
com_quality,2017-09-04,0.0003471299999999743,-0.007538936116030834,-0.003769468058015417,-0.0034223380580154427,147.5440542035878,148.28999195454568,99.49697363852677
com_quality,2017-09-05,0.0003471299999999743,-0.006006481394050772,-0.003003240697025386,-0.002656110697025412,147.15216086293515,148.34146785945285,99.19826396915222
com_quality,2017-09-06,0.0003105899999999911,0.01598847317097224,0.00799423658548612,0.00830482658548611,148.3742340405814,148.38754123595533,99.99103213432672
com_quality,2017-09-08,0.0003105899999999911,0.004214551339568912,0.002107275669784456,0.002417865669784447,148.73298300734868,148.4336289223878,100.20167537985438
com_quality,2017-09-11,0.0003105899999999911,0.013747161449373962,0.006873580724686981,0.007184170724686972,149.80150614966544,148.4797309231948,100.89020583365306
com_quality,2017-09-12,0.0003105899999999911,0.008705918353339559,0.0043529591766697795,0.00466354917666977,150.5001128403336,148.52584724282224,101.3292404212202
com_quality,2017-09-13,0.0003105899999999911,-0.01668225819400511,-0.008341129097002555,-0.008030539097002564,149.291515800066,148.57197788571742,100.4843025748113
com_quality,2017-09-14,0.0003105899999999911,0.012788845570192345,0.006394422785096172,0.006705012785096163,150.29251732221184,148.61812285632894,101.1266421844808
com_quality,2017-09-15,0.0003105899999999911,0.0043058416184684895,0.0021529208092342447,0.002463510809234236,150.6627645631821,148.66428215910688,101.34429223687796
com_quality,2017-09-18,0.0003105899999999911,0.0011951694738013968,0.0005975847369006984,0.0009081747369006894,150.79959267975,148.7104557985027,101.4048352350409
com_quality,2017-09-19,0.0003105899999999911,0.0051599020524795425,0.0025799510262397712,0.0028905410262397625,151.2354850891311,148.75664377896913,101.66637351259763
com_quality,2017-09-20,0.0003105899999999911,-0.00031945331203489524,-0.00015972665601744762,0.00015086334398254345,151.2583009801405,148.80284610496045,101.65013972477921
com_quality,2017-09-21,0.0003105899999999911,0.0018215666428147564,0.0009107833214073782,0.0012213733214073692,151.443043833599,148.84906278093217,101.74269223077643
com_quality,2017-09-22,0.0003105899999999911,0.0006536362773515852,0.0003268181386757926,0.0006374081386757836,151.53957486228438,148.8952938113413,101.77593326374273
com_quality,2017-09-25,0.0003105899999999911,-0.0016711924272548584,-0.0008355962136274292,-0.0005250062136274382,151.4600156438712,148.94153920064616,101.69091608475475
com_quality,2017-09-26,0.0003105899999999911,0.0,0.0,0.0003105899999999911,151.50705761013003,148.98779895330648,101.69091608475476
com_quality,2017-09-27,0.0003105899999999911,-0.012545188436561175,-0.0062725942182805874,-0.005962004218280597,150.60377189355916,149.0340730737834,101.05324828571158
com_quality,2017-09-28,0.0003105899999999911,-0.009779666728153322,-0.004889833364076661,-0.00457924336407667,149.91412057051065,149.08036156653938,100.55926816598115
com_quality,2017-09-29,0.0003105899999999911,-0.011630603152526967,-0.005815301576263483,-0.0055047115762634925,149.08888657556082,149.12666443603834,99.97466726650102
com_quality,2017-10-02,0.0003105899999999911,0.0028589012419892312,0.0014294506209946156,0.0017400406209946066,149.34830729434114,149.17298168674554,100.11753174443062
com_quality,2017-10-03,0.0003105899999999911,0.0090325605686052,0.0045162802843026,0.004826870284302591,150.0691922008311,149.2193133231276,100.56955018675306
com_quality,2017-10-04,0.0003105899999999911,0.01180481991298804,0.00590240995649402,0.006212999956494011,151.00157208544596,149.26565934965262,101.16296859127321
com_quality,2017-10-05,0.0003105899999999911,-0.002276829921730436,-0.001138414960865218,-0.000827824960865227,150.87656921494374,149.31201977079004,101.04783891247031
com_quality,2017-10-06,0.0003105899999999911,0.00569107216668345,0.002845536083341725,0.0031561260833417163,151.35275469040815,149.35839459101066,101.3352849063882
com_quality,2017-10-09,0.0003105899999999911,-0.0028935390076557377,-0.0014467695038278688,-0.0011361795038278778,151.18079079268102,149.40478381478667,101.1887216276127
com_quality,2017-10-10,0.0003105899999999911,0.0173961525319474,0.0086980762659737,0.009008666265973691,152.5427280827583,149.45118744659172,102.06859556553967
com_quality,2017-10-11,0.0003105899999999911,0.007568581658712686,0.003784290829356343,0.004094880829356334,153.1673723756421,149.49760549090075,102.45473288531346
com_quality,2017-10-13,0.0003105899999999911,0.01757464188199978,0.00878732094099989,0.009097910940999881,154.56087548858264,149.54403795219017,103.35475596693222
com_quality,2017-10-16,0.0003105899999999911,0.009916350837210333,0.004958175418605167,0.005268765418605157,155.37522048442622,149.59048483493774,103.86704786462289
com_quality,2017-10-17,0.0003105899999999911,-0.002587277372016597,-0.0012936386860082985,-0.0009830486860083075,155.22247907809077,149.63694614362262,103.73272315321586
com_quality,2017-10-18,0.0003105899999999911,0.00445740750334718,0.00222870375167359,0.002539293751673581,155.61663454933304,149.68342188272536,103.96384087962412
com_quality,2017-10-19,0.0003105899999999911,-0.024000177987134066,-0.012000088993567033,-0.011689498993567042,153.7975540563863,149.72991205672793,102.71665290106982
com_quality,2017-10-20,0.0003105899999999911,0.0026464472416493773,0.0013232236208246886,0.0016338136208246797,154.04883059505318,149.7764166701136,102.8525278010554
com_quality,2017-10-23,0.0003105899999999911,-0.0032697874099502783,-0.0016348937049751391,-0.0013243037049751481,153.84482315794907,149.82293572736717,102.68442706122147
com_quality,2017-10-24,0.0003105899999999911,0.0035461465271939135,0.0017730732635969568,0.002083663263596948,154.16538396425784,149.86946923297475,102.86643754279599
com_quality,2017-10-25,0.00028296000000000966,0.011964881799654117,0.005982440899827059,0.006265400899827069,155.1312918996697,149.91187629798893,103.48165584380106
com_quality,2017-10-26,0.00028296000000000966,0.008674043560424685,0.004337021780212343,0.004619981780212353,155.84799564178698,149.95429536250623,103.9303310819027
com_quality,2017-10-27,0.00028296000000000966,0.0,0.0,0.00028296000000000966,155.8920943906338,149.996726429922,103.9303310819027
com_quality,2017-10-30,0.00028296000000000966,0.0018840701004381594,0.0009420350502190797,0.0012249950502190893,156.08306143463057,150.03916950363262,104.02820940091355
com_quality,2017-10-31,0.00028296000000000966,0.003994290762232594,0.001997145381116297,0.0022801053811163066,156.43894726290878,150.08162458703538,104.23591008783801
com_quality,2017-11-01,0.00028296000000000966,0.01867487653444519,0.009337438267222595,0.009620398267222604,157.943952240083,150.12409168352855,105.20893113747475
com_quality,2017-11-03,0.00028296000000000966,0.013214799533841887,0.006607399766920943,0.006890359766920953,159.03224289402655,150.16657079651134,105.90389195843659
com_quality,2017-11-06,0.00028296000000000966,0.009489214916182237,0.0047446074580911185,0.0050275674580911285,159.8317882231878,150.2090619293839,106.40622221469417
com_quality,2017-11-07,0.00028296000000000966,-0.007271253043167544,-0.003635626521583772,-0.0033526665215837625,159.29592553772707,150.25156508554744,106.01947836418883
com_quality,2017-11-08,0.00028296000000000966,0.009876955796753267,0.004938477898376634,0.005221437898376644,160.12767932038673,150.29408026840406,106.5429051060569
com_quality,2017-11-09,0.00028296000000000966,0.003710216232104116,0.001855108116052058,0.0021380681160520676,160.4700432060391,150.3366074813568,106.74049780319737
com_quality,2017-11-10,0.00028296000000000966,0.001815685580836987,0.0009078427904184935,0.0011908027904185031,160.66113138126744,150.37914672780974,106.83737398248998
com_quality,2017-11-13,0.00028296000000000966,-0.006139234373851693,-0.0030696171869258465,-0.002786657186925837,160.2134238848442,150.42169801116785,106.50951691354354
com_quality,2017-11-14,0.00028296000000000966,0.000925928751170868,0.000462964375585434,0.0007459243755854436,160.3329309830159,150.4642613348371,106.558813076693
com_quality,2017-11-16,0.00028296000000000966,-0.00034024580496412604,-0.00017012290248206302,0.00011283709751794664,160.35102248558454,150.50683670222443,106.5406901102019
com_quality,2017-11-17,0.0005660000663616193,0.011131667328994913,0.005565833664497456,0.006131833730859075,161.33426829403942,150.59202358178575,107.13334242860452
com_quality,2017-11-21,0.00028296000000000966,0.0031561969147656382,0.0015780984573828191,0.0018610584573828287,161.6345207985137,150.63463510077847,107.30236156537043
com_quality,2017-11-22,0.00028296000000000966,0.006966940576945496,0.003483470288472748,0.0037664302884727577,162.243305953312,150.6772586771266,107.67604041759832
com_quality,2017-11-23,0.00028296000000000966,0.0001537657174825735,7.688285874128675e-05,0.0003598428587412964,162.30168804833787,150.71989431424188,107.6843165175983
com_quality,2017-11-24,0.00028296000000000966,0.021852646854180147,0.010926323427090073,0.011209283427090082,164.12097367036685,150.76254201553704,108.86057735312869
com_quality,2017-11-27,0.00028296000000000966,0.003376404928203902,0.001688202464101951,0.0019711624641019607,164.44448277323772,150.80520178442578,109.04430406075059
com_quality,2017-11-28,0.00028296000000000966,0.012216132566964702,0.006108066283482351,0.006391026283482361,165.49545178481515,150.84787362432272,109.71016548564107
com_quality,2017-11-29,0.00028296000000000966,0.022418244269150275,0.011209122134575138,0.011492082134575147,167.39733910962485,150.89055753864344,110.93957225703403
com_quality,2017-11-30,0.00028296000000000966,0.006843344446281624,0.003421672223140812,0.0037046322231408216,168.0174846861584,150.9332535308046,111.31906372896616
com_quality,2017-12-01,0.00028296000000000966,0.0,0.0,0.00028296000000000966,168.06502691362525,150.97596160422367,111.31906372896619
com_quality,2017-12-04,0.00028296000000000966,-0.0052054749327133665,-0.0026027374663566832,-0.0023197774663566736,167.67515345130838,151.0186817623192,111.02941139110455
com_quality,2017-12-05,0.00028296000000000966,-0.008620778842832202,-0.004310389421416101,-0.004027429421416091,166.99985360505812,151.06141400851067,110.55096677146786
com_quality,2017-12-06,0.00026444000000000315,0.002748152161534928,0.001374076080767464,0.0016385160807674672,167.27348555067582,151.10136068883108,110.70283205135965
com_quality,2017-12-07,0.00026444000000000315,0.01009213510158008,0.00504606755079004,0.005310507550790043,168.16179265873964,151.14131793265165,111.26129833912941
com_quality,2017-12-08,0.00026444000000000315,0.006823050001902947,0.0034115250009514736,0.0036759650009514765,168.77994952305045,151.18128574276574,111.64076869291135
com_quality,2017-12-11,0.00026444000000000315,-0.00627906610560075,-0.003139533052800375,-0.002875093052800372,168.2946914627247,151.22126412196758,111.29036147124556
com_quality,2017-12-12,0.00026444000000000315,0.0017524815398635568,0.0008762407699317784,0.0011406807699317816,168.48666198095782,151.261253073052,111.38785284264887
com_quality,2017-12-13,0.00026444000000000315,-0.009347364802373234,-0.004673682401186617,-0.004409242401186614,167.743763446917,151.3012525988146,110.86739902392004
com_quality,2017-12-14,0.00026444000000000315,-0.003147080707398678,-0.001573540353699339,-0.0013091003536993358,167.52417002685777,151.34126270205186,110.69299081815215
com_quality,2017-12-15,0.00026444000000000315,-0.009397559938091923,-0.004698779969045962,-0.004434339969045959,166.78131090392642,151.3812833855608,110.17300631488405
com_quality,2017-12-18,0.00026444000000000315,0.0032321984698824996,0.0016160992349412498,0.001880539234941253,167.0949497027362,151.42131465213927,110.35100975487104
com_quality,2017-12-19,0.00026444000000000315,0.007750427015422112,0.003875213507711056,0.004139653507711059,167.7866648973939,151.4613565045859,110.77853042489667
com_quality,2017-12-20,0.00026444000000000315,0.028562037948983793,0.014281018974491896,0.0145454589744919,170.2271989481258,151.50140894569998,112.36014247836955
com_quality,2017-12-21,0.00026444000000000315,-0.007435634510605055,-0.0037178172553025274,-0.0034533772553025244,169.63934021104447,151.54147197828158,111.94251843835634
com_quality,2017-12-22,0.00026444000000000315,0.007747510188378104,0.003873755094189052,0.004138195094189055,170.34134089648728,151.58154560513154,112.37604169852234
com_quality,2017-12-26,0.00026444000000000315,-0.0004784943364886385,-0.00023924716824431924,2.5192831755683912e-05,170.3456322772295,151.62162982905136,112.34916315652909
com_quality,2017-12-27,0.00026444000000000315,0.01537787009208283,0.007688935046041415,0.007953375046041418,171.70045497818535,151.66172465284336,113.21278019962585
com_quality,2017-12-28,0.0005289499285136063,-0.006425015789565128,-0.003212507894782564,-0.0026835579662689577,171.23968685441665,151.74194611125677,112.84927552521582
com_quality,2018-01-02,0.00026444000000000315,0.004293223944280319,0.0021466119721401597,0.0024110519721401626,171.65255463911564,151.78207275148642,113.09145508914168
com_quality,2018-01-03,0.00026444000000000315,-0.007122022004157624,-0.003561011002078812,-0.0032965710020788092,171.0866898050596,151.82221000280484,112.68884164042852
com_quality,2018-01-04,0.00026444000000000315,-0.003825625565239049,-0.0019128127826195246,-0.0016483727826195214,170.80467516211647,151.862357868018,112.47334596935539
com_quality,2018-01-05,0.00026444000000000315,0.0,0.0,0.00026444000000000315,170.84984275041631,151.90251634993263,112.47334596935536
com_quality,2018-01-08,0.00026444000000000315,0.00011819807930437982,5.909903965218991e-05,0.00032353903965219306,170.9051193444645,151.9426854513562,112.47999127880298
com_quality,2018-01-09,0.00026444000000000315,-0.003951402028917207,-0.0019757010144586034,-0.0017112610144586003,170.61265607655892,151.98286517509695,112.25782319605497
com_quality,2018-01-10,0.00026444000000000315,-0.013854086195977795,-0.006927043097988897,-0.006662603097988894,169.47593166562714,152.02305552396385,111.48041399477867
com_quality,2018-01-11,0.00026444000000000315,-0.0009820220103201978,-0.0004910110051600989,-0.00022657100516009572,169.4375333334392,152.06325650076658,111.42569035576653
com_quality,2018-01-12,0.00026444000000000315,0.004306096793279091,0.0021530483966395457,0.002417488396639549,169.84714660422802,152.10346810831567,111.6655318360504
com_quality,2018-01-15,0.00026444000000000315,-0.000167547248340413,-8.37736241702065e-05,0.00018066637582979665,169.87783227265,152.1436903494222,111.65617968283702
com_quality,2018-01-16,0.00026444000000000315,-0.010297288594172314,-0.005148644297086157,-0.004884204297086154,169.04811423428424,152.18392322689823,111.08145371061462
com_quality,2018-01-17,0.00026444000000000315,0.004829137758845365,0.0024145688794226824,0.002679008879422686,169.50099563336755,152.22416674355634,111.34959662411327
com_quality,2018-01-18,0.00026444000000000315,0.005045338908713479,0.0025226694543567397,0.0027871094543567426,169.9734134608202,152.26442090221002,111.63042058918255
com_quality,2018-01-19,0.00026444000000000315,0.01082814241949358,0.00541407120974679,0.005678511209746793,170.9386093945164,152.3046857056734,112.234635856741
com_quality,2018-01-22,0.00026444000000000315,0.002096824998227855,0.0010484124991139276,0.0013128524991139307,171.16302657505506,152.34496115676143,112.35227294385537
com_quality,2018-01-23,0.00026444000000000315,-0.010322521536530717,-0.005161260768265358,-0.0048968207682653555,170.32487191176315,152.38524725828972,111.77254686804828
com_quality,2018-01-24,0.0005289499285136063,-0.016327950315100433,-0.008163975157550216,-0.00763502522903661,169.02443721758442,152.46585142393354,110.8605209881454
com_quality,2018-01-26,0.00026444000000000315,0.0035899450372443263,0.0017949725186221632,0.002059412518622166,169.3725282595434,152.5061694936841,111.05945996929508
com_quality,2018-01-29,0.00026444000000000315,0.0004843405313100669,0.00024217026565503345,0.0005066102656550366,169.45833412107962,152.546498225145,111.08634815790674
com_quality,2018-01-30,0.00026444000000000315,-0.019898304914140658,-0.009949152457070329,-0.009684712457070326,167.8171788816628,152.5868376211357,109.98142532997713
com_quality,2018-01-31,0.00026444000000000315,0.0012129287598296639,0.0006064643799148319,0.0008709043799148351,167.9633315977758,152.6271876844762,110.04810751345543
com_quality,2018-02-01,0.00026444000000000315,0.010513108387230644,0.005256554193615322,0.005520994193615325,168.89065617626744,152.6675484179875,110.62642842332335
com_quality,2018-02-02,0.00026444000000000315,0.00464023713051635,0.002320118565258175,0.0025845585652581778,169.3271639682799,152.70791982449114,110.8830269987892
com_quality,2018-02-05,0.00026444000000000315,-0.008522170207102468,-0.004261085103551234,-0.003996645103551231,168.65042338750783,152.74830190680956,110.41066989432068
com_quality,2018-02-06,0.00026444000000000315,0.0018949366105396818,0.0009474683052698409,0.001211908305269844,168.85481223629841,152.78869466776578,110.51525284869271
com_quality,2018-02-07,0.0002551500000000031,0.0,0.0,0.0002551500000000031,168.8978955416405,152.82767870321027,110.5152528486927
com_quality,2018-02-08,0.0002551500000000031,-0.0010833163953852185,-0.0005416581976926092,-0.00028650819769260614,168.8495049099948,152.8666726854314,110.4554066257809
com_quality,2018-02-09,0.0002551500000000031,-0.015417380693392872,-0.007708690346696436,-0.007453540346696433,167.59097831262847,152.90567661696713,109.604157295251
com_quality,2018-02-14,0.0002551500000000031,0.005848550510364666,0.002924275255182333,0.0031794252551823362,168.12382130161637,152.94469050035596,109.92458826233336
com_quality,2018-02-15,0.0002551500000000031,-0.00538791031768102,-0.00269395515884051,-0.0024388051588405068,167.713800058902,152.98371433813713,109.62853188948414
com_quality,2018-02-16,0.0002551500000000031,0.012713690104922983,0.006356845052461492,0.006611995052461495,168.82272287512097,153.02274813285052,110.32524571350221
com_quality,2018-02-19,0.0002551500000000031,-0.01623733740735754,-0.00811866870367877,-0.007863518703678768,167.49518223618648,153.06179188703663,109.42978007196078
com_quality,2018-02-20,0.0002551500000000031,0.00801094237007279,0.004005471185036395,0.0042606211850363986,168.20881575801351,153.10084560323662,109.86798609455721
com_quality,2018-02-21,0.0002551500000000031,-0.014171922507322366,-0.007085961253661183,-0.00683081125366118,167.05981308636865,153.1399092839923,109.08966439085609
com_quality,2018-02-22,0.0002551500000000031,-0.006201270888539993,-0.0031006354442699967,-0.0028454854442699937,166.58444681990895,153.17898293184612,108.75150339262099
com_quality,2018-02-23,0.0002551500000000031,-0.014088993499029194,-0.007044496749514597,-0.0067893467495145935,165.4534472473725,153.21806654934122,107.98559920092131
com_quality,2018-02-26,0.0002551500000000031,0.011476066226528438,0.005738033113264219,0.005993183113264223,166.4450400534468,153.2571601390213,108.60506608791565
com_quality,2018-02-27,0.0002551500000000031,-0.0024426100567333216,-0.0012213050283666608,-0.0009661550283666578,166.28422834105248,153.29626370343078,108.4724600090374
com_quality,2018-02-28,0.0002551500000000031,-0.016999500295119666,-0.008499750147559833,-0.00824460014755983,164.91328136753495,153.33537724511473,107.55070638650618
com_quality,2018-03-01,0.0002551500000000031,0.0009401102675216716,0.0004700551337608358,0.0007252051337608388,165.03287732580802,153.37450076661884,107.60124825242565
com_quality,2018-03-02,0.0002551500000000031,0.003139073161829659,0.0015695365809148295,0.0018246865809148326,165.3340106024742,153.41363427048944,107.77008926792483
com_quality,2018-03-05,0.0002551500000000031,-0.01562794580616637,-0.007813972903083185,-0.007558822903083182,164.0842800964736,153.45277775927357,106.92819152083256
com_quality,2018-03-06,0.0002551500000000031,0.005887372397384867,0.0029436861986924336,0.0031988361986924367,164.6091588312826,153.49193123551888,107.2428742711598
com_quality,2018-03-07,0.0002551500000000031,-0.007643339755722536,-0.003821669877861268,-0.003566519877861265,164.0220769942328,153.53109470177364,106.83313195469451
com_quality,2018-03-08,0.0002551500000000031,-0.0023469678642667902,-0.0011734839321333951,-0.0009183339321333921,163.87144995531003,153.5702681605868,106.70779697014748
com_quality,2018-03-09,0.0002551500000000031,-0.0035614262113693443,-0.0017807131056846721,-0.001525563105684669,163.62145371718316,153.609451614508,106.51782946781222
com_quality,2018-03-12,0.0002551500000000031,-0.004657376240064249,-0.0023286881200321246,-0.0020735381200321216,163.28217839564553,153.64864506608745,106.26984593675688
com_quality,2018-03-13,0.0002551500000000031,0.0,0.0,0.0002551500000000031,163.32383984346316,153.6878485178761,106.26984593675684
com_quality,2018-03-14,0.0002551500000000031,4.118877177028413e-05,2.0594385885142064e-05,0.00027574438588514515,163.3688754753812,153.72706197242545,106.27203394070281
com_quality,2018-03-15,0.0002551500000000031,0.0004388513163371159,0.00021942565816855794,0.000474575658168561,163.4464063669842,153.76628543228773,106.29534680341823
com_quality,2018-03-16,0.0002551500000000031,0.007882850372542672,0.003941425186271336,0.00419657518627134,164.13232150022912,153.80551890001578,106.714195091352
com_quality,2018-03-19,0.0002551500000000031,-0.014977562192167157,-0.0074887810960835785,-0.007233631096083575,162.94504883555268,153.84476237816313,105.91523969793674
com_quality,2018-03-20,0.0002551500000000031,0.0220857112213552,0.0110428556106776,0.011298005610677602,164.78600291152887,153.88401586928393,107.08454804786587
com_quality,2018-03-21,0.00024582999999999354,0.0052901596614520026,0.0026450798307260013,0.0028909098307259946,165.26238438731184,153.92184517690507,107.36772561254894
com_quality,2018-03-22,0.00024582999999999354,-0.011224660401322601,-0.0056123302006613005,-0.005366500200661307,164.37550376833556,153.95968378410487,106.76529058012136
com_quality,2018-03-23,0.00024582999999999354,-0.01293085437552767,-0.006465427187763835,-0.006219597187763841,163.35315434736074,153.9975316931695,106.07517701831205
com_quality,2018-03-26,0.00024582999999999354,0.010361909120715095,0.0051809545603575475,0.005426784560357541,164.23963672325868,154.0353889063856,106.6246126226712
com_quality,2018-03-27,0.00024582999999999354,-0.005461692792351548,-0.002730846396175774,-0.00248501639617578,163.83149853309945,154.07325542604048,106.33350874561303
com_quality,2018-03-28,0.00024582999999999354,-0.004844131038134785,-0.0024220655190673925,-0.0021762355190673988,163.47496260684966,154.11113125442185,106.0760253177099
com_quality,2018-03-29,0.00024582999999999354,-0.013532141342487503,-0.0067660706712437515,-0.006520240671243758,162.4090665069304,154.1490163938181,105.35848382711026
com_quality,2018-04-02,0.00024582999999999354,0.003728719436348461,0.0018643597181742305,0.0021101897181742242,162.7517804492116,154.18691084651817,105.55486166476163
com_quality,2018-04-03,0.00024582999999999354,-0.0017129367762674188,-0.0008564683881337094,-0.0006106383881337159,162.6523979643322,154.22481461481158,105.46447948118413
com_quality,2018-04-04,0.00024582999999999354,0.008469052833251068,0.004234526416625534,0.004480356416625528,163.38113867923124,154.2627277009883,105.91096184680295
com_quality,2018-04-05,0.00024582999999999354,0.0018070158731512162,0.0009035079365756081,0.0011493379365756016,163.5689188200362,154.300650107339,106.00662972336781
com_quality,2018-04-06,0.00024582999999999354,0.011123689348563448,0.005561844674281724,0.005807674674281718,164.51887388736696,154.3385818361549,106.5960772284531
com_quality,2018-04-09,0.00024582999999999354,-0.0051391332760861354,-0.0025695666380430677,-0.002323736638043074,164.13657535246531,154.37652288972765,106.32223882235598
com_quality,2018-04-10,0.00024582999999999354,-0.0021559187401516905,-0.0010779593700758453,-0.0008321293700758517,163.99999248741085,154.41447327034962,106.2076559366808
com_quality,2018-04-11,0.00024582999999999354,0.006853455081191642,0.003426727540595821,0.0036725575405958145,164.60229189647814,154.45243298031366,106.57151118976427
com_quality,2018-04-12,0.00024582999999999354,0.01455083595828462,0.00727541797914231,0.007521247979142304,165.8403065517667,154.4904020219132,107.3466729203304
com_quality,2018-04-13,0.00024582999999999354,0.0,0.0,0.00024582999999999354,165.88107507432633,154.52838039744222,107.34667292033045
com_quality,2018-04-16,0.00024582999999999354,-0.00598964215580469,-0.002994821077902345,-0.0027489910779023513,165.42506947895416,154.56636810919534,107.02526785263375
com_quality,2018-04-17,0.00024582999999999354,-0.015127418546123612,-0.007563709273061806,-0.007317879273061812,164.21450879176928,154.6043651594676,106.21595879417067
com_quality,2018-04-18,0.00024582999999999354,0.007302551300793677,0.0036512756503968386,0.0038971056503968324,164.85447008185886,154.64237155055474,106.60368722291977
com_quality,2018-04-19,0.00024582999999999354,0.0071958177051866246,0.0035979088525933123,0.003843738852593306,165.48812761353616,154.680387284753,106.98714330788883
com_quality,2018-04-20,0.00024582999999999354,0.010739077149845665,0.0053695385749228325,0.005615368574922826,166.41740444486,154.71841236435918,107.5614737132578
com_quality,2018-04-23,0.00024582999999999354,0.0021723664927655933,0.0010861832463827967,0.0013320132463827902,166.6390746320092,154.7564467916707,107.67827647033963
com_quality,2018-04-24,0.00024582999999999354,-0.005068971821219657,-0.0025344859106098284,-0.0022886559106098346,166.2576951289141,154.79449056898548,107.40543446849611
com_quality,2018-04-25,0.00024582999999999354,-0.010858505295038252,-0.005429252647519126,-0.005183422647519132,165.39591122665854,154.83254369860205,106.82244654497131
com_quality,2018-04-26,0.00024582999999999354,0.012309998747789375,0.006154999373894687,0.006400829373894681,166.45458223356022,154.87060618281944,107.47977704501672
com_quality,2018-04-27,0.00024582999999999354,0.00408058447136935,0.002040292235684675,0.0022861222356846686,166.83511775523596,154.90867802393734,107.69901330476506
com_quality,2018-04-30,0.00024582999999999354,0.017731797395927885,0.008865898697963942,0.009111728697963936,168.3552740855145,154.94675922425597,108.65362717386832
com_quality,2018-05-02,0.00024582999999999354,0.003969521420747234,0.001984760710373617,0.002230590710373611,168.73080579593207,154.98484978607604,108.86922562355574
com_quality,2018-05-03,0.00024582999999999354,0.004366422815808864,0.002183211407904432,0.0024290414079044254,169.14065990999947,155.02294971169894,109.10685174327782
com_quality,2018-05-04,0.00024582999999999354,-0.0013613724887442148,-0.0006806862443721074,-0.00043485624437211387,169.06710803786038,155.06105900342655,109.03260246283003
com_quality,2018-05-07,0.00024582999999999354,-0.005061300501080162,-0.002530650250540081,-0.0022848202505400877,168.68082008571523,155.09917766356133,108.75674689366502
com_quality,2018-05-08,0.00024582999999999354,-0.014457758390203369,-0.0072288791951016845,-0.006983049195101691,167.5029136207866,155.13730569440636,107.97075073015536
com_quality,2018-05-09,0.00024582999999999354,0.0027945239178223356,0.0013972619589111678,0.0016430919589111614,167.7781363112511,155.1754430982652,108.1215770751853
com_quality,2018-05-10,0.00024582999999999354,0.0057126614090353914,0.0028563307045176957,0.0031021607045176895,168.29861105279306,155.21358987744202,108.43033215434491
com_quality,2018-05-11,0.00024582999999999354,0.002404005061300514,0.001202002530650257,0.0014478325306502505,168.54227925673854,155.2517460342416,108.56063365597554
com_quality,2018-05-14,0.00024582999999999354,-0.0026503416479022324,-0.0013251708239511162,-0.0010793408239511226,168.360364694175,155.28991157096917,108.41680762837738
com_quality,2018-05-15,0.00024582999999999354,-0.003161532053408571,-0.0015807660267042854,-0.0013349360267042919,168.13561437787564,155.32808648993063,108.24546814254052
com_quality,2018-05-16,0.00024582999999999354,0.0,0.0,0.00024582999999999354,168.17694715595815,155.36627079343245,108.24546814254052
com_quality,2018-05-17,0.00024582999999999354,-0.0028225339624203573,-0.0014112669812101786,-0.001165436981210185,167.98094752235556,155.40446448378157,108.09274243204673
com_quality,2018-05-18,0.00024582999999999354,0.016581215155731806,0.008290607577865903,0.008536437577865897,169.4149063951509,155.44266756328562,108.98867669404653
com_quality,2018-05-21,0.00024582999999999354,0.004776803411746662,0.002388401705873331,0.002634231705873325,169.86118451302457,155.4808800342527,109.2489214594128
com_quality,2018-05-22,0.00024582999999999354,0.0014917687719852267,0.0007458843859926133,0.000991714385992607,170.02963829332788,155.5191018989915,109.33038849707405
com_quality,2018-05-23,0.00024582999999999354,0.003234468130455247,0.0016172340652276236,0.0018630640652276171,170.3464144024558,155.5573331598113,109.50715787050102
com_quality,2018-05-24,0.00024582999999999354,0.0024195256564323187,0.0012097628282161594,0.001455592828216153,170.59436942157234,155.59557381902195,109.63960300053004
com_quality,2018-05-25,0.00024582999999999354,-0.006967996608188462,-0.003483998304094231,-0.0032381683040942372,170.04195614165445,155.63382387893387,109.25771268970975
com_quality,2018-05-28,0.00024582999999999354,0.010899998154573765,0.005449999077286882,0.005695829077286876,171.01048605980483,155.672083341858,109.8530207784677
com_quality,2018-05-29,0.00024582999999999354,0.00026589886063744725,0.00013294943031872362,0.00037877943031871717,171.0752613142931,155.71035221010595,109.86762208555966
com_quality,2018-05-30,0.00024582999999999354,0.004502907426552153,0.0022514537132760767,0.0024972837132760705,171.50248477811775,155.74863048598974,110.11492315725059
com_quality,2018-06-01,0.00024582999999999354,0.010570983674370938,0.005285491837185469,0.005531321837185463,172.4511202173025,155.7869181718221,110.69679164402042
com_quality,2018-06-04,0.00024582999999999354,-0.004817018106917457,-0.0024085090534587284,-0.0021626790534587347,172.07816379186306,155.82521526991624,110.43024294482372
com_quality,2018-06-05,0.00024582999999999354,-0.02077534839086513,-0.010387674195432565,-0.010141844195432572,170.33297386524987,155.86352178258602,109.28341148536813
com_quality,2018-06-06,0.00024582999999999354,-0.017065571641852996,-0.008532785820926498,-0.008286955820926504,168.9214320359815,155.90183771214583,108.35114871953901
com_quality,2018-06-07,0.00024582999999999354,0.03655179330368984,0.01827589665184492,0.018521726651844914,172.05014862579014,155.94016306091058,110.33087643918068
com_quality,2018-06-08,0.00024582999999999354,-0.004647196999089592,-0.002323598499544796,-0.002077768499544802,171.69266824663347,155.97849783119585,110.07457478686833
com_quality,2018-06-11,0.00024582999999999354,0.007580668654922646,0.003790334327461323,0.004036164327461317,172.3856480694972,156.01684202531766,110.49169168641632
com_quality,2018-06-12,0.00024582999999999354,0.009032927934589591,0.0045164639672947956,0.004762293967294789,173.2065992013468,156.05519564559273,110.9906007837801
com_quality,2018-06-13,0.00024582999999999354,-0.0020987075784131524,-0.0010493537892065762,-0.0008035237892065827,173.06742357844092,156.09355869433827,110.8741610006732
com_quality,2018-06-14,0.00024582999999999354,-0.035611660846866205,-0.017805830423433103,-0.01756000042343311,170.02835954712103,156.1319311738721,108.90043969146424
com_quality,2018-06-15,0.00024582999999999354,-0.004925069681684971,-0.0024625348408424856,-0.002216704840842492,169.65145685943244,156.17031308651255,108.63233447284685
com_quality,2018-06-18,0.00024582999999999354,0.0,0.0,0.00024582999999999354,169.69316227707216,156.2087044345786,108.63233447284684
com_quality,2018-06-19,0.00024582999999999354,0.007633116050802327,0.0038165580254011637,0.004062388025401157,170.382521747499,156.24710522038973,109.0468341843332
com_quality,2018-06-20,0.00024582999999999354,-0.023596586163452726,-0.011798293081726363,-0.01155246308172637,168.41418395523957,156.28551544626606,107.76058387390582
com_quality,2018-06-21,0.00024582999999999354,0.007428034042893532,0.003714017021446766,0.003959847021446759,169.08107835994412,156.3239351145282,108.1607101536112
com_quality,2018-06-22,0.00024582999999999354,0.008293458951601445,0.004146729475800723,0.004392559475800716,169.8237770528727,156.36236422749738,108.60911312762566
com_quality,2018-06-25,0.00024582999999999354,0.013581066926301184,0.006790533463150592,0.007036363463150586,171.01871887290176,156.40080278749542,109.34644568625903
com_quality,2018-06-26,0.00024582999999999354,-0.011333711621430188,-0.005666855810715094,-0.0054210258107151,170.09162198377632,156.43925079684465,108.72694743639556
com_quality,2018-06-27,0.00024582999999999354,0.007355053399777711,0.0036775266998888556,0.003923356699888849,170.75895208848132,156.47770825786802,109.12669541854387
com_quality,2018-06-28,0.00024582999999999354,0.00920036248273981,0.004600181241369905,0.004846011241369899,171.58645188986668,156.51617517288904,109.62857461877721
com_quality,2018-06-29,0.00024582999999999354,-0.003962600422838013,-0.0019813002114190065,-0.001735470211419013,171.28866871392873,156.55465154423177,109.41142088361018
com_quality,2018-07-02,0.00024582999999999354,0.006018955336531802,0.003009477668265901,0.0032553076682658947,171.84626603068025,156.59313737422087,109.7406111865605
com_quality,2018-07-03,0.00024582999999999354,-0.000879747517410304,-0.000439873758705152,-0.00019404375870515846,171.81292033530022,156.63163266518157,109.69235103522826
com_quality,2018-07-04,0.00024582999999999354,0.024695751574103753,0.012347875787051876,0.01259370578705187,173.97668170441716,156.6701374194396,111.04648567368281
com_quality,2018-07-05,0.00024582999999999354,0.005940835495175249,0.0029704177475876246,0.003216247747587618,174.53623381508177,156.70865163932143,111.37625905734423
com_quality,2018-07-06,0.0004917204323888871,-0.011456210374796185,-0.0057281051873980925,-0.0052363847550092055,173.62229494113575,156.78570848526462,110.73859768121244
com_quality,2018-07-10,0.00024582999999999354,-0.0029123406074538106,-0.0014561703037269053,-0.0012103403037269117,173.41215287994294,156.82425111598153,110.57738305518424
com_quality,2018-07-11,0.00024582999999999354,0.011697385424754833,0.0058486927123774166,0.00609452271237741,174.46901718427202,156.86280322163336,111.22395724228046
com_quality,2018-07-12,0.00024582999999999354,0.02492377224306312,0.01246188612153156,0.012707716121531553,176.68611992665237,156.9013648045493,112.60967687996134
com_quality,2018-07-13,0.00024582999999999354,-0.0036856843429223423,-0.0018428421714611711,-0.0015970121714611776,176.40395004260128,156.93993586705918,112.40220602105362
com_quality,2018-07-16,0.00024582999999999354,0.009023460131917953,0.004511730065958976,0.00475756006595897,177.24320243080138,156.97851641149336,112.90920979670078
com_quality,2018-07-17,0.00024582999999999354,-0.003316460784566673,-0.0016582303922833366,-0.001412400392283343,176.99286406215856,157.01710644018277,112.72202632875911
com_quality,2018-07-18,0.00024582999999999354,-0.0014259217203854947,-0.0007129608601927473,-0.0004671308601927538,176.91018523332122,157.05570595545896,112.64167968751991
com_quality,2018-07-19,0.00024582999999999354,0.0,0.0,0.00024582999999999354,176.95367506415712,157.09431495965399,112.64167968751993
com_quality,2018-07-20,0.00024582999999999354,-0.0031033787732633504,-0.0015516893866316752,-0.0013058593866316817,176.7225984465756,157.1329334551005,112.46693774546804
com_quality,2018-07-23,0.00024582999999999354,0.004582995561020414,0.002291497780510207,0.0025373277805102006,177.17100160505808,157.17156144413173,112.72459214451169
com_quality,2018-07-24,0.00024582999999999354,-0.0052979460772025755,-0.0026489730386012877,-0.002403143038601294,176.74523434590884,157.2101989290815,112.42606112701358
com_quality,2018-07-25,0.00024582999999999354,0.0002674082082074515,0.00013370410410372575,0.0003795341041037193,176.81231519008094,157.24884591228425,112.44108925842896
com_quality,2018-07-26,0.00024582999999999354,-0.01048830131961319,-0.005244150659806595,-0.004998320659806601,175.9285505421581,157.28750239607484,111.85157616600848
com_quality,2018-07-27,0.00024582999999999354,-0.009696673180800659,-0.004848336590400329,-0.0046025065904003355,175.11883822884823,157.32616838278886,111.30941535598082
com_quality,2018-07-30,0.00024582999999999354,-0.011132985194486515,-0.005566492597243258,-0.005320662597243264,174.1870899762113,157.36484387476239,110.68996459897787
com_quality,2018-07-31,0.00024582999999999354,0.017988478092343375,0.008994239046171687,0.009240069046171681,175.7965907145432,157.4035288743321,111.68529191927823
com_quality,2018-08-01,0.00024582999999999354,0.003353233877909546,0.001676616938954773,0.0019224469389547665,176.13455033224105,157.44222338383526,111.87249935033942
com_quality,2018-08-02,0.00024582999999999354,-0.0018641676136905826,-0.0009320838068452913,-0.0006862538068452978,176.01367732655856,157.4809274056097,111.76825043277509
com_quality,2018-08-03,0.00024582999999999354,0.0032222868618649995,0.0016111434309324997,0.0018569734309324933,176.3405300488347,157.51964094199377,111.94828085836717
com_quality,2018-08-06,0.00024582999999999354,-0.01612056854500797,-0.008060284272503986,-0.007814454272503992,174.96252504037895,157.55836399532652,111.04616765731882
com_quality,2018-08-07,0.00024582999999999354,-0.0013623009732157071,-0.0006811504866078536,-0.00043532048660786,174.88636026884024,157.59709656794746,110.97054709598571
com_quality,2018-08-08,0.00024582999999999354,-0.011768847136874734,-0.005884423568437367,-0.0056385935684373735,173.90024716262093,157.63583866219676,110.31770988022447
com_quality,2018-08-09,0.00024582999999999354,0.004347364784229455,0.0021736823921147275,0.0024195123921147213,174.32100096562272,157.67459028041506,110.55744660924947
com_quality,2018-08-10,0.00024582999999999354,0.005194180180582819,0.0025970900902914096,0.0028429200902914033,174.81658164142758,157.71335142494368,110.84450369100385
com_quality,2018-08-13,0.00024582999999999354,0.020985217503209114,0.010492608751604557,0.01073843875160455,176.6938387961489,157.75212209812443,112.00726585867567
com_quality,2018-08-14,0.00024582999999999354,-0.015089720555562446,-0.007544860277781223,-0.007299030277781229,175.40414511687842,157.7909023022998,111.1623943824307
com_quality,2018-08-15,0.00024582999999999354,-0.011758081281868603,-0.005879040640934302,-0.005633210640934308,174.41605662014203,157.82969203981276,110.50902676547412
com_quality,2018-08-16,0.00024582999999999354,0.004954183855825911,0.0024770919279129555,0.0027229219279129493,174.89097792529313,157.8684913130069,110.78270050642064
com_quality,2018-08-17,0.00024582999999999354,0.00023957949881668736,0.00011978974940834368,0.0003656197494083372,174.954921520816,157.90730012422634,110.79596787683546
com_quality,2018-08-20,0.00024582999999999354,0.0,0.0,0.00024582999999999354,174.99793068917342,157.94611847581587,110.79596787683545
com_quality,2018-08-21,0.00024582999999999354,0.00419603043865815,0.002098015219329075,0.0023438452193290686,175.40809875241175,157.98494637012075,111.02836237414212
com_quality,2018-08-22,0.00024582999999999354,-0.01768185108041198,-0.00884092554020599,-0.008595095540205997,173.90044938510886,158.0237838094869,110.04701013536216
com_quality,2018-08-23,0.00024582999999999354,0.0050552007318847994,0.0025276003659423997,0.002773430365942393,174.38275017208454,158.06263079626078,110.32509663644662
com_quality,2018-08-24,0.00024582999999999354,0.018180075749115992,0.009090037874557996,0.00933586787455799,176.01076448729322,158.1014873327894,111.32770947107309
com_quality,2018-08-27,0.00024582999999999354,-0.011489899868106163,-0.0057449499340530815,-0.005499119934053088,175.04286018369322,158.1403534214204,110.68829454126119
com_quality,2018-08-28,0.00024582999999999354,0.00099695290095805,0.000498476450479025,0.0007443064504790186,175.17314571363823,158.17922906450195,110.7434564889721
com_quality,2018-08-29,0.00024582999999999354,-0.004541029934359947,-0.0022705149671799736,-0.00202468496717998,174.81847527885822,158.21811426438285,110.49207361094957
com_quality,2018-08-30,0.00024582999999999354,-0.0016801053793511368,-0.0008400526896755684,-0.0005942226896755748,174.71459417427303,158.25700902341248,110.39927725945195
com_quality,2018-08-31,0.00024582999999999354,0.0017576557937431327,0.0008788278968715664,0.00112465789687156,174.9110883223098,158.29591334394067,110.49627537905428
com_quality,2018-09-03,0.00024582999999999354,-0.015414716777897481,-0.0077073583889487405,-0.007461528388948747,173.60598427125097,158.334827228318,109.6448502898936
com_quality,2018-09-04,0.00024582999999999354,-0.0021103143648224516,-0.0010551571824112258,-0.0008093271824112323,173.465480229151,158.37375067889553,109.52918617230586
com_quality,2018-09-05,0.00024582999999999354,0.02340780346432372,0.01170390173216186,0.011949731732161854,175.53834618268002,158.4126836980249,110.81078994741421
com_quality,2018-09-06,0.00024582999999999354,0.010105958174481185,0.005052979087240592,0.005298809087240586,176.468490366592,158.45162628805838,111.37057693922289
com_quality,2018-09-10,0.00024582999999999354,-0.012392212003797426,-0.006196106001898713,-0.005950276001898719,175.41845414327236,158.49057845134874,110.6806826357315
com_quality,2018-09-11,0.00024582999999999354,0.005272339704967112,0.002636169852483556,0.0028819998524835496,175.92401010223617,158.52954019024943,110.97238400560036
com_quality,2018-09-12,0.00024582999999999354,-0.014307398897616008,-0.007153699448808004,-0.00690786944880801,174.70875000753915,158.56851150711438,110.17871603070489
com_quality,2018-09-13,0.00024582999999999354,0.0032541223755673003,0.0016270611877836501,0.0018728911877836437,175.03596048585698,158.60749240429814,110.35793948477658
com_quality,2018-09-14,0.00024582999999999354,0.019827036524010102,0.009913518262005051,0.010159348262005045,176.81421176680735,158.6464828841559,111.45170605258082
com_quality,2018-09-17,0.00024582999999999354,0.014946388569791063,0.0074731942848955315,0.007719024284895525,178.17904496134997,158.6854829490433,112.28440160374747
com_quality,2018-09-18,0.00024582999999999354,-0.0038913271123536134,-0.0019456635561768067,-0.0016998335561768131,177.87617024171715,158.72449260131663,112.06598762832755
com_quality,2018-09-19,0.00024582999999999354,-0.005832067081004724,-0.002916033540502362,-0.002670203540502368,177.4012046621667,158.7635118433328,111.73927976424802
com_quality,2018-09-20,0.00024582999999999354,0.0,0.0,0.00024582999999999354,177.44481520030877,158.80254067744923,111.73927976424802
com_quality,2018-09-21,0.00024582999999999354,-0.009975625049999867,-0.004987812524999934,-0.00474198252499994,176.60337498747708,158.84157910602394,111.18208216099227
com_quality,2018-09-24,0.00024582999999999354,-0.005929087826036905,-0.0029645439130184525,-0.002718713913018459,176.1232409348126,158.88062713141557,110.85255900276317
com_quality,2018-09-25,0.00024582999999999354,0.0066329576752387626,0.0033164788376193813,0.003562308837619375,176.75064631250484,158.91968475598327,111.22010881402169
com_quality,2018-09-26,0.00024582999999999354,0.01682037588881255,0.008410187944406275,0.008656017944406269,178.28060307867128,158.9587519820868,112.15526094389686
com_quality,2018-09-27,0.00024582999999999354,0.00874853761112375,0.004374268805561875,0.0046200988055618685,179.10427708000987,158.99782881208654,112.6457376293398
com_quality,2018-09-28,0.00024619999999997774,0.004670317652488071,0.0023351588262440354,0.002581358826244013,179.56660948646842,159.03697407754007,112.90871857189569
com_quality,2018-10-01,0.00024619999999997774,0.018953770517200763,0.009476885258600382,0.00972308525860036,181.31255094010314,159.076128980558,113.97847816768463
com_quality,2018-10-02,0.00024619999999997774,0.009493003813925524,0.004746501906962762,0.00499270190696274,182.21779045893805,159.115293523513,114.519344070475
com_quality,2018-10-03,0.00024619999999997774,0.011433196654017333,0.0057165983270086665,0.005962798327008644,183.30431839503782,159.15446770877853,115.17384402330997
com_quality,2018-10-04,0.00024619999999997774,0.0009080891912094657,0.00045404459560473287,0.0007002445956047106,183.43267625334497,159.19365153872843,115.22612521311487
com_quality,2018-10-05,0.00024619999999997774,0.03604021084384633,0.018020105421923165,0.018266305421923142,186.78331354214933,159.2328450157373,117.30200105618233
com_quality,2018-10-08,0.00024619999999997774,0.00941017526087043,0.004705087630435215,0.004951287630435192,187.70813145206228,159.27204814218015,117.85378140205592
com_quality,2018-10-09,0.00024619999999997774,-0.013041392939546453,-0.006520696469773227,-0.006274496469773249,186.53035744391855,159.3112609204328,117.0854818210749
com_quality,2018-10-10,0.00024619999999997774,0.00900934179169513,0.004504670895847565,0.004750870895847543,187.41653909029088,159.35048335287144,117.61278356167203
com_quality,2018-10-11,0.00024619999999997774,-0.0067839942171318834,-0.0033919971085659417,-0.003145797108565964,186.8269646835232,159.38971544187294,117.21393953529969
com_quality,2018-10-15,0.00024619999999997774,0.008465419721790254,0.004232709860895127,0.004478909860895105,187.66374581792533,159.42895718981472,117.70995001522498
com_quality,2018-10-16,0.00024619999999997774,0.003763320311427995,0.0018816601557139975,0.002127860155713975,188.06306802532333,159.4682085990749,117.93138562065361
com_quality,2018-10-17,0.00024619999999997774,0.0044620286711603285,0.0022310143355801643,0.002477214335580142,188.52894055342887,159.507469672032,118.19442747168442
com_quality,2018-10-18,0.00024619999999997774,0.006125203326914408,0.003062601663457204,0.0033088016634571817,189.15274542554187,159.54674041106526,118.55632082372728
com_quality,2018-10-19,0.00024619999999997774,0.005102411196099985,0.0025512055980499923,0.00279740559804997,189.6818823744818,159.5860208185545,118.85870792539252
com_quality,2018-10-22,0.00024619999999997774,-0.007385108584722522,-0.003692554292361261,-0.003446354292361283,189.02817140497734,159.62531089688002,118.419923721929
com_quality,2018-10-23,0.00024619999999997774,0.0,0.0,0.00024619999999997774,189.07471014077726,159.66461064842287,118.41992372192897
com_quality,2018-10-24,0.00024619999999997774,-0.005623072502003964,-0.002811536251001982,-0.0025653362510020044,188.58966993270542,159.7039200755645,118.08706376366563
com_quality,2018-10-25,0.00024619999999997774,-0.028788538423068884,-0.014394269211534442,-0.014148069211534465,185.92149022991708,159.74323918068714,116.38770515954009
com_quality,2018-10-26,0.00024619999999997774,0.014833605656382365,0.007416802828191182,0.00766300282819116,187.34620713537046,159.78256796617342,117.25071734673358
com_quality,2018-10-29,0.00024619999999997774,0.020540715696836943,0.010270357848418472,0.01051655784841845,189.3164443603914,159.8219064344067,118.4546277691223
com_quality,2018-10-30,0.00024619999999997774,-0.005014055410260601,-0.0025070277051303007,-0.002260827705130323,188.88843249794465,159.8612545877709,118.15773183128407
com_quality,2018-10-31,0.00024619999999997774,0.002825850580265212,0.001412925290132606,0.0016591252901325838,189.2018220733155,159.90061242865042,118.32463878632086
com_quality,2018-11-01,0.00024619999999997774,0.0022948330499884175,0.0011474165249942088,0.0013936165249941864,189.46549685911586,159.93997995943036,118.46037301441127
com_quality,2018-11-05,0.00024619999999997774,0.0034953003181403697,0.0017476501590701849,0.0019938501590701626,189.84326267016672,159.9793571824964,118.66734934658045
com_quality,2018-11-06,0.00024619999999997774,-0.006537408988418827,-0.0032687044942094133,-0.0030225044942094356,189.26946055555075,160.01874410023473,118.27955632309772
com_quality,2018-11-07,0.00024619999999997774,0.003773643100155549,0.0018868215500777745,0.002133021550077752,189.6731763936873,160.0581407150322,118.50267380737714
com_quality,2018-11-08,0.00024619999999997774,-0.011516880955276167,-0.005758440477638084,-0.005512240477638106,188.62765223324783,160.09754702927629,117.82045117702795
com_quality,2018-11-09,0.00024619999999997774,0.003976161250655487,0.0019880806253277433,0.002234280625327721,189.04909934203363,160.1369630453549,118.05463007843484
com_quality,2018-11-12,0.00024619999999997774,-0.002813181054314667,-0.0014065905271573335,-0.0011603905271573558,188.82972855798948,160.17638876565667,117.8886164266405
com_quality,2018-11-13,0.00024619999999997774,0.003992773904364836,0.001996386952182418,0.002242586952182396,189.2531956434378,160.21582419257078,118.12390979305869
com_quality,2018-11-14,0.00024619999999997774,-0.01879765954447475,-0.009398829772237376,-0.009152629772237398,187.5210312105006,160.255269328487,117.01395654337267
com_quality,2018-11-16,0.00024619999999997774,-0.006728878760687679,-0.0033644393803438396,-0.003118239380343862,186.93629574633735,160.29472417579572,116.62036708165375
com_quality,2018-11-19,0.0004924606144399554,-0.004029100128749895,-0.0020145500643749476,-0.0015220894499349922,186.65176198277192,160.3736630141548,116.38554515419267
com_quality,2018-11-21,0.00024619999999997774,-0.014262966313570592,-0.007131483156785296,-0.006885283156785318,185.36661174980765,160.41314700998888,115.55574789531741
com_quality,2018-11-22,0.00024619999999997774,-0.010975584078444407,-0.005487792039222204,-0.005241592039222226,184.39499559332225,160.45264072678276,114.92175807022602
com_quality,2018-11-23,0.00024619999999997774,0.009285937659565868,0.004642968829782934,0.004889168829782912,185.2965338581451,160.4921441669297,115.45520487620631
com_quality,2018-11-26,0.00024619999999997774,-0.008621923836033624,-0.004310961918016812,-0.0040647619180168345,184.54334756377796,160.53165733282358,114.95760439398688
com_quality,2018-11-27,0.00024619999999997774,0.0,0.0,0.00024619999999997774,184.58878213594818,160.57118022685896,114.95760439398686
com_quality,2018-11-28,0.00024619999999997774,-0.006203090780515508,-0.003101545390257754,-0.002855345390257776,184.06171740778302,160.6107128514308,114.60114592607844
com_quality,2018-11-29,0.00024619999999997774,-0.0004780364804533397,-0.00023901824022666985,7.1817597733078915e-06,184.0630392948209,160.65025520893482,114.57376090404362
com_quality,2018-11-30,0.00024619999999997774,0.011303320612829768,0.005651660306414884,0.005897860306414862,185.1486173881559,160.6898073017673,115.22113349756914
com_quality,2018-12-03,0.00024619999999997774,-0.00477603305377905,-0.002388016526889525,-0.002141816526889547,184.75206301950323,160.72936913232502,114.94605125177891
com_quality,2018-12-04,0.00024619999999997774,-0.003809575163202375,-0.0019047875816011876,-0.00165858758160121,184.44563554210387,160.7689407030054,114.72715733248336
com_quality,2018-12-05,0.00024619999999997774,-0.0041500174685994914,-0.0020750087342997457,-0.001828808734299768,184.108319752821,160.8085220162065,114.48915607486666
com_quality,2018-12-06,0.00024619999999997774,0.003261688207700601,0.0016308441038503005,0.0018770441038502782,184.4538991888828,160.8481130743269,114.6758240823427
com_quality,2018-12-07,0.00024619999999997774,0.01528261516652565,0.007641307583262825,0.007887507583262803,185.90878071749748,160.88771387976584,115.551881641149
com_quality,2018-12-10,0.00024619999999997774,0.006623534000970797,0.0033117670004853984,0.003557967000485376,186.5702380243908,160.92732443492307,115.93446835676274
com_quality,2018-12-11,0.00024619999999997774,0.00027962603357725366,0.00013981301678862683,0.00038601301678860457,186.64225656481355,160.96694474219896,115.95067351482355
com_quality,2018-12-12,0.00024619999999997774,-0.008826940666364174,-0.004413470333182087,-0.004167270333182109,185.86446782611284,161.00657480399448,115.43905461772587
com_quality,2018-12-13,0.00024619999999997774,-0.002968386017212548,-0.001484193008606274,-0.0012379930086062964,185.63436891439576,161.04621462271126,115.2677629519502
com_quality,2018-12-14,0.00024619999999997774,0.0031033005472511383,0.0015516502736255692,0.0017978502736255468,185.96811171534281,161.08586420075136,115.44657418454933
com_quality,2018-12-17,0.00024619999999997774,-0.009299407508363049,-0.004649703754181524,-0.004403503754181547,185.14920043724626,161.1255235405176,114.90991394090801
com_quality,2018-12-18,0.00024619999999997774,0.0048714038639156645,0.0024357019319578323,0.00268190193195781,185.64575243559932,161.16519264441328,115.18973134924903
com_quality,2018-12-19,0.00024619999999997774,-0.0067803450227692155,-0.0033901725113846077,-0.00314397251138463,185.06208729308648,161.20487151484235,114.79931440908568
com_quality,2018-12-20,0.00024619999999997774,-0.005809864381971643,-0.0029049321909858216,-0.002658732190985844,184.5700567642693,161.24456015420932,114.46591226876257
com_quality,2018-12-21,0.0004924606144399554,0.0012067319417897,0.00060336597089485,0.0010958265853348054,184.77231353932837,161.32396674937795,114.53494311008245
com_quality,2018-12-26,0.00024619999999997774,-0.014360147844064352,-0.007180073922032176,-0.006933873922032198,183.49112561296448,161.36368470999165,113.71277616939713
com_quality,2018-12-27,0.00024619999999997774,-0.015337861868575886,-0.007668930934287943,-0.007422730934287965,182.12912035870983,161.40341244916726,112.84093538980781
com_quality,2018-12-28,0.0004924606144399554,0.006882654084060254,0.003441327042030127,0.0039337876564700825,182.84557764426066,161.48289727283466,113.2290668127737
com_quality,2019-01-02,0.00024619999999997774,0.0,0.0,0.00024619999999997774,182.8905942254767,161.52265436214327,113.22906681277368
com_quality,2019-01-03,0.00024619999999997774,0.005066423119409118,0.002533211559704559,0.0027794115597045365,183.39892245722822,161.56242123964722,113.51582939277117
com_quality,2019-01-04,0.00024619999999997774,0.022967759013488465,0.011483879506744232,0.01173007950674421,185.55020639910273,161.60219790775645,114.81911063178481
com_quality,2019-01-07,0.00024619999999997774,0.001958162502823842,0.000979081251411921,0.0012252812514118986,185.7775575881992,161.64198436888137,114.93150019999649
com_quality,2019-01-08,0.00024619999999997774,-0.007744557846623966,-0.003872278923311983,-0.0036260789233120054,185.10391350220422,161.681780625433,114.48656291770631
com_quality,2019-01-09,0.00024619999999997774,0.012918703215488873,0.006459351607744437,0.006705551607744414,186.3451373469887,161.721586679823,115.2258898596608
com_quality,2019-01-10,0.00024619999999997774,0.009922680329760378,0.004961340164880189,0.005207540164880167,187.31553713425325,161.76140253446357,115.79742398335432
com_quality,2019-01-11,0.00024619999999997774,-0.006855579498036071,-0.0034277897490180356,-0.003181589749018058,186.71957594147509,161.8012281917676,115.40059246038241
com_quality,2019-01-14,0.00024619999999997774,0.014453058161311065,0.007226529080655532,0.00747272908065551,188.11488074654062,161.8410636541484,116.23433293081843
com_quality,2019-01-15,0.00024619999999997774,-0.006908524313887048,-0.003454262156943524,-0.0032080621569435465,187.51139651645968,161.88090892402008,115.83292789915669
com_quality,2019-01-16,0.00024619999999997774,-0.008647020333954135,-0.004323510166977068,-0.00407731016697709,186.74685439301902,161.9207640037972,115.33224632551736
com_quality,2019-01-17,0.00024619999999997774,0.010637768796626701,0.0053188843983133505,0.005565084398313328,187.7861163988357,161.96062889589493,115.94553421964105
com_quality,2019-01-18,0.00024619999999997774,-0.004314198070616318,-0.002157099035308159,-0.0019108990353081815,187.42727609016492,162.0005036027291,115.69548978056848
com_quality,2019-01-21,0.00024619999999997774,-1.913371152565714e-05,-9.56685576282857e-06,0.00023663314423714917,187.47162759582196,162.0403881267161,115.69438321094279
com_quality,2019-01-22,0.00024619999999997774,-0.013347572564014655,-0.006673786282007327,-0.00642758628200735,186.26663753402144,162.08028247027292,114.92245367241664
com_quality,2019-01-23,0.00024619999999997774,-0.009609565997011262,-0.004804782998505631,-0.004558582998505653,185.41752560697006,162.1201866358171,114.37041213349175
com_quality,2019-01-24,0.0004924606144399554,0.002174273052284915,0.0010871365261424576,0.001579597140582413,185.71041060023265,162.2000244425409,114.49468718546356
com_quality,2019-01-28,0.00024619999999997774,-0.006928823519994329,-0.0034644117599971643,-0.0032182117599971866,185.11275517288507,162.23995808855867,114.0981280775734
com_quality,2019-01-29,0.00024619999999997774,-0.002347902005046322,-0.001173951002523161,-0.0009277510025231834,184.9410166286936,162.27990156624008,113.9642154350233
com_quality,2019-01-30,0.00024619999999997774,-0.01430477343362571,-0.007152386716812855,-0.006906186716812877,183.66377943625864,162.3198548780057,113.149299926552
com_quality,2019-01-31,0.00024619999999997774,0.00805164892169134,0.00402582446084567,0.004272024460845647,184.4483955945817,162.35981802627668,113.60470702469632
com_quality,2019-02-01,0.00024619999999997774,-0.0017598263670428231,-0.0008799131835214116,-0.0006337131835214339,184.33150821461405,162.39979101347478,113.5047693499307
com_quality,2019-02-04,0.00024619999999997774,0.0,0.0,0.00024619999999997774,184.3768906319365,162.4397738420223,113.50476934993073
com_quality,2019-02-05,0.00024619999999997774,0.004315691741816813,0.0021578458709084064,0.002404045870908384,184.82014113455114,162.4797665143422,113.74963486191182
com_quality,2019-02-06,0.00024619999999997774,-0.005329683233459675,-0.0026648416167298376,-0.00241864161672986,184.37312744959323,162.51976903285805,113.44658471199088
com_quality,2019-02-07,0.00024619999999997774,0.006214078001217205,0.0031070390006086024,0.00335323900060858,184.99137461122137,162.55978139999397,113.79898091523161
com_quality,2019-02-08,0.00024619999999997774,-0.003861653914588148,-0.001930826957294074,-0.0016846269572940963,184.6797331546844,162.59980361817466,113.57930885842825
com_quality,2019-02-11,0.00024619999999997774,-0.0015305950136946557,-0.0007652975068473278,-0.0005190975068473502,184.58386636563858,162.63983568982545,113.49240829144905
com_quality,2019-02-12,0.00024619999999997774,0.030863281129367932,0.015431640564683966,0.015677840564683944,187.47774279333203,162.6798776173723,115.24335126086399
com_quality,2019-02-13,0.00024619999999997774,-0.01355332025679205,-0.006776660128396025,-0.006530460128396047,186.25342686905847,162.7199294032417,114.46257846357443
com_quality,2019-02-14,0.00024619999999997774,0.004611914146713852,0.002305957073356926,0.0025521570733569037,186.72877486987932,162.75999104986082,114.72645928855806
com_quality,2019-02-15,0.00024619999999997774,0.0030875634734963938,0.0015437817367481969,0.0017899817367481746,187.06301596662175,162.80006255965728,114.90352830673724
com_quality,2019-02-18,0.00024619999999997774,0.004115899654818893,0.0020579498274094464,0.002304149827409424,187.49403718257594,162.8401439350595,115.13993579946009
com_quality,2019-02-19,0.00024619999999997774,0.010043133975023641,0.0050215669875118205,0.005267766987511798,188.48171208200162,162.88023517849632,115.71797638642238
com_quality,2019-02-20,0.00024619999999997774,-0.002789301166844344,-0.001394650583422172,-0.0011484505834221943,188.26525014979663,162.92033629239728,115.55662996663116
com_quality,2019-02-21,0.00024619999999997774,0.005926014294590892,0.002963007147295446,0.0032092071472954236,188.8694323361647,162.96044727919246,115.89894081020996
com_quality,2019-02-22,0.00024619999999997774,0.02112795744560947,0.010563978722804734,0.010810178722804712,190.9111446549933,163.00056814131264,117.12299339317866
com_quality,2019-02-25,0.00024619999999997774,-0.007520047846265797,-0.0037600239231328986,-0.003513823923132921,190.2403165077119,163.04069888118903,116.68271653223455
com_quality,2019-02-26,0.00024619999999997774,0.020131742854201926,0.010065871427100963,0.01031207142710094,192.2020882398537,163.0808395012536,117.85694066063245
com_quality,2019-02-27,0.00024619999999997774,0.015227451590542927,0.007613725795271463,0.007859925795271441,193.71278239111518,163.12099000393883,118.75405022151818
com_quality,2019-02-28,0.00024619999999997774,0.012555313589806489,0.006277656794903244,0.006523856794903222,194.97653684277708,163.1611503916778,119.49936389558704
com_quality,2019-03-01,0.00024619999999997774,0.022439003149067438,0.011219501574533719,0.011465701574533697,197.2120796282524,163.20132066690425,120.8397571921397
com_quality,2019-03-06,0.00024619999999997774,0.005304813201554341,0.0026524066007771706,0.0028986066007771483,197.7837198640159,163.24150083205245,121.16019447009462
com_quality,2019-03-07,0.00024619999999997774,-0.021975393583504657,-0.010987696791752329,-0.01074149679175235,195.6592266716357,163.2816908895573,119.82925066839145
com_quality,2019-03-08,0.00024619999999997774,0.0,0.0,0.00024619999999997774,195.70739797324228,163.32189084185433,119.82925066839147
com_quality,2019-03-11,0.00024619999999997774,5.423551617874268e-05,2.711775808937134e-05,0.0002733177580893491,195.76088828049782,163.36210069137962,119.83249936919294
com_quality,2019-03-12,0.00024619999999997774,0.0055913508799194656,0.0027956754399597328,0.0030418754399597105,196.35636851866295,163.40232044056987,120.16742968474465
com_quality,2019-03-13,0.00024619999999997774,-8.268272083133965e-05,-4.1341360415669826e-05,0.00020485863958430792,196.39659381719144,163.44255009186236,120.1624630225161
com_quality,2019-03-14,0.00024619999999997774,0.001340188011748511,0.0006700940058742555,0.0009162940058742332,196.57655083888022,163.48278964769497,120.24296334953803
com_quality,2019-03-15,0.00024619999999997774,0.005083828028288833,0.0025419140141444167,0.0027881140141443944,197.12462867512627,163.52303911050626,120.54853539134176
com_quality,2019-03-18,0.00024619999999997774,0.011353712368732654,0.005676856184366327,0.005923056184366305,198.2922089260914,163.56329848273526,121.23270364776968
com_quality,2019-03-19,0.00024619999999997774,-0.005585109028699242,-0.002792554514349621,-0.0025463545143496434,197.7872866647321,163.60356776682175,120.89423804414287
com_quality,2019-03-20,0.00024619999999997774,0.003847285835934128,0.001923642917967064,0.0021698429179670417,198.2164540079655,163.64384696520597,121.12673814745408
com_quality,2019-03-21,0.00024619999999997774,0.003864689291729017,0.0019323446458645085,0.002178544645864486,198.64827740256678,163.68413608032878,121.36073914033989
com_quality,2019-03-22,0.00024619999999997774,-0.016897078076928234,-0.008448539038464117,-0.00820233903846414,197.01889688190406,163.72443511463177,120.3356705698579
com_quality,2019-03-25,0.00024619999999997774,-0.002232743199429123,-0.0011163715997145615,-0.0008701715997145839,196.84745663323034,163.76474407055701,120.20136431100202
com_quality,2019-03-26,0.00024619999999997774,0.004576904064048683,0.0022884520320243414,0.002534652032024319,197.3463964391846,163.8050629505472,120.47637166060215
com_quality,2019-03-27,0.00024619999999997774,-0.010988231005902478,-0.005494115502951239,-0.005247915502951261,196.31073922585983,163.84539175704563,119.81462348172397
com_quality,2019-03-28,0.00024619999999997774,0.003219620011194123,0.0016098100055970616,0.0018560100055970393,196.6750939220692,163.88573049249624,120.0074547863545
com_quality,2019-03-29,0.00024619999999997774,0.0016784719594453209,0.0008392359797226604,0.0010854359797226381,196.88857214532754,163.9260791593435,120.10814457042132
com_quality,2019-04-01,0.00024619999999997774,0.004927492948689315,0.0024637464743446575,0.002709946474344635,197.4221296372515,163.96643776003253,120.40398775155553
com_quality,2019-04-02,0.00024619999999997774,0.005187426532377396,0.002593713266188698,0.0028399132661886756,197.98279136224755,164.00680629700906,120.7162043041735
com_quality,2019-04-03,0.00024619999999997774,0.006497422305692811,0.0032487111528464053,0.003494911152846383,198.67472362785114,164.04718477271942,121.10827985442525
com_quality,2019-04-04,0.00024619999999997774,-0.004332213914641435,-0.0021661069573207176,-0.00191990695732074,198.29328664371423,164.08757318961048,120.84601093745079
com_quality,2019-04-05,0.00024619999999997774,0.0019731640321593025,0.0009865820160796512,0.001232782016079629,198.53773904139794,164.12797155012979,120.9652060927094
com_quality,2019-04-08,0.00024619999999997774,-0.0026222816160384153,-0.0013111408080192077,-0.00106494080801923,198.32630810116086,164.16837985672547,120.80664271295484
com_quality,2019-04-09,0.00024619999999997774,0.0,0.0,0.00024619999999997774,198.3751360382154,164.2087981118462,120.80664271295485
com_quality,2019-04-10,0.00024619999999997774,0.00785006475152867,0.003925032375764335,0.0041712323757643124,199.20260482820464,164.24922631794135,121.28069598489503
com_quality,2019-04-11,0.00024619999999997774,-0.008493797268757937,-0.0042468986343789684,-0.004000698634378991,198.4056552391037,164.28966447746083,120.76575594097906
com_quality,2019-04-12,0.00024619999999997774,-0.002755317704890101,-0.0013776588524450504,-0.0011314588524450728,198.18116740410824,164.3301125928552,120.59942287943448
com_quality,2019-04-15,0.00024619999999997774,-0.0012836276902275946,-0.0006418138451137973,-0.00039561384511381954,198.10276419044237,164.37057066657556,120.52203955189296
com_quality,2019-04-16,0.00024619999999997774,-0.009988683493259617,-0.0049943417466298086,-0.004748141746629831,197.16214418566696,164.4110387010737,119.9202594566294
com_quality,2019-04-17,0.00024619999999997774,0.03164078197378523,0.015820390986892616,0.016066590986892594,200.3298677143968,164.45151669880192,121.81697787640792
com_quality,2019-04-18,0.00024619999999997774,-0.011521968790885899,-0.0057609843954429495,-0.005514784395442972,199.2250916859843,164.49200466221316,121.1153649048755
com_quality,2019-04-22,0.00024619999999997774,-0.007552603756415113,-0.0037763018782075563,-0.0035301018782075786,198.52180681563755,164.53250259376102,120.65810930123503
com_quality,2019-04-23,0.00024619999999997774,-0.009771903240401522,-0.004885951620200761,-0.004639751620200783,197.6007149408195,164.57301049589964,120.06872472308741
com_quality,2019-04-24,0.00024619999999997774,-0.006658380780696101,-0.0033291903903480504,-0.0030829903903480727,196.99151383553104,164.61352837108373,119.66909146826531
com_quality,2019-04-25,0.00024619999999997774,0.015299904485690543,0.0076499522428452715,0.00789615224284525,198.54698881932498,164.6540562217687,120.58432897146892
com_quality,2019-04-26,0.00024619999999997774,0.01156314007180729,0.005781570035903645,0.006027770035903623,199.743784409249,164.69459405041053,121.28132411444571
com_quality,2019-04-29,0.00024619999999997774,-0.004994695498041608,-0.002497347749020804,-0.0022511477490208265,199.29413163859522,164.73514185946576,120.97851702377594
com_quality,2019-04-30,0.00024619999999997774,0.015453399869763598,0.007726699934881799,0.007972899934881776,200.8830838077589,164.7756996513916,121.91305164096288
com_quality,2019-05-02,0.00024619999999997774,0.0054775481792140625,0.0027387740896070312,0.002984974089607009,201.48271460796545,164.81626742864577,122.2468617639298
com_quality,2019-05-03,0.00024619999999997774,0.008567063501680707,0.004283531750840354,0.004529731750840331,202.39537725757066,164.8568451936867,122.77038118725416
com_quality,2019-05-06,0.00024619999999997774,-0.0037477032887416207,-0.0018738516443708103,-0.0016276516443708327,202.06594808896435,164.8974329489734,122.54038433181222
com_quality,2019-05-07,0.00024619999999997774,-0.004482481969594258,-0.002241240984797129,-0.0019950409847971514,201.66281824089495,164.93803069696546,122.26580940050303
com_quality,2019-05-08,0.00024619999999997774,0.0013350207528381145,0.0006675103764190572,0.0009137103764190349,201.84707965045953,164.9786384401231,122.34740300861276
com_quality,2019-05-09,0.00024619999999997774,-0.007088049082620482,-0.003544024541310241,-0.0032978245413102635,201.18142339759646,165.01925618090704,121.91390753636995
com_quality,2019-05-10,0.00024619999999997774,-0.002905114082246918,-0.001452557041123459,-0.0012063570411234813,200.93872677093754,165.0598839217788,121.73686421963168
com_quality,2019-05-13,0.00024619999999997774,0.0,0.0,0.00024619999999997774,200.98819788546857,165.10052166520035,121.73686421963171
com_quality,2019-05-14,0.00024619999999997774,-0.009076849873182618,-0.004538424936591309,-0.004292224936591331,200.12551133054401,165.14116941363434,121.18450658980335
com_quality,2019-05-15,0.00024619999999997774,-0.03206610453205908,-0.01603305226602954,-0.015786852266029563,196.9661594485051,165.181827169544,119.24202730021712
com_quality,2019-05-16,0.00024619999999997774,0.00047331551916595,0.000236657759582975,0.00048285775958295274,197.06126608697005,165.22249493539314,119.27023990530273
com_quality,2019-05-17,0.00024619999999997774,0.00894043220648635,0.004470216103243175,0.004716416103243153,197.99068901566812,165.26317271364627,119.80327241976002
com_quality,2019-05-20,0.00024619999999997774,0.01403027275210559,0.007015136376052795,0.0072613363760527724,199.42836600793734,165.3038605067684,120.64350184959638
com_quality,2019-05-21,0.00024619999999997774,-0.007247608393593112,-0.003623804196796556,-0.0033776041967965784,198.75477592194866,165.34455831722516,120.20642103057523
com_quality,2019-05-22,0.00024619999999997774,0.012678984352495384,0.006339492176247692,0.00658569217624767,200.06371369472967,165.38526614748287,120.9682811262777
com_quality,2019-05-23,0.00024619999999997774,-0.010695107489632118,-0.005347553744816059,-0.0051013537448160815,199.04311791967123,165.4259840000084,120.32155596527153
com_quality,2019-05-24,0.00024619999999997774,-0.00027783747596678114,-0.00013891873798339057,0.00010728126201658717,199.0644715165574,165.46671187726923,120.30484516076469
com_quality,2019-05-27,0.00024619999999997774,0.00030774810183400655,0.00015387405091700328,0.000400074050916981,199.14411204607066,165.5074497817334,120.32335239815266
com_quality,2019-05-28,0.00024619999999997774,0.029279603152633366,0.014639801576316683,0.01488600157631666,202.10857161190262,165.54819771586972,122.08442882524245
com_quality,2019-05-29,0.00024619999999997774,0.007183814818478875,0.0035919074092394376,0.0038381074092394152,202.88428601807706,165.58895568214737,122.52283685363602
com_quality,2019-05-30,0.00024619999999997774,0.015169581744782433,0.007584790872391217,0.007830990872391195,204.47307101003625,165.62972368303633,123.4519182084334
com_quality,2019-05-31,0.00024619999999997774,-0.0009304324415775082,-0.0004652162207887541,-0.00021901622078877636,204.42828809077054,165.67050172100713,123.39450050983271
com_quality,2019-06-03,0.00024619999999997774,-0.01960943280072511,-0.009804716400362555,-0.009558516400362578,202.47425694635686,165.71128979853086,122.18495021825117
com_quality,2019-06-04,0.00024619999999997774,0.00463324071360633,0.002316620356803165,0.0025628203568031425,202.99316209378756,165.75208791807924,122.46793668995244
com_quality,2019-06-05,0.00024619999999997774,0.0004156677166548364,0.0002078338583274182,0.00045403385832739593,203.08532786238712,165.79289608212468,122.49338340877394
com_quality,2019-06-06,0.00024619999999997774,0.0030103305020044743,0.0015051652510022372,0.0017513652510022148,203.4410044485937,165.8337142931401,122.67771081155195
com_quality,2019-06-07,0.00024619999999997774,-0.012673951702179418,-0.006336975851089709,-0.006090775851089731,202.20189089157677,165.8745425535991,121.90049647084284
com_quality,2019-06-10,0.00024619999999997774,-0.0063140845197589375,-0.0031570422598794687,-0.002910842259879491,201.61331308254202,165.9153808659758,121.5157461775063
com_quality,2019-06-11,0.00024619999999997774,0.003168570698118477,0.0015842853490592385,0.0018304853490592162,201.9823632983149,165.95622923274502,121.70821440817694
com_quality,2019-06-12,0.00024619999999997774,0.0,0.0,0.00024619999999997774,202.032091356159,165.99708765638215,121.70821440817694
com_quality,2019-06-13,0.00024619999999997774,-0.011607782870618132,-0.005803891435309066,-0.005557691435309088,200.90925933237128,166.03795613936316,121.00200701322719
com_quality,2019-06-14,0.00024619999999997774,-0.010179262990064813,-0.005089631495032406,-0.004843431495032429,199.93616909807724,166.0788346841647,120.38630297370503
com_quality,2019-06-17,0.00024619999999997774,0.014984762418773064,0.007492381209386532,0.0077385812093865095,201.4833913793363,166.11972329326395,121.28806103513797
com_quality,2019-06-18,0.00024619999999997774,-0.0035536274502582857,-0.0017768137251291428,-0.0015306137251291652,201.1749981351055,166.16062196913876,121.07260778818583
com_quality,2019-06-19,0.00024619999999997774,0.0153739263004373,0.00768696315021865,0.007933163150218627,202.77095221705622,166.20153071426756,122.0030593855712
com_quality,2019-06-21,0.00024619999999997774,0.010147933274936781,0.005073966637468391,0.005320166637468368,203.84972747208906,166.24244953112944,122.6219464685628
com_quality,2019-06-24,0.00024619999999997774,0.00190145711557526,0.00095072855778763,0.0011969285577876076,204.0937210323976,166.283378422204,122.73849795990479
com_quality,2019-06-25,0.00024619999999997774,0.003945279182833236,0.001972639591416618,0.0022188395914165956,204.54657226098382,166.32431738997158,122.98055718539015
com_quality,2019-06-26,0.00024619999999997774,-0.0013285158983309892,-0.0006642579491654946,-0.00041805794916551685,204.46105994047556,166.365266436913,122.89888648001461
com_quality,2019-06-27,0.00024619999999997774,-0.0026104465027519588,-0.0013052232513759794,-0.0010590232513760017,204.24453092399762,166.4062255655098,122.73851547915308
com_quality,2019-06-28,0.00024619999999997774,-0.007707305810061885,-0.0038536529050309425,-0.003607452905030965,203.50772839757917,166.44719477824404,122.26564026429553
com_quality,2019-07-01,0.00024619999999997774,-0.009198271661242763,-0.004599135830621381,-0.004352935830621404,202.62187231482898,166.48817407759847,121.7034623854959
com_quality,2019-07-02,0.00024619999999997774,-2.2515825160638464e-05,-1.1257912580319232e-05,0.0002349420874196585,202.6694767204675,166.52916346605636,121.70209259579786
com_quality,2019-07-03,0.00024619999999997774,0.005450977360996201,0.0027254886804981004,0.002971688680498078,203.27174731032014,166.57016294610173,122.03370862769354
com_quality,2019-07-04,0.00024619999999997774,-0.01734731895057352,-0.00867365947528676,-0.008427459475286782,201.5586828973917,166.6111725202191,120.97549032789595
com_quality,2019-07-05,0.00024619999999997774,-0.005567930601689721,-0.0027839653008448605,-0.002537765300844883,201.0471742658507,166.65219219089357,120.63878165824487
com_quality,2019-07-08,0.0004924606144399554,0.005046179256689907,0.0025230896283449534,0.003015550242784909,201.6534421210193,166.73426183185765,120.94301429443203
com_quality,2019-07-10,0.00024619999999997774,0.003901003116945683,0.0019505015584728414,0.0021967015584728193,202.09641455159795,166.77531180712066,121.17885576812888
com_quality,2019-07-11,0.00024619999999997774,0.009269649267025993,0.0046348246335129965,0.004881024633512974,203.08285212936892,166.81637188888757,121.74036027149516
com_quality,2019-07-12,0.00024619999999997774,-0.0012812738798285088,-0.0006406369399142544,-0.00039443693991427663,203.00274875062593,166.85744207964663,121.66238809637628
com_quality,2019-07-15,0.00024619999999997774,-0.01316832406422926,-0.00658416203211463,-0.006337962032114652,201.71612503662953,166.89852238188664,120.86154038864134
com_quality,2019-07-16,0.00024619999999997774,0.0,0.0,0.00024619999999997774,201.76578754661358,166.93961279809707,120.86154038864134
com_quality,2019-07-17,0.00024619999999997774,0.0043107057102852704,0.0021553528551426352,0.002401552855142613,202.25033874976629,166.98071333076797,121.12197553566176
com_quality,2019-07-18,0.00024619999999997774,0.00932523040871875,0.004662615204359375,0.004908815204359353,203.24314828770795,167.02182398239003,121.68658169434009
com_quality,2019-07-19,0.00024619999999997774,-0.006093453524901007,-0.0030467267624505034,-0.0028005267624505257,202.67396041164352,167.0629447554545,121.31592718440116
com_quality,2019-07-22,0.00024619999999997774,9.261569460966047e-05,4.630784730483024e-05,0.000292507847304808,202.73324413550827,167.1040756524533,121.32154368105138
com_quality,2019-07-23,0.00024619999999997774,-0.0013078574005949382,-0.0006539287002974691,-0.0004077287002974914,202.6505839733698,167.14521667587897,121.24222756930062
com_quality,2019-07-24,0.00024619999999997774,0.005739079956353168,0.002869539978176584,0.0031157399781765616,203.2819904994564,167.18636782822458,121.59005135413805
com_quality,2019-07-25,0.00024619999999997774,0.009154580420131817,0.004577290210065909,0.004823490210065886,204.26251919051325,167.2275291119839,122.14646731623287
com_quality,2019-07-26,0.00024619999999997774,0.0003267551640027868,0.0001633775820013934,0.00040957758200137114,204.34618053921682,167.26870052965128,122.16641839875649
com_quality,2019-07-29,0.00024619999999997774,-0.011000194772320403,-0.005500097386160202,-0.005253897386160224,203.27256667541002,167.3098820837217,121.49465658800274
com_quality,2019-07-30,0.00024619999999997774,0.008730653644974447,0.004365326822487223,0.004611526822487201,204.20996356890947,167.35107377669073,122.02488992774697
com_quality,2019-07-31,0.0002275100000000436,-0.019919432825677624,-0.009959716412838812,-0.009732206412838769,202.22255005189857,167.38914781948566,120.80983306634529
com_quality,2019-08-01,0.0002275100000000436,4.441847123813779e-05,2.2209235619068896e-05,0.0002497192356191125,202.27304891252246,167.4272305245061,120.81251555010105
com_quality,2019-08-02,0.0002275100000000436,0.008428522030599406,0.004214261015299703,0.0044417710152997465,203.17149947835838,167.4653218937227,121.32153521747962
com_quality,2019-08-05,0.0002275100000000436,-0.019176323630450545,-0.009588161815225272,-0.009360651815225229,201.26968181296428,167.50342192910674,120.15854929706963
com_quality,2019-08-06,0.0002275100000000436,-0.0005953325762410773,-0.00029766628812053864,-7.015628812049503e-05,201.25556147917706,167.54153063262984,120.12279028324764
com_quality,2019-08-07,0.0002275100000000436,-0.01406601841297503,-0.007033009206487515,-0.006805499206487472,199.88591691522936,167.57964800626405,119.27815775562298
com_quality,2019-08-08,0.0002275100000000436,-0.034846975388015344,-0.017423487694007672,-0.017195977694007627,196.4486831466088,167.61777405198197,117.20038895498382
com_quality,2019-08-09,0.0002275100000000436,-0.008869350407723211,-0.0044346752038616054,-0.004207165203861562,195.62219108252995,167.65590877175654,116.68076151664069
com_quality,2019-08-12,0.0002275100000000436,-0.011730117258483386,-0.005865058629241693,-0.005637548629241649,194.5193614673434,167.69405216756118,115.99657766810844
com_quality,2019-08-13,0.0002275100000000436,-0.002362539972792222,-0.001181269986396111,-0.0009537599863960675,194.33383668379656,167.73220424136983,115.85958555945909
com_quality,2019-08-14,0.0002275100000000436,-0.00683248463378657,-0.003416242316893285,-0.0031887323168932414,193.71415809849708,167.7703649951568,115.46387116943401
com_quality,2019-08-15,0.0002275100000000436,0.0,0.0,0.0002275100000000436,193.75823000660606,167.80853443089683,115.46387116943403
com_quality,2019-08-16,0.0002275100000000436,-0.009758740776587302,-0.004879370388293651,-0.004651860388293607,192.85689377153247,167.8467125505652,114.90060832346225
com_quality,2019-08-19,0.0002275100000000436,-0.0015732434770703665,-0.0007866217385351832,-0.0005591117385351397,192.74906521836738,167.88489935613757,114.81024556561515
com_quality,2019-08-20,0.0002275100000000436,-0.0025821435712260893,-0.0012910717856130446,-0.001063561785613001,192.54406467838848,167.9230948495901,114.66205101260883
com_quality,2019-08-21,0.0002275100000000436,-0.0006279607363232562,-0.0003139803681616281,-8.647036816158447e-05,192.52741532222842,167.96129903289932,114.62605756848619
com_quality,2019-08-22,0.0002275100000000436,0.019284832391281117,0.009642416195640558,0.009869926195640602,194.42764670209627,167.99951190804228,115.73107831915604
com_quality,2019-08-23,0.0002275100000000436,0.018696740151450817,0.009348370075725409,0.009575880075725452,196.28946253032106,168.03773347699646,116.81272918215844
com_quality,2019-08-26,0.0002275100000000436,-0.027671648901497193,-0.013835824450748596,-0.013608314450748553,193.61829380084004,168.0759637417398,115.1968963857008
com_quality,2019-08-27,0.0002275100000000436,-0.012759599706240275,-0.006379799853120137,-0.006152289853120094,192.4270979365107,168.1142027042507,114.46213040966661
com_quality,2019-08-28,0.0002275100000000436,0.0032441153820509973,0.0016220576910254986,0.0018495676910255422,192.78300487973186,168.15245036650794,114.64775235777935
com_quality,2019-08-29,0.0002275100000000436,0.00707362149344875,0.003536810746724375,0.0037643207467244187,193.5087019446165,168.1907067304908,115.05314752895075
com_quality,2019-08-30,0.0002275100000000436,0.0024683646454253865,0.0012341823227126933,0.0014616923227127369,193.79155212862702,168.22897179817906,115.19511179151405
com_quality,2019-09-02,0.0002275100000000436,0.008303027540703618,0.004151513770351809,0.004379023770351853,194.64016994189166,168.26724557155285,115.67323710610343
com_quality,2019-09-03,0.0002275100000000436,-0.00415460125413584,-0.00207730062706792,-0.0018497906270678764,194.28012637988223,168.30552805259285,115.43300367363616
com_quality,2019-09-04,0.0002275100000000436,0.003817728825331157,0.0019088644126655785,0.002136374412665622,194.69518147076968,168.34381924328008,115.65329950689086
com_quality,2019-09-05,0.0002275100000000436,0.014962953998095909,0.0074814769990479545,0.007708986999047998,196.19608409350516,168.3821191455961,116.51836019705807
com_quality,2019-09-06,0.0002275100000000436,0.02760654097872143,0.013803270489360715,0.014030780489360758,198.9488682822933,168.42042776152292,118.1263288108955
com_quality,2019-09-09,0.0002275100000000436,0.0118316006894694,0.0059158003447347,0.006143310344734743,200.17107292288517,168.45874509304295,118.82498163709276
com_quality,2019-09-10,0.0002275100000000436,-0.024835762167460293,-0.012417881083730146,-0.012190371083730103,197.7309132637268,168.49707114213908,117.34976277239082
com_quality,2019-09-11,0.0002275100000000436,0.004201120866517262,0.002100560433258631,0.0023280704332586744,198.1912447566373,168.53540591079462,117.59620697240285
com_quality,2019-09-12,0.0002275100000000436,0.006818033892048157,0.0034090169460240785,0.003636526946024122,198.91197255866086,168.5737494009934,117.99700324959889
com_quality,2019-09-13,0.0002275100000000436,-0.010095364654674052,-0.005047682327337026,-0.004820172327336982,197.9531825729576,168.6121016147196,117.40152733834175
com_quality,2019-09-16,0.0002275100000000436,0.0,0.0,0.0002275100000000436,197.99821890152475,168.65046255395796,117.40152733834174
com_quality,2019-09-17,0.0002275100000000436,-0.015438799575973666,-0.007719399787986833,-0.007491889787986789,196.51483806729686,168.68883222069363,116.49546415153246
com_quality,2019-09-18,0.0002087199999999955,-0.011506156179260554,-0.005753078089630277,-0.005544358089630282,195.42528943512605,168.72404095375472,115.82539650569998
com_quality,2019-09-19,0.0002087199999999955,-0.00809813140676869,-0.004049065703384345,-0.0038403457033843492,194.67478876451122,168.7592570355826,115.35650973117544
com_quality,2019-09-20,0.0002087199999999955,-0.00015470279778543716,-7.735139889271858e-05,0.00013136860110727692,194.70036291918208,168.79448046771108,115.34758860579365
com_quality,2019-09-23,0.0002087199999999955,-0.01926397487818469,-0.009631987439092346,-0.00942326743909235,192.86564932890627,168.82971125167433,114.23679392627852
com_quality,2019-09-24,0.0002087199999999955,-0.008442724067061627,-0.004221362033530814,-0.004012642033530818,192.0917485175849,168.86494938900677,113.75465969262311
com_quality,2019-09-25,0.0002087199999999955,0.0012923141181648834,0.0006461570590824417,0.0008548770590824372,192.25596334663163,168.90019488124327,113.82814773056373
com_quality,2019-09-26,0.0002087199999999955,-0.009850405429325398,-0.004925202714662699,-0.004716482714662703,191.3491914187164,168.93544772991888,113.26763801794334
com_quality,2019-09-27,0.0002087199999999955,0.003339045770006715,0.0016695228850033576,0.0018782428850033532,191.70859167604974,168.97070793656908,113.45670147042075
com_quality,2019-09-30,0.0002087199999999955,0.0018395876503059455,0.0009197938251529728,0.0011285138251529683,191.92493747215676,169.0059755027296,113.56103646705496
com_quality,2019-10-01,0.0002087199999999955,-0.006079771197915015,-0.0030398855989575077,-0.002831165598957512,191.38156619160353,169.04125042993655,113.21589594542574
com_quality,2019-10-02,0.0002087199999999955,-0.006376462060412339,-0.0031882310302061693,-0.0029795110302061737,190.81134270415748,169.0765327197263,112.85501283638244
com_quality,2019-10-03,0.0002087199999999955,0.004014649443374842,0.002007324721687421,0.0022160447216874168,191.23418917299512,169.11182237363556,113.08150222075095
com_quality,2019-10-04,0.0002087199999999955,0.006550498757601164,0.003275249378800582,0.0034839693788005777,191.90044323225356,169.1471193932014,113.45179505313332
com_quality,2019-10-07,0.0002087199999999955,-0.0015164528191597103,-0.0007582264095798551,-0.0005495064095798597,191.79499270869624,169.18242377996114,113.36579085670567
com_quality,2019-10-08,0.0002087199999999955,-0.004283832150540622,-0.002141916075270311,-0.0019331960752703155,191.42421538153528,169.2177355354525,113.1230215177004
com_quality,2019-10-09,0.0002087199999999955,0.015474573121874292,0.007737286560937146,0.00794600656093714,192.9452734528792,169.25305466121347,113.99810410458436
com_quality,2019-10-10,0.0002087199999999955,-0.01803180891656328,-0.00901590445828164,-0.008807184458281644,191.24596883922612,169.28838115878239,112.97052256637083
com_quality,2019-10-11,0.0002087199999999955,-0.006574738991866866,-0.003287369495933433,-0.0030786494959334373,190.65718953365993,169.32371502969787,112.5992242139386
com_quality,2019-10-14,0.0002087199999999955,-0.004176563195161711,-0.0020882815975808555,-0.0018795615975808599,190.29883760190978,169.35905627549886,112.36413439405794
com_quality,2019-10-15,0.0002087199999999955,-0.01431311495823985,-0.007156557479119925,-0.00694783747911993,188.97667220578626,169.39440489772468,111.56016181283248
com_quality,2019-10-16,0.0002087199999999955,0.0,0.0,0.0002087199999999955,189.01611541680907,169.42976089791495,111.56016181283248
com_quality,2019-10-17,0.0002087199999999955,-0.007819110763340109,-0.003909555381670054,-0.003700835381670059,188.3165978891687,169.4651242776096,111.12410219620028
com_quality,2019-10-18,0.0002087199999999955,0.014563900380921457,0.0072819501904607285,0.007490670190460724,189.72721541534608,169.50049503834882,111.93313351233637
com_quality,2019-10-21,0.0002087199999999955,0.0026072493025702916,0.0013036246512851458,0.0015123446512851414,190.01414835478272,169.53587318167322,112.07902185466386
com_quality,2019-10-22,0.0002087199999999955,-0.0044894119046310025,-0.0022447059523155012,-0.0020359859523155057,189.6272822179912,169.5712587091237,111.82748990692512
com_quality,2019-10-23,0.0002087199999999955,-0.010613009120507966,-0.005306504560253983,-0.0050977845602539875,188.66060318649738,169.6066516222415,111.23420065310532
com_quality,2019-10-24,0.0002087199999999955,-0.0023328934482016225,-0.0011664467241008112,-0.0009577267241008158,188.4799178850407,169.6420519225681,111.10447895965737
com_quality,2019-10-25,0.0002087199999999955,0.00466592902891515,0.002332964514457575,0.0025416845144575705,188.95897437361532,169.6774596116454,111.36362767694725
com_quality,2019-10-28,0.0002087199999999955,-0.002285541228553689,-0.0011427706142768444,-0.000934050614276849,188.78247712752852,169.71287469101551,111.23639115254615
com_quality,2019-10-29,0.0002087199999999955,-0.012263510194593718,-0.006131755097296859,-0.005923035097296863,187.66431188974755,169.74829716222104,110.55445917693358
com_quality,2019-10-30,0.0001898499999999249,-0.004095397867988838,-0.002047698933994419,-0.001857848933994494,187.31565994795437,169.7805238764373,110.3281198992405
com_quality,2019-10-31,0.0001898499999999249,0.004636095374409233,0.0023180476872046163,0.0025078976872045414,187.78542845831504,169.8127567088952,110.58381719827436
com_quality,2019-11-01,0.0001898499999999249,0.020558117309374412,0.010279058654687206,0.010468908654687132,189.75133695552643,169.84499566075638,111.72029898044828
com_quality,2019-11-04,0.0001898499999999249,0.008295546980919853,0.004147773490459927,0.004337623490459851,190.57440681205085,169.87724073318256,112.18360151691907
com_quality,2019-11-05,0.0001898499999999249,-0.00036016923724629946,-0.00018008461862314973,9.76538137677517e-06,190.57626784381404,169.90949192733572,112.16340281054855
com_quality,2019-11-06,0.0001898499999999249,-0.009746102620199204,-0.004873051310099602,-0.004683201310099677,189.68376081657397,169.94174924437812,111.61692854167731
com_quality,2019-11-07,0.0001898499999999249,-0.002502288445277657,-0.0012511442226388284,-0.0010612942226389036,189.48245053709093,169.97401268547216,111.47730617369025
com_quality,2019-11-08,0.0001898499999999249,-0.02724961142435854,-0.01362480571217927,-0.013434955712179345,186.9367622058899,170.0062822517805,109.95873783595552
com_quality,2019-11-11,0.0001898499999999249,0.004191743241934477,0.0020958716209672386,0.0022857216209671636,187.36404760501745,170.038557944466,110.18915348965139
com_quality,2019-11-12,0.0001898499999999249,-0.003464899345346429,-0.0017324496726732145,-0.0015425996726732896,187.0750198865112,170.07083976469173,109.9982925617033
com_quality,2019-11-13,0.0001898499999999249,-0.015284809365791775,-0.007642404682895888,-0.007452554682895963,185.68083307100315,170.10312771362103,109.15780066290617
com_quality,2019-11-14,0.0001898499999999249,-0.005230637834290552,-0.002615318917145276,-0.002425468917145351,185.23046998187976,170.13542179241745,108.87237239043603
com_quality,2019-11-18,0.0001898499999999249,0.0,0.0,0.0001898499999999249,185.26563598660582,170.16772200224472,108.87237239043603
com_quality,2019-11-19,0.00037973604302234966,0.0045894246183054484,0.0022947123091527242,0.002674448352175074,185.76111936148484,170.232340819648,109.12210832974962
com_quality,2019-11-21,0.0001898499999999249,-0.0007898654902465004,-0.0003949327451232502,-0.00020508274512332528,185.723022961189,170.2646594295526,109.07902061615572
com_quality,2019-11-22,0.0001898499999999249,0.00491887072437196,0.00245943536218598,0.002649285362185905,186.21505624734104,170.2969841751453,109.34724249480807
com_quality,2019-11-25,0.0001898499999999249,-0.014898026265237785,-0.007449013132618892,-0.007259163132618968,184.86329077629176,170.32931505759092,108.53286805843533
com_quality,2019-11-26,0.0001898499999999249,-0.00892767645668685,-0.004463838228343425,-0.004273988228343501,184.07318724766105,170.3616520780546,108.04848685273623
com_quality,2019-11-27,0.0001898499999999249,-0.001596354816931855,-0.0007981774084659275,-0.0006083274084660026,183.9612104826946,170.3939952377016,107.96226136142099
com_quality,2019-11-28,0.0001898499999999249,-0.01247540345703614,-0.00623770172851807,-0.006047851728518145,182.84864035789653,170.42634453769747,107.28895280474157
com_quality,2019-11-29,0.0001898499999999249,0.005094117682730593,0.0025470588413652965,0.0027369088413652216,183.34908041832364,170.45869997920795,107.56217220985965
com_quality,2019-12-02,0.0001898499999999249,0.0006675458458124009,0.00033377292290620044,0.0005236229229061253,183.44508619972447,170.491061563399,107.59806673589651
com_quality,2019-12-03,0.0001898499999999249,-0.013430680940506656,-0.006715340470253328,-0.006525490470253403,182.24801703791334,170.5234292914368,106.87564623535596
com_quality,2019-12-04,0.0001898499999999249,-0.007388527247398957,-0.0036942636236994785,-0.0035044136236995534,181.60934460411343,170.55580316448777,106.48089436685153
com_quality,2019-12-05,0.0001898499999999249,0.004700018419284758,0.002350009209642379,0.002539859209642304,182.07060677056333,170.58818318371854,106.73107795191098
com_quality,2019-12-06,0.0001898499999999249,0.023561986848052063,0.011780993424026031,0.011970843424025957,184.25014549633113,170.62056935029594,107.98823740767898
com_quality,2019-12-09,0.0001898499999999249,-0.007744720588352428,-0.003872360294176214,-0.0036825102941762887,183.57164243883742,170.65296166538707,107.57014741928771
com_quality,2019-12-10,0.0001898499999999249,0.0001379363223146142,6.89681611573071e-05,0.000258818161157232,183.61915411377402,170.68536013015924,107.5775649263369
com_quality,2019-12-11,0.0001708900000000369,0.01736478330124781,0.008682391650623905,0.008853281650623941,185.2447862015926,170.71452855135192,108.51143588863903
com_quality,2019-12-12,0.0001708900000000369,-0.005863961039166766,-0.002931980519583383,-0.0027610905195833463,184.73330857860913,170.7437019571361,108.19333683240922
com_quality,2019-12-13,0.0001708900000000369,0.012246024956336345,0.006123012478168172,0.0062939024781682095,185.89600200727224,170.77288034836354,108.85569279387846
com_quality,2019-12-16,0.0001708900000000369,-0.005329771372503723,-0.0026648856862518614,-0.0024939956862518246,185.43237818017465,170.8020637258863,108.56565438094937
com_quality,2019-12-17,0.0001708900000000369,-0.0007069127807272872,-0.0003534563903636436,-0.00018256639036360667,185.39852446023374,170.83125209055646,108.52728771311428
com_quality,2019-12-18,0.0001708900000000369,-0.0086729045602978,-0.0043364522801489,-0.004165562280148863,184.62623535994695,170.86044544322624,108.05674471994446
com_quality,2019-12-19,0.0001708900000000369,0.0,0.0,0.0001708900000000369,184.65778613730762,170.88964378474805,108.05674471994446
com_quality,2019-12-20,0.0001708900000000369,0.002251243954929637,0.0011256219774648185,0.0012965119774648553,184.89719716876678,170.91884711597444,108.1783549846364
com_quality,2019-12-23,0.00034180920339217386,0.0019389880171210884,0.0009694940085605442,0.0013113032119527182,185.13965345729525,170.97726875095188,108.28319741554213
com_quality,2019-12-26,0.0001708900000000369,0.011834013631753472,0.005917006815876736,0.006087896815876773,186.26676456407046,171.00648705640876,108.92380036005763
com_quality,2019-12-27,0.0001708900000000369,0.0011212034799257479,0.0005606017399628739,0.0007314917399629108,186.40301716377869,171.03571035498183,108.98485279881157
com_quality,2019-12-30,0.00034180920339217386,0.007132345574122834,0.003566172787061417,0.003907981990453591,187.13147679782094,171.09417193488989,109.37337881329708
com_quality,2020-01-02,0.0001708900000000369,-0.012189400556379505,-0.006094700278189752,-0.005923810278189715,186.0229454321932,171.12341021793188,108.7068947464793
com_quality,2020-01-03,0.0001708900000000369,-0.007819960932379622,-0.003909980466189811,-0.0037390904661897743,185.32738881043514,171.15265349750405,108.28192553446904
com_quality,2020-01-06,0.0001708900000000369,-0.007484623111426824,-0.003742311555713412,-0.003571421555713375,184.6655065791735,171.18190177446024,107.87677007028377
com_quality,2020-01-07,0.0001708900000000369,0.003421691520689374,0.001710845760344687,0.001881735760344724,185.01299826660568,171.2111550496545,108.06129905084069
com_quality,2020-01-08,0.0001708900000000369,0.009956838324940287,0.004978419162470144,0.005149309162470181,185.96568739375599,171.24041332394094,108.59918157401242
com_quality,2020-01-09,0.0001708900000000369,-0.0005279563025372357,-0.00026397815126861786,-9.308815126858095e-05,185.9483761917171,171.2696765981739,108.57051866103642
com_quality,2020-01-10,0.0001708900000000369,0.002579190992753576,0.001289595496376788,0.0014604854963768247,186.21995109821995,171.2989448732078,108.71050679036954
com_quality,2020-01-13,0.0001708900000000369,0.003092606995091219,0.0015463034975456095,0.0017171934975456463,186.5397267873591,171.3282181498972,108.87857750563492
com_quality,2020-01-14,0.0001708900000000369,-0.007457847837618481,-0.0037289239188092404,-0.0035580339188092036,185.87601211224427,171.35749642909687,108.47264694320204
com_quality,2020-01-15,0.0001708900000000369,0.0014225797672251963,0.0007112898836125982,0.0008821798836126351,186.03998819097583,171.38677971166166,108.54978925677143
com_quality,2020-01-16,0.0001708900000000369,0.00591864809113769,0.002959324045568845,0.0031302140455688817,186.6223331750487,171.4160679984466,108.87096837196142
com_quality,2020-01-17,0.0001708900000000369,-0.0022086692408192846,-0.0011043346204096423,-0.0009334446204096054,186.44813156209818,171.44536129030686,108.75075893502144
com_quality,2020-01-20,0.0001708900000000369,-0.012714008746404127,-0.006357004373202063,-0.006186114373202026,185.29474209558524,171.4746595880978,108.05954800591813
com_quality,2020-01-21,0.0001708900000000369,0.00439339236378854,0.00219669618189427,0.002367586181894307,185.7334433665484,171.50396289267485,108.29688144452861
com_quality,2020-01-22,0.0001708900000000369,-0.008372265160288217,-0.0041861325801441085,-0.004015242580144071,184.98767853618628,171.5332712048936,107.84361379969349
com_quality,2020-01-23,0.0001708900000000369,-0.0020829625414135354,-0.0010414812707067677,-0.0008705912707067308,184.82662987806435,171.56258452560982,107.73131588634615
com_quality,2020-01-24,0.0001708900000000369,0.0,0.0,0.0001708900000000369,184.85821490084425,171.59190285567942,107.73131588634617
com_quality,2020-01-27,0.0001708900000000369,-0.012212166318436085,-0.006106083159218042,-0.005935193159218005,183.76104568833952,171.62122619595846,107.07361190772505
com_quality,2020-01-28,0.0001708900000000369,0.013388934539076323,0.006694467269538162,0.006865357269538199,185.02263091921392,171.6505545473031,107.79029022491493
com_quality,2020-01-29,0.0001708900000000369,-0.0008129857002594203,-0.00040649285012971017,-0.00023560285012967327,184.97903906003086,171.6798879105697,107.74648172905893
com_quality,2020-01-30,0.0001708900000000369,0.001439304519019675,0.0007196522595098375,0.0008905422595098744,185.14377071143733,171.70922628661478,107.82400847954307
com_quality,2020-01-31,0.0001708900000000369,-0.016703362637876175,-0.008351681318938087,-0.008180791318938051,183.62914815924574,171.73856967629493,106.92365058435215
com_quality,2020-02-03,0.0001708900000000369,0.005832116212767953,0.0029160581063839763,0.003086948106384013,184.19600181043285,171.76791808046693,107.23539288876043
com_quality,2020-02-04,0.0001708900000000369,-0.0033642029524781998,-0.0016821014762390999,-0.001511211476239063,183.91764269861957,171.79727149998774,107.05504289608737
com_quality,2020-02-05,0.00016136999999987495,-0.0052734720147452,-0.0026367360073726,-0.0024753660073727254,183.4623792177273,171.82499442568965,106.77281255322289
com_quality,2020-02-06,0.00016136999999987495,0.005717913809766596,0.002858956904883298,0.0030203269048831726,184.01649557771248,171.8527218250401,107.07802217124969
com_quality,2020-02-07,0.00016136999999987495,0.02415817441330149,0.012079087206650746,0.01224045720665062,186.26894161714927,171.88045369876096,108.3712182559197
com_quality,2020-02-10,0.00016136999999987495,-0.024382919646482305,-0.012191459823241152,-0.012030089823241278,184.02810951821488,171.90819004757432,107.05022807074315
com_quality,2020-02-11,0.00016136999999987495,-0.013810773452256179,-0.006905386726128089,-0.006744016726128214,182.78702086954627,171.93593087220228,106.3111241159996
com_quality,2020-02-12,0.00016136999999987495,0.0004108702757481342,0.0002054351378740671,0.0003668051378739421,182.8540680879379,171.9636761733671,106.33296063268124
com_quality,2020-02-13,0.00016136999999987495,-0.011206646767277673,-0.005603323383638836,-0.005441953383638961,181.85898477339458,171.99142595179114,105.73723879954882
com_quality,2020-02-14,0.00016136999999987495,-0.003134080626123626,-0.001567040313061813,-0.001405670313061938,181.60335099733504,172.01918020819699,105.57157101756805
com_quality,2020-02-17,0.00016136999999987495,0.009399367316999387,0.004699683658499694,0.004861053658499569,182.48613463109643,172.04693894330714,106.06764395339182
com_quality,2020-02-18,0.00016136999999987495,-0.009478331133355791,-0.004739165566677896,-0.0045777955666780204,181.65075041300202,172.0747021578444,105.56505293054263
com_quality,2020-02-19,0.00016136999999987495,0.001978556072672659,0.0009892780363363295,0.0011506480363362044,181.85976649226373,172.10246985253156,105.66946926914696
com_quality,2020-02-20,0.00016136999999987495,0.002226770723783986,0.001113385361891993,0.001274755361891868,182.09159320471215,172.13024202809163,105.7871011271772
com_quality,2020-02-21,0.00016136999999987495,0.007539977522387414,0.003769988761193707,0.003931358761193582,182.8074605849972,172.1580186852477,106.18585296292216
com_quality,2020-02-26,0.00016136999999987495,0.0005227043534149281,0.00026135217670746405,0.000422722176707339,182.884737352654,172.18579982472292,106.2136003891274
com_quality,2020-02-27,0.00016136999999987495,0.0,0.0,0.00016136999999987495,182.91424946272056,172.2135854472406,106.21360038912738
com_quality,2020-02-28,0.00016136999999987495,-0.018369987152229303,-0.009184993576114651,-0.009023623576114777,181.26370012886144,172.2413755535242,105.23818655438778
com_quality,2020-03-02,0.00016136999999987495,-0.022221752224054515,-0.011110876112027258,-0.010949506112027383,179.27895213641176,172.26917014429722,104.06908675896155
com_quality,2020-03-03,0.00016136999999987495,-0.00975432442687172,-0.00487716221343586,-0.004715792213435985,178.4335098498939,172.2969692202834,103.56160683346955
com_quality,2020-03-04,0.00016136999999987495,1.4148092391225164e-05,7.074046195612582e-06,0.00016844404619548753,178.46356591226987,172.32477278220642,103.56233931485986
com_quality,2020-03-05,0.00016136999999987495,0.020677298223327437,0.010338649111663718,0.010500019111663593,180.33743676508433,172.3525808307903,104.63286125209423
com_quality,2020-03-06,0.00016136999999987495,0.01421500812328133,0.007107504061640665,0.007268874061640541,181.64828688152878,172.3803933667589,105.37641975038969
com_quality,2020-03-09,0.00016136999999987495,0.014048169067863714,0.007024084533931857,0.007185454533931732,182.95351238808263,172.4082103908365,106.11647320817305
com_quality,2020-03-10,0.00016136999999987495,0.008522288081519488,0.004261144040759744,0.004422514040759619,183.7626268654252,172.43603190374722,106.56857782948775
com_quality,2020-03-11,0.00016136999999987495,0.015164123600868162,0.007582061800434081,0.007743431800433956,185.18558023402622,172.4638579062155,107.37645700511273
com_quality,2020-03-12,0.00016136999999987495,0.013473574432275925,0.006736787216137963,0.006898157216137838,186.46301948064223,172.4916883989658,108.09971263621777
com_quality,2020-03-13,0.00016136999999987495,0.02089254116147335,0.010446270580736675,0.010607640580736549,188.44095217289177,172.51952338272272,109.22876928824365
com_quality,2020-03-16,0.00016136999999987495,-0.004987410008863748,-0.002493705004431874,-0.002332335004431999,188.00144474387045,172.54736285821096,108.95642890720893
com_quality,2020-03-17,0.00016136999999987495,0.008996033762815936,0.004498016881407968,0.004659386881407843,188.87741620919573,172.57520682615535,109.44643769105403
com_quality,2020-03-18,0.0001422700000000304,-0.07085918091469907,-0.03542959045734954,-0.03528732045734951,182.21243829626567,172.5997591008305,105.56934682036234
com_quality,2020-03-19,0.0001422700000000304,0.017492707226685077,0.008746353613342538,0.00888862361334257,183.8320560779506,172.62431486855778,106.49256231251476
com_quality,2020-03-20,0.0001422700000000304,0.011453538790032747,0.005726769395016373,0.005869039395016404,184.91097365713895,172.64887412983413,107.10233390695822
com_quality,2020-03-23,0.0001422700000000304,-0.00039146547921435626,-0.00019573273960717813,-5.346273960714774e-05,184.90108780990383,172.6734368851566,107.08137345576768
com_quality,2020-03-24,0.0001422700000000304,0.013639873413251818,0.006819936706625909,0.0069622067066259395,186.18840740351635,172.69800313502225,107.81155776187335
com_quality,2020-03-25,0.0001422700000000304,-0.00402957846045237,-0.002014789230226185,-0.0018725192302261543,185.8397660302081,172.72257287992824,107.59437109554786
com_quality,2020-03-26,0.0001422700000000304,-0.0046698604070345845,-0.0023349302035172922,-0.002192660203517262,185.4322825710027,172.74714612037187,107.34318148549424
com_quality,2020-03-27,0.0001422700000000304,0.008674800964728896,0.004337400482364448,0.004479670482364478,186.2629580937135,172.77172285685043,107.80870562252898
com_quality,2020-03-30,0.0001422700000000304,0.0,0.0,0.0001422700000000304,186.2894577247615,172.79630308986128,107.80870562252898
com_quality,2020-03-31,0.0001422700000000304,-0.010112027212157988,-0.005056013606078994,-0.004913743606078964,185.3740790929865,172.82088681990186,107.26370087787272
com_quality,2020-04-01,0.0001422700000000304,-0.016571057245278454,-0.008285528622639227,-0.008143258622639196,183.86453002499874,172.84547404746974,106.37509083662947
com_quality,2020-04-02,0.0001422700000000304,-0.022739823135550286,-0.011369911567775143,-0.011227641567775112,181.80016498485062,172.87006477306247,105.16578750838745
com_quality,2020-04-03,0.0001422700000000304,0.045604674636504944,0.022802337318252472,0.022944607318252503,185.97149838082154,172.89465899717774,107.56347215089927
com_quality,2020-04-06,0.0001422700000000304,0.007660815394589335,0.0038304076972946674,0.003972677697294698,186.7103032047715,172.91925672031326,107.9754254939717
com_quality,2020-04-07,0.0001422700000000304,-0.005454476145948371,-0.0027272380729741856,-0.0025849680729741554,186.22766303209184,172.94385794296684,107.68099269157376
com_quality,2020-04-08,0.0001422700000000304,-0.0021210994418873197,-0.0010605497209436598,-0.0009182797209436295,186.05665394565074,172.9684626656364,107.5668078898955
com_quality,2020-04-09,0.0001422700000000304,0.007940339269941189,0.003970169634970594,0.0041124396349706245,186.82180070368685,172.99307088881983,107.9938056153443
com_quality,2020-04-13,0.0001422700000000304,0.01224011364490293,0.006120056822451465,0.006262326822451495,187.99173987725223,173.01768261301518,108.65463982529992
com_quality,2020-04-14,0.0001422700000000304,0.03540689811284133,0.017703449056420666,0.017845719056420697,191.3465876520294,173.04229783872054,110.57792807997089
com_quality,2020-04-15,0.0001422700000000304,0.009540646556623046,0.004770323278311523,0.004912593278311553,192.28659561235665,173.06691656643406,111.10534550868066
com_quality,2020-04-16,0.0001422700000000304,-0.0032299983218470937,-0.0016149991609235468,-0.0014727291609235164,192.0034095357436,173.09153879665396,110.92593599350174
com_quality,2020-04-17,0.0001422700000000304,-0.015569646028140227,-0.007784823014070114,-0.0076425530140700835,190.53601329948447,173.11616452987855,110.06252005230823
com_quality,2020-04-20,0.0001422700000000304,0.0008995185222486109,0.00044975926112430543,0.0005920292611243358,190.64881619465572,173.1407937666062,110.11201464840825
com_quality,2020-04-22,0.0001422700000000304,-0.00698436662209442,-0.00349218331104721,-0.0033499133110471797,190.01015918754987,173.16542650733538,109.72753800799892
com_quality,2020-04-23,0.0001422700000000304,-0.013261513570007398,-0.006630756785003699,-0.006488486785003669,188.777280780645,173.19006275256456,109.00006488845135
com_quality,2020-04-24,0.0001422700000000304,-0.005273854901821504,-0.002636927450910752,-0.002494657450910722,188.3063461305829,173.2147025027924,108.71268051137126
com_quality,2020-04-27,0.0001422700000000304,0.018428254426307456,0.009214127213153728,0.00935639721315376,190.0682151027383,173.23934575851746,109.71423048877072
com_quality,2020-04-28,0.0001422700000000304,0.049300553190650555,0.024650276595325277,0.02479254659532531,194.78049018196324,173.26399252023853,112.4183319042538
com_quality,2020-04-29,0.0001422700000000304,-0.01683156210716025,-0.008415781053580125,-0.008273511053580094,193.168971643421,173.28864278845438,111.47237841734147
com_quality,2020-04-30,0.0001422700000000304,-0.02336084521101848,-0.01168042260550924,-0.011538152605509208,190.94015856994994,173.31329656366387,110.1705191441045
com_quality,2020-05-04,0.0001422700000000304,0.0,0.0,0.0001422700000000304,190.9673236263097,173.337953846366,110.17051914410452
com_quality,2020-05-05,0.0001422700000000304,-0.022469955336618865,-0.011234977668309432,-0.011092707668309401,188.8489789311236,173.36261463705972,108.9329318933526
com_quality,2020-05-06,0.00011344999999995498,-0.06202118636698731,-0.031010593183493654,-0.030897143183493698,183.0140849890321,173.3822826256903,105.55524025723876
com_quality,2020-05-07,0.00011344999999995498,0.004111183551067654,0.002055591775533827,0.002169041775533782,183.4110501848844,173.40195284565417,105.77219412755944
com_quality,2020-05-08,0.00011344999999995498,-0.0349282900654385,-0.01746414503271925,-0.017350695032719295,180.22874098749574,173.42162529720449,103.92518273232962
com_quality,2020-05-11,0.00011344999999995498,-0.021587987501283115,-0.010793993750641558,-0.010680543750641603,178.30380003425572,173.44129998059447,102.80354220949988
com_quality,2020-05-12,0.00011344999999995498,-0.012292562099173756,-0.006146281049586878,-0.006032831049586923,177.2281233331497,173.46097689607726,102.17175442251164
com_quality,2020-05-13,0.00011344999999995498,0.01768905069750305,0.008844525348751525,0.008957975348751479,178.81572849307355,173.4806560439061,103.07531258575435
com_quality,2020-05-14,0.00011344999999995498,0.005469748471397518,0.002734874235698759,0.002848324235698714,179.32505366626447,173.50033742433428,103.35717862477958
com_quality,2020-05-15,0.00011344999999995498,0.030939156088874632,0.015469578044437316,0.01558302804443727,182.1194810066161,173.52002103761507,104.95588919225459
com_quality,2020-05-18,0.00011344999999995498,-0.03012179900862779,-0.015060899504313895,-0.014947449504313941,179.39725926051784,173.5397068840018,103.3753384062308
com_quality,2020-05-19,0.00011344999999995498,0.03192704034416395,0.015963520172081976,0.01607697017208193,182.28142364660243,173.55939496374774,105.02538550833073
com_quality,2020-05-20,0.00011344999999995498,0.0022868101929672015,0.0011434050964836007,0.0012568550964835558,182.51052498290696,173.57908527710637,105.14545844710624
com_quality,2020-05-21,0.00011344999999995498,0.004074538847236386,0.002037269423618193,0.002150719423618148,182.90305391400244,173.59877782433105,105.35964377530735
com_quality,2020-05-22,0.00011344999999995498,0.046564162336047585,0.023282081168023792,0.02339553116802375,187.1821680125742,173.6184726056752,107.81235729316953
com_quality,2020-05-25,0.00011344999999995498,-0.031203885834706714,-0.015601942917353357,-0.015488492917353403,184.2829983290566,173.6381696213923,106.13046585947934
com_quality,2020-05-26,0.00011344999999995498,0.02444858205535351,0.012224291027676755,0.01233774102767671,186.5566342382443,173.65786887173584,107.42768839115233
com_quality,2020-05-27,0.00011344999999995498,0.00714174124445428,0.00357087062222714,0.003684320622227095,187.24396869298153,173.67757035695934,107.81125525198168
com_quality,2020-05-28,0.00011344999999995498,-0.01963664693076753,-0.009818323465383765,-0.00970487346538381,185.42678966965985,173.69727407731634,106.75284955083546
com_quality,2020-05-29,0.00011344999999995498,0.022759063795119862,0.011379531897559931,0.011492981897559885,187.5578964066559,173.7169800330604,107.96750920431695
com_quality,2020-06-01,0.00011344999999995498,0.044876230908851455,0.022438115454425728,0.022551565454425684,191.78762058396498,173.73668822444515,110.38982182980278
com_quality,2020-06-02,0.00011344999999995498,0.06173678165331336,0.03086839082665668,0.030981840826656636,197.7295541174206,173.7563986517242,113.79699144993674
com_quality,2020-06-03,0.00011344999999995498,0.0,0.0,0.00011344999999995498,197.75198653533522,173.77611131515124,113.79699144993675
com_quality,2020-06-04,0.00011344999999995498,0.033326571032306164,0.016663285516153082,0.016776735516153038,201.06961931123243,173.79582621497997,115.69300810625661
com_quality,2020-06-05,0.00011344999999995498,0.00443944217529655,0.002219721087648275,0.00233317108764823,201.5387491336138,173.81554335146404,115.94978518468398
com_quality,2020-06-08,0.00011344999999995498,0.021297222687159056,0.010648611343579528,0.010762061343579482,203.70772151489805,173.83526272485724,117.18434932118593
com_quality,2020-06-09,0.00011344999999995498,-0.031828633763722344,-0.015914316881861172,-0.015800866881861216,200.48896292443388,173.85498433541338,115.31965200240468
com_quality,2020-06-10,0.00011344999999995498,-0.018305693238749435,-0.009152846619374717,-0.009039396619374763,198.6766636707528,173.87470818338622,114.26426864866848
com_quality,2020-06-12,0.00011344999999995498,-0.01930490377668137,-0.009652451888340685,-0.009539001888340731,196.78148660082823,173.89443426902963,113.16146340623553
com_quality,2020-06-15,0.00011344999999995498,-0.02471838014886959,-0.012359190074434794,-0.01224574007443484,194.37175166445363,173.91416259259745,111.76303802225647
com_quality,2020-06-16,0.00011344999999995498,0.013120045271533185,0.006560022635766593,0.006673472635766548,195.66888623035234,173.93389315434356,112.49612291304364
com_quality,2020-06-17,8.441999999999047e-05,-0.025412509493212665,-0.012706254746606332,-0.012621834746606341,193.19918588330032,173.94857665360368,111.06683917743791
com_quality,2020-06-18,8.441999999999047e-05,0.01272660639957085,0.006363303199785425,0.0064477231997854155,194.44488075629974,173.9632613924448,111.77353149160061
com_quality,2020-06-19,8.441999999999047e-05,0.015542827825585028,0.007771413912792514,0.007855833912792504,195.97240744471398,173.97794737097158,112.64209654505453
com_quality,2020-06-22,8.441999999999047e-05,-0.010434297765479073,-0.005217148882739536,-0.005132728882739546,194.9665342088025,173.99263458928863,112.05447556387831
com_quality,2020-06-23,8.441999999999047e-05,-0.02347459861818142,-0.01173729930909071,-0.011652879309090718,192.6946127163556,174.00732304750068,110.73936966650172
com_quality,2020-06-24,8.441999999999047e-05,-0.0008561360337328351,-0.00042806801686641753,-0.0003436480168664271,192.6283935948348,174.02201274571237,110.6919696856459
com_quality,2020-06-25,8.441999999999047e-05,0.0003535118011208996,0.0001767559005604498,0.00026117590056044023,192.67870348900541,174.03670368402837,110.71153349285589
com_quality,2020-06-26,8.441999999999047e-05,0.001930509497308941,0.0009652547486544705,0.001049674748654461,192.8809534586613,174.0513958625534,110.81838930552297
com_quality,2020-06-29,8.441999999999047e-05,-0.027200408723244994,-0.013600204361622497,-0.013515784361622506,190.2740160842499,174.06608928139212,109.31136378703627
com_quality,2020-06-30,8.441999999999047e-05,0.02559753889411498,0.01279876944705749,0.012883189447057481,192.72535228031578,174.08078394064924,110.71029663217922
com_quality,2020-07-01,8.441999999999047e-05,-0.024484556835956003,-0.012242278417978002,-0.01215785841797801,190.38222473373676,174.09547984042953,109.3550647657453
com_quality,2020-07-02,8.441999999999047e-05,0.019240421939811493,0.009620210969905747,0.009704630969905738,192.22981396800736,174.11017698083768,110.40699475548975
com_quality,2020-07-03,8.441999999999047e-05,0.013603898068789866,0.006801949034394933,0.006886369034394923,193.55357940640414,174.12487536197844,111.15791411424499
com_quality,2020-07-06,8.441999999999047e-05,0.0,0.0,8.441999999999047e-05,193.56991919957764,174.1395749839565,111.157914114245
com_quality,2020-07-07,8.441999999999047e-05,0.0013938390434763658,0.0006969195217381829,0.0007813395217381733,193.72116302766796,174.15427584687666,111.23537569528025
com_quality,2020-07-08,8.441999999999047e-05,0.0002550126481828726,0.0001275063240914363,0.00021192632409142677,193.7622176416471,174.16897795084367,111.24955771189822
com_quality,2020-07-09,8.441999999999047e-05,-0.0005782754922525665,-0.00028913774612628323,-0.00020471774612629276,193.72255107716708,174.1836812959623,111.21739398078603
com_quality,2020-07-10,8.441999999999047e-05,-0.007021409046126603,-0.0035107045230633013,-0.003426284523063311,193.05880249864308,174.1983858823373,110.82697553181985
com_quality,2020-07-13,8.441999999999047e-05,-0.03767940483747555,-0.018839702418737773,-0.018755282418737782,189.4379301343577,174.2130917100735,108.73920454245852
com_quality,2020-07-14,8.441999999999047e-05,0.012340798552340427,0.0061703992761702135,0.006254819276170204,190.62283015139988,174.22779877927567,109.41011221343305
com_quality,2020-07-15,8.441999999999047e-05,0.0021491341890137686,0.0010745670945068843,0.0011589870945068748,190.8437595514637,174.24250709004866,109.52767079552838
com_quality,2020-07-16,8.441999999999047e-05,-0.00942807158381772,-0.00471403579190886,-0.004629615791908869,189.96022626845698,174.2572166424972,109.01139701902605
com_quality,2020-07-17,8.441999999999047e-05,-0.02011267433436039,-0.010056337167180195,-0.009971917167180204,188.06595862704913,174.27192743672617,107.9152341936031
com_quality,2020-07-20,8.441999999999047e-05,0.013975874886143103,0.006987937443071551,0.007072357443071542,189.39602830933353,174.2866394728404,108.66927544314014
com_quality,2020-07-21,8.441999999999047e-05,-0.03226476533066579,-0.016132382665332894,-0.016047962665332902,186.35660791806302,174.30135275094472,106.91632909145794
com_quality,2020-07-22,8.441999999999047e-05,-0.004827007768247616,-0.002413503884123808,-0.0023290838841238176,185.92256774586107,174.31606727114396,106.65830789806859
com_quality,2020-07-23,8.441999999999047e-05,0.006919459452126908,0.003459729726063454,0.0035441497260634445,186.5815051634066,174.330783033543,107.02728566733188
com_quality,2020-07-24,8.441999999999047e-05,-0.005306903480702474,-0.002653451740351237,-0.0025690317403512467,186.10217135447928,174.3455000382467,106.74331790247152
com_quality,2020-07-27,8.441999999999047e-05,0.025125157783003327,0.012562578891501664,0.012646998891501655,188.45580530930545,174.36021828535996,108.08417605951632
com_quality,2020-07-28,8.441999999999047e-05,-0.0031320984677617007,-0.0015660492338808504,-0.00148162923388086,188.1765836788646,174.37493777498761,107.91492520656067
com_quality,2020-07-29,8.441999999999047e-05,-0.010130972648733505,-0.005065486324366752,-0.004981066324366762,187.23926363486743,174.3896585072346,107.36832977231832
com_quality,2020-07-30,8.441999999999047e-05,-0.007617812144558067,-0.0038089060722790334,-0.003724486072279043,186.5418936052756,174.4043804822058,106.95940841021947
com_quality,2020-07-31,8.441999999999047e-05,-0.022914563651270304,-0.011457281825635152,-0.01137286182563516,184.42037842461045,174.4191037000061,105.7340477691057
com_quality,2020-08-03,8.441999999999047e-05,-0.007734306105366195,-0.0038671530526830974,-0.003782733052683107,183.72276536355537,174.43382816074046,105.32519253906139
com_quality,2020-08-04,8.441999999999047e-05,0.0035739488044276846,0.0017869744022138423,0.0018713944022138327,184.06658311821596,174.4485538645138,105.51339007440099
com_quality,2020-08-05,7.46899999999763e-05,0.0,0.0,7.46899999999763e-05,184.08033105130903,174.46158342700193,105.51339007440099
com_quality,2020-08-06,7.46899999999763e-05,0.008250991581854482,0.004125495790927241,0.004200185790927217,184.85350264217993,174.4746139626681,105.94865261128051
com_quality,2020-08-07,7.46899999999763e-05,0.001850424871364742,0.000925212435682371,0.0009999024356823472,185.03833810971625,174.48764547158493,106.046670301279
com_quality,2020-08-10,7.46899999999763e-05,0.015824354181542988,0.007912177090771494,0.00798686709077147,186.5162147228958,174.5006779538252,106.88566767187577
com_quality,2020-08-11,7.46899999999763e-05,-0.010835485110134135,-0.0054177425550670675,-0.005343052555067091,185.5196487852592,174.51371140946156,106.30663188978566
com_quality,2020-08-12,7.46899999999763e-05,-0.018124274426237007,-0.009062137213118503,-0.008987447213118527,183.8523007348054,174.52674583856674,105.34333855331525
com_quality,2020-08-13,7.46899999999763e-05,0.01192487235781867,0.005962436178909335,0.006037126178909311,184.9622402726242,174.5397812412134,105.97139457680824
com_quality,2020-08-14,7.46899999999763e-05,-0.00644570081584156,-0.00322285040792078,-0.0031481604079208036,184.3799494708376,174.5528176174743,105.62989013153548
com_quality,2020-08-17,7.46899999999763e-05,-0.026483822042230886,-0.013241911021115443,-0.013167221021115467,181.95217792429298,174.56585496742213,104.23125298945165
com_quality,2020-08-18,7.46899999999763e-05,-0.009027540469121954,-0.004513770234560977,-0.004439080234561001,181.14447760763395,174.57889329112965,103.76081219941948
com_quality,2020-08-19,7.46899999999763e-05,-0.0016603064904030405,-0.0008301532452015203,-0.0007554632452015439,181.00762961273014,174.59193258866955,103.67468125756741
com_quality,2020-08-20,7.46899999999763e-05,0.017001022091982766,0.008500511045991383,0.00857520104599136,182.55980642751763,174.6049728601146,104.5559032123192
com_quality,2020-08-21,7.46899999999763e-05,0.0074408286535784796,0.0037204143267892398,0.003795104326789216,183.25263993878852,174.61801410553753,104.94486544099185
com_quality,2020-08-24,7.46899999999763e-05,0.01082433684766134,0.00541216842383067,0.005486858423830647,184.25812122992585,174.63105632501106,105.51280230877009
com_quality,2020-08-25,7.46899999999763e-05,-0.0017767059767978544,-0.0008883529883989272,-0.0008136629883989508,184.10819721636912,174.64409951860796,105.41907669589077
com_quality,2020-08-26,7.46899999999763e-05,-0.0020116109196976813,-0.0010058054598488407,-0.0009311154598488643,183.93677122765607,174.65714368640099,105.31305353184796
com_quality,2020-08-27,7.46899999999763e-05,-0.007497563328756864,-0.003748781664378432,-0.003674091664378456,183.26097066971582,174.67018882846293,104.91828737283245
com_quality,2020-08-28,7.46899999999763e-05,0.0008214221838347205,0.00041071109191736024,0.00048540109191733653,183.34992574498474,174.6832349448665,104.96137525896725
com_quality,2020-08-31,7.46899999999763e-05,0.009421624625697435,0.004710812312848717,0.004785502312848694,184.227347238698,174.69628203568453,105.45579166994898
com_quality,2020-09-01,7.46899999999763e-05,0.011326407469635803,0.005663203734817901,0.0057378937348178775,185.28442418020103,174.70933010098977,106.05296470033878
com_quality,2020-09-02,7.46899999999763e-05,0.015424980686683286,0.007712490343341643,0.007787180343341619,186.72726740610446,174.722379140855,106.87083607965958
com_quality,2020-09-03,7.46899999999763e-05,0.005179616142448672,0.002589808071224336,0.0026644980712243124,187.224801849953,174.73542915535302,107.14759036273976
com_quality,2020-09-04,7.46899999999763e-05,0.0,0.0,7.46899999999763e-05,187.23878567040316,174.74848014455665,107.14759036273975
com_quality,2020-09-08,7.46899999999763e-05,-0.010282498906215997,-0.005141249453107999,-0.0050665594531080224,186.29012923087632,174.76153210853863,106.59675901397891
com_quality,2020-09-09,7.46899999999763e-05,-0.002093391615758989,-0.0010466958078794945,-0.0009720058078795181,186.1090541433133,174.7745850473718,106.48519296605359
com_quality,2020-09-10,7.46899999999763e-05,-0.020626146324543158,-0.010313073162271579,-0.010238383162271603,184.20359833702608,174.78763896112898,105.38708539795033
com_quality,2020-09-11,7.46899999999763e-05,0.012866369316595804,0.006433184658297902,0.006507874658297878,185.40237226661088,174.80069384988298,106.06500934477555
com_quality,2020-09-14,7.46899999999763e-05,-0.006371231777580244,-0.003185615888790122,-0.0031109258887901457,184.82559922688358,174.8137497137066,105.72715220031229
com_quality,2020-09-15,7.46899999999763e-05,0.015339839817307133,0.007669919908653566,0.0077446099086535426,186.25700139402895,174.8268065526727,106.5380104268578
com_quality,2020-09-16,7.46899999999763e-05,-0.005987911124022905,-0.0029939555620114525,-0.0029192655620114763,185.71326774417582,174.83986436685413,106.21906418006984
com_quality,2020-09-17,7.46899999999763e-05,-0.018989581039157502,-0.009494790519578751,-0.009420100519578775,183.96383009420626,174.85292315632367,105.2106117378073
com_quality,2020-09-18,7.46899999999763e-05,-0.0076748911904742315,-0.0038374455952371158,-0.0037627555952371395,183.27161916319804,174.8659829211542,104.80690189231024
com_quality,2020-09-21,7.46899999999763e-05,0.0015225306051670053,0.0007612653025835026,0.000835955302583479,183.42482604505054,174.87904366141856,104.88668179143144
com_quality,2020-09-22,7.46899999999763e-05,-0.006630318228146427,-0.0033151591140732134,-0.003240469114073237,182.8304435614973,174.89210537718964,104.53899172131702
com_quality,2020-09-23,7.46899999999763e-05,0.005116078773488297,0.0025580393867441487,0.002632729386744125,183.3117866430531,174.90516806854026,104.80638660786657
com_quality,2020-09-24,7.46899999999763e-05,-0.019205247474969277,-0.009602623737484639,-0.009527933737484662,181.5652040866182,174.9182317355433,103.80004547560506
com_quality,2020-09-25,7.46899999999763e-05,0.006040092068228278,0.003020046034114139,0.003094736034114115,182.1271004662463,174.9312963782716,104.11350297914358
com_quality,2020-09-28,7.46899999999763e-05,-0.0017769356592622684,-0.0008884678296311342,-0.0008137778296311578,181.97888946971187,174.94436199679808,104.02100838953731
com_quality,2020-09-29,7.46899999999763e-05,0.0018298191591281099,0.0009149095795640549,0.0009895995795640312,182.15897570222066,174.9574285911956,104.1161710988861
com_quality,2020-09-30,7.46899999999763e-05,0.009795103070543876,0.004897551535271938,0.004972241535271914,183.06471412722985,174.97049616153708,104.6260473298424
com_quality,2020-10-01,7.46899999999763e-05,0.007887399130331374,0.003943699565165687,0.004018389565165663,183.80033946422876,174.98356470789537,105.03863021138667
com_quality,2020-10-02,7.46899999999763e-05,-0.006931393753303361,-0.0034656968766516804,-0.003391006876651704,183.17707124917465,174.9966342303434,104.6746253462587
com_quality,2020-10-05,7.46899999999763e-05,0.01584428697842377,0.007922143489211886,0.007996833489211862,184.64190778699577,175.00970472895406,105.5038108160685
com_quality,2020-10-06,7.46899999999763e-05,0.005196004569466684,0.002598002284733342,0.002672692284733318,185.1353987893765,175.02277620380025,105.7778894866808
com_quality,2020-10-07,7.46899999999763e-05,0.0,0.0,7.46899999999763e-05,185.1492265523121,175.0358486549549,105.77788948668083
com_quality,2020-10-08,7.46899999999763e-05,-0.00819470925931024,-0.00409735462965512,-0.004022664629655144,184.40443330745208,175.04892208249092,105.34451233041723
com_quality,2020-10-09,7.46899999999763e-05,-0.011422262268292226,-0.005711131134146113,-0.005636441134146137,183.36504857423904,175.06199648648123,104.74292093909656
com_quality,2020-10-13,7.46899999999763e-05,-0.004706558213107371,-0.0023532791065536854,-0.002278589106553709,182.9472349720351,175.0750718669988,104.49645002060409
com_quality,2020-10-14,7.46899999999763e-05,-0.010134587598748811,-0.005067293799374406,-0.0049926037993744295,182.03385191162866,175.08814822411654,103.96697535382091
com_quality,2020-10-15,7.46899999999763e-05,-0.01486628579004734,-0.00743314289502367,-0.007358452895023694,180.69436438703724,175.10122555790738,103.19423168587713
com_quality,2020-10-16,7.46899999999763e-05,0.0028954067877020595,0.0014477033938510298,0.001522393393851006,180.96945229368617,175.11430386844432,103.34361516786235
com_quality,2020-10-19,7.46899999999763e-05,-0.007279131200782295,-0.0036395656003911474,-0.003564875600391171,180.32431870878824,175.12738315580023,102.96751739182022
com_quality,2020-10-20,7.46899999999763e-05,0.010740853829857056,0.005370426914928528,0.005445116914928504,181.30620570676243,175.14046342004812,103.5204556196284
com_quality,2020-10-21,7.46899999999763e-05,0.00092132613475594,0.00046066306737797,0.0005353530673779463,181.4032685401222,175.15354466126095,103.56814010869603
com_quality,2020-10-22,7.46899999999763e-05,-0.006135800050093387,-0.0030679000250466936,-0.0029932100250467174,180.8602904581517,175.1666268795117,103.25042713904422
com_quality,2020-10-23,7.46899999999763e-05,-0.0017888191928065672,-0.0008944095964032836,-0.0008197195964033073,180.71203573385196,175.17971007487333,103.15808586314823
com_quality,2020-10-26,7.46899999999763e-05,-0.0068206482459347685,-0.0034103241229673843,-0.003335634122967408,180.1092465010272,175.19279424741882,102.80630962861694
com_quality,2020-10-27,7.46899999999763e-05,-0.0063133541274718735,-0.0031566770637359368,-0.0030819870637359605,179.55415213325182,175.20587939722114,102.48180754606551
com_quality,2020-10-28,7.46899999999763e-05,-0.019572090151118403,-0.009786045075559201,-0.009711355075559225,177.8104380065948,175.2189655243533,101.47899085837334
com_quality,2020-10-29,7.46899999999763e-05,0.005843993428087432,0.002921996714043716,0.0029966867140436924,178.34328018378747,175.2320526288883,101.77548999068578
com_quality,2020-10-30,7.46899999999763e-05,-0.018280095549525865,-0.009140047774762933,-0.009065357774762956,176.72653454219665,175.24514071089914,100.84532662377289
com_quality,2020-11-03,7.46899999999763e-05,0.019918702222394856,0.009959351111197428,0.010034041111197404,178.4998158552325,175.25822977045883,101.84960562994347
com_quality,2020-11-04,7.46899999999763e-05,0.0029111411709799237,0.0014555705854899618,0.001530260585489938,178.77296708795296,175.27131980764037,101.99784384812966
com_quality,2020-11-05,7.46899999999763e-05,0.014522618298083868,0.007261309149041934,0.00733599914904191,180.08444542238186,175.2844108225168,102.73842641073502
com_quality,2020-11-06,7.46899999999763e-05,0.04821421390374271,0.024107106951871356,0.024181796951871334,184.43921091577627,175.29750281516112,105.21496767141882
com_quality,2020-11-09,7.46899999999763e-05,-0.003206500666947842,-0.001603250333473921,-0.0015285603334739448,184.15728445403317,175.31059578564637,105.04629433762447
com_quality,2020-11-10,7.46899999999763e-05,0.0,0.0,7.46899999999763e-05,184.17103916160903,175.3236897340456,105.04629433762447
com_quality,2020-11-11,7.46899999999763e-05,-0.008555482122886659,-0.004277741061443329,-0.004203051061443353,183.3969588799737,175.33678466043182,104.59696705123899
com_quality,2020-11-12,7.46899999999763e-05,-0.0020438082330003562,-0.0010219041165001781,-0.0009472141165002018,183.2232426915994,175.34988056487808,104.4900869629097
com_quality,2020-11-13,7.46899999999763e-05,0.00043049046556457166,0.00021524523278228583,0.0002899352327822621,183.27636556512033,175.36297744745747,104.51257627627466
com_quality,2020-11-16,7.46899999999763e-05,0.016031265870986487,0.008015632935493244,0.00809032293549322,184.75913054898564,175.376075308243,105.35024815913508
com_quality,2020-11-17,7.46899999999763e-05,-0.0019112121521680184,-0.0009556060760840092,-0.0008809160760840329,184.59637326068176,175.38917414730776,105.24958234060728
com_quality,2020-11-18,7.46899999999763e-05,0.019126814912612835,0.009563407456306417,0.009638097456306394,186.37553109624892,175.4022739647248,106.25605180793207
com_quality,2020-11-19,7.46899999999763e-05,-0.009019180924495673,-0.004509590462247836,-0.00443490046224786,185.54897416723847,175.41537476056723,105.77691631677274
com_quality,2020-11-20,7.46899999999763e-05,-0.008775066330985692,-0.004387533165492846,-0.00431284316549287,184.74873054213708,175.4284765349081,105.31285124930922
com_quality,2020-11-23,7.46899999999763e-05,0.0064162088781468014,0.0032081044390734007,0.003282794439073377,185.3552226473867,175.44157928782047,105.65068064241626
com_quality,2020-11-24,7.46899999999763e-05,0.006988258961477301,0.0034941294807386506,0.003568819480738627,186.01672197682734,175.45468301937746,106.01981023002014
com_quality,2020-11-25,7.46899999999763e-05,0.0028988182475417237,0.0014494091237708619,0.001524099123770838,186.30022989979895,175.46778772965217,106.17346483380562
com_quality,2020-11-26,7.46899999999763e-05,0.017899084342613513,0.008949542171306757,0.009024232171306733,187.98144642798255,175.4808934187177,107.12359776938057
com_quality,2020-11-27,7.46899999999763e-05,-0.013097470937629151,-0.006548735468814576,-0.0064740454688145994,186.76444599651427,175.49400008664713,106.42212605804332
com_quality,2020-11-30,7.46899999999763e-05,0.01760780687376351,0.008803903436881755,0.008878593436881731,188.42265158098178,175.50710773351358,107.3589862053216
com_quality,2020-12-01,7.46899999999763e-05,0.009383215597973282,0.004691607798986641,0.004766297798986617,189.32073005049145,175.5202163593902,107.86263484477692
com_quality,2020-12-02,7.46899999999763e-05,0.005299733597810864,0.002649866798905432,0.0027245567989054083,189.83654513272427,175.53332596435004,108.14843511327254
com_quality,2020-12-03,7.46899999999763e-05,-0.015780863531186316,-0.007890431765593158,-0.007815741765593182,188.3528317182945,175.54643654846632,107.29516099649935
com_quality,2020-12-04,7.46899999999763e-05,0.005155936761858325,0.0025779683809291627,0.002652658380929139,188.85246743592378,175.55954811181212,107.57174387100014
com_quality,2020-12-07,7.46899999999763e-05,-0.01676689343316341,-0.008383446716581705,-0.008308756716581728,187.28333822867253,175.57266065446058,106.66998924010123
com_quality,2020-12-08,7.46899999999763e-05,0.0030537458027909085,0.0015268729013954542,0.0016015629013954305,187.5832842752291,175.58577417648485,106.8328485920991
com_quality,2020-12-09,7.46899999999763e-05,0.010083830309661203,0.005041915154830602,0.005116605154830578,188.54307387451178,175.5988886779581,107.37145052227116
com_quality,2020-12-10,7.46899999999763e-05,0.0,0.0,7.46899999999763e-05,188.55715615669942,175.61200415895343,107.37145052227115
com_quality,2020-12-11,7.46899999999763e-05,-0.0022460131361494162,-0.0011230065680747081,-0.0010483165680747319,188.35948856587132,175.62512061954402,107.25088068347222
com_quality,2020-12-14,7.46899999999763e-05,0.011826072141454258,0.005913036070727129,0.005987726070727105,189.48733358622601,175.6382380598031,107.88501164632923
com_quality,2020-12-15,7.46899999999763e-05,-0.009120111480001192,-0.004560055740000596,-0.00448536574000062,188.6374135919943,175.65135647980378,107.39308672158398
com_quality,2020-12-16,7.46899999999763e-05,0.005485806829480788,0.002742903414740394,0.0028175934147403703,189.16891712630473,175.66447587961923,107.68763358616681
com_quality,2020-12-17,7.46899999999763e-05,-0.007425710947809428,-0.003712855473904714,-0.0036381654739047376,188.48068930327986,175.67759625932268,107.28783482730387
com_quality,2020-12-18,7.46899999999763e-05,-0.01041892378023761,-0.005209461890118805,-0.005134771890118829,187.51288395801515,175.6907176189873,106.72896468250876
com_quality,2020-12-21,7.46899999999763e-05,0.0010317906507970485,0.0005158953253985243,0.0005905853253985006,187.6236263156039,175.70383995868625,106.78402154427609
com_quality,2020-12-22,7.46899999999763e-05,-0.007816164072602149,-0.003908082036301074,-0.003833392036301098,186.90439140066374,175.71696327849273,106.36673199527135
com_quality,2020-12-23,0.00014938557859605261,0.008343056870734777,0.004171528435367389,0.004320914013963441,187.71198920473816,175.74321285872125,106.81037756811612
com_quality,2020-12-28,7.46899999999763e-05,-0.0048229407961650535,-0.0024114703980825268,-0.0023367803980825505,187.27334750787946,175.75633911928966,106.5528267408739
com_quality,2020-12-29,0.00022408673620489424,-0.033320190760678395,-0.016660095380339197,-0.016436008644134303,184.195321149424,175.79572378369022,104.77804418955556
com_quality,2021-01-04,7.46899999999763e-05,-0.011941714694476436,-0.005970857347238218,-0.0058961673472382415,183.1092747113487,175.8088539662996,104.15247615825338
com_quality,2021-01-05,7.46899999999763e-05,-0.02031230859774045,-0.010156154298870224,-0.010081464298870248,181.2632650955542,175.82198512960235,103.09476654011212
com_quality,2021-01-06,7.46899999999763e-05,-0.03687046566503374,-0.01843523283251687,-0.018360542832516893,177.93517315280542,175.83511727367167,101.19433245855275
com_quality,2021-01-07,7.46899999999763e-05,0.014067403699518775,0.007033701849759388,0.007108391849759364,179.20000608743035,175.84825039858083,101.9060500637637
com_quality,2021-01-08,7.46899999999763e-05,-0.009479184098763527,-0.004739592049381763,-0.004664902049381787,178.36405561178387,175.8613845044031,101.42309303115836
com_quality,2021-01-11,7.46899999999763e-05,0.011175025609077615,0.005587512804538807,0.0056622028045387835,179.37398906769783,175.8745195912117,101.98975353827264
com_quality,2021-01-12,7.46899999999763e-05,0.012402276619552188,0.006201138309776094,0.00627582830977607,180.49970942632635,175.88765565907997,102.62215887178907
com_quality,2021-01-13,7.46899999999763e-05,0.002034023240688944,0.001017011620344472,0.0010917016203444482,180.69676125157878,175.90079270808116,102.72651900520816
com_quality,2021-01-14,7.46899999999763e-05,0.01660505139051808,0.00830252569525904,0.008377215695259016,182.21049699601798,175.91393073828849,103.57934487126948
com_quality,2021-01-15,7.46899999999763e-05,-0.018325987816318765,-0.009162993908159382,-0.009088303908159406,180.5545126240614,175.9270697497753,102.63031884795659
com_quality,2021-01-18,7.46899999999763e-05,0.0,0.0,7.46899999999763e-05,180.56799824060928,175.94020974261494,102.63031884795657
com_quality,2021-01-19,7.46899999999763e-05,-0.0020382988089093865,-0.0010191494044546933,-0.0009444594044547169,180.39745909652737,175.95335071688058,102.52573103128775
com_quality,2021-01-20,7.46899999999763e-05,-0.011218145903410151,-0.0056090729517050755,-0.005534382951705099,179.39907047437265,175.96649267264561,101.95069967559832
com_quality,2021-01-21,7.46899999999763e-05,-0.0041537551028961025,-0.0020768775514480513,-0.002002187551448075,179.03987988872748,175.97963560998332,101.73897636970136
com_quality,2021-01-22,0.00014938557859605261,0.007999948887246101,0.0039999744436230505,0.004149360022219103,179.7827808087207,176.00592442967007,102.14586889122577
com_quality,2021-01-26,7.46899999999763e-05,0.015427102278904294,0.007713551139452147,0.007788241139452123,181.18297245838028,176.0190703121657,102.93371743019465
com_quality,2021-01-27,7.46899999999763e-05,0.0116878775698952,0.0058439387849476,0.005918628784947576,182.25532721451478,176.0322171765273,103.53521084822039
com_quality,2021-01-28,7.46899999999763e-05,0.005042497601333514,0.002521248800666757,0.0025959388006667333,182.72845089005912,176.0453650228282,103.7962293789242
com_quality,2021-01-29,7.46899999999763e-05,-0.02711775620054083,-0.013558878100270415,-0.013484188100270439,180.26450608698656,176.05851385114175,102.38897406540701
com_quality,2021-02-01,7.46899999999763e-05,0.012016791827997036,0.006008395913998518,0.006083085913998494,181.3610705647582,176.07166366154127,103.00412161344975
com_quality,2021-02-02,7.46899999999763e-05,-0.000489890751761958,-0.000244945375880979,-0.00017025537588100272,181.330192867519,176.08481445410013,102.97889311448046
com_quality,2021-02-03,7.46899999999763e-05,-0.00812281994147146,-0.00406140997073573,-0.003986719970735754,180.6072801663167,176.09796622889172,102.56068484718546
com_quality,2021-02-04,7.46899999999763e-05,-0.01521560756842123,-0.007607803784210615,-0.007533113784210638,179.24674497456704,176.11111898598935,101.78048155427776
com_quality,2021-02-05,7.46899999999763e-05,-0.010083230001318772,-0.005041615000659386,-0.00496692500065941,178.35643983566604,176.1242727254664,101.26738187511441
com_quality,2021-02-08,7.46899999999763e-05,-0.01048496067518976,-0.00524248033759488,-0.005167790337594904,177.43473114923543,176.13742744739625,100.73652926617578
com_quality,2021-02-09,7.46899999999763e-05,-0.009812062921632664,-0.004906031460816332,-0.004831341460816356,176.57748337604534,176.1505831518523,100.24234959462214
com_quality,2021-02-10,7.46899999999763e-05,0.012894219637452832,0.006447109818726416,0.006521799818726392,177.72908637511838,176.16373983890787,100.88857476438791
com_quality,2021-02-11,7.46899999999763e-05,-0.00751481778926995,-0.003757408894634975,-0.0036827188946349987,177.0745601105985,176.17689750863644,100.509523447544
com_quality,2021-02-12,7.46899999999763e-05,-0.005003525897119559,-0.0025017629485597796,-0.0024270729485598034,176.64478723587592,176.19005616111133,100.25809122527822
com_quality,2021-02-17,7.46899999999763e-05,-0.0038964551359552974,-0.0019482275679776487,-0.0018735375679776725,176.31383659080208,176.203215796406,100.06278023581812
com_quality,2021-02-18,7.46899999999763e-05,-0.00924532221833263,-0.004622661109166315,-0.004547971109166339,175.51196635584083,176.2163764145938,99.60025845889845
com_quality,2021-02-19,7.46899999999763e-05,0.006686902402342723,0.0033434512011713616,0.003418141201171338,176.11189103934032,176.2295380157482,99.93324219212482
com_quality,2021-02-22,7.46899999999763e-05,0.0,0.0,7.46899999999763e-05,176.12504483648203,176.2427005999426,99.93324219212481
com_quality,2021-02-23,7.46899999999763e-05,-0.023204970908769978,-0.011602485454384989,-0.011527795454385013,174.0947113452127,176.25586416725042,98.7738547978256
com_quality,2021-02-24,7.46899999999763e-05,0.012318025944399406,0.006159012972199703,0.006233702972199679,175.1799660647696,176.26902871774504,99.38215881661245
com_quality,2021-02-25,7.46899999999763e-05,0.0034385788872363515,0.0017192894436181758,0.001793979443618152,175.4942353228235,176.2821942515,99.55301275206939
com_quality,2021-02-26,7.46899999999763e-05,-0.01559606238442349,-0.007798031192211745,-0.007723341192211769,174.138833466159,176.2953607685886,98.77675323217363
com_quality,2021-03-01,7.46899999999763e-05,-0.0052546220459866195,-0.0026273110229933097,-0.0025526210229933335,173.69432301893374,176.3085282690844,98.51725536148722
com_quality,2021-03-02,7.46899999999763e-05,0.012517196270072448,0.006258598135036224,0.0063332881350362,174.79437921403272,176.32169675306082,99.13378922324736
com_quality,2021-03-03,7.46899999999763e-05,0.03627829614154043,0.018139148070770213,0.01821383807077019,177.9780557327179,176.3348662205913,100.93185740707173
com_quality,2021-03-04,7.46899999999763e-05,-0.022600134388384735,-0.011300067194192367,-0.011225377194192391,175.98018492482913,176.3480366717493,99.79140581666645
com_quality,2021-03-05,7.46899999999763e-05,0.010723178161386751,0.0053615890806933755,0.005436279080693352,176.93686232275257,176.3612081066083,100.3264063692489
com_quality,2021-03-08,7.46899999999763e-05,0.008727875383799164,0.004363937691899582,0.004438627691899558,177.72221917957614,176.37438052524178,100.76419185729839
com_quality,2021-03-09,7.46899999999763e-05,0.01096399526467788,0.00548199763233894,0.005556687632338916,178.7097660368831,176.3875539277232,101.316539663627
com_quality,2021-03-10,7.46899999999763e-05,0.0033975262694712176,0.0016987631347356088,0.001773453134735585,179.02669943166907,176.40072831412604,101.48863961200139
com_quality,2021-03-11,7.46899999999763e-05,0.013598663883551184,0.006799331941775592,0.006874021941775568,180.257332891726,176.4139036845238,102.17864302468773
com_quality,2021-03-12,7.46899999999763e-05,0.02187588151063825,0.010937940755319125,0.011012630755319101,182.24244033980122,176.42708003899,103.2961834994526
com_quality,2021-03-15,7.46899999999763e-05,-0.01842831421589837,-0.009214157107949185,-0.009139467107949209,180.5768415506432,176.4402573775981,102.34446731971855
com_quality,2021-03-16,7.46899999999763e-05,-0.0020839058772669124,-0.0010419529386334562,-0.0009672629386334798,180.40217626423578,176.45343570042164,102.23783716544813
com_quality,2021-03-17,0.00010378999999997404,0.0011378836046287734,0.0005689418023143867,0.0006727318023143608,180.52353854541545,176.471749802513,102.29599850822397
com_quality,2021-03-18,0.00010378999999997404,0.031087342285585837,0.015543671142792918,0.015647461142792893,183.3482736001643,176.49006580542502,103.8858888535405
com_quality,2021-03-19,0.00010378999999997404,0.0043186091236065574,0.0021593045618032787,0.0022630945618032526,183.76320808106485,176.50838370935494,104.11018684736015
com_quality,2021-03-22,0.00010378999999997404,0.014450585388259343,0.007225292694129672,0.007329082694129646,185.11002382922953,176.52670351450016,104.86233535427932
com_quality,2021-03-23,0.00010378999999997404,-0.007295415245154866,-0.003647707622577433,-0.0035439176225774594,184.4540091536654,176.54502522105793,104.47986791058223
com_quality,2021-03-24,0.00010378999999997404,0.0,0.0,0.00010378999999997404,184.47315363527545,176.56334882922562,104.47986791058223
com_quality,2021-03-25,0.00010378999999997404,-0.009749937722450313,-0.004874968861225157,-0.004771178861225182,183.5929992241873,176.58167433920062,103.97058466640114
com_quality,2021-03-26,0.00010378999999997404,-0.005019458501954581,-0.0025097292509772906,-0.002405939250977317,183.15128562114919,176.6000017511803,103.70967372876886
com_quality,2021-03-29,0.00010378999999997404,0.011374409753992499,0.0056872048769962495,0.005790994876996224,184.21191377789654,176.61833106536204,104.29943068011684
com_quality,2021-03-30,0.00010378999999997404,-0.02589363130375444,-0.01294681565187722,-0.012843025651877246,181.84607544386563,176.63666228194333,102.94922531632032
com_quality,2021-03-31,0.00010378999999997404,-0.007598879877907911,-0.0037994399389539553,-0.0036956499389539815,181.1740360062525,176.65499540112157,102.55811651115202
com_quality,2021-04-01,0.00010378999999997404,0.010421417898160878,0.005210708949080439,0.005314498949080413,182.13688523020835,176.67333042309426,103.09246154698621
com_quality,2021-04-05,0.00010378999999997404,-0.0031188211616170417,-0.0015594105808085209,-0.0014556205808085468,181.87176303154288,176.69166734805887,102.93171475555772
com_quality,2021-04-06,0.00010378999999997404,-0.014059459488829302,-0.007029729744414651,-0.0069259397444146765,180.61213015957597,176.71000617621294,102.20820771149307
com_quality,2021-04-07,0.00010378999999997404,-0.010171410307116506,-0.005085705153558253,-0.004981915153558279,179.71233585141752,176.72834690775397,101.6884608473258
com_quality,2021-04-08,0.00010378999999997404,-0.009495316705855168,-0.004747658352927584,-0.00464386835292761,178.87777542232644,176.74668954287955,101.20572887953858
com_quality,2021-04-09,0.00010378999999997404,-0.024235513731648593,-0.012117756865824296,-0.012013966865824323,176.72874375537023,176.7650340817872,99.97946973698419
com_quality,2021-04-12,0.00010378999999997404,0.00827803517465453,0.004139017587327265,0.004242807587327239,177.47856981027434,176.78338052467458,100.39324357501057
com_quality,2021-04-13,0.00010378999999997404,-0.005722187342849128,-0.002861093671424564,-0.00275730367142459,176.9892074981373,176.80172887173924,100.10603891013648
com_quality,2021-04-14,0.00010378999999997404,-0.00015578559271688108,-7.789279635844054e-05,2.58972036415335e-05,176.9937910236862,176.82007912317886,100.098242180056
com_quality,2021-04-15,0.00010378999999997404,0.008655195411524423,0.0043275977057622116,0.004431387705762186,177.77811913322483,176.83843127919104,100.53138214766801
com_quality,2021-04-16,0.00010378999999997404,-0.01182857269353188,-0.00591428634676594,-0.005810496346765966,176.7451400214663,176.85678533997353,99.93687247096989
com_quality,2021-04-19,0.00010378999999997404,0.0039663463745621885,0.0019831731872810942,0.002086963187281068,177.11400062222197,176.87514130572396,100.13504402864909
com_quality,2021-04-20,0.00010378999999997404,-0.02176938399063557,-0.010884691995317785,-0.010780901995317812,175.2045519395151,176.8934991766401,99.04521802950008
com_quality,2021-04-22,0.00010378999999997404,0.015393379304965205,0.007696689652482602,0.007800479652482577,176.57123148194165,176.91185895291966,99.80745922122233
com_quality,2021-04-23,0.00010378999999997404,0.020355262314375518,0.010177631157187759,0.010281421157187732,178.38663467705078,176.9302206347604,100.82315730860749
com_quality,2021-04-26,0.00010378999999997404,-0.010699734767088954,-0.005349867383544477,-0.005246077383544503,177.4508045873449,176.9485842223601,100.28382276534843
com_quality,2021-04-27,0.00010378999999997404,0.0,0.0,0.00010378999999997404,177.469222206353,176.96694971591654,100.28382276534842
com_quality,2021-04-28,0.00010378999999997404,-0.002951182584556996,-0.001475591292278498,-0.0013718012922785238,177.22576969799067,176.98531711562754,100.13586018675551
com_quality,2021-04-29,0.00010378999999997404,-0.019035876563144972,-0.009517938281572486,-0.009414148281572512,175.55734002273798,177.003686421691,99.18287216035307
com_quality,2021-04-30,0.00010378999999997404,0.018885016002487782,0.009442508001243891,0.009546298001243864,177.23326270690075,177.02205763430473,100.11931003142689
com_quality,2021-05-03,0.00010378999999997404,-0.012095752956658655,-0.006047876478329327,-0.005944086478329353,176.17977286653445,177.0404307536666,99.51386365054111
com_quality,2021-05-04,0.00010378999999997404,-0.0037390596035194717,-0.0018695298017597358,-0.0017657398017597618,175.86868522931903,177.05880577997453,99.32783882427489
com_quality,2021-05-05,0.00013268999999995723,-0.008058236936096228,-0.004029118468048114,-0.003896428468048157,175.1834254775533,177.08229971291348,98.92768829045102
com_quality,2021-05-06,0.00013268999999995723,0.001844083219118494,0.000922041609559247,0.0010547316095592043,175.36819697387534,177.1057967632624,99.01889163362073
com_quality,2021-05-07,0.00013268999999995723,-0.00017610324968892442,-8.805162484446221e-05,4.463837515549502e-05,175.37602512524225,177.1292969314349,99.01017401606279
com_quality,2021-05-10,0.00013268999999995723,-0.011825921893257122,-0.005912960946628561,-0.005780270946628604,174.3623041824756,177.15280021784474,98.42480839595103
com_quality,2021-05-11,0.00013268999999995723,-0.004488220691344035,-0.0022441103456720176,-0.0021114203456720606,173.99415206590646,177.17630662290566,98.2039615693243
com_quality,2021-05-12,0.00013268999999995723,0.023226921579207714,0.011613460789603857,0.011746150789603815,176.03791361258186,177.19981614703147,99.34429811513715
com_quality,2021-05-13,0.00013268999999995723,0.005020752225784634,0.002510376112892317,0.002643066112892274,176.50319345663553,177.22332879063603,99.59365658070263
com_quality,2021-05-14,0.00013268999999995723,-0.005194007445630287,-0.0025970037228151433,-0.0024643137228151863,176.06823421487962,177.24684455413328,99.33504579885839
com_quality,2021-05-17,0.00013268999999995723,-0.01725978829443768,-0.00862989414721884,-0.008497204147218882,174.57214648491544,177.27036343793716,98.47790860203973
com_quality,2021-05-18,0.00013268999999995723,0.0011979502009926302,0.0005989751004963151,0.0007316651004962724,174.69987483201717,177.29388544246174,98.53688659145189
com_quality,2021-05-19,0.00013268999999995723,0.005380044184207173,0.0026900220921035863,0.0028227120921035433,175.19300228119448,177.31741056812112,98.80191782627546
com_quality,2021-05-20,0.00013268999999995723,-0.007121388758250161,-0.0035606943791250804,-0.0034280043791251233,174.59243990218246,177.3409388153294,98.45016106742897
com_quality,2021-05-21,0.00013268999999995723,0.020637654121130986,0.010318827060565493,0.01045151706056545,176.41719576646585,177.36447018450082,99.4659164729838
com_quality,2021-05-24,0.00013268999999995723,0.011207480603087093,0.0056037403015435465,0.0057364303015435035,177.42920071397396,177.3880046760496,100.02322368865899
com_quality,2021-05-25,0.00013268999999995723,-0.001239209231832586,-0.000619604615916293,-0.0004869146159163357,177.34280784285596,177.41154229039006,99.96125705991462
com_quality,2021-05-26,0.00013268999999995723,0.0012656022503684354,0.0006328011251842177,0.000765491125184175,177.47856218837492,177.43508302793657,100.02450426358553
com_quality,2021-05-27,0.00013268999999995723,0.0,0.0,0.00013268999999995723,177.5021118187917,177.45862688910356,100.0245042635855
com_quality,2021-05-28,0.00013268999999995723,-0.0089768086539382,-0.0044884043269691,-0.004355714326969143,176.7289633272753,177.4821738743055,99.57561340917336
com_quality,2021-05-31,0.00013268999999995723,0.024807328608998227,0.012403664304499113,0.012536354304499071,178.94450022741287,177.50572398395687,100.81055202681016
com_quality,2021-06-01,0.00013268999999995723,-0.004585556721860804,-0.002292778360930402,-0.002160088360930445,178.55796429521914,177.52927721847232,100.57944643996994
com_quality,2021-06-02,0.00013268999999995723,0.006264714259452601,0.0031323571297263006,0.0032650471297262576,179.140964464031,177.55283357826644,100.89445538759283
com_quality,2021-06-04,0.00013268999999995723,0.013156251027889612,0.006578125513944806,0.006710815513944763,180.34314642753924,177.57639306375395,101.55806372460329
com_quality,2021-06-07,0.00013268999999995723,-0.011371901494063702,-0.005685950747031851,-0.005553260747031894,179.34165391148696,177.59995567534958,100.98068618852653
com_quality,2021-06-08,0.00013268999999995723,-0.0021528299894877268,-0.0010764149947438634,-0.0009437249947439061,179.17240471009197,177.62352141346815,100.87200348484161
com_quality,2021-06-09,0.00013268999999995723,-0.0004978706505817513,-0.00024893532529087566,-0.00011624532529091842,179.1515767556233,177.64709027852453,100.84689621132546
com_quality,2021-06-10,0.00013268999999995723,-0.0067578471273876655,-0.0033789235636938328,-0.0032462335636938757,178.5700088941705,177.67066227093358,100.50618746603504
com_quality,2021-06-11,0.00013268999999995723,-0.010012787727206384,-0.005006393863603192,-0.004873703863603235,177.69971155189936,177.69423739111033,100.00308066309262
com_quality,2021-06-14,0.00013268999999995723,0.002208774905891089,0.0011043874529455444,0.0012370774529455017,177.91953985845512,177.71781563946976,100.11350815800854
com_quality,2021-06-15,0.00013268999999995723,-0.002734111947060182,-0.001367055973530091,-0.0012343659735301337,177.6999220324277,177.74139701642696,99.97666554629622
com_quality,2021-06-16,0.00016136999999987495,0.0021490892497779794,0.0010745446248889897,0.0012359146248888647,177.9195439649092,177.7700791456635,100.08407760178993
com_quality,2021-06-17,0.00016136999999987495,-0.009993990520655454,-0.004996995260327727,-0.004835625260327852,177.05919172380646,177.79876590333518,99.58403863166812
com_quality,2021-06-18,0.00016136999999987495,-0.018022274228595633,-0.009011137114297817,-0.008849767114297942,175.49225911160497,177.827457290189,98.68681798965764
com_quality,2021-06-21,0.00016136999999987495,-0.0057919878705791775,-0.0028959939352895888,-0.002734623935289714,175.0123537793803,177.85615330697186,98.40106767479489
com_quality,2021-06-22,0.00016136999999987495,-0.01375438198682573,-0.006877190993412865,-0.00671582099341299,173.83700213976212,177.88485395443098,97.72445392360059
com_quality,2021-06-23,0.00016136999999987495,0.0070556602444603305,0.0035278301222301653,0.00368920012223004,174.47832162930422,177.91355923331358,98.06915357164857
com_quality,2021-06-24,0.00016136999999987495,-0.007412157949728422,-0.003706078974864211,-0.003544708974864336,173.85984675670554,177.94226914436703,97.70576018430484
com_quality,2021-06-25,0.00016136999999987495,-0.03048807563697312,-0.01524403781848656,-0.015082667818486686,171.23757644110117,177.97098368833883,96.21657019156046
com_quality,2021-06-28,0.00016136999999987495,0.0025245238930914652,0.0012622619465457326,0.0014236319465456076,171.48135572537177,177.9997028659766,96.33800111143289
com_quality,2021-06-29,0.00016136999999987495,0.0,0.0,0.00016136999999987495,171.50902767174514,178.02842667802804,96.33800111143289
com_quality,2021-06-30,0.00016136999999987495,-0.002401645668613863,-0.0012008228343069315,-0.0010394528343070566,171.3307521268225,178.05715512524105,96.22233490494253
com_quality,2021-07-01,0.00016136999999987495,-0.017218091533508922,-0.008609045766754461,-0.008447675766754587,169.8834054839809,178.08588820836357,95.3940860744757
com_quality,2021-07-02,0.00016136999999987495,-0.005702059136325347,-0.0028510295681626733,-0.0026896595681627986,169.42647695694885,178.11462592814374,95.12215859538682
com_quality,2021-07-05,0.00016136999999987495,-0.00823345492972098,-0.00411672746486049,-0.003955357464860615,168.75633467657212,178.14336828532973,94.73062977358633
com_quality,2021-07-06,0.00016136999999987495,-0.014459987751479175,-0.007229993875739587,-0.007068623875739712,167.563459620095,178.17211528066989,94.04583840526148
com_quality,2021-07-07,0.00016136999999987495,0.0014396639914728646,0.0007198319957364323,0.0008812019957363073,167.71111687512467,178.2008669149127,94.11352468627626
com_quality,2021-07-08,0.00032276604027664985,0.01170490388279586,0.00585245194139793,0.0061752179816745795,168.74676957977866,178.2583841031007,94.6641418460179
com_quality,2021-07-12,0.00016136999999987495,-2.3390582580950364e-05,-1.1695291290475182e-05,0.00014967470870939976,168.77202670336112,178.2871496585434,94.6630348999321
com_quality,2021-07-13,0.00016136999999987495,-0.008349433957201093,-0.004174716978600546,-0.004013346978600671,168.09468599991888,178.31591985588378,94.2679072826331
com_quality,2021-07-14,0.00016136999999987495,-0.00012109314106487827,-6.0546570532439136e-05,0.00010082342946743581,168.11163388263665,178.34469469587088,94.26220060502246
com_quality,2021-07-15,0.00016136999999987495,-0.004672558132717073,-0.0023362790663585364,-0.0021749090663586617,167.74600636594494,178.37347417925395,94.0420133306205
com_quality,2021-07-16,0.00016136999999987495,0.004833882484999639,0.0024169412424998194,0.002578311242499694,168.17850778004268,178.40225830678222,94.26927067864877
com_quality,2021-07-19,0.00016136999999987495,-2.3785854605405665e-05,-1.1892927302702833e-05,0.0001494770726971721,168.2036466110762,178.43104707920514,94.2681497219545
com_quality,2021-07-20,0.00016136999999987495,-0.005062194858683735,-0.0025310974293418676,-0.002369727429341993,167.8050498159866,178.4598404972723,94.02958634749618
com_quality,2021-07-21,0.00016136999999987495,-0.0012402058593032088,-0.0006201029296516044,-0.0004587329296517294,167.72807211387416,178.4886385617333,93.97128773317556
com_quality,2021-07-22,0.00016136999999987495,0.001450893119546541,0.0007254465597732705,0.0008868165597731455,167.87681614576357,178.51744127333797,94.03944788157594
com_quality,2021-07-23,0.00016136999999987495,-0.004440394316597626,-0.002220197158298813,-0.0020588271582989382,167.53118679743392,178.5462486328362,93.83069545300067
com_quality,2021-07-26,0.00016136999999987495,0.006459807091469065,0.0032299035457345323,0.003391273545734407,168.09933087930554,178.57506064097805,94.1337106513805
com_quality,2021-07-27,0.00016136999999987495,0.007619523621715726,0.003809761810857863,0.003971131810857738,168.76687547954424,178.60387729851365,94.49227980503015
com_quality,2021-07-28,0.00016136999999987495,-0.0025937376692083203,-0.0012968688346041602,-0.0011354988346042852,168.5752408891174,178.6326986061933,94.36975548398999
com_quality,2021-07-29,0.00016136999999987495,0.0051611546209744084,0.0025805773104872042,0.002741947310487079,169.03746531748803,178.66152456476735,94.61324464194277
com_quality,2021-07-30,0.00016136999999987495,0.0,0.0,0.00016136999999987495,169.06474289326627,178.69035517498634,94.61324464194277
com_quality,2021-08-02,0.00016136999999987495,-0.0014387495073496424,-0.0007193747536748212,-0.0005580047536749462,168.970403963053,178.71919043760087,94.54519324383823
com_quality,2021-08-03,0.00016136999999987495,0.010176222142174748,0.005088111071087374,0.005249481071087249,169.857410900231,178.74803035336174,95.02617207274669
com_quality,2021-08-04,0.00019929999999997305,-0.012204759915136792,-0.006102379957568396,-0.0059030799575684224,168.8547290223014,178.78365483581118,94.44640181305826
com_quality,2021-08-05,0.00019929999999997305,0.011893035964469936,0.005946517982234968,0.006145817982234941,169.89247945231205,178.81928641821995,95.00791712979436
com_quality,2021-08-06,0.00019929999999997305,0.0005228583782296292,0.0002614291891148146,0.00046072918911478763,169.9707538766068,178.8549251020031,95.0327500233334
com_quality,2021-08-09,0.00019929999999997305,0.006031896877669863,0.0030159484388349316,0.0032152484388349046,170.51725207765614,178.89057088857595,95.31930678664152
com_quality,2021-08-10,0.00019929999999997305,-0.009012197639669733,-0.004506098819834867,-0.004306798819834893,169.78286857764658,178.92622377935402,94.8898741567459
com_quality,2021-08-11,0.00019929999999997305,-0.00598740833949063,-0.002993704169745315,-0.002794404169745342,169.30842662174192,178.96188377575325,94.60585854912686
com_quality,2021-08-12,0.00019929999999997305,-0.0063309923835047814,-0.0031654961917523907,-0.0029661961917524177,168.8062246114649,178.9975508791898,94.30644373754404
com_quality,2021-08-13,0.00019929999999997305,0.026198123074826506,0.013099061537413253,0.013298361537413227,171.05107081611393,179.03322509108003,95.54152349604085
com_quality,2021-08-16,0.00019929999999997305,-0.0031963530203338603,-0.0015981765101669302,-0.0013988765101669571,170.81179149111037,179.06890641284068,95.3888617029393
com_quality,2021-08-17,0.00019929999999997305,0.006342752339282239,0.0031713761696411194,0.0033706761696410924,171.38754272618314,179.10459484588876,95.69131538677397
com_quality,2021-08-18,0.00019929999999997305,-0.0054283754223630465,-0.0027141877111815232,-0.0025148877111815502,170.95652230113149,179.14029039164154,95.43164294720161
com_quality,2021-08-19,0.00019929999999997305,-0.003325730536613133,-0.0016628652683065666,-0.0014635652683065935,170.70631627270106,179.1759930515166,95.27298460325521
com_quality,2021-08-20,0.00019929999999997305,-0.0076466606940677005,-0.0038233303470338502,-0.003624030347033877,170.0876714020984,179.21170282693174,94.90879709254
com_quality,2021-08-23,0.00019929999999997305,0.023064305507720827,0.011532152753860414,0.011731452753860387,172.08304688316625,179.24741971930516,96.00308174736459
com_quality,2021-08-24,0.00019929999999997305,-0.001744235063795183,-0.0008721175318975915,-0.0006728175318976184,171.9672663922809,179.2831437300552,95.91937245991751
com_quality,2021-08-25,0.00019929999999997305,-0.005918573248672787,-0.0029592866243363936,-0.0027599866243364205,171.4926390372145,179.3188748606006,95.63557610459576
com_quality,2021-08-26,0.00019929999999997305,-0.00537959374705867,-0.002689796873529335,-0.002490496873529362,171.06553715585903,179.3546131123603,95.37838708876228
com_quality,2021-08-27,0.00019929999999997305,-0.007384269463809665,-0.0036921347319048324,-0.0034928347319048594,170.46803350624907,179.39035848675363,95.02630740260025
com_quality,2021-08-30,0.00019929999999997305,0.008944804311457933,0.0044724021557289665,0.00467170215572894,171.2644093858631,179.42611098520004,95.45121857988097
com_quality,2021-08-31,0.00019929999999997305,0.0,0.0,0.00019929999999997305,171.29854238265372,179.4618706091194,95.45121857988097
com_quality,2021-09-01,0.00019929999999997305,0.0041556813509798125,0.0020778406754899063,0.0022771406754898793,171.6886132611654,179.4976373599318,95.64951148459541
com_quality,2021-09-02,0.00019929999999997305,0.006068789697002688,0.003034394848501344,0.003233694848501317,172.2438018454143,179.5334112390576,95.93969203652192
com_quality,2021-09-03,0.00019929999999997305,-0.002017553652399714,-0.001008776826199857,-0.0008094768261998841,172.10437447936388,179.56919224791756,95.84292958323965
com_quality,2021-09-06,0.00019929999999997305,0.002350781475771141,0.0011753907378855705,0.0013746907378855435,172.34096476891025,179.60498038793259,95.95556002771603
com_quality,2021-09-08,0.00019929999999997305,0.00018578464733257777,9.289232366628888e-05,0.0002921923236662619,172.39132147586898,179.6407756605239,95.96447178654218
com_quality,2021-09-09,0.00019929999999997305,0.008476547190546968,0.004238273595273484,0.0044375735952734575,173.1563206521046,179.67657806711304,96.37111442952069
com_quality,2021-09-10,0.00019929999999997305,0.009469061844068528,0.004734530922034264,0.004933830922034237,174.0106446612836,179.7123876091218,96.82729553388407
com_quality,2021-09-13,0.00019929999999997305,-0.008978370550116596,-0.004489185275058298,-0.004289885275058324,173.26415895904776,179.7482042879723,96.39270647814843
com_quality,2021-09-14,0.00019929999999997305,-0.006757914597590898,-0.003378957298795449,-0.003179657298795476,172.71323831139398,179.78402810508692,96.06706453948182
com_quality,2021-09-15,0.00019929999999997305,-0.01397858972905856,-0.00698929486452928,-0.006789994864529306,171.54051631022338,179.81985906188825,95.3957572901804
com_quality,2021-09-16,0.00019929999999997305,0.010648646383994735,0.005324323191997367,0.005523623191997341,172.48804148448173,179.8556971597993,95.90357392528328
com_quality,2021-09-17,0.00019929999999997305,0.005048364647126585,0.0025241823235632923,0.0027234823235632653,172.95780961649078,179.89154240024325,96.14560379479903
com_quality,2021-09-20,0.00019929999999997305,0.007106743425562528,0.003553371712781264,0.003752671712781237,173.60686349614315,179.92739478464364,96.48717678813415
com_quality,2021-09-21,0.00019929999999997305,0.00931401871483767,0.004657009357418835,0.004856309357418809,174.4499521318516,179.9632543144242,96.93642893735407
com_quality,2021-09-22,0.0002368699999999989,-0.012461911929605404,-0.006230955964802702,-0.005994085964802703,173.40428412221755,180.00588221047366,96.33256535442706
com_quality,2021-09-23,0.0002368699999999989,-0.0009892339177426475,-0.0004946169588713237,-0.00025774695887132484,173.3595896953298,180.04852020379286,96.28492891755398
com_quality,2021-09-24,0.0002368699999999989,-0.012104942136501207,-0.006052471068250603,-0.005815601068250604,172.35139948030613,180.09116829677353,95.70230517705734
com_quality,2021-09-27,0.0002368699999999989,0.004420133536590626,0.002210066768295313,0.0024469367682953117,172.77313245676166,180.13382649180795,95.91376357322814
com_quality,2021-09-28,0.0002368699999999989,-0.0034622389815591,-0.00173111949077955,-0.0014942494907795511,172.51496629156773,180.17649479128906,95.74776470782373
com_quality,2021-09-29,0.0002368699999999989,0.010278901554609652,0.005139450777304826,0.005376320777304825,173.44246208923713,180.21917319761025,96.23973909760286
com_quality,2021-09-30,0.0002368699999999989,0.0039573026711800414,0.0019786513355900207,0.0022155213355900196,173.8267275644931,180.26186171316556,96.43011889064358
com_quality,2021-10-01,0.0002368699999999989,0.0,0.0,0.0002368699999999989,173.8679019014513,180.30456034034955,96.4301188906436
com_quality,2021-10-04,0.0002368699999999989,0.004986647497128979,0.0024933237485644895,0.0027301937485644883,174.34259496029864,180.34726908155733,96.67049345862662
com_quality,2021-10-05,0.0002368699999999989,0.002796968538424511,0.0013984842692122555,0.0016353542692122544,174.6277068672725,180.3899879391847,96.80565360764099
com_quality,2021-10-06,0.0002368699999999989,-0.003670006115901005,-0.0018350030579505025,-0.0015981330579505036,174.34862855609384,180.43271691562782,96.62805700455147
com_quality,2021-10-07,0.0002368699999999989,0.008090258971789964,0.004045129485894982,0.004281999485894981,175.0951892939375,180.47545601328363,97.01883744294287
com_quality,2021-10-08,0.0002368699999999989,-0.006965281533191102,-0.003482640766595551,-0.003245770766595552,174.52687044715572,180.5182052345495,96.68103569963529
com_quality,2021-10-11,0.0002368699999999989,0.0020286050789813277,0.0010143025394906639,0.0012511725394906627,174.74523367486242,180.56096458182338,96.77907629678978
com_quality,2021-10-13,0.0002368699999999989,-0.003624309460709639,-0.0018121547303548194,-0.0015752847303548206,174.46996017655215,180.60373405750389,96.6037391679849
com_quality,2021-10-14,0.0002368699999999989,0.0028162121468840277,0.0014081060734420139,0.0016449760734420127,174.75695908657696,180.64651366399008,96.73973526642871
com_quality,2021-10-15,0.0002368699999999989,-0.008170297574286287,-0.0040851487871431435,-0.0038482787871431446,174.08444558801847,180.68930340368166,96.34463264219512
com_quality,2021-10-18,0.0002368699999999989,-0.01649613136994551,-0.008248065684972754,-0.008011195684972756,172.68982102870285,180.73210327897888,95.55016396956222
com_quality,2021-10-19,0.0002368699999999989,-0.009778185163490882,-0.004889092581745441,-0.004652222581745442,171.88642954367555,180.77491329228258,95.08312100018223
com_quality,2021-10-20,0.0002368699999999989,-0.032784110067834916,-0.016392055033917458,-0.016155185033917458,169.10957246957804,180.8177334459941,93.52488234794018
com_quality,2021-10-21,0.0002368699999999989,0.013582504901312761,0.0067912524506563805,0.00702812245065638,170.2980952524724,180.86056374251544,94.15988302177335
com_quality,2021-10-22,0.0002368699999999989,0.0012253461963042285,0.0006126730981521143,0.0008495430981521131,170.4427708239226,180.90340418424913,94.21755858741473
com_quality,2021-10-25,0.0002368699999999989,-0.01561288033288916,-0.00780644016644458,-0.007569570166444581,169.15259231080768,180.94625477359824,93.48222903118557
com_quality,2021-10-26,0.0002368699999999989,0.008851206889306693,0.0044256034446533464,0.004662473444653346,169.94126178055112,180.98911551296646,93.89584633246972
com_quality,2021-10-27,0.0002925599999999707,-0.01544977337104513,-0.007724886685522565,-0.007432326685522595,168.67820280564814,181.0420656886009,93.17072370118719
com_quality,2021-10-28,0.0002925599999999707,-0.021356460536935545,-0.010678230268467773,-0.010385670268467801,166.92636660983092,181.09503135533876,92.17611624158448
com_quality,2021-10-29,0.0002925599999999707,0.01656799034016329,0.008283995170081646,0.008576555170081617,168.35801980240143,181.14801251771203,92.93947941379703
com_quality,2021-11-01,0.0002925599999999707,-0.02958312575177502,-0.01479156287588751,-0.014499002875887538,165.91699638910765,181.2010091802542,91.56516133089391
com_quality,2021-11-03,0.0002925599999999707,-0.0023471801168810646,-0.0011735900584405323,-0.0008810300584405616,165.77081852808269,181.2540213475,91.4577327971483
com_quality,2021-11-04,0.0002925599999999707,0.0,0.0,0.0002925599999999707,165.81931643875126,181.30704902398537,91.45773279714832
com_quality,2021-11-05,0.0002925599999999707,0.0012812811249383648,0.0006406405624691824,0.0009332005624691531,165.97405911812015,181.36009221424783,91.51630719400411
com_quality,2021-11-08,0.0002925599999999707,0.01554949620612875,0.007774748103064375,0.008067308103064346,167.31302299014226,181.413150922826,92.22761532945206
com_quality,2021-11-09,0.0002925599999999707,0.002378367079205494,0.001189183539602747,0.0014817435396027178,167.5609379810493,181.46622515425997,92.33725881420077
com_quality,2021-11-10,0.0002925599999999707,0.04508971086489229,0.022544855432446144,0.022837415432446113,171.38759673197288,181.51931491309108,94.4183801123483
com_quality,2021-11-11,0.0002925599999999707,-0.0005129860181930339,-0.00025649300909651694,3.606699090345376e-05,171.39377816686516,181.57242020386204,94.39416954096403
com_quality,2021-11-12,0.0002925599999999707,-0.005665533520379632,-0.002832766760189816,-0.0025402067601898452,170.9584025329112,181.62554103111685,94.12685108182109
com_quality,2021-11-16,0.0002925599999999707,0.013243197884625808,0.006621598942312904,0.0069141589423128745,172.14043610054767,181.6786773994009,94.74993904877212
com_quality,2021-11-17,0.0002925599999999707,-0.03432576478941057,-0.017162882394705287,-0.016870322394705317,169.23637144636626,181.73182931326085,93.12423260464983
com_quality,2021-11-18,0.0002925599999999707,0.00674184640832896,0.00337092320416448,0.003663483204164451,169.85636605069377,181.78499677724471,93.43805542920133
com_quality,2021-11-19,0.0002925599999999707,0.01714081540414747,0.008570407702073735,0.008862967702073706,171.36179753699267,181.83817979590185,94.23862344493986
com_quality,2021-11-22,0.0002925599999999707,0.014588792404839276,0.007294396202419638,0.007586956202419609,172.66191198967374,181.8913783737829,94.9258362509394
com_quality,2021-11-23,0.0002925599999999707,0.015489137272658429,0.007744568636329214,0.008037128636329185,174.0496179869293,181.94459251543992,95.66078088974221
com_quality,2021-11-24,0.0002925599999999707,0.011181349632781416,0.005590674816390708,0.005883234816390678,175.07359275924946,181.99782222542623,96.19543279061864
com_quality,2021-11-25,0.0002925599999999707,-0.011992788453472396,-0.005996394226736198,-0.0057038342267362275,174.0750020086716,182.05106750829648,95.61877575957558
com_quality,2021-11-26,0.0002925599999999707,2.829278820499874e-06,1.414639410249937e-06,0.00029397463941022064,174.1261756446174,182.10432836860667,95.61891098610226
com_quality,2021-11-29,0.0002925599999999707,0.004387870038793082,0.002193935019396541,0.0024864950193965118,174.55913951310433,182.1576048109142,95.82863130765396
com_quality,2021-11-30,0.0002925599999999707,0.0004061204255328705,0.00020306021276643525,0.000495620212766406,174.64565455097014,182.21089683977766,95.84808459866161
com_quality,2021-12-01,0.0002925599999999707,0.025802522813969192,0.012901261406984596,0.013193821406984567,176.94989812662158,182.26420445975705,97.08428413089261
com_quality,2021-12-02,0.0002925599999999707,0.0032611613295012894,0.0016305806647506447,0.0019231406647506155,177.29019767133238,182.31752767541377,97.24254158764609
com_quality,2021-12-03,0.0002925599999999707,0.018690794971925297,0.009345397485962649,0.00963795748596262,178.9989130591666,182.3708664913105,98.15104599927722
com_quality,2021-12-06,0.0002925599999999707,-0.006934678104611612,-0.003467339052305806,-0.003174779052305835,178.43063105960084,182.42422091201115,97.81082258022276
com_quality,2021-12-07,0.0002925599999999707,0.0,0.0,0.0002925599999999707,178.4828327250236,182.47759094208115,97.81082258022273
com_quality,2021-12-08,0.00034748999999995527,3.678251457805981e-05,1.8391257289029905e-05,0.0003658812572889852,178.54813624826556,182.54100008015763,97.81262081935637
com_quality,2021-12-09,0.00034748999999995527,0.022978421811921865,0.011489210905960933,0.011836700905960888,180.66155713435302,182.60443125227548,98.93602027913644
com_quality,2021-12-10,0.00034748999999995527,-0.01013081444907764,-0.00506540722453882,-0.004717917224538864,179.80921086213684,182.66788446609132,98.43504313179629
com_quality,2021-12-13,0.00034748999999995527,-0.01068348235523511,-0.005341741177617555,-0.004994251177617599,178.91119849904211,182.73135972926445,97.9094112603976
com_quality,2021-12-14,0.00034748999999995527,-0.0038201424489364613,-0.0019100712244682306,-0.0015625812244682753,178.6316352194204,182.79485704945677,97.72246227424769
com_quality,2021-12-15,0.00034748999999995527,0.015705214941113023,0.007852607470556511,0.008200097470556467,180.09643203954454,182.85837643433288,98.48957184863762
com_quality,2021-12-16,0.00034748999999995527,0.008385464345029838,0.004192732172514919,0.004540222172514875,180.91410985348128,182.92191789156004,98.90236880237117
com_quality,2021-12-17,0.00034748999999995527,-0.005698100090141902,-0.002849050045070951,-0.002501560045070996,180.46154234468224,182.98548142880819,98.62068888503163
com_quality,2021-12-20,0.00034748999999995527,0.005462546342445123,0.0027312731712225615,0.0030787631712225166,181.01714069507506,183.0490670537499,98.88995535930364
com_quality,2021-12-21,0.00034748999999995527,0.007064153910272871,0.0035320769551364355,0.0038795669551363906,181.71940881242895,183.1126747740604,99.23912096016807
com_quality,2021-12-22,0.00034748999999995527,-0.0026857053094441964,-0.0013428526547220982,-0.0009953626547221429,181.53853209925887,183.17630459741764,99.10590373478806
com_quality,2021-12-23,0.0006951007493000103,0.01509352737561615,0.007546763687808075,0.008241864437108086,183.03474807093255,183.3036305839973,99.85331304556921
com_quality,2021-12-27,0.00034748999999995527,-0.013677967302159968,-0.006838983651079984,-0.0064914936510800285,181.84657916590308,183.3673267625889,99.17065508695845
com_quality,2021-12-28,0.00034748999999995527,-0.009012942921086411,-0.004506471460543206,-0.00415898146054325,181.09028261448887,183.43104507496562,98.72390060280138
com_quality,2021-12-29,0.00034748999999995527,0.006338311905422035,0.0031691559527110176,0.0035166459527109727,181.7271130239204,183.49478552881874,99.03666335814174
com_quality,2021-12-30,0.0006951007493000103,-0.0029359192319569384,-0.0014679596159784692,-0.0007728588666784589,181.58666361330398,183.62233289173247,98.89138252064973
com_quality,2022-01-03,0.00034748999999995527,-0.006423241839841049,-0.0032116209199205244,-0.0028641309199205693,181.0665756354039,183.686139816189,98.5738912128011
com_quality,2022-01-04,0.00034748999999995527,-0.01609942825290704,-0.00804971412645352,-0.007702224126453565,179.67196028805054,183.74996891291374,97.78067520283722
com_quality,2022-01-05,0.00034748999999995527,0.015538417513807759,0.0077692087569038795,0.008116698756903835,181.13030346477106,183.8138201896113,98.54008979190351
com_quality,2022-01-06,0.00034748999999995527,0.017499258659450772,0.008749629329725386,0.009097119329725342,182.77806744961944,183.87769365398898,99.40197955362723
com_quality,2022-01-07,0.00034748999999995527,0.00041808531434683015,0.00020904265717341507,0.0005565326571733704,182.87978941317022,183.94158931375682,99.42275158948668
com_quality,2022-01-10,0.00034748999999995527,0.0,0.0,0.00034748999999995527,182.94333831119337,184.00550717662745,99.42275158948667
com_quality,2022-01-11,0.00034748999999995527,0.002118781593285917,0.0010593907966429585,0.0014068807966429139,183.20071778073716,184.06944725031627,99.52804254994165
com_quality,2022-01-12,0.00034748999999995527,-0.003952848922763643,-0.0019764244613818217,-0.0016289344613818664,182.9022958181942,184.13340954254127,99.33140122294719
com_quality,2022-01-13,0.00034748999999995527,0.018740225262875713,0.009370112631437857,0.009717602631437812,184.6796676493331,184.1973940610232,100.26182432752015
com_quality,2022-01-14,0.00034748999999995527,-7.927153882260861e-05,-3.9635769411304304e-05,0.00030785423058865097,184.73652206632266,184.26140081348547,100.25785175340012
com_quality,2022-01-17,0.00034748999999995527,-0.022085003494003774,-0.011042501747001887,-0.010695011747001932,182.76076279272303,184.32542980765416,99.15113882193907
com_quality,2022-01-18,0.00034748999999995527,0.016899674059718352,0.008449837029859176,0.008797327029859131,184.36856899123714,184.38948105125803,99.98865875650733
com_quality,2022-01-19,0.00034748999999995527,0.03730851169978199,0.018654255849890996,0.01900174584989095,187.87189368191673,184.45355455202855,101.85322486096302
com_quality,2022-01-20,0.00034748999999995527,0.019052117788461026,0.009526058894230513,0.009873548894230469,189.7268560100368,184.51765031769983,102.823147641089
com_quality,2022-01-21,0.00034748999999995527,-8.388687481216371e-05,-4.1943437406081856e-05,0.0003055465625938734,189.7848263987224,184.58176835600872,102.81883638295109
com_quality,2022-01-24,0.00034748999999995527,0.006336879234169517,0.0031684396170847586,0.0035159296170847137,190.45209649073098,184.64590867469474,103.14449849320272
com_quality,2022-01-25,0.00034748999999995527,0.03326252874408577,0.016631264372042886,0.01697875437204284,193.6857358566877,184.71007128150012,104.85932603074393
com_quality,2022-01-26,0.00034748999999995527,0.01265014935960428,0.00632507467980214,0.0066725646798020954,194.9781164567465,184.77425618416973,105.5223387084867
com_quality,2022-01-27,0.00034748999999995527,-0.0168904532830526,-0.0084452266415263,-0.008097736641526344,193.3992350188189,184.83846339045118,104.63148820399141
com_quality,2022-01-28,0.00034748999999995527,0.006278116757868128,0.003139058378934064,0.003486548378934019,194.07353080816083,184.90269290809474,104.95981846225703
com_quality,2022-01-31,0.00034748999999995527,-0.01370579499467021,-0.006852897497335105,-0.006505407497335149,192.8110034058071,184.96694474485338,104.24078944039107
com_quality,2022-02-01,0.00034748999999995527,-0.0006573695019001609,-0.0003286847509500804,1.8805249049874846e-05,192.81462926474572,185.03121890848277,104.20653898416604
com_quality,2022-02-02,0.0004016799999999529,0.002708001609569503,0.0013540008047847516,0.0017556808047847045,193.15315020822752,185.10554224849395,104.34757806923474
com_quality,2022-02-03,0.0004016799999999529,-0.011415791431224646,-0.005707895715612323,-0.00530621571561237,192.12823792707258,185.1798954427043,103.75221212203252
com_quality,2022-02-04,0.0004016799999999529,-0.007868686426040375,-0.003934343213020187,-0.0035326632130202344,191.4495135687652,185.25427850310572,103.34417920909483
com_quality,2022-02-07,0.0004016799999999529,-0.014694949299427931,-0.0073474746497139655,-0.0069457946497140126,190.11974456172894,185.32869144169484,102.58516535284629
com_quality,2022-02-08,0.0004016799999999529,-0.0018028375741190967,-0.0009014187870595484,-0.0004997387870595955,190.0247343511856,185.40313427047312,102.49273028684097
com_quality,2022-02-09,0.0004016799999999529,0.0,0.0,0.0004016799999999529,190.10106348647977,185.4776070014469,102.49273028684094
com_quality,2022-02-10,0.0004016799999999529,-0.008330756033269928,-0.004165378016634964,-0.0037636980166350113,189.3855804908755,185.55210964662723,102.06598073799802
com_quality,2022-02-11,0.0004016799999999529,-0.0016793393119788162,-0.0008396696559894081,-0.0004379896559894552,189.30263156562694,185.62664221803007,101.98031344190302
com_quality,2022-02-14,0.0004016799999999529,0.02129006067363104,0.01064503033681552,0.011046710336815473,191.39380290252933,185.70120472767618,103.06546109014269
com_quality,2022-02-15,0.0004016799999999529,-0.0056231084381968,-0.0028115542190984,-0.002409874219098447,190.9325679112193,185.7757971875912,102.77580330790934
com_quality,2022-02-16,0.0004016799999999529,-0.0096015464854097,-0.00480077324270485,-0.004399093242704897,190.09263774190876,185.8504196098055,102.28259809206233
com_quality,2022-02-17,0.0004016799999999529,-0.0024012997911634273,-0.0012006498955817136,-0.0007989698955817607,189.94075944698125,185.92507200635438,102.1598418100866
com_quality,2022-02-18,0.0004016799999999529,-0.018173613666714907,-0.009086806833357454,-0.0086851268333575,188.29109986035994,185.99975438927788,101.23190779396757
com_quality,2022-02-21,0.0004016799999999529,0.012438715624263966,0.006219357812131983,0.006621037812131936,189.5377823522233,186.07446677062094,101.86125245537943
com_quality,2022-02-22,0.0004016799999999529,-0.006741050874225223,-0.0033705254371126114,-0.0029688454371126585,188.97507397192646,186.14920916243335,101.51806436471469
com_quality,2022-02-23,0.0004016799999999529,0.00837440078626276,0.00418720039313138,0.004588880393131333,189.84225798366677,186.22398157676972,101.94297016756967
com_quality,2022-02-24,0.0004016799999999529,-0.013435205303151924,-0.006717602651575962,-0.006315922651576009,188.6432289662414,186.29878402568946,101.258432765846
com_quality,2022-02-25,0.0004016799999999529,-0.012316752831379889,-0.006158376415689944,-0.0057566964156899915,187.55726716620725,186.3736165212569,100.63509560368236
com_quality,2022-03-02,0.0004016799999999529,-0.01367039741663965,-0.006835198708319825,-0.006433518708319872,186.35061397901208,186.44847907554117,99.94751091721727
com_quality,2022-03-03,0.0004016799999999529,-0.004934770774211263,-0.0024673853871056313,-0.0020657053871056784,185.96566851182519,186.52337170061622,99.70100090744327
com_quality,2022-03-04,0.0004016799999999529,-0.02364629138484242,-0.01182314569242121,-0.011421465692421258,183.8416680089492,186.59829440856092,98.52269475005167
com_quality,2022-03-07,0.0004016799999999529,0.020043479552238397,0.010021739776119198,0.010423419776119151,185.75792688694838,186.67324721145891,99.50966711182042
com_quality,2022-03-08,0.0004016799999999529,0.0127588316435411,0.00637941582177055,0.006781095821770503,187.01756918882222,186.74823012139882,100.14422576709205
com_quality,2022-03-09,0.0004016799999999529,-0.002123983823593835,-0.0010619919117969175,-0.0006603119117969646,186.89407926017154,186.82324315047398,100.03791611177657
com_quality,2022-03-10,0.0004016799999999529,-0.016679719631148747,-0.008339859815574373,-0.00793817981557442,185.41048045253808,186.89828631078268,99.20394890311053
com_quality,2022-03-11,0.0004016799999999529,0.0040579337671347105,0.0020289668835673552,0.002430646883567308,185.86114785903075,186.97335961442798,99.40514961185336
com_quality,2022-03-14,0.0004016799999999529,0.008321997260951295,0.004160998630475647,0.0045626786304756,186.70917254660282,187.0484630735179,99.81860822519471
com_quality,2022-03-15,0.0004016799999999529,0.0,0.0,0.0004016799999999529,186.78416988703134,187.12359670016528,99.81860822519471
com_quality,2022-03-16,0.0004373900000000407,0.005121997666566026,0.002560998833283013,0.002998388833283054,187.34422145625462,187.20544269012598,100.07413180094252
com_quality,2022-03-17,0.0004373900000000407,0.04176329426172347,0.020881647130861734,0.021319037130861775,191.3382198697329,187.28732447870422,102.16293088830434
com_quality,2022-03-18,0.0004373900000000407,-0.014870787177847938,-0.007435393588923969,-0.006998003588923928,189.99923432038622,187.36924208155799,101.40364139258432
com_quality,2022-03-21,0.0004373900000000407,0.005088300940098565,0.0025441504700492827,0.0029815404700493237,190.56572472679082,187.45119551435207,101.66151472328183
com_quality,2022-03-22,0.0004373900000000407,0.013116655173805395,0.0065583275869026975,0.0069957175869027385,191.8988687187229,187.53318479275808,102.32795274649087
com_quality,2022-03-23,0.0004373900000000407,0.02787780376349489,0.013938901881747444,0.014376291881747485,194.65766286720037,187.6152099324546,103.75366844579456
com_quality,2022-03-24,0.0004373900000000407,0.0067901424829667646,0.0033950712414833823,0.003832461241483423,195.40368081549667,187.697270949127,104.10576553798612
com_quality,2022-03-25,0.0004373900000000407,0.006485736108160526,0.003242868054080263,0.003680258054080304,196.12281678561482,187.77936785846742,104.4432192004374
com_quality,2022-03-28,0.0004373900000000407,0.010909050461438273,0.0054545252307191365,0.0058919152307191774,197.27835579692552,187.86150067617507,105.01265830777254
com_quality,2022-03-29,0.0004373900000000407,-0.006734940292955874,-0.003367470146477937,-0.0029300801464778965,196.70031440327514,187.94366941795585,104.65918592120597
com_quality,2022-03-30,0.0004373900000000407,-0.02010154841176629,-0.010050774205883146,-0.009613384205883105,194.80935870749846,188.02587409952258,103.60773996688636
com_quality,2022-03-31,0.0004373900000000407,0.00011755554117122771,5.8777770585613856e-05,0.0004961677705856546,194.9060168326976,188.10811473659498,103.61382713638996
com_quality,2022-04-01,0.0004373900000000407,0.0014853262493124558,0.0007426631246562279,0.0011800531246562687,195.1360162868753,188.19039134489967,103.69074366248927
com_quality,2022-04-04,0.0004373900000000407,-0.028165907237743003,-0.014082953618871501,-0.01364556361887146,192.4732753622996,188.27270394017,102.23111015788272
com_quality,2022-04-05,0.0004373900000000407,-0.025206796480496105,-0.012603398240248052,-0.012166008240248011,190.13164390821433,188.35505253814642,100.9432140768871
com_quality,2022-04-06,0.0004373900000000407,-0.00014509597066881576,-7.254798533440788e-05,0.00036484201466563284,190.2010119202295,188.43743715457612,100.93589405177842
com_quality,2022-04-07,0.0004373900000000407,-0.014144440882142565,-0.0070722204410712825,-0.006634830441071242,188.9390604564186,188.51985780521318,100.22236524899067
com_quality,2022-04-08,0.0004373900000000407,-0.0037019438638641235,-0.0018509719319320618,-0.001413581931932021,188.6719796143212,188.6023145058186,100.03693756817626
com_quality,2022-04-11,0.0004373900000000407,0.002370958671158996,0.001185479335579498,0.0016228693355795386,188.97816958452037,188.68480727216033,100.15547744230244
com_quality,2022-04-12,0.0004373900000000407,-0.000468742680467097,-0.0002343713402335485,0.0002030186597664922,189.01653567923458,188.7673361200131,100.13201413144012
com_quality,2022-04-13,0.0004373900000000407,-0.009028031087630214,-0.004514015543815107,-0.004076625543815066,188.2459860416812,188.84990106515866,99.68021427595608
com_quality,2022-04-14,0.0004373900000000407,0.0,0.0,0.0004373900000000407,188.328322953516,188.93250212338558,99.68021427595608
com_quality,2022-04-18,0.0004373900000000407,0.03906440149073446,0.01953220074536723,0.01996959074536727,192.08916248865904,189.01513931048933,101.62633701690959
com_quality,2022-04-19,0.0004373900000000407,-0.014671188835031037,-0.007335594417515519,-0.006898204417515478,190.76409217942293,189.09781264227237,100.8811733535505
com_quality,2022-04-20,0.0004373900000000407,-0.01568638811600878,-0.00784319405800439,-0.00740580405800435,189.35133069143905,189.180522134544,100.09028865919588
com_quality,2022-04-22,0.0004373900000000407,-0.0011093272775263546,-0.0005546636387631773,-0.00011727363876313656,189.3291247718842,189.26326780312044,100.0347964872044
com_quality,2022-04-25,0.0004373900000000407,-0.02018432530075141,-0.010092162650375705,-0.009654772650375664,187.50119511611706,189.34604966382486,99.0256704320036
com_quality,2022-04-26,0.0004373900000000407,0.008535922867148436,0.004267961433574218,0.004705351433574259,188.38345413335355,189.42886773248736,99.44812339763855
com_quality,2022-04-27,0.0004373900000000407,0.017559878882869404,0.008779939441434702,0.009217329441434743,190.1198464914161,189.51172202494487,100.32089015918032
com_quality,2022-04-28,0.0004373900000000407,0.006803463393712036,0.003401731696856018,0.003839121696856059,190.84973971908425,189.5946125570414,100.6620057105606
com_quality,2022-04-29,0.0004373900000000407,-0.0003303715218685617,-0.00016518576093428085,0.0002722042390657599,190.90168982726036,189.67753934462775,100.6453850502607
com_quality,2022-05-02,0.0004373900000000407,0.0018187361293072832,0.0009093680646536416,0.0013467580646536823,191.15878821759128,189.7605024035617,100.73686873523124
com_quality,2022-05-03,0.0004373900000000407,0.006122932345230023,0.0030614661726150114,0.0034988561726150523,191.827625323696,189.843501749708,101.04513641799755
com_quality,2022-05-04,0.00047278999999995685,0.011364902767710398,0.005682451383855199,0.006155241383855156,193.00837066165508,189.93325785890022,101.61904915306582
com_quality,2022-05-05,0.00047278999999995685,-0.00278125936575015,-0.001390629682875075,-0.0009178396828751182,192.83121991993474,190.02305640388332,101.4778014674613
com_quality,2022-05-06,0.00047278999999995685,-0.02173196366079415,-0.010865981830397074,-0.010393191830397117,190.82708806041737,190.1128974047205,100.37566659887176
com_quality,2022-05-09,0.00047278999999995685,0.019253872474586688,0.009626936237293344,0.010099726237293301,192.75438940848744,190.20278088148444,101.34152009512043
com_quality,2022-05-10,0.00047278999999995685,0.008741587883814917,0.004370793941907459,0.004843583941907415,193.68801147375856,190.29270685425737,101.78425367720561
com_quality,2022-05-11,0.00047278999999995685,-0.0010007317229126372,-0.0005003658614563186,-2.7575861456361763e-05,193.68267035998838,190.38267534313098,101.73334837894768
com_quality,2022-05-12,0.00047278999999995685,0.011845647869118467,0.005922823934559234,0.00639561393455919,194.92138994542535,190.47268636820644,102.33561234528874
com_quality,2022-05-13,0.00047278999999995685,0.01352517218577616,0.00676258609288808,0.007235376092888037,196.331719510229,190.56273994959446,103.02733869284229
com_quality,2022-05-16,0.00047278999999995685,-0.014127379504507315,-0.0070636897522536575,-0.006590899752253701,195.0377168287495,190.6528361074152,102.29992944813254
com_quality,2022-05-17,0.00047278999999995685,-0.02633825134085948,-0.01316912567042974,-0.012696335670429782,192.56145250749742,190.7429748617984,100.95336546314043
com_quality,2022-05-18,0.00047278999999995685,0.0,0.0,0.00047278999999995685,192.65249363662844,190.83315623288328,100.95336546314044
com_quality,2022-05-19,0.00047278999999995685,-0.006310270291153103,-0.0031551351455765516,-0.0026823451455765947,192.13573315553901,190.9233802408186,100.63499447432328
com_quality,2022-05-20,0.00047278999999995685,0.01635241811616569,0.008176209058082844,0.008648999058082802,193.79751493062528,191.01364690576264,101.4574183938994
com_quality,2022-05-23,0.00047278999999995685,-0.01797112159566265,-0.008985560797831325,-0.008512770797831368,192.14776110483157,191.1039562478832,100.54619740869963
com_quality,2022-05-24,0.00047278999999995685,-0.00024258845216381612,-0.00012129422608190806,0.0003514957739180488,192.21530023082772,191.1943082873576,100.53400749876697
com_quality,2022-05-25,0.00047278999999995685,0.011585828134441738,0.005792914067220869,0.006265704067220826,193.41966441926613,191.28470304437275,101.11611714941895
com_quality,2022-05-26,0.00047278999999995685,0.008888062669152277,0.004444031334576139,0.004916821334576095,194.3706743518093,191.37514053912508,101.56526798843646
com_quality,2022-05-27,0.00047278999999995685,-0.002702133177544223,-0.0013510665887721115,-0.0008782765887721546,194.19996313898224,191.46562079182056,101.42811139454363
com_quality,2022-05-30,0.00047278999999995685,-0.005805080696166612,-0.002902540348083306,-0.002429750348083349,193.72810571094755,191.5561438226747,101.13385133200606
com_quality,2022-05-31,0.00047278999999995685,-0.007868125066783086,-0.003934062533391543,-0.003461272533391586,193.05755993970425,191.6467096519126,100.73617245521939
com_quality,2022-06-01,0.00047278999999995685,0.013292551458892077,0.006646275729446038,0.007119065729445995,194.43194939848146,191.7373182997689,101.40537644033368
com_quality,2022-06-02,0.00047278999999995685,0.003595205062487389,0.0017976025312436946,0.0022703925312436515,194.87338624423094,191.8279697864878,101.58757685916855
com_quality,2022-06-03,0.00047278999999995685,-0.009678269478913584,-0.004839134739456792,-0.0043663447394568355,194.0225018593433,191.91866413232316,101.09621319871712
com_quality,2022-06-06,0.00047278999999995685,-0.006165314607534154,-0.003082657303767077,-0.00260986730376712,193.5161288755455,192.00940135753825,100.7847154917178
com_quality,2022-06-07,0.00047278999999995685,-0.009873154141744441,-0.004936577070872221,-0.004463787070872264,192.6523140814656,192.10018148240607,100.28741909289143
com_quality,2022-06-08,0.00047278999999995685,-0.012789254105684203,-0.006394627052842101,-0.005921837052842145,191.5114584696222,192.1910045272091,99.646421506949
com_quality,2022-06-09,0.00047278999999995685,0.005775450695595059,0.0028877253477975293,0.0033605153477974862,192.15503566508843,192.2818705122395,99.93403702241237
com_quality,2022-06-10,0.00047278999999995685,-0.028755696851348662,-0.014377848425674331,-0.013905058425674374,189.48310866737785,192.37277945779897,98.49787958641258
com_quality,2022-06-13,0.00047278999999995685,-0.012800977010245775,-0.006400488505122887,-0.005927698505122931,188.3599099273842,192.46373138419878,97.86774296263513
com_quality,2022-06-14,0.00047278999999995685,-0.007240679181315392,-0.003620339590657696,-0.0031475495906577392,187.7670377699959,192.5547263117599,97.51359593531224
com_quality,2022-06-15,0.0004903700000000007,-0.00878239459719128,-0.00439119729859564,-0.003900827298595639,187.03459098328628,192.6491493729014,97.0856043704884
com_quality,2022-06-17,0.0004903700000000007,-0.0007238712878549275,-0.00036193564392746373,0.00012843435607253699,187.0586126505425,192.74361873627942,97.05048285229333
com_quality,2022-06-20,0.0004903700000000007,0.0,0.0,0.0004903700000000007,187.15034058242796,192.83813442459913,97.05048285229334
com_quality,2022-06-21,0.0004903700000000007,-0.007180955939049882,-0.003590477969524941,-0.0031001079695249403,186.57015432008907,192.93269646057695,96.70219602109383
com_quality,2022-06-22,0.0004903700000000007,-0.0027732439146698666,-0.0013866219573349333,-0.0008962519573349326,186.40294045409942,193.02730486694034,96.56817235395411
com_quality,2022-06-23,0.0004903700000000007,0.0056754084896414505,0.0028377042448207252,0.003328074244820726,187.02330327938355,193.12195966642795,96.84206995539068
com_quality,2022-06-24,0.0004903700000000007,-0.003922270873578604,-0.001961135436789302,-0.001470765436789301,186.74823586904608,193.21666088178958,96.65224262585673
com_quality,2022-06-27,0.0004903700000000007,-0.0082334148241582,-0.0041167074120791,-0.003626337412079099,186.0710237546744,193.3114085357862,96.2545486394449
com_quality,2022-06-28,0.0004903700000000007,0.0030780468855120154,0.0015390234427560077,0.0020293934427560085,186.44863507016905,193.40620265118991,96.40261403944271
com_quality,2022-06-29,0.0004903700000000007,0.003960488756244274,0.001980244378122137,0.0024706143781221377,186.90927774875465,193.50104325078402,96.59342120781942
com_quality,2022-06-30,0.0004903700000000007,0.010445426980117328,0.005222713490058664,0.0057130834900586645,187.97710605759988,193.5959303573629,97.09765371131971
com_quality,2022-07-01,0.0004903700000000007,0.0035190273922173494,0.0017595136961086747,0.0022498836961086753,188.40003268376054,193.69086399373225,97.26841462685462
com_quality,2022-07-04,0.0004903700000000007,0.026255603895251382,0.013127801947625691,0.013618171947625692,190.9656967237863,193.78584418270887,98.54470925323955
com_quality,2022-07-05,0.0004903700000000007,0.012594103955475111,0.0062970519777375555,0.006787421977737556,192.26186149072328,193.88087094712077,99.1649462639153
com_quality,2022-07-06,0.0004903700000000007,0.0016906339071391576,0.0008453169535695788,0.0013356869535695796,192.51866315078547,193.97594430980712,99.24873098867653
com_quality,2022-07-07,0.0004903700000000007,-0.00596480023868585,-0.002982400119342925,-0.002492030119342924,192.03890084367808,194.07106429361832,98.95287663962841
com_quality,2022-07-08,0.0004903700000000007,-0.00919240638354682,-0.00459620319177341,-0.004105833191773409,191.25042115048242,194.166230921416,98.49829202683875
com_quality,2022-07-11,0.0004903700000000007,0.002359802158505379,0.0011799010792526896,0.0016702710792526904,191.56986119782496,194.26144421607296,98.61445330589935
com_quality,2022-07-12,0.0004903700000000007,-0.011733602735007944,-0.005866801367503972,-0.005376431367503972,190.5398989870126,194.35670420047322,98.03618546159144
com_quality,2022-07-13,0.0004903700000000007,-0.01884709697826254,-0.00942354848913127,-0.00893317848913127,188.8377720600606,194.45201089751203,97.1127895198726
com_quality,2022-07-14,0.0004903700000000007,0.007984360906864949,0.003992180453432474,0.004482550453432475,189.68424690083359,194.54736433009586,97.50029128073365
com_quality,2022-07-15,0.0004903700000000007,-0.0035346852648372538,-0.0017673426324186269,-0.001276972632418626,189.44202530874028,194.64276452114242,97.32805931666817
com_quality,2022-07-18,0.0004903700000000007,0.01225361387203151,0.006126806936015755,0.006617176936015755,190.6955967093254,194.73821149358065,97.92407727623169
com_quality,2022-07-19,0.0004903700000000007,0.008962666069716813,0.004481333034858407,0.004971703034858407,191.64367858621927,194.83370527035078,98.36269259484386
com_quality,2022-07-20,0.0004903700000000007,0.0,0.0,0.0004903700000000007,191.73765489688762,194.92924587440422,98.36269259484388
com_quality,2022-07-21,0.0004903700000000007,-0.0006568624155980085,-0.00032843120779900425,0.00016193879220099646,191.76870466114104,195.02483332870366,98.33040305073632
com_quality,2022-07-22,0.0004903700000000007,-0.01892795840674639,-0.009463979203373196,-0.008973609203373195,190.04784724807487,195.12046765622307,97.40026227433736
com_quality,2022-07-25,0.0004903700000000007,0.010473585445763378,0.005236792722881689,0.0057271627228816895,191.13628219439795,195.21614887994764,97.91007726104733
com_quality,2022-07-26,0.0004903700000000007,0.009705016333347409,0.0048525081666737045,0.005342878166673705,192.1575000633936,195.31187702287392,98.3849538453256
com_quality,2022-07-27,0.0004903700000000007,0.006774429312066972,0.003387214656033486,0.003877584656033487,192.90260703718118,195.40765210800964,98.71804146674675
com_quality,2022-07-28,0.0004903700000000007,-0.005385368234123518,-0.002692684117061759,-0.002202314117061758,192.47777490248518,195.50347415837385,98.45235524897241
com_quality,2022-07-29,0.0004903700000000007,-0.0026286547998175536,-0.0013143273999087768,-0.0008239573999087761,192.3191814155363,195.59934319699693,98.32302004298806
com_quality,2022-08-01,0.0004903700000000007,-0.007630248815803847,-0.0038151244079019236,-0.003324754407901923,191.6797673694009,195.69525924692044,97.94808934413022
com_quality,2022-08-02,0.0004903700000000007,0.020787057275014564,0.010393528637507282,0.010883898637507283,193.76599052831045,195.79122233119736,98.96561665085218
com_quality,2022-08-03,0.0005078799999999844,0.024776119898704752,0.012388059949352376,0.012895939949352361,196.26478510639035,195.89066077719494,100.19098630210908
com_quality,2022-08-04,0.0005078799999999844,-0.012975613354156673,-0.006487806677078337,-0.005979926677078352,195.09113608216157,195.99014972599048,99.54129651664341
com_quality,2022-08-05,0.0005078799999999844,0.003874087891133286,0.001937043945566643,0.0024449239455666275,195.56811907233666,196.08968920323332,99.73401450478302
com_quality,2022-08-08,0.0005078799999999844,-0.019472698809750822,-0.009736349404875411,-0.009228469404875426,193.76332466890855,196.18927923458585,98.7634622161099
com_quality,2022-08-09,0.0005078799999999844,0.018665722599485023,0.009332861299742512,0.009840741299742497,195.67009942035332,196.2889198457235,99.68474001188831
com_quality,2022-08-10,0.0005078799999999844,0.028304273938660897,0.014152136969330448,0.014660016969330433,198.5386263982463,196.38861106233477,101.09477597722258
com_quality,2022-08-11,0.0005078799999999844,0.01580115333428065,0.007900576667140325,0.00840845666714031,200.2080298350695,196.4883529101211,101.89307756406807
com_quality,2022-08-12,0.0005078799999999844,0.01996845651331518,0.00998422825665759,0.010492108256657575,202.3086341579512,196.5881454147971,102.90988489213527
com_quality,2022-08-15,0.0005078799999999844,0.009997524049920464,0.004998762024960232,0.005506642024960217,203.4226753848177,196.68798860209037,103.424045784693
com_quality,2022-08-16,0.0005078799999999844,-0.003866367987232352,-0.001933183993616176,-0.0014253039936161917,203.13273623319964,196.7878824977416,103.22420956764493
com_quality,2022-08-17,0.0005078799999999844,-0.005669986933968687,-0.0028349934669843436,-0.002327113466984359,202.66002330712598,196.88782712750458,102.93171815842294
com_quality,2022-08-18,0.0005078799999999844,-0.01147903873693337,-0.005739519368466685,-0.005231639368466701,201.59977915077803,196.98782251714607,102.3412394607441
com_quality,2022-08-19,0.0005078799999999844,0.0,0.0,0.0005078799999999844,201.70216764661313,197.0878686924461,102.34123946074408
com_quality,2022-08-22,0.0005078799999999844,0.028558927121648207,0.014279463560824103,0.014787343560824088,204.68480689656653,197.18796567919762,103.80187563249443
com_quality,2022-08-23,0.0005078799999999844,-0.007591371426364374,-0.003795685713182187,-0.0032878057131822025,204.01184301905042,197.28811350320677,103.40807633893989
com_quality,2022-08-24,0.0005078799999999844,0.012758341555058747,0.006379170777529373,0.006887050777529357,205.41688294114,197.3883121902928,104.06739926075625
com_quality,2022-08-25,0.0005078799999999844,-0.0014047054133111605,-0.0007023527066555802,-0.0001944727066555958,205.37693496392166,197.48856176628803,103.99434434434177
com_quality,2022-08-26,0.0005078799999999844,-0.011880188744403525,-0.005940094372201762,-0.0054322143722017775,204.26128342609192,197.5888622570379,103.37692170137304
com_quality,2022-08-29,0.0005078799999999844,-0.010260721295591618,-0.005130360647795809,-0.004622480647795824,203.3170895963609,197.689213688401,102.84683003334243
com_quality,2022-08-30,0.0005078799999999844,-0.011818731685248596,-0.005909365842624298,-0.005401485842624313,202.21887521534256,197.78961608624908,102.23937900115142
com_quality,2022-08-31,0.0005078799999999844,-0.011248371809104143,-0.0056241859045520716,-0.0051163059045520876,201.18426159006643,197.89006947646698,101.66465761637988
com_quality,2022-09-01,0.0005078799999999844,0.01133020860296057,0.005665104301480285,0.006172984301480269,202.4261688785668,197.99057388495268,102.24030614517616
com_quality,2022-09-02,0.0005078799999999844,0.019232314863405153,0.009616157431702577,0.010124037431702562,204.47553898944957,198.09112933761736,103.22296595167111
com_quality,2022-09-05,0.0005078799999999844,-0.005631510516031668,-0.002815755258015834,-0.0023078752580158496,204.00363495214634,198.19173586038536,102.93246288324309
com_quality,2022-09-06,0.0005078799999999844,-0.01570882285676093,-0.007854411428380465,-0.00734653142838048,202.50491583646655,198.29239347919415,102.12439936971883
com_quality,2022-09-08,0.0005078799999999844,0.024670458466509365,0.012335229233254683,0.012843109233254667,205.10570859082532,198.39310221999435,103.38348778043073
com_quality,2022-09-09,0.0005078799999999844,0.008709768823190236,0.004354884411595118,0.004862764411595102,206.10308933117577,198.49386210874985,103.83348237652659
com_quality,2022-09-12,0.0005078799999999844,-0.007990120916569837,-0.003995060458284919,-0.003487180458284934,205.38437066566794,198.59467317143765,103.41887190920225
com_quality,2022-09-13,0.0005078799999999844,-0.011353636423029972,-0.005676818211514986,-0.005168938211515001,204.32275154408623,198.69553543404797,102.83207979371338
com_quality,2022-09-14,0.0005078799999999844,0.008406933940510434,0.004203466970255217,0.004711346970255201,205.28538692052766,198.7964489225842,103.26411162428279
com_quality,2022-09-15,0.0005078799999999844,-0.011428094684496376,-0.005714047342248188,-0.005206167342248203,204.21663684330122,198.89741366306302,102.67435512723613
com_quality,2022-09-16,0.0005078799999999844,0.01788216161084024,0.00894108080542012,0.009448960805420105,206.14627184064824,198.9984296815142,103.59190882590066
com_quality,2022-09-19,0.0005078799999999844,-0.012109312027308259,-0.006054656013654129,-0.005546776013654145,205.0028246446983,199.09949700398087,102.96501383958766
com_quality,2022-09-20,0.0005078799999999844,-0.005007673508962178,-0.002503836754481089,-0.0019959567544811044,204.593647872161,199.20061565651926,102.70733712236158
com_quality,2022-09-21,0.0005078799999999844,0.0,0.0,0.0005078799999999844,204.69755689404235,199.3017856651989,102.70733712236158
com_quality,2022-09-22,0.0005078799999999844,0.0009665749539593434,0.0004832874769796717,0.0009911674769796561,204.90044645505287,199.40300705610255,102.75694909525794
com_quality,2022-09-23,0.0005078799999999844,0.00900797933673313,0.004503989668366565,0.00501186966836655,205.92738078767573,199.5042798553262,103.21953039654456
com_quality,2022-09-26,0.0005078799999999844,-0.007171500867708864,-0.003585750433854432,-0.0030778704338544475,205.29356299082826,199.6056040889791,102.84959880150139
com_quality,2022-09-27,0.0005078799999999844,-0.011292641742541031,-0.005646320871270516,-0.005138440871270531,204.23867415614745,199.70697978318384,102.26917175247632
com_quality,2022-09-28,0.0005078799999999844,-0.016587811438525946,-0.008293905719262973,-0.007786025719262988,202.6484665862995,199.8084069640761,101.42139145463183
com_quality,2022-09-29,0.0005078799999999844,0.012967622540163001,0.0064838112700815005,0.0069916912700814845,204.0653221010263,199.90988565780503,102.0786548046625
com_quality,2022-09-30,0.0005078799999999844,-0.014495573141600306,-0.007247786570800153,-0.006739906570800168,202.6899408957252,200.01141589053293,101.33918606258867
com_quality,2022-10-03,0.0005078799999999844,0.023679367115559142,0.011839683557779571,0.012347563557779556,205.19266782345778,200.1129976884354,102.53840090034089
com_quality,2022-10-04,0.0005078799999999844,-0.0047188413037440305,-0.0023594206518720152,-0.0018515406518720308,204.81274525751658,200.2146310777014,102.2965924893025
com_quality,2022-10-05,0.0005078799999999844,-0.0015099412604437455,-0.0007549706302218727,-0.0002470906302218883,204.7621379472134,200.31631608453316,102.21940077053141
com_quality,2022-10-06,0.0005078799999999844,-0.004274305692658251,-0.0021371528463291255,-0.001629272846329141,204.4285245558997,200.4180527351462,102.00105318159805
com_quality,2022-10-07,0.0005078799999999844,0.012895039488744606,0.006447519744372303,0.006955399744372287,205.8504066633382,200.51984105576932,102.6583731462695
com_quality,2022-10-10,0.0005078799999999844,-0.004028205362117055,-0.0020141026810585275,-0.001506222681058543,205.54035011191675,200.62168107264472,102.45171359993289
com_quality,2022-10-11,0.0005078799999999844,-0.00024295543631335415,-0.00012147771815667707,0.00038640228184330736,205.6197713722109,200.7235728120279,102.43927431720645
com_quality,2022-10-13,0.0005078799999999844,-0.01661955256457035,-0.008309776282285176,-0.007801896282285191,204.0155472423777,200.82551630018764,101.5884589772057
com_quality,2022-10-14,0.0005078799999999844,-0.002756729728835672,-0.001378364864417836,-0.0008704848644178515,203.83795479639727,200.9275115634062,101.44850409500674
com_quality,2022-10-17,0.0005078799999999844,-0.006682781093422501,-0.0033413905467112506,-0.002833510546711266,203.26037780166163,201.02955862797901,101.10969709574448
com_quality,2022-10-18,0.0005078799999999844,-0.010677500433162476,-0.005338750216581238,-0.004830870216581254,202.27845329632856,201.13165752021501,100.57017169263783
com_quality,2022-10-19,0.0005078799999999844,-0.0037867630304064723,-0.0018933815152032362,-0.0013855015152032517,201.99819619279356,201.2338082664364,100.37985064882591
com_quality,2022-10-20,0.0005078799999999844,0.0005804798312479716,0.0002902399156239858,0.0007981199156239702,202.15941497609515,201.33601089297875,100.40897009902221
com_quality,2022-10-21,0.0005078799999999844,0.022659139813210372,0.011329569906605186,0.011837449906605171,204.5524669240233,201.43826542619107,101.54598307885712
com_quality,2022-10-24,0.0005078799999999844,0.0,0.0,0.0005078799999999844,204.65635503092466,201.54057189243574,101.5459830788571
com_quality,2022-10-25,0.0005078799999999844,-0.0008672870291230109,-0.00043364351456150543,7.4236485438479e-05,204.6715479994448,201.64293031808845,101.50197067488494
com_quality,2022-10-26,0.0005078799999999844,-0.0018776772640639386,-0.0009388386320319693,-0.00043095863203198486,204.58334302910308,201.74534072953838,101.40672507692227
com_quality,2022-10-27,0.0005078799999999844,-0.008583581601822645,-0.004291790800911323,-0.0037839108009113383,203.8092179077287,201.84780315318812,100.97172955261347
com_quality,2022-10-28,0.0005078799999999844,-0.024313055958169592,-0.012156527979084796,-0.011648647979084811,201.435116073429,201.95031761545357,99.74488698601326
com_quality,2022-10-31,0.0005078799999999844,0.010831386011097677,0.005415693005548838,0.005923573005548823,202.62833168937115,202.0528841427641,100.28480046154672
com_quality,2022-11-01,0.0005078799999999844,-0.0027354677347860754,-0.0013677338673930377,-0.0008598538673930533,202.45410093472464,202.1555027615625,100.14770717051137
com_quality,2022-11-03,0.0005078799999999844,0.001912897973876707,0.0009564489869383535,0.001464328986938338,202.75056034324788,202.25817349830507,100.24344472039195
com_quality,2022-11-04,0.0005078799999999844,-0.006359598527288745,-0.0031797992636443725,-0.002671919263644388,202.20882721535207,202.36089637946137,99.92485249530417
com_quality,2022-11-07,0.0005078799999999844,-0.0035001723502325055,-0.0017500861751162528,-0.0012422061751162683,201.95764216152213,202.46367143151457,99.75006416389934
com_quality,2022-11-08,0.0005078799999999844,-0.013098157850892586,-0.006549078925446293,-0.006041198925446309,200.73757587071026,202.56649868096122,99.09712473574838
com_quality,2022-11-09,0.0005078799999999844,0.0006632202364286605,0.00033161011821433023,0.0008394901182143147,200.906093082008,202.66937815431132,99.12996966371469
com_quality,2022-11-10,0.0005078799999999844,0.06209355257164193,0.031046776285820966,0.03155465628582095,207.24561579493786,202.77230987808835,102.20607336353716
com_quality,2022-11-11,0.0005078799999999844,-0.01565448937067898,-0.00782724468533949,-0.007319364685339506,205.72870955349697,202.87529387882924,101.40648751265492
com_quality,2022-11-14,0.0005078799999999844,0.01245349872823356,0.00622674936411678,0.006734629364116765,207.11421616189782,202.9783301830844,102.03759976500096
com_quality,2022-11-16,0.0005078799999999844,-0.02165428870648135,-0.010827144353240675,-0.01031926435324069,204.97694981400895,203.08141881741778,100.9333847516081
com_quality,2022-11-17,0.0005078799999999844,0.006186267615854427,0.0030931338079272135,0.003601013807927198,205.71507464059601,203.18455980840676,101.2454267364486
com_quality,2022-11-18,0.0005078799999999844,-0.007828501607241708,-0.003914250803620854,-0.0034063708036208696,205.01433281647562,203.28775318264226,100.84932791415237
com_quality,2022-11-21,0.0005078799999999844,0.011483008703502903,0.0057415043517514515,0.0062493843517514355,206.29554617986366,203.3909989667287,101.4280608423631
com_quality,2022-11-22,0.0005078799999999844,-0.0003082001677417365,-0.00015410008387086826,0.0003537799161291162,206.36852940088897,203.4942971872839,101.41243870385213
com_quality,2022-11-23,0.0005078799999999844,-0.015021086767225605,-0.007510543383612803,-0.007002663383612818,204.92340005652335,203.59764787093943,100.65116282012468
com_quality,2022-11-24,0.0005078799999999844,0.00020849968031617927,0.00010424984015808964,0.0006121298401580741,205.04883978464457,203.70105104434012,100.66165036134797
com_quality,2022-11-25,0.0005078799999999844,0.0,0.0,0.0005078799999999844,205.1529799893944,203.80450673414452,100.66165036134795
com_quality,2022-11-28,0.0005078799999999844,0.007114188643836207,0.0035570943219181035,0.004064974321918088,205.98692158511628,203.90801496702466,101.01953158556707
com_quality,2022-11-29,0.0005078799999999844,-0.008227703987030294,-0.004113851993515147,-0.0036059719935151624,205.24413851484994,204.0115757696661,100.60416314149518
com_quality,2022-11-30,0.0005078799999999844,-0.02021066102530511,-0.010105330512652555,-0.00959745051265257,203.27431805244163,204.11518916876804,99.58804089017052
com_quality,2022-12-01,0.0005078799999999844,0.014575705411260177,0.007287852705630088,0.007795732705630073,204.8589903018977,204.21885519104305,100.31345543987887
com_quality,2022-12-02,0.0005078799999999844,-0.024276139968448896,-0.012138069984224448,-0.011630189984224463,202.47644132471027,204.3225738632175,99.0964617841281
com_quality,2022-12-05,0.0005078799999999844,0.0011388331339900843,0.0005694165669950422,0.0010772965669950266,202.69456849984672,204.42634521203118,99.1528603075165
com_quality,2022-12-06,0.0005078799999999844,0.0017265779173620361,0.0008632889586810181,0.0013711689586810025,202.97249700026697,204.5301692642375,99.23841442581602
com_quality,2022-12-07,0.0005078799999999844,-0.023035699172380568,-0.011517849586190284,-0.011009969586190299,200.73777598146094,204.6340460466034,98.09598151411465
com_quality,2022-12-08,0.0005078799999999844,-0.007540925337979593,-0.0037704626689897963,-0.003262582668989812,200.08285239253226,204.73797558590957,97.72630203065381
com_quality,2022-12-09,0.0005078799999999844,0.0060434246184039135,0.0030217123092019568,0.003529592309201941,200.7890632895401,204.84195790895012,98.0214528992095
com_quality,2022-12-12,0.0005078799999999844,-0.014466909377508757,-0.0072334546887543785,-0.006725574688754394,199.4386414477013,204.94599304253293,97.3127790823953
com_quality,2022-12-13,0.0005078799999999844,0.008668146638386562,0.004334073319193281,0.004841953319193265,200.40431403963436,205.0500810134794,97.73432570673326
com_quality,2022-12-14,0.0005078799999999844,-0.0035868579918802435,-0.0017934289959401217,-0.0012855489959401373,200.14668447493867,205.1542218486245,97.55913510891298
com_quality,2022-12-15,0.0005078799999999844,-0.013802630556568996,-0.006901315278284498,-0.006393435278284513,198.8670596015849,205.25841557481698,96.88619053434016
com_quality,2022-12-16,0.0005078799999999844,0.01955296601375179,0.009776483006875895,0.01028436300687588,200.91228063263765,205.36266221891913,97.83291590681789
com_quality,2022-12-19,0.0005078799999999844,0.000415718376588492,0.000207859188294246,0.0007157391882942304,201.05608142529596,205.46696180780688,97.85324105457069
com_quality,2022-12-20,0.0005078799999999844,-0.010950328186456323,-0.0054751640932281615,-0.0049672840932281775,200.05737875018528,205.57131436836983,97.31775046770196
com_quality,2022-12-21,0.0005078799999999844,0.006346199591040611,0.0031730997955203054,0.00368097979552029,200.7937859193095,205.6757199275112,97.6263926486207
com_quality,2022-12-22,0.0005078799999999844,0.034219912093184354,0.017109956046592177,0.017617836046592162,204.33133791881045,205.78017851214798,99.29592801220551
com_quality,2022-12-23,0.0005078799999999844,-0.0023152028896837595,-0.0011576014448418798,-0.0006497214448418953,204.19857946671135,205.8846901492107,99.18104125115987
com_quality,2022-12-26,0.0005078799999999844,-0.026911048006166144,-0.013455524003083072,-0.012947644003083087,201.5546889538411,205.9892548656437,97.84718580845636
com_quality,2022-12-27,0.0005078799999999844,0.0,0.0,0.0005078799999999844,201.657054549267,206.09387268840487,97.84718580845636
com_quality,2022-12-28,0.0005078799999999844,-0.00046752764491195253,-0.00023376382245597627,0.00027411617754400817,201.7123320102348,206.19854364446587,97.8243242871946
com_quality,2022-12-29,0.0010160179420943688,-0.029625696742219695,-0.014812848371109848,-0.013796830429015479,198.92934117004833,206.40804506444238,96.3767381779818
com_quality,2023-01-02,0.0005078799999999844,-0.0004410568615325905,-0.00022052843076629525,0.0002873515692336892,198.98650382840015,206.5128755823697,96.35549515605501
com_quality,2023-01-03,0.0005078799999999844,0.01275708287648771,0.006378541438243855,0.006886421438243839,200.3568087542852,206.61775934162048,96.96979068629649
com_quality,2023-01-04,0.0005078799999999844,0.001905755371538068,0.000952877685769034,0.0014607576857690184,200.6494815025692,206.72269636923488,97.06214413156738
com_quality,2023-01-05,0.0005078799999999844,0.0093388035285992,0.0046694017642996,0.005177281764299584,201.68830040416861,206.82768669226687,97.51513621300373
com_quality,2023-01-06,0.0005078799999999844,-0.004196818432708074,-0.002098409216354037,-0.0015905292163540525,201.367509269779,206.93273033778414,97.31061342547368
com_quality,2023-01-09,0.0005078799999999844,0.013674149901496253,0.006837074950748126,0.007344954950748111,202.84654455390987,207.0378273328681,97.97559565179381
com_quality,2023-01-10,0.0005078799999999844,-0.0012551607648188436,-0.0006275803824094218,-0.00011970038240943738,202.82226374495633,207.1429777046139,97.91413930245855
com_quality,2023-01-11,0.0005078799999999844,-0.009096995188503043,-0.0045484975942515216,-0.004040617594251537,202.0027365375625,207.24818148013054,97.46900315114661
com_quality,2023-01-12,0.0005078799999999844,-0.022149688444464487,-0.011074844222232243,-0.010566964222232259,199.8681808477771,207.35343868654067,96.39009707956706
com_quality,2023-01-13,0.0005078799999999844,-0.00831886979969999,-0.004159434899849995,-0.0036515548998500105,199.13835121267826,207.45874935098078,95.98937226589273
com_quality,2023-01-16,0.0005078799999999844,-0.00315747777800913,-0.001578738889004565,-0.0010708588890045805,198.92510213914045,207.56411350060117,95.8379070371258
com_quality,2023-01-17,0.0005078799999999844,-0.007044573070504961,-0.0035222865352524807,-0.0030144065352524963,198.32546101122645,207.66953116256585,95.5005098248983
com_quality,2023-01-18,0.0005078799999999844,-0.0004902076172459222,-0.0002451038086229611,0.0002627761913770233,198.37757622052405,207.77500236405268,95.4771141684008
com_quality,2023-01-19,0.0005078799999999844,0.003151268339361745,0.0015756341696808725,0.002083514169680857,198.79089871152647,207.88052713225335,95.62747480674605
com_quality,2023-01-20,0.0005078799999999844,0.026003089335874495,0.013001544667937247,0.013509424667937232,201.47644938234137,207.98610549437328,96.8701485627808
com_quality,2023-01-23,0.0005078799999999844,-0.006984866665725167,-0.0034924333328625835,-0.002984553332862599,200.87513217384395,208.0917374776318,96.53200776193069
com_quality,2023-01-24,0.0005078799999999844,-0.0018130638637927736,-0.0009065319318963868,-0.00039865193189640236,200.79505291433293,208.19742310926193,96.44454283613095
com_quality,2023-01-25,0.0005078799999999844,-0.010769150235776754,-0.005384575117888377,-0.004876695117888392,199.81583666008947,208.30316241651067,95.9254935652631
com_quality,2023-01-26,0.0005078799999999844,0.0019325908992647595,0.0009662954496323798,0.0014741754496323642,200.1104002609415,208.40895542663878,96.01813888049622
com_quality,2023-01-27,0.0005078799999999844,0.0,0.0,0.0005078799999999844,200.21203233102605,208.5148021669209,96.01813888049622
com_quality,2023-01-30,0.0005078799999999844,0.008205400555143582,0.004102700277571791,0.004610580277571776,201.13512597862405,208.62070266464542,96.41187255607402
com_quality,2023-01-31,0.0005078799999999844,0.012542193811142466,0.006271096905571233,0.006778976905571218,202.49861635253234,208.72665694711478,97.01617383918507
com_quality,2023-02-01,0.0005078799999999844,0.020349419971263927,0.010174709985631964,0.010682589985631949,204.66182604368424,208.83266504164507,98.00278419224833
com_quality,2023-02-02,0.0005078799999999844,-0.029138582725591264,-0.014569291362795632,-0.014061411362795647,201.7839919174231,208.93872697556642,96.57567787374333
com_quality,2023-02-03,0.0005078799999999844,-0.016796000860865967,-0.008398000430432984,-0.007890120430432999,200.19189192026107,209.04484277622277,95.76504699260218
com_quality,2023-02-06,0.0005078799999999844,-0.013324703138577289,-0.006662351569288644,-0.0061544715692886595,198.9598166130357,209.15101247097195,95.12735045480564
com_quality,2023-02-07,0.0005078799999999844,0.009274281421043232,0.004637140710521616,0.0051450207105216,199.9834689900714,209.2572360871857,95.56824544253732
com_quality,2023-02-08,0.0005078799999999844,0.009493457623372701,0.0047467288116863505,0.005254608811686335,201.03430388841824,209.36351365224968,96.02165171068626
com_quality,2023-02-09,0.0005078799999999844,-0.007460637440471504,-0.003730318720235752,-0.0032224387202357675,200.38648316347258,209.4698451935634,95.66364217164661
com_quality,2023-02-10,0.0005078799999999844,0.013483640004825364,0.006741820002412682,0.007249700002412667,201.83922505094628,209.5762307385403,96.30826183850668
com_quality,2023-02-13,0.0005078799999999844,-0.01848033101900718,-0.00924016550950359,-0.008732285509503605,200.07670731078449,209.68267031460778,95.4188092943444
com_quality,2023-02-14,0.0005078799999999844,0.011541854707098075,0.005770927353549038,0.0062788073535490225,201.33295041192133,209.7891639492072,95.96918478623938
com_quality,2023-02-15,0.0005078799999999844,-0.0019164107871538216,-0.0009582053935769108,-0.0004503253935769264,201.24228507178708,209.8957116697937,95.87727327577795
com_quality,2023-02-16,0.0005078799999999844,0.0003873469109512235,0.00019367345547561176,0.0007015534554755962,201.38346729226697,210.00231350383655,95.89583273261792
com_quality,2023-02-17,0.0005078799999999844,-0.009110575864896792,-0.004555287932448396,-0.004047407932448411,200.5683862492843,210.10896947881886,95.45922134918835
com_quality,2023-02-22,0.0005078799999999844,0.004485675133106372,0.002242837566553186,0.0027507175665531704,201.1200932326354,210.21567962223776,95.67321219523333
com_quality,2023-02-23,0.0005078799999999844,0.006381920848252832,0.003190960424126416,0.0036988404241264003,201.86400436358838,210.3224439616043,95.97834665730679
com_quality,2023-02-24,0.0005078799999999844,-0.009325954761626712,-0.004662977380813356,-0.004155097380813372,201.02523976777675,210.42926252444354,95.53102898149709
com_quality,2023-02-27,0.0005078799999999844,-0.00926371553407318,-0.00463185776703659,-0.004123977767036605,200.19621614836126,210.53613533829446,95.08876745869836
com_quality,2023-02-28,0.0005078799999999844,-0.03066694667140109,-0.015333473335700546,-0.01482559333570056,197.22818846039965,210.64306243071007,93.6314665123504
com_quality,2023-03-01,0.0005078799999999844,-0.008125290840732583,-0.004062645420366291,-0.003554765420366307,196.52708851613914,210.75004382925738,93.2512681588616
com_quality,2023-03-02,0.0005078799999999844,0.0,0.0,0.0005078799999999844,196.6269006938547,210.85707956151737,93.25126815886159
com_quality,2023-03-03,0.0005078799999999844,0.011187796682325982,0.005593898341162991,0.006101778341162975,197.8266744577985,210.96416965508507,93.77264147804546
com_quality,2023-03-06,0.0005078799999999844,0.005157232003501812,0.002578616001750906,0.0030864960017508904,198.4372656975522,211.0713141375695,94.01432236699732
com_quality,2023-03-07,0.0005078799999999844,0.03946854385729323,0.019734271928646616,0.0202421519286466,202.45406297810726,211.17851303659364,95.86868477619473
com_quality,2023-03-08,0.0005078799999999844,0.025173475875073237,0.012586737937536618,0.013094617937536603,205.10512158270754,211.2857663797947,97.07474625338595
com_quality,2023-03-09,0.0005078799999999844,-0.007983497840661758,-0.003991748920330879,-0.0034838689203308946,204.39056222422485,211.39307419482364,96.68744494242742
com_quality,2023-03-10,0.0005078799999999844,0.006426246725297263,0.0032131233626486316,0.003721003362648616,205.15110019355484,211.50043650934572,96.99795592832722
com_quality,2023-03-13,0.0005078799999999844,-0.012966560962124847,-0.0064832804810624235,-0.005975400481062439,203.92524021076775,211.60785335104006,96.36941019975876
com_quality,2023-03-14,0.0005078799999999844,0.015135146187267459,0.007567573093633729,0.008075453093633713,205.57202892269783,211.71532474759996,97.09832255542862
com_quality,2023-03-15,0.0005078799999999844,0.03500157847588571,0.017500789237942856,0.01800866923794284,209.27410759613952,211.82285072673278,98.79675723282502
com_quality,2023-03-16,0.0005078799999999844,0.0034503973113853836,0.0017251986556926918,0.0022330786556926763,209.7414331390016,211.93043131615988,98.9671147444169
com_quality,2023-03-17,0.0005078799999999844,-0.046670343561554105,-0.023335171780777052,-0.022827291780777068,204.95360424621927,212.03806654361674,96.65887243131404
com_quality,2023-03-20,0.0005078799999999844,0.009899214164519545,0.004949607082259773,0.005457487082259757,206.07213589385557,212.1457564368529,97.13705301250972
com_quality,2023-03-21,0.0005078799999999844,0.0005621443751910402,0.0002810721875955201,0.0007889521875955046,206.23471695627148,212.25350102363208,97.16434167712951
com_quality,2023-03-22,0.0005078799999999844,-0.030065815009813736,-0.015032907504906868,-0.014525027504906883,203.23915202001496,212.36130033173194,95.70442058064856
com_quality,2023-03-23,0.0005078799999999844,-0.0008459573778127061,-0.00042297868890635304,8.49013110936314e-05,203.25640729048703,212.46915438894445,95.66396019932728
com_quality,2023-03-24,0.0005078799999999844,-0.009146648191728668,-0.004573324095864334,-0.004065444095864349,202.4300797295213,212.5770632230755,95.22667999091414
com_quality,2023-03-27,0.0005078799999999844,0.002337436682656846,0.001168718341328423,0.0016765983413284074,202.7694736654308,212.68502686194526,95.33791666352202
com_quality,2023-03-28,0.0005078799999999844,0.002636606687939542,0.001318303343969771,0.0018261833439697553,203.1397679009041,212.7930453333879,95.46353715773004
com_quality,2023-03-29,0.0005078799999999844,0.0185655912715722,0.0092827956357861,0.009790675635786086,205.12864347715075,212.9011186652518,96.3492558250378
com_quality,2023-03-30,0.0005078799999999844,-0.008531465020584245,-0.004265732510292122,-0.003757852510292138,204.3578002893273,213.0092468853995,95.9384643049197
com_quality,2023-03-31,0.0005078799999999844,-0.02216241352895697,-0.011081206764478485,-0.0105733267644785,202.19705848999817,213.11743002170766,94.8758900055255
com_quality,2023-04-03,0.0005078799999999844,0.0,0.0,0.0005078799999999844,202.2997503320641,213.2256681020671,94.87589000552553
com_quality,2023-04-04,0.0005078799999999844,-0.006451903009504369,-0.0032259515047521844,-0.0027180715047522,201.74988514526802,213.3339611543828,94.56998035079293
com_quality,2023-04-05,0.0005078799999999844,0.023831964980570698,0.011915982490285349,0.012423862490285334,204.25639797574368,213.4423092065739,95.69630254424398
com_quality,2023-04-06,0.0005078799999999844,-0.010373990030914024,-0.005186995015457012,-0.004679115015457027,203.30065879697221,213.5507122865737,95.20017827154494
com_quality,2023-04-10,0.0005078799999999844,0.04429134794303867,0.022145673971519335,0.02265355397151932,207.90614124347488,213.65917042232985,97.30738017587393
com_quality,2023-04-11,0.0005078799999999844,0.0002178669548955313,0.00010893347744776564,0.0006168134774477501,208.034380553438,213.76768364180396,97.31797482636672
com_quality,2023-04-12,0.0005078799999999844,-0.0074790009750541515,-0.0037395004875270758,-0.0032316204875270913,207.3620923871315,213.87625197297194,96.95423894623715
com_quality,2023-04-13,0.0005078799999999844,-0.0055000374260251875,-0.0027500187130125938,-0.0022421387130126093,206.89715781217905,213.984875443824,96.68774832008833
com_quality,2023-04-14,0.0005078799999999844,0.005160039492582682,0.002580019746291341,0.0030878997462913255,207.53603549329566,214.09355408236445,96.9370779904256
com_quality,2023-04-17,0.0005078799999999844,-0.0014672819785272809,-0.0007336409892636404,-0.000225760989263656,207.48918195261484,214.2022879166118,96.8659970772066
com_quality,2023-04-18,0.0005078799999999844,-0.024042840348068917,-0.012021420174034458,-0.011513540174034474,205.10024692052588,214.31107697459888,95.70212133497667
com_quality,2023-04-19,0.0005078799999999844,0.006403097534338077,0.0032015487671690386,0.003709428767169023,205.86105167660637,214.41992128437275,96.00836081064723
com_quality,2023-04-20,0.0005078799999999844,-0.008358313639485148,-0.004179156819742574,-0.0036712768197425896,205.1052787694982,214.52882087399465,95.6073304900923
com_quality,2023-04-24,0.0005078799999999844,-0.008064411792654642,-0.004032205896327321,-0.0035243258963273366,204.3824209240574,214.63777577154013,95.22201774099705
com_quality,2023-04-25,0.0005078799999999844,0.009562238958103939,0.0047811194790519694,0.0052889994790519534,205.46339944185212,214.74678600509898,95.67705448079376
com_quality,2023-04-26,0.0005078799999999844,-0.0009011064928930394,-0.0004505532464465197,5.732675355346476e-05,205.47517799151618,214.85585160277526,95.63396875566505
com_quality,2023-04-27,0.0005078799999999844,0.013181975243554305,0.006590987621777153,0.007098867621777137,206.93381907963902,214.96497259268725,96.26397109436729
com_quality,2023-04-28,0.0005078799999999844,-0.009575957929517922,-0.004787978964758961,-0.004280098964758977,206.04812185482265,215.07414900296763,95.80329519377968
com_quality,2023-05-02,0.0005078799999999844,0.008996093475158548,0.004498046737579274,0.005005926737579259,207.07958365724372,215.18338086176328,96.23400414471341
com_quality,2023-05-03,0.0005078799999999844,0.016687394559778947,0.008343697279889473,0.008851577279889458,208.91256459507312,215.29266819723537,97.0365439494125
com_quality,2023-05-04,0.0005078799999999844,0.026665098610325483,0.013332549305162741,0.013840429305162726,211.80400417631148,215.40201103755936,98.32963172260239
com_quality,2023-05-05,0.0005078799999999844,0.002232626475971636,0.001116313237985818,0.0016241932379858024,212.148014807673,215.51140941092513,98.43934267218356
com_quality,2023-05-08,0.0005078799999999844,0.0,0.0,0.0005078799999999844,212.25576054143352,215.62086334553675,98.43934267218354
com_quality,2023-05-09,0.0005078799999999844,-0.0018603503874478709,-0.0009301751937239354,-0.000422295193723951,212.16612595391666,215.73037286961267,98.3478233183928
com_quality,2023-05-10,0.0005078799999999844,0.004488036362041788,0.002244018181020894,0.0027518981810208784,212.7499855300035,215.8399380113857,98.56840559265765
com_quality,2023-05-11,0.0005078799999999844,0.007077691416613398,0.003538845708306699,0.004046725708306683,213.61092636588967,215.94955879910293,98.91704690381476
com_quality,2023-05-12,0.0005078799999999844,-0.00146035611575456,-0.00073017805787728,-0.00022229805787729552,213.56344107181715,216.0592352610258,98.84485651067244
com_quality,2023-05-15,0.0005078799999999844,0.0002135505159733637,0.00010677525798668186,0.0006146552579866663,213.69470896378567,216.16896742543017,98.8554053381885
com_quality,2023-05-16,0.0005078799999999844,0.016546186867937546,0.008273093433968773,0.008780973433968758,215.57115652617637,216.2787553206062,99.67283018927084
com_quality,2023-05-17,0.0005078799999999844,0.021803548188731363,0.010901774094365681,0.011409654094365666,218.03074885486237,216.38859897485844,100.75888927964948
com_quality,2023-05-18,0.0005078799999999844,0.00836750977479391,0.004183754887396955,0.004691634887396939,219.05366952271513,216.49849841650578,101.1802257867367
com_quality,2023-05-19,0.0005078799999999844,0.0003156208507797871,0.00015781042538989354,0.000665690425389878,219.19949145316292,216.60845367388157,101.19618497585617
com_quality,2023-05-22,0.0005078799999999844,-0.015658128247826985,-0.007829064123913492,-0.007321184123913508,217.5946916163661,216.71846477533347,100.4043157291378
com_quality,2023-05-23,0.0005078799999999844,-0.007028166915005111,-0.0035140834575025557,-0.0030062034575025712,216.94055770209476,216.82853174922357,100.05166568807502
com_quality,2023-05-24,0.0005078799999999844,0.015367705577085824,0.007683852788542912,0.008191732788542896,218.71767678178776,216.9386546239284,100.82005770753182
com_quality,2023-05-25,0.0005078799999999844,0.021935288602233344,0.010967644301116672,0.011475524301116657,221.22757679678094,217.0488334278388,101.92525493132007
com_quality,2023-05-26,0.0005078799999999844,-0.0024251827730826887,-0.0012125913865413443,-0.0007047113865413599,221.0716752043953,217.15906818936014,101.80172398401682
com_quality,2023-05-29,0.0005078799999999844,-0.017235183166530443,-0.008617591583265222,-0.008109711583265237,219.27884767925838,217.2693589369121,100.9248836339273
com_quality,2023-05-30,0.0005078799999999844,0.0022047079375612693,0.0011023539687806346,0.001610233968780619,219.63193792842662,217.379705698929,101.03608210447068
com_quality,2023-05-31,0.0005078799999999844,0.01583963471648161,0.007919817358240804,0.008427697358240789,221.48292943149133,217.49010850385937,101.83586322849303
com_quality,2023-06-01,0.0005078799999999844,-0.00489675899038954,-0.00244837949519477,-0.0019404994951947854,221.05314191873524,217.60056738016632,101.58665695597061
com_quality,2023-06-02,0.0005078799999999844,0.004474732465530725,0.0022373662327653623,0.0027452462327653467,221.65998722382855,217.71108235632738,101.81382813624434
com_quality,2023-06-05,0.0005078799999999844,0.009068840954983958,0.004534420477491979,0.005042300477491964,222.77766348324812,217.8216534608345,102.27526049117276
com_quality,2023-06-06,0.0005078799999999844,0.005570866969183047,0.0027854334845915235,0.003293313484591508,223.51134016646333,217.9322807221942,102.55999681450632
com_quality,2023-06-07,0.0005078799999999844,0.0,0.0,0.0005078799999999844,223.62485710590704,218.0429641689274,102.55999681450629
com_quality,2023-06-09,0.0005078799999999844,-0.0004531842321300423,-0.00022659211606502116,0.0002812878839349633,223.6877600687576,218.1537038295695,102.53676932458205
com_quality,2023-06-12,0.0005078799999999844,-0.002481923673086304,-0.001240961836543152,-0.0007330818365431676,223.52377863479416,218.26449973267046,102.40958969899604
com_quality,2023-06-13,0.0005078799999999844,-0.00023787007192678164,-0.00011893503596339082,0.0003889449640365936,223.61071708283663,218.37535190679472,102.39741579364527
com_quality,2023-06-14,0.0005078799999999844,-0.0006796988823492187,-0.00033984944117460936,0.00016803055882537508,223.6482905165874,218.48626038052114,102.36263375421225
com_quality,2023-06-15,0.0005078799999999844,-0.0011400101436782979,-0.0005700050718391489,-6.21250718391645e-05,223.63439635047234,218.5972251824432,102.30431615214927
com_quality,2023-06-16,0.0005078799999999844,0.012557307994387396,0.006278653997193698,0.006786533997193683,225.1520987842467,218.7082463411689,102.94632349299984
com_quality,2023-06-19,0.0005078799999999844,-0.005260998037295379,-0.0026304990186476894,-0.002122619018647705,224.67418665727882,218.8193238853206,102.67566075426988
com_quality,2023-06-20,0.0005078799999999844,-0.01043974225756859,-0.005219871128784295,-0.00471199112878431,223.61552388288294,218.93045784353552,102.13997909906887
com_quality,2023-06-21,0.0005078799999999844,-0.006253488278540617,-0.0031267441392703087,-0.0026188641392703243,223.02990520640188,219.04164824446508,101.82077563509094
com_quality,2023-06-22,0.0005078799999999844,-0.0056071562597865745,-0.0028035781298932872,-0.002295698129893303,222.51789587010927,219.15289511677548,101.53545804245057
com_quality,2023-06-23,0.0005078799999999844,0.003143510930688792,0.001571755465344396,0.0020796354653443805,222.98065197803453,219.2641984891474,101.69496594268264
com_quality,2023-06-26,0.0005078799999999844,0.009723391948864402,0.004861695974432201,0.005369575974432186,224.17796352965902,219.37555839027607,102.1891249757365
com_quality,2023-06-27,0.0005078799999999844,-0.004304818200786718,-0.002152409100393359,-0.0016445291003933746,223.80929634496755,219.48697484887134,101.96928382610055
com_quality,2023-06-28,0.0005078799999999844,-0.00029566183391760426,-0.00014783091695880213,0.0003600490830411823,223.88987867689264,219.59844789365758,101.95421726537576
com_quality,2023-06-29,0.0005078799999999844,-0.015540178920356262,-0.007770089460178131,-0.007262209460178146,222.26394348192719,219.70997755337382,101.16242601132348
com_quality,2023-06-30,0.0005078799999999844,0.012285545124750653,0.006142772562375326,0.006650652562375311,223.7421437471689,219.82156385677362,101.7835283407181
com_quality,2023-07-03,0.0005078799999999844,0.0033264767969356053,0.0016632383984678026,0.002171118398467787,224.22791443197104,219.93320683262522,101.95273267788716
com_quality,2023-07-04,0.0005078799999999844,0.0010402938737230916,0.0005201469368615458,0.0010280269368615302,224.45842676800333,220.04490650971138,102.00573616008566
com_quality,2023-07-05,0.0005078799999999844,-0.004917002529014678,-0.002458501264507339,-0.0019506212645073544,224.0205933877518,220.15666291682953,101.75508223086665
com_quality,2023-07-06,0.0005078799999999844,-0.004821837291494732,-0.002410918645747366,-0.0019030386457473815,223.59427354109167,220.26847608279172,101.50988353732919
com_quality,2023-07-07,0.0005078799999999844,-0.01010634623660403,-0.005053173118302015,-0.00454529311830203,222.57797202827362,220.38034603642464,100.99719690588277
com_quality,2023-07-10,0.0005078799999999844,0.0,0.0,0.0005078799999999844,222.69101492870735,220.49227280656964,100.99719690588276
com_quality,2023-07-11,0.0005078799999999844,0.009674998759774272,0.004837499379887136,0.005345379379887121,223.88138288799345,220.60425642208264,101.48552277234428
com_quality,2023-07-12,0.0005078799999999844,-0.014130893581983587,-0.007065446790991793,-0.006557566790991809,222.4132657664458,220.71629691183432,100.76884619683943
com_quality,2023-07-13,0.0005078799999999844,0.00962623815505213,0.004813119077526065,0.00532099907752605,223.59672654841862,220.8283943047099,101.25361244980519
com_quality,2023-07-14,0.0005078799999999844,-0.005961785431517032,-0.002980892715758516,-0.0024730127157585316,223.0437690004624,220.94054862960934,100.95193950766318
com_quality,2023-07-17,0.0005078799999999844,-0.007167490778356646,-0.003583745389178323,-0.0030758653891783385,222.35771639112198,221.05275991544735,100.59033711054943
com_quality,2023-07-18,0.0005078799999999844,-0.00019507340648767559,-9.753670324383779e-05,0.00041034329675614665,222.4489593895251,221.1650281911532,100.58053084109763
com_quality,2023-07-19,0.0005078799999999844,0.0026047436835595636,0.0013023718417797818,0.0018102518417797663,222.85164802796197,221.27735348567094,100.71145759721541
com_quality,2023-07-20,0.0005078799999999844,-0.0005533759433685795,-0.00027668797168428974,0.0002311920283156947,222.90316955248306,221.38973582795924,100.68360609350918
com_quality,2023-07-21,0.0005078799999999844,0.016006981481251053,0.008003490740625526,0.008511370740625511,224.80038106780475,221.50217524699153,101.48901735034225
com_quality,2023-07-24,0.0005078799999999844,-0.0080021997234061,-0.00400109986170305,-0.0034932198617030658,224.0151039117403,221.61467177175598,101.08315578602871
com_quality,2023-07-25,0.0005078799999999844,0.01267693005940109,0.006338465029700545,0.006846345029700529,225.54878860498428,221.7272254312554,101.72354259441799
com_quality,2023-07-26,0.0005078799999999844,0.01618897629375064,0.00809448814687532,0.008602368146875304,227.4890423196461,221.83983625450745,102.54652462809139
com_quality,2023-07-27,0.0005078799999999844,-0.02146517897627769,-0.010732589488138844,-0.01022470948813886,225.1630329501928,221.9525042705444,101.44649355960182
com_quality,2023-07-28,0.0005078799999999844,0.008074954127549744,0.004037477063774872,0.004545357063774857,226.1864793325139,222.06522950841335,101.85587353464734
com_quality,2023-07-31,0.0005078799999999844,0.0035257707350134504,0.0017628853675067252,0.0022707653675067096,226.70009575638045,222.17801199717607,102.0353426149397
com_quality,2023-08-01,0.0005078799999999844,-0.00011609272031960337,-5.804636015980169e-05,0.00044983363984018275,226.80207308560668,222.2908517659092,102.02942284122793
com_quality,2023-08-02,0.0004903700000000007,0.019541523131145877,0.009770761565572939,0.010261131565572939,229.12931899688277,222.39985653088965,103.02583939169872
com_quality,2023-08-03,0.0004903700000000007,0.012842316285481131,0.006421158142740566,0.006911528142740566,230.7129527334567,222.5089147485367,103.687060356297
com_quality,2023-08-04,0.0004903700000000007,-0.0077461361458159945,-0.0038730680729079973,-0.0033826980729079964,229.9325204728503,222.618026445062,103.28567014297623
com_quality,2023-08-07,0.0004903700000000007,-0.008967845655225948,-0.004483922827612974,-0.003993552827612974,229.0142728055558,222.72719164668987,102.82277216014067
com_quality,2023-08-08,0.0004903700000000007,-0.0023305220578766954,-0.0011652610289383477,-0.000674891028938347,228.85971312734048,222.83641037965768,102.70301551592067
com_quality,2023-08-09,0.0004903700000000007,0.0,0.0,0.0004903700000000007,228.97193906486675,222.94568267021555,102.70301551592068
com_quality,2023-08-10,0.0004903700000000007,-0.020210560643679265,-0.010105280321839633,-0.009614910321839632,226.77039440454033,223.05500854462656,101.6656814317489
com_quality,2023-08-11,0.0004903700000000007,0.021984182184786878,0.010992091092393439,0.01148246109239344,229.37427663519716,223.16438802916662,102.78265213409361
com_quality,2023-08-14,0.0004903700000000007,0.005046885280511716,0.002523442640255858,0.003013812640255859,230.06556772946988,223.2738211501245,103.04189113813695
com_quality,2023-08-15,0.0004903700000000007,-0.004246716255970562,-0.002123358127985281,-0.00163298812798528,229.6898733887095,223.3833079338019,102.82320353890387
com_quality,2023-08-16,0.0004903700000000007,0.01894014906383107,0.009470074531915534,0.009960444531915535,231.9776866321404,223.49284840651342,103.7964696795102
com_quality,2023-08-17,0.0004903700000000007,0.00569446495553642,0.00284723247776821,0.0033376024777682107,232.75193593383077,223.60244259458653,104.09185750972907
com_quality,2023-08-18,0.0004903700000000007,0.00840778371892877,0.004203891859464385,0.004694261859464385,233.84453446940142,223.71209052436166,104.52923394586773
com_quality,2023-08-21,0.0004903700000000007,-0.014616404954205743,-0.007308202477102872,-0.006817832477102871,232.2502216077029,223.82179222219213,103.76568755965627
com_quality,2023-08-22,0.0004903700000000007,-0.01049641261525977,-0.005248206307629885,-0.004757836307629885,231.1452130708827,223.93154771444412,103.22137074032882
com_quality,2023-08-23,0.0004903700000000007,-0.005635328785717154,-0.002817664392858577,-0.002327294392858576,230.6072701125667,224.04135702749687,102.93067011027968
com_quality,2023-08-24,0.0004903700000000007,0.01701605090884587,0.008508025454422936,0.008998395454422936,232.68236552370456,224.15122018774247,103.80597764706195
com_quality,2023-08-25,0.0004903700000000007,-0.0030225507005594934,-0.0015112753502797467,-0.001020905350279746,232.44481885182563,224.26113722158595,103.64917512308591
com_quality,2023-08-28,0.0004903700000000007,-0.006455063765766063,-0.0032275318828830315,-0.0027371618828830307,231.80857975379075,224.3711081554453,103.31480806931378
com_quality,2023-08-29,0.0004903700000000007,0.004452724129927116,0.002226362064963558,0.0027167320649635588,232.43834155534154,224.48113301575154,103.54471150100247
com_quality,2023-08-30,0.0004903700000000007,0.004959910702997349,0.0024799553514986746,0.0029703253514986754,233.12875905392366,224.5912118289485,103.801371903847
com_quality,2023-08-31,0.0004903700000000007,-0.004571693067529841,-0.0022858465337649205,-0.0017954765337649197,232.7101818376966,224.70134462149306,103.56421419270737
com_quality,2023-09-01,0.0004903700000000007,0.012605195127187552,0.006302597563593776,0.006792967563593776,234.29097455463813,224.81153141985516,104.21661783757848
com_quality,2023-09-04,0.0004903700000000007,0.009772858877931917,0.0048864294389659585,0.005376799438965959,235.55071013517826,224.9217722505175,104.72561538987976
com_quality,2023-09-05,0.0004903700000000007,-0.00409315620796355,-0.002046578103981775,-0.001556208103981774,235.18414421116725,225.03206713997602,104.51139128756986
com_quality,2023-09-06,0.0004903700000000007,-0.01062000238246899,-0.005310001191234495,-0.004819631191234495,234.0506433740433,225.14241611473946,103.9567076755381
com_quality,2023-09-08,0.0004903700000000007,-0.0010296062131723936,-0.0005148031065861968,-2.443310658619606e-05,234.04492478972716,225.25281920132966,103.90321666986071
com_quality,2023-09-11,0.0004903700000000007,0.0,0.0,0.0004903700000000007,234.15969339949632,225.36327642628146,103.9032166698607
com_quality,2023-09-12,0.0004903700000000007,0.01417141732485543,0.007085708662427715,0.007576078662427715,235.93370565626083,225.47378781614262,104.63908374513471
com_quality,2023-09-13,0.0004903700000000007,-0.007923639102829061,-0.0039618195514145305,-0.0034714495514145296,235.11467369959684,225.58435339747405,104.22472576603333
com_quality,2023-09-14,0.0004903700000000007,-0.013535779118877461,-0.006767889559438731,-0.00627751955943873,233.63873673673652,225.69497319684956,103.51969006104468
com_quality,2023-09-15,0.0004903700000000007,-0.005655082522354193,-0.0028275412611770967,-0.002337171261177096,233.09268299573768,225.80564724085613,103.22712733003918
com_quality,2023-09-18,0.0004903700000000007,-0.014769942905018218,-0.007384971452509109,-0.0068946014525091085,231.48560184498606,225.91637555609364,102.46517158182259
com_quality,2023-09-19,0.0004903700000000007,-0.005980109119392998,-0.002990054559696499,-0.002499684559696498,230.90696086026207,226.02715816917512,102.15894529250974
com_quality,2023-09-20,0.00047278999999995685,-0.012066889053276447,-0.006033444526638223,-0.005560654526638267,229.6229670231222,226.13402154928588,101.54286623920315
com_quality,2023-09-21,0.00047278999999995685,-0.006547881487483281,-0.0032739407437416407,-0.0028011507437416838,228.9797584782652,226.24093545333412,101.21057801473599
com_quality,2023-09-22,0.00047278999999995685,0.0025936214156506614,0.0012968107078253307,0.0017696007078252876,229.38496122094602,226.3478999052071,101.3417669512334
com_quality,2023-09-25,0.00047278999999995685,-0.004049255111593904,-0.002024627555796952,-0.0015518375557969952,229.02899302338832,226.45491492880328,101.13668457820592
com_quality,2023-09-26,0.00047278999999995685,-0.006044668460270973,-0.0030223342301354864,-0.0025495442301355295,228.4450734756918,226.56198054803244,100.8311601633709
com_quality,2023-09-27,0.00047278999999995685,0.010829739941983108,0.005414869970991554,0.00588765997099151,229.7900803903649,226.66909678681571,101.37688976917947
com_quality,2023-09-28,0.00047278999999995685,-0.004568009817844313,-0.0022840049089221564,-0.0018112149089221995,229.3738811708394,226.77626366908555,101.14545387587138
com_quality,2023-09-29,0.00047278999999995685,0.005056426079668516,0.002528213039834258,0.003001003039834215,230.06223288549168,226.88348121878562,101.40105028785273
com_quality,2023-10-02,0.00047278999999995685,-0.006444887686678842,-0.003222443843339421,-0.002749653843339464,229.42964138263085,226.99074945987104,101.07444551311592
com_quality,2023-10-03,0.00047278999999995685,0.017702325307952516,0.008851162653976258,0.009323952653976215,231.5688324963012,227.09806841630814,101.96864909999914
com_quality,2023-10-04,0.00047278999999995685,-0.003257812660018242,-0.001628906330009121,-0.001156116330009164,231.3011119875311,227.2054381120747,101.80263021408675
com_quality,2023-10-05,0.00047278999999995685,-0.004502009116132688,-0.002251004558066344,-0.0017782145580663871,230.88980898289796,227.31285857115964,101.57358032195023
com_quality,2023-10-06,0.00047278999999995685,-0.02060164743341485,-0.010300823716707425,-0.009828033716707468,228.62061615536987,227.42032981756347,100.5277832191912
com_quality,2023-10-09,0.00047278999999995685,-0.003094559682735011,-0.0015472798413675055,-0.0010744898413675486,228.37496562578372,227.5278518752979,100.37231211190361
com_quality,2023-10-10,0.00047278999999995685,-0.010574671720671076,-0.005287335860335538,-0.004814545860335581,227.27544388042583,227.635424768386,99.84186077877533
com_quality,2023-10-11,0.00047278999999995685,0.0,0.0,0.00047278999999995685,227.38289743753802,227.74304852086226,99.84186077877531
com_quality,2023-10-13,0.00047278999999995685,0.007283874686577263,0.0036419373432886315,0.004114727343288588,228.31851606302047,227.8507231567724,100.20530674634998
com_quality,2023-10-16,0.00047278999999995685,-0.005928346927884316,-0.002964173463942158,-0.0024913834639422013,227.74968708758925,227.95844870017365,99.9084211996639
com_quality,2023-10-17,0.00047278999999995685,-0.009409530415172045,-0.004704765207586023,-0.004231975207586066,226.78585605829906,228.0662251751346,99.43859766352851
com_quality,2023-10-18,0.00047278999999995685,0.00967036508313344,0.00483518254156672,0.005307972541566676,227.9896291550722,228.1740526057351,99.9191742231175
com_quality,2023-10-19,0.00047278999999995685,0.0011986398752759364,0.0005993199376379682,0.0010721099376379251,228.23405910216775,228.28193101606655,99.97902947741605
com_quality,2023-10-20,0.00047278999999995685,0.010245187034473522,0.005122593517236761,0.005595383517236718,229.51111619454002,228.3898604302316,100.49093937979393
com_quality,2023-10-23,0.00047278999999995685,0.005598960586957312,0.002799480293478656,0.003272270293478613,230.26213860208654,228.49784087234437,100.77212884069561
com_quality,2023-10-24,0.00047278999999995685,-0.0029285728821209223,-0.0014642864410604611,-0.0009914964410605042,230.03383451115158,228.60587236653038,100.62463931037244
com_quality,2023-10-25,0.00047278999999995685,0.007437330912323747,0.0037186654561618734,0.00419145545616183,230.99801108191517,228.71395493692654,100.99865185122549
com_quality,2023-10-26,0.00047278999999995685,-0.017901264148407103,-0.008950632074203551,-0.008477842074203594,229.03964642450757,228.82208860768114,100.09507727953634
com_quality,2023-10-27,0.00047278999999995685,-0.016047443366828784,-0.008023721683414392,-0.007550931683414436,227.31018370156272,228.93027340295396,99.29232177234174
com_quality,2023-10-30,0.00047278999999995685,0.0038233273595503865,0.0019116636797751932,0.00238445367977515,227.85219430554028,229.0385093469161,99.48204559802694
com_quality,2023-10-31,0.00047278999999995685,0.005053833423497625,0.0025269167117488124,0.0029997067117487693,228.5356840620853,229.14679646375018,99.73330964643813
com_quality,2023-11-01,0.00045513000000005176,0.047830197414331345,0.023915098707165672,0.024370228707165723,234.1051509504269,229.25108804522472,102.11735653976247
com_quality,2023-11-03,0.00045513000000005176,-0.02552701045044703,-0.012763505225223515,-0.012308375225223463,231.22369691037144,229.35542709292673,100.81457406137058
com_quality,2023-11-06,0.00045513000000005176,0.028648918960315878,0.014324459480157939,0.01477958948015799,234.6410882287912,229.45981362845953,102.25803138179184
com_quality,2023-11-07,0.00045513000000005176,0.0028289620155226482,0.0014144810077613241,0.001869611007761376,235.07977579021687,229.56424767343626,102.4026076240873
com_quality,2023-11-08,0.00045513000000005176,-0.011720488867646733,-0.005860244433823367,-0.005405114433823315,233.80914270099322,229.66872924947984,101.80277631397342
com_quality,2023-11-09,0.00045513000000005176,0.005683647713426804,0.002841823856713402,0.0032969538567134537,234.58000065575612,229.77325837822318,102.09195026064378
com_quality,2023-11-10,0.00045513000000005176,0.010243012344190366,0.005121506172095183,0.005576636172095235,235.88816797266315,229.87783508130883,102.61457695093937
com_quality,2023-11-13,0.00045513000000005176,0.0035165919123818883,0.0017582959561909441,0.002213425956190996,236.4102889664122,229.98245938038937,102.79492166634815
com_quality,2023-11-14,0.00045513000000005176,0.0,0.0,0.00045513000000005176,236.5178863812295,230.08713129712714,102.79492166634816
com_quality,2023-11-16,0.00045513000000005176,-0.0006882035948554133,-0.00034410179742770663,0.00011102820257234512,236.5441465370306,230.19185085319438,102.75956584053336
com_quality,2023-11-17,0.00045513000000005176,-0.0012899410778202287,-0.0006449705389101144,-0.0001898405389100626,236.499240868776,230.29661807027318,102.69331909885456
com_quality,2023-11-20,0.00045513000000005176,-0.01831295102835225,-0.009156475514176124,-0.008701345514176072,234.44137926013644,230.40143297005554,101.7534380051386
com_quality,2023-11-21,0.00045513000000005176,0.00738505515995371,0.003692527579976855,0.004147657579976907,235.41376182388495,230.50629557424318,102.12899445432333
com_quality,2023-11-22,0.00045513000000005176,0.00795754691316981,0.003978773456584905,0.004433903456584957,236.45756371616358,230.6112059045479,102.53515772951447
com_quality,2023-11-23,0.00045513000000005176,-0.015155383440615584,-0.007577691720307792,-0.00712256172030774,234.77338012436158,230.71616398269123,101.75853137969766
com_quality,2023-11-24,0.00045513000000005176,0.0020315493690107136,0.0010157746845053568,0.0014709046845054086,235.11870938898366,230.82116983040467,101.86184809726794
com_quality,2023-11-27,0.00045513000000005176,0.007447922798780436,0.003723961399390218,0.004179091399390269,236.10129196522692,230.92622346942954,102.24100512191612
com_quality,2023-11-28,0.00045513000000005176,-0.0013605508737457401,-0.0006802754368728701,-0.0002251454368728183,236.04813483670117,231.03132492151718,102.17148471831179
com_quality,2023-11-29,0.00045513000000005176,-0.007942973284286883,-0.0039714866421434415,-0.0035163566421433897,235.2181054099026,231.13647420842872,101.76589662685312
com_quality,2023-11-30,0.00045513000000005176,0.00800416472792965,0.004002082363964825,0.004457212363964877,236.266522457564,231.2416713519352,102.17298684802417
com_quality,2023-12-01,0.00045513000000005176,-0.006246137233755555,-0.0031230686168777777,-0.002667938616877726,235.6361778784241,231.34691637381758,101.85403876214879
com_quality,2023-12-04,0.00045513000000005176,0.01584356849343494,0.00792178424671747,0.008376914246717522,237.6100819339359,231.4522092958668,102.6605374201451
com_quality,2023-12-05,0.00045513000000005176,0.004720644781596543,0.0023603223907982715,0.0028154523907983234,238.2790618071946,231.55755013988363,102.90273915199505
com_quality,2023-12-06,0.00045513000000005176,0.01069899579576632,0.00534949789788316,0.005804627897883212,239.66218309684209,231.6629389276788,103.45296671370491
com_quality,2023-12-07,0.00045513000000005176,-0.00920035608925938,-0.00460017804462969,-0.004145048044629638,238.66877183342484,231.76837568107294,102.977281146349
com_quality,2023-12-08,0.00045513000000005176,-0.007807333184000101,-0.0039036665920000506,-0.003448536591999999,237.8457138403896,231.87386042189667,102.57547504821247
com_quality,2023-12-11,0.00045513000000005176,0.009762326315572428,0.004881163157786214,0.005336293157786266,239.11492829576483,231.97939317199047,103.07593490361623
com_quality,2023-12-12,0.00045513000000005176,0.02262966731524282,0.01131483365762141,0.011769963657621462,241.9293023118007,232.0849739532048,104.24169139040463
com_quality,2023-12-13,0.0004373900000000407,0.00417635953921396,0.00208817976960698,0.0025255697696070206,242.54031164410148,232.1864855999622,104.45927161410164
com_quality,2023-12-14,0.0004373900000000407,-0.014151870281997178,-0.007075935140998589,-0.006638545140998548,240.93019683674024,232.2880416468988,103.7204477374597
com_quality,2023-12-15,0.0004373900000000407,0.0,0.0,0.0004373900000000407,241.0355772955347,232.38964211343475,103.72044773745968
com_quality,2023-12-18,0.0004373900000000407,0.0004343471836830608,0.0002171735918415304,0.0006545635918415711,241.19335040877087,232.49128701899875,103.74296323159027
com_quality,2023-12-19,0.0004373900000000407,-0.008746261637521652,-0.004373130818760826,-0.003935740818760785,240.24407589435341,232.59297638302803,103.28948003086978
com_quality,2023-12-20,0.0004373900000000407,0.004754307595511792,0.002377153797755896,0.002814543797755937,240.92025336810948,232.69471022496822,103.53490766300138
com_quality,2023-12-21,0.0004373900000000407,0.001678091450453935,0.0008390457252269675,0.0012764357252270082,241.2277725864393,232.79648856427352,103.62174020500227
com_quality,2023-12-22,0.0004373900000000407,0.006187822645062282,0.003093911322531141,0.003531301322531182,242.07962053880502,232.89831142040666,103.94219651589707
com_quality,2023-12-26,0.0004373900000000407,4.758452930490355e-05,2.3792264652451774e-05,0.0004611822646524925,242.19126336643134,233.00017881283884,103.94466845494371
com_quality,2023-12-27,0.0004373900000000407,0.000249541809522589,0.0001247709047612945,0.0005621609047613352,242.32741382617067,233.10209076104985,103.95763205512283
com_quality,2023-12-28,0.0008749713100121814,-0.028954458811875666,-0.014477229405937833,-0.013602258095925652,239.03121379958893,233.30604840276962,102.45392926416362
com_quality,2024-01-02,0.0004373900000000407,0.016813631717862508,0.008406815858931254,0.008844205858931295,241.14525506114268,233.40809413528052,103.31486401725974
com_quality,2024-01-03,0.0004373900000000407,-0.003525042787341705,-0.0017625213936708524,-0.0013251313936708117,240.8257059132264,233.5101845015744,103.1328489707063
com_quality,2024-01-04,0.0004373900000000407,0.006595132786583978,0.003297566393291989,0.0037349563932920294,241.72517942319604,233.61231952117353,103.472787701715
com_quality,2024-01-05,0.0004373900000000407,0.013081501868878862,0.006540750934439431,0.006978140934439472,243.41197179261377,233.71449921360892,104.14928154292285
com_quality,2024-01-08,0.0004373900000000407,-0.007079003026963183,-0.0035395015134815915,-0.003102111513481551,242.65688071239663,233.81672359841997,103.7808061707167
com_quality,2024-01-09,0.0004373900000000407,-0.003457248964330158,-0.001728624482165079,-0.0012912344821650382,242.34355378068616,233.91899269515469,103.60148656099526
com_quality,2024-01-10,0.0004373900000000407,-0.0010727435799231895,-0.0005363717899615947,-9.898178996155401e-05,242.31956618194732,234.02130652336965,103.54594194086727
com_quality,2024-01-11,0.0004373900000000407,0.0032600023245819014,0.0016300011622909507,0.0020673911622909914,242.8205355115221,234.12366510262993,103.71464815616987
com_quality,2024-01-12,0.0004373900000000407,-0.0011694859734416863,-0.0005847429867208431,-0.0001473529867208024,242.78475518037732,234.22606845250922,103.65402825757775
com_quality,2024-01-15,0.0004373900000000407,0.0018690569407629407,0.0009345284703814703,0.001371918470381511,243.11783607033632,234.3285165925897,103.75085354764055
com_quality,2024-01-16,0.0004373900000000407,-0.009396219026111763,-0.004698109513055881,-0.0042607195130558405,242.0819791622195,234.4310095424621,103.2636337806546
com_quality,2024-01-17,0.0004373900000000407,-0.001306223792401296,-0.000653111896200648,-0.0002157218962006073,242.02975677863864,234.5335473217259,103.19622055885664
com_quality,2024-01-18,0.0004373900000000407,0.00017679348261060834,8.839674130530417e-05,0.0005257867413053449,242.1570128157542,234.63612994998897,103.20533878025019
com_quality,2024-01-19,0.0004373900000000407,0.0,0.0,0.0004373900000000407,242.2629298715897,234.73875744686782,103.20533878025019
com_quality,2024-01-22,0.0004373900000000407,-0.0054150457297253984,-0.0027075228648626992,-0.0022701328648626583,241.7129608325503,234.84142983198754,102.92603013253618
com_quality,2024-01-23,0.0004373900000000407,-0.008941172814180508,-0.004470586407090254,-0.004033196407090213,240.7380849873733,234.94414712498178,102.46609159380733
com_quality,2024-01-24,0.0004373900000000407,0.004887767380039376,0.002443883690019688,0.002881273690019729,241.43171729783313,235.04690934549282,102.71639732261076
com_quality,2024-01-25,0.0004373900000000407,-0.004811938037110654,-0.002405969018555327,-0.0019685790185552865,240.95643988474683,235.14971651317148,102.46937289896758
com_quality,2024-01-26,0.0004373900000000407,-0.003098658097277718,-0.001549329048638859,-0.0011119390486388182,240.688511010218,235.25256864767718,102.31068353208158
com_quality,2024-01-29,0.0004373900000000407,0.01004634796572156,0.00502317398286078,0.005460563982860821,242.0028060245288,235.35546576867802,102.8243832086671
com_quality,2024-01-30,0.0004373900000000407,0.0017678612309301074,0.0008839306154650537,0.0013213206154650944,242.32256932112946,235.4584078958506,102.91523309217102
com_quality,2024-01-31,0.0004195699999999557,-0.009376952390287546,-0.004688476195143773,-0.004268906195143817,241.28811700373132,235.55719918005144,102.43291983587365
com_quality,2024-02-01,0.0004195699999999557,0.003002948527806462,0.001501474263903231,0.0019210442639031866,241.75164215684936,235.65603191411145,102.58665572581631
com_quality,2024-02-02,0.0004195699999999557,-0.014855996402002386,-0.007427998201001193,-0.007008428201001237,240.0573431303189,235.75490611542165,101.82496181555214
com_quality,2024-02-05,0.0004195699999999557,0.009757213787036367,0.004878606893518184,0.00529817689351814,241.32920939881132,235.8538218013805,102.3215174363559
com_quality,2024-02-06,0.0004195699999999557,0.0014728097940633067,0.0007364048970316533,0.001155974897031609,241.6081799067968,235.95277898939372,102.3968359014993
com_quality,2024-02-07,0.0004195699999999557,-0.005382846243358625,-0.0026914231216793125,-0.002271853121679357,241.05928160905225,236.05177769687432,102.12135827191621
com_quality,2024-02-08,0.0004195699999999557,-0.008146498844130759,-0.004073249422065379,-0.003653679422065424,240.17852827233938,236.1508179412426,101.70556696191454
com_quality,2024-02-09,0.0004195699999999557,-0.005122868695282612,-0.002561434347641306,-0.0021418643476413504,239.6640984455639,236.24989973992624,101.44516408658635
com_quality,2024-02-14,0.0004195699999999557,-0.004613932125536652,-0.002306966062768326,-0.00188739606276837,239.21175736977082,236.34902311036012,101.2112316868236
com_quality,2024-02-15,0.0004195699999999557,-0.0017487647008462281,-0.0008743823504231141,-0.0004548123504231584,239.10296090815265,236.44818806998654,101.12277148741791
com_quality,2024-02-16,0.0004195699999999557,-0.011246770951780439,-0.0056233854758902194,-0.0052038154758902635,237.85871321984766,236.54739463625506,100.55435765234661
com_quality,2024-02-19,0.0004195699999999557,0.0053640475413307045,0.0026820237706653522,0.0031015937706653078,238.5964543230688,236.6466428266226,100.82393372378188
com_quality,2024-02-20,0.0004195699999999557,0.01919292574367823,0.009596462871839115,0.01001603287183907,240.9862442526729,236.7459326585534,101.79108107434102
com_quality,2024-02-21,0.0004195699999999557,-0.003901943071007617,-0.0019509715355038085,-0.0015314015355038528,240.61719754818904,236.84526414951895,101.59257286068801
com_quality,2024-02-22,0.0004195699999999557,0.0,0.0,0.0004195699999999557,240.71815330576433,236.94463731699815,101.59257286068802
com_quality,2024-02-23,0.0004195699999999557,-0.004802813323983321,-0.0024014066619916603,-0.001981836661991705,240.24108924433602,237.04405217847727,101.34871009691128
com_quality,2024-02-26,0.0004195699999999557,0.008288935086656957,0.004144467543328478,0.004564037543328434,241.33755859509728,237.1435087514498,101.76857037568897
com_quality,2024-02-27,0.0004195699999999557,-0.004049225631992725,-0.0020246128159963623,-0.0016050428159964066,240.9502014804441,237.24300705341665,101.56261483660623
com_quality,2024-02-28,0.0004195699999999557,0.0025024211536841443,0.0012512105768420722,0.0016707805768420279,241.3527763970638,237.34254710188605,101.68963775949376
com_quality,2024-02-29,0.0004195699999999557,0.014908204044817241,0.007454102022408621,0.007873672022408577,243.25310900011203,237.4421289143736,102.4473247912269
com_quality,2024-03-01,0.0004195699999999557,-0.009634128140999537,-0.004817064070499769,-0.004397494070499813,242.1834048956534,237.54175250840223,101.95403643285279
com_quality,2024-03-04,0.0004195699999999557,0.0013026099414510754,0.0006513049707255377,0.0010708749707254933,242.44275304228125,237.6414179015022,102.02041175447334
com_quality,2024-03-05,0.0004195699999999557,-0.011394478673612068,-0.005697239336806034,-0.005277669336806078,241.16322035861916,237.74112511121115,101.43942081783587
com_quality,2024-03-06,0.0004195699999999557,-0.013441183242168817,-0.0067205916210844084,-0.0063010216210844525,239.64364569292914,237.84087415507406,100.75797381096054
com_quality,2024-03-07,0.0004195699999999557,0.0016417281306363354,0.0008208640653181677,0.0012404340653181234,239.94090783458364,237.9406650506433,100.84064772346274
com_quality,2024-03-08,0.0004195699999999557,0.011047302122815933,0.0055236510614079665,0.005943221061407922,241.36692969151946,238.0404978154786,101.39742266822994
com_quality,2024-03-11,0.0004195699999999557,0.018843578986143666,0.009421789493071833,0.00984135949307179,243.74230841635267,238.14037246714705,102.35236717368386
com_quality,2024-03-12,0.0004195699999999557,-0.0022204561642365315,-0.0011102280821182657,-0.00069065808211831,243.57396582109075,238.24028902322308,102.23878035899618
com_quality,2024-03-13,0.0004195699999999557,-0.011225251290437943,-0.0056126256452189716,-0.005193055645219016,242.30907266285513,238.34024750128856,101.66519301845784
com_quality,2024-03-14,0.0004195699999999557,-0.013454906134479751,-0.0067274530672398756,-0.00630788306723992,240.78061536636648,238.4402479189327,100.98153204748783
com_quality,2024-03-15,0.0004195699999999557,-0.0033724951875530227,-0.0016862475937765113,-0.0012666775937765556,240.47562395586618,238.54029029375207,100.8113235964167
com_quality,2024-03-18,0.0004195699999999557,-0.003795975703639422,-0.001897987851819711,-0.0014784178518197552,240.12010050048232,238.6403746433506,100.62006517520062
com_quality,2024-03-19,0.0004195699999999557,0.025879682853909517,0.012939841426954759,0.013359411426954714,243.32796371494996,238.74050098533974,101.92152680867999
com_quality,2024-03-20,0.0004016799999999529,-0.003864345071223149,-0.0019321725356115744,-0.0015304925356116215,242.95555208277864,238.83639826977551,101.7246759048637
com_quality,2024-03-21,0.0004016799999999529,-0.005079296319596962,-0.002539648159798481,-0.002137968159798528,242.43612084817937,238.9323340742325,101.46643474920323
com_quality,2024-03-22,0.0004016799999999529,0.010257046305193945,0.005128523152596973,0.005530203152596926,243.77684184799736,239.02830841418344,101.98659876954228
com_quality,2024-03-25,0.0004016799999999529,0.0,0.0,0.0004016799999999529,243.87476212983086,239.12432130510726,101.98659876954228
com_quality,2024-03-26,0.0004016799999999529,-0.02178921386191206,-0.01089460693095603,-0.010492926930956077,241.31580207049828,239.2203727624891,100.87594099273879
com_quality,2024-03-27,0.0004016799999999529,-0.006476250569746211,-0.0032381252848731057,-0.002836445284873153,240.63132300155004,239.31646280182034,100.54942321323651
com_quality,2024-03-28,0.0004016799999999529,-0.009820885839199552,-0.004910442919599776,-0.004508762919599823,239.54637341510642,239.41259143859855,100.0558792566857
com_quality,2024-04-01,0.0004016799999999529,-0.004468347487246652,-0.002234173743623326,-0.001832493743623373,239.10740618451558,239.5087586883276,99.83242679474019
com_quality,2024-04-02,0.0004016799999999529,-0.014950648931509778,-0.007475324465754889,-0.007073644465754936,237.41604540403745,239.6049645665175,99.08644665754728
com_quality,2024-04-03,0.0004016799999999529,-0.0009271702781760518,-0.0004635851390880259,-6.190513908807299e-05,237.40134813072498,239.70120908868458,99.0405300971558
com_quality,2024-04-04,0.0004016799999999529,0.00017727406512913803,8.863703256456901e-05,0.0004903170325645219,237.51775005526724,239.7974922703513,99.04930523105143
com_quality,2024-04-05,0.0004016799999999529,-0.003532168754900653,-0.0017660843774503264,-0.0013644043774503735,237.19367979736967,239.89381412704645,98.87444603792626
com_quality,2024-04-08,0.0004016799999999529,0.00494020125348496,0.00247010062674248,0.002871780626742433,237.8748480117975,239.990174674305,99.11857780620468
com_quality,2024-04-09,0.0004016799999999529,-0.010077058024038167,-0.005038529012019084,-0.004636849012019131,236.7718582578098,240.08657392766816,98.61936649949573
com_quality,2024-04-10,0.0004016799999999529,-0.014816130039712438,-0.007408065019856219,-0.007006385019856266,235.11294345698875,240.1830119026834,97.8890811612651
com_quality,2024-04-11,0.0004016799999999529,-0.0011606614286146615,-0.0005803307143073307,-0.00017865071430737782,235.07094036169724,240.27948861490444,97.83229593036344
com_quality,2024-04-12,0.0004016799999999529,-0.01039398707071824,-0.00519699353535912,-0.004795313535359167,233.94370149961122,240.3760040798913,97.32406626655536
com_quality,2024-04-15,0.0004016799999999529,0.0013482735180291305,0.0006741367590145653,0.0010758167590145182,234.1953820543504,240.47255831321007,97.38964965362752
com_quality,2024-04-16,0.0004016799999999529,0.0013505124637020558,0.0006752562318510279,0.0010769362318509808,234.44759554661692,240.56915133043333,97.45538621641137
com_quality,2024-04-17,0.0004016799999999529,-0.006605617649322873,-0.0033028088246614363,-0.0029011288246614834,233.76743286930406,240.6657831471397,97.13363894624851
com_quality,2024-04-18,0.0004016799999999529,-0.002409223548215952,-0.001204611774107976,-0.0008029317741080231,233.57973356970163,240.76245377891422,97.01667760214461
com_quality,2024-04-19,0.0004016799999999529,0.012662450530423466,0.006331225265211733,0.006732905265211686,235.1524037876998,240.85916324134814,97.63066541590116
com_quality,2024-04-22,0.0004016799999999529,0.015639500844835137,0.007819750422417568,0.008221430422417521,237.0856929141046,240.95591155003893,98.39380631459187
com_quality,2024-04-23,0.0004016799999999529,0.0002786430155417765,0.00013932150777088825,0.0005410015077708412,237.21395663144204,241.05269872059037,98.4075091838744
com_quality,2024-04-24,0.0004016799999999529,-0.0040108772876896095,-0.0020054386438448047,-0.0016037586438448518,236.8335226980537,241.14952476861245,98.21023820192056
com_quality,2024-04-25,0.0004016799999999529,0.0,0.0,0.0004016799999999529,236.92865398745107,241.24638970972148,98.21023820192057
com_quality,2024-04-26,0.0004016799999999529,-0.0021447480721153733,-0.0010723740360576866,-0.0006706940360577337,236.7697473522505,241.3432935595401,98.10496237959009
com_quality,2024-04-29,0.0004016799999999529,0.0004187127309540281,0.00020935636547701406,0.000611036365476967,236.91442227812752,241.44023633369707,98.12549303119702
com_quality,2024-04-30,0.0004016799999999529,-0.008188987712491939,-0.004094493856245969,-0.0036928138562460164,236.03954141679435,241.5372180478276,97.72388012271276
com_quality,2024-05-02,0.0004016799999999529,0.0012087331596727473,0.0006043665798363736,0.0010060465798363265,236.27700819014285,241.63423871757303,97.7829174557949
com_quality,2024-05-03,0.0004016799999999529,-0.0004845638033873249,-0.00024228190169366245,0.00015939809830629046,236.31467029592187,241.73129835858109,97.75923593699304
com_quality,2024-05-06,0.0004016799999999529,0.04008389647224208,0.02004194823612104,0.020443628236120993,241.1457995621932,241.82839698650577,99.71773479342434
com_quality,2024-05-07,0.0004016799999999529,0.00876330276853174,0.00438165138426587,0.004783331384265823,242.29927983342293,241.92553461700732,100.15448770920659
com_quality,2024-05-08,0.0003927000000000135,-0.008359103788251315,-0.004179551894125657,-0.0037868518941256437,241.38172834664044,242.0205387744514,99.73605115043303
com_quality,2024-05-09,0.0003927000000000135,0.010997575323733688,0.005498787661866844,0.005891487661866857,242.80382582099475,242.1155802400281,100.28426323505673
com_quality,2024-05-10,0.0003927000000000135,-0.01493427843231724,-0.00746713921615862,-0.007074439216158607,241.08612491377338,242.21065902838833,99.53572063297051
com_quality,2024-05-13,0.0003927000000000135,0.0034182750238164533,0.0017091375119082266,0.0021018375119082403,241.59284877471774,242.30577515418878,99.70577408688779
com_quality,2024-05-14,0.0003927000000000135,0.007706315164711678,0.003853157582355839,0.004245857582355852,242.6186176035308,242.4009286320918,100.08980533724333
com_quality,2024-05-15,0.0003927000000000135,-0.010777161989389248,-0.005388580994694624,-0.004995880994694611,241.40652386288625,242.49611947676559,99.55067503091169
com_quality,2024-05-16,0.0003927000000000135,-0.0027019803165174287,-0.0013509901582587143,-0.0009582901582587008,241.175186366929,242.5913477028841,99.41623584296603
com_quality,2024-05-17,0.0003927000000000135,0.006315960752727343,0.0031579803763636715,0.003550680376363685,242.03152236842791,242.68661332512698,99.73006712330628
com_quality,2024-05-20,0.0003927000000000135,0.017401711901769645,0.008700855950884823,0.009093555950884836,244.23244955896303,242.78191635817973,100.5974634447828
com_quality,2024-05-21,0.0003927000000000135,-0.0012140080761932417,-0.0006070040380966209,-0.00021430403809660737,244.18010955878833,242.87725681673356,100.53642434830275
com_quality,2024-05-22,0.0003927000000000135,-0.0030877025164615696,-0.0015438512582307848,-0.0011511512582307714,243.8990213184348,242.97263471548547,100.38127199140516
com_quality,2024-05-23,0.0003927000000000135,-0.003906405000589372,-0.001953202500294686,-0.0015605025002946725,243.51841628584796,243.06805006913822,100.18528400445128
com_quality,2024-05-24,0.0003927000000000135,-0.003277171745573908,-0.001638585872786954,-0.0012458858727869403,243.21502013123398,243.16350289240037,100.0211862546068
com_quality,2024-05-27,0.0003927000000000135,0.0026076154204722687,0.0013038077102361344,0.001696507710236148,243.62763628813187,243.25899319998618,100.15154345715911
com_quality,2024-05-28,0.0003927000000000135,0.0,0.0,0.0003927000000000135,243.7233088609022,243.35452100661578,100.15154345715911
com_quality,2024-05-29,0.0003927000000000135,-0.011989455345983708,-0.005994727672991854,-0.005602027672991841,242.35796414011025,243.45008632701507,99.55139790526187
com_quality,2024-05-31,0.0003927000000000135,0.009206664905099641,0.0046033324525498204,0.004996032452549834,243.56879239408812,243.54568917591567,100.00948619466459
com_quality,2024-06-03,0.0003927000000000135,-0.0044698909827895865,-0.0022349454913947932,-0.0018422454913947796,243.12007888445564,243.64132956805503,99.78605818457669
com_quality,2024-06-04,0.0003927000000000135,-0.0013566328556653146,-0.0006783164278326573,-0.0002856164278326438,243.05063979599026,243.7370075181764,99.71839823210478
com_quality,2024-06-05,0.0003927000000000135,0.009423386253491388,0.004711693126745694,0.005104393126745707,244.29126581121605,243.83272304102874,100.18805628894614
com_quality,2024-06-06,0.0003927000000000135,-0.0053344250457418516,-0.0026672125228709258,-0.002274512522870912,243.73562226790045,243.92847615136694,99.9209383477857
com_quality,2024-06-07,0.0003927000000000135,-0.013243874604552024,-0.006621937302276012,-0.006229237302275999,242.21733523777579,244.02426686395154,99.25952789474697
com_quality,2024-06-10,0.0003927000000000135,0.0059768906793799936,0.0029884453396899968,0.0033811453396900104,243.0363072520071,244.120095193549,99.55604312677225
com_quality,2024-06-11,0.0003927000000000135,-0.011239329716369803,-0.0056196648581849015,-0.005226964858184888,241.76596501473787,244.21596115493145,98.99679114804488
com_quality,2024-06-12,0.0003927000000000135,-0.013443821427085795,-0.006721910713542898,-0.0063292107135428845,240.23577727879655,244.31186476287698,98.33160477570888
com_quality,2024-06-13,0.0003927000000000135,0.015280691173943373,0.007640345586971686,0.0080330455869717,242.1656022292987,244.40780603216936,99.08259730355113
com_quality,2024-06-14,0.0003927000000000135,-0.01677446076171857,-0.008387230380859286,-0.007994530380859273,240.2296019650775,244.50378497759817,98.25189495004656
com_quality,2024-06-17,0.0003927000000000135,-0.0029578495547011047,-0.0014789247773505524,-0.0010862247773505388,239.96865861916996,244.59980161395887,98.10664482790625
com_quality,2024-06-18,0.0003927000000000135,0.003160208332709912,0.001580104166354956,0.0019728041663549696,240.44206978868849,244.69585595605264,98.26160269419188
com_quality,2024-06-19,0.0003927000000000135,-0.011046221849872244,-0.005523110924936122,-0.005130410924936109,239.2085031670303,244.79194801868655,97.71910600130113
com_quality,2024-06-20,0.0003927000000000135,-0.0022332696147474834,-0.0011166348073737417,-0.0007239348073737282,239.03533180536792,244.88807781667344,97.61003227944524
com_quality,2024-06-21,0.0003927000000000135,0.018064053001331598,0.009032026500665799,0.009424726500665812,241.2881744316294,244.98424536483205,98.491302602868
com_quality,2024-06-24,0.0003927000000000135,-0.0158770902480867,-0.00793854512404335,-0.007545845124043337,239.46745123710517,245.08045067798682,97.70973187565392
com_quality,2024-06-25,0.0003927000000000135,-0.00871971562599259,-0.004359857812996295,-0.003967157812996282,238.5174460669716,245.17669377096803,97.28389856247217
com_quality,2024-06-26,0.0003927000000000135,0.01864467957978047,0.009322339789890235,0.009715039789890249,240.83465254609519,245.27297465861184,98.19045611580556
com_quality,2024-06-27,0.0003927000000000135,-0.019012955894263293,-0.009506477947131647,-0.009113777947131634,238.63973900081547,245.36929335576025,97.2573771302395
com_quality,2024-06-28,0.0003927000000000135,0.0,0.0,0.0003927000000000135,238.73345282632107,245.46564987726103,97.25737713023952
com_quality,2024-07-01,0.0003927000000000135,-0.0037774593369799612,-0.0018887296684899806,-0.0014960296684899672,238.37630049803184,245.5620442379678,97.07375634445671
com_quality,2024-07-02,0.0003927000000000135,0.028952489864729286,0.014476244932364643,0.014868944932364656,241.9207045833179,245.65847645274005,98.478468187463
com_quality,2024-07-03,0.0003927000000000135,0.029753188503365148,0.014876594251682574,0.015269294251682587,245.61466300717498,245.754946536443,99.94291731204392
com_quality,2024-07-04,0.0003927000000000135,0.011883025209578155,0.005941512604789078,0.006334212604789091,247.17043850151606,245.85145450394782,100.5364963165378
com_quality,2024-07-05,0.0003927000000000135,0.0053613048806588305,0.0026806524403294152,0.003073352440329429,247.930080371862,245.9480003701315,100.80589392828875
com_quality,2024-07-08,0.0003927000000000135,0.009717569179156945,0.0048587845895784725,0.005251484589578486,249.2320813682278,246.0445841498768,101.29549578559687
com_quality,2024-07-09,0.0003927000000000135,0.016143977957849054,0.008071988978924527,0.00846468897892454,251.34175342057986,246.14120585807245,102.11283094367634
com_quality,2024-07-10,0.0003927000000000135,0.0076995320392869715,0.0038497660196434857,0.004242466019643499,252.40806226878428,246.2378655096129,102.50578713651596
com_quality,2024-07-11,0.0003927000000000135,-0.010116237720141884,-0.005058118860070942,-0.004665418860070929,251.23047293464157,246.3345631193985,101.98750421103921
com_quality,2024-07-12,0.0003927000000000135,-0.0001939216387710262,-9.69608193855131e-05,0.0002957391806145004,251.30477162885262,246.43129870233545,101.97761930086804
com_quality,2024-07-15,0.0003927000000000135,-0.001323837216561938,-0.000661918608280969,-0.00026921860828095555,251.23711570798034,246.52807227333585,101.91014491421625
com_quality,2024-07-16,0.0003927000000000135,-0.0031392855619343067,-0.0015696427809671534,-0.0011769427809671397,250.94142399833683,246.62488384731756,101.75024518356858
com_quality,2024-07-17,0.0003927000000000135,-0.022413746789022394,-0.011206873394511197,-0.010814173394511184,248.22769992735326,246.72173343920437,100.61039068879595
com_quality,2024-07-18,0.0003927000000000135,0.006470786878525843,0.0032353934392629216,0.0036280934392629353,249.128293216903,246.81862106392592,100.93577710750554
com_quality,2024-07-19,0.0003927000000000135,0.01639071913929003,0.008195359569645014,0.008588059569645028,251.26782183953375,246.9155467364177,101.7626573784607
com_quality,2024-07-22,0.0003927000000000135,0.00044092646274714736,0.00022046323137357368,0.0006131632313735872,251.42189002911306,247.01251047162108,101.78508349600315
com_quality,2024-07-23,0.0003927000000000135,-0.014056196084415364,-0.007028098042207682,-0.006635398042207669,249.75360571224573,247.10951228448326,101.07000875980788
com_quality,2024-07-24,0.0003927000000000135,-0.009835912391238967,-0.0049179561956194835,-0.00452525619561947,248.62340666061806,247.20655218995736,100.57314600204123
com_quality,2024-07-25,0.0003927000000000135,0.009472010612787053,0.004736005306393527,0.00512870530639354,249.89852284565202,247.3036302030023,101.04927397973077
com_quality,2024-07-26,0.0003927000000000135,-0.015097033071925987,-0.0075485165359629935,-0.00715581653596298,248.11029486356037,247.400746338583,100.2868012871741
com_quality,2024-07-29,0.0003927000000000135,-0.014445945660138194,-0.007222972830069097,-0.006830272830069084,246.41563385769336,247.4979006116701,99.56271679424269
com_quality,2024-07-30,0.0003927000000000135,0.0,0.0,0.0003927000000000135,246.51240127710926,247.59509303724033,99.56271679424269
com_quality,2024-07-31,0.0003927000000000135,0.008001733564443423,0.0040008667822217115,0.004393566782221725,247.59546997476605,247.69232363027604,99.96089759501204
com_quality,2024-08-01,0.0003927000000000135,0.038282914234096244,0.019141457117048122,0.019534157117048135,252.43203878672253,247.7895924057656,101.87354373357002
com_quality,2024-08-02,0.0003927000000000135,-0.010664684327187094,-0.005332342163593547,-0.004939642163593534,251.1851148444898,247.8868993787033,101.3305323815228
com_quality,2024-08-05,0.0003927000000000135,0.005086700644281594,0.002543350322140797,0.0029360503221408105,251.9226069818459,247.98424456408927,101.58815025715829
com_quality,2024-08-06,0.0003927000000000135,0.029862859426678205,0.014931429713339103,0.015324129713339116,255.78310168895823,248.08162797692955,103.10441114677984
com_quality,2024-08-07,0.0003927000000000135,0.002030243908294623,0.0010151219541473114,0.001407821954147325,256.1431987550159,248.17904963223606,103.20903361286196
com_quality,2024-08-08,0.0003927000000000135,0.0022092734591329932,0.0011046367295664966,0.0014973367295665102,256.5267313745404,248.27650954502664,103.32299734865475
com_quality,2024-08-09,0.0003927000000000135,0.02527057344828869,0.012635286724144344,0.013027986724144357,259.86875822527605,248.37400773032496,104.62800057058776
com_quality,2024-08-12,0.0003927000000000135,-0.019713943672958083,-0.009856971836479041,-0.009464271836479028,257.4092896556238,248.47154420316065,103.59709015417688
com_quality,2024-08-13,0.0003927000000000135,-0.011011944576904634,-0.005505972288452317,-0.005113272288452304,256.0930858680375,248.5691189785692,103.02691135583781
com_quality,2024-08-14,0.0003927000000000135,-0.0014912941706829185,-0.0007456470853414593,-0.00035294708534144576,256.00269855980434,248.66673207159207,102.95011979571929
com_quality,2024-08-15,0.0003927000000000135,-0.007166950314618739,-0.0035834751573093696,-0.003190775157309356,255.18585150903556,248.76438349727655,102.58134541668797
com_quality,2024-08-16,0.0003927000000000135,0.014842548608608265,0.0074212743043041325,0.007813974304304146,257.17986719554915,248.8620732706759,103.34233088053814
com_quality,2024-08-19,0.0003927000000000135,-0.00675014243692136,-0.00337507121846068,-0.0029823712184606664,256.4128613616576,248.95980140684927,102.99368006910824
com_quality,2024-08-20,0.0003927000000000135,-0.00578303370059592,-0.00289151685029796,-0.0024988168502979463,255.77213258305397,249.05756792086171,102.69598901099276
com_quality,2024-08-21,0.0003927000000000135,-0.01716790323271384,-0.00858395161635692,-0.008191251616356907,253.67703868861398,249.15537282778422,101.81479765397438
com_quality,2024-08-22,0.0003927000000000135,0.03428688469797699,0.017143442348988496,0.01753614234898851,258.1255553497274,249.25321614269365,103.55956859628022
com_quality,2024-08-23,0.0003927000000000135,-0.001285022105459606,-0.000642511052729803,-0.00024981105272978946,258.061072733009,249.35109788067285,103.49305654812248
com_quality,2024-08-26,0.0003927000000000135,0.01808554373830462,0.00904277186915231,0.009435471869152324,260.4960007253046,249.44901805681056,104.42855327896227
com_quality,2024-08-27,0.0003927000000000135,-0.015189959165021706,-0.007594979582510853,-0.00720227958251084,258.619835697955,249.54697668620148,103.63573188993686
com_quality,2024-08-28,0.0003927000000000135,-0.015191784572562428,-0.007595892286281214,-0.007203192286281201,256.7569472923762,249.6449737839461,102.84883504788088
com_quality,2024-08-29,0.0003927000000000135,0.0,0.0,0.0003927000000000135,256.85777574557784,249.74300936515107,102.84883504788085
com_quality,2024-08-30,0.0003927000000000135,-0.014288486989860192,-0.007144243494930096,-0.006751543494930083,255.12358930062055,249.84108344492873,102.1143463608363
com_quality,2024-09-02,0.0003927000000000135,-0.0006102490518745673,-0.0003051245259372837,8.757547406272983e-05,255.1459318698982,249.9391960383975,102.08320100009476
com_quality,2024-09-03,0.0003927000000000135,0.004267976788284901,0.0021339883941424503,0.002526688394142464,255.79060613476648,250.03734716068178,102.30095985236457
com_quality,2024-09-04,0.0003927000000000135,0.000715321955033176,0.000357660977516588,0.0007503609775166016,255.98254142402533,250.13553682691176,102.3375345507822
com_quality,2024-09-05,0.0003927000000000135,-0.004570579617640742,-0.002285289808820371,-0.0018925898088203576,255.49807147489028,250.23376505222367,102.1037554310738
com_quality,2024-09-06,0.0003927000000000135,-0.015132876852669012,-0.007566438426334506,-0.007173738426334493,253.66519514169647,250.33203185175967,101.33149691842497
com_quality,2024-09-09,0.0003927000000000135,0.0012728604873700243,0.0006364302436850122,0.0010291302436850258,253.92624966578708,250.43033724066785,101.39596203225155
com_quality,2024-09-10,0.0003927000000000135,0.013654544857186722,0.006827272428593361,0.007219972428593374,255.75959018727013,250.52868123410224,102.08794814525847
com_quality,2024-09-11,0.0003927000000000135,-0.001380495476711945,-0.0006902477383559725,-0.00029754773835595895,255.68348949964707,250.62706384722287,102.01750983106378
com_quality,2024-09-12,0.0003927000000000135,0.016706980421155475,0.008353490210577737,0.00874619021057775,257.9197459325152,250.72548509519567,102.86937757228308
com_quality,2024-09-13,0.0003927000000000135,-0.0085959662031554,-0.0042979831015777,-0.0039052831015776866,256.9124963071617,250.82394499319253,102.4274202824353
com_quality,2024-09-16,0.0003927000000000135,0.004386975624036193,0.0021934878120180965,0.00258618781201811,257.57692027386645,250.9224435563913,102.65200538587122
com_quality,2024-09-17,0.0003927000000000135,-0.0028248910930605,-0.00141244554653025,-0.0010197455465302363,257.3142573565282,251.0209807999759,102.50707193338832
com_quality,2024-09-18,0.0004016799999999529,-0.01876646458405766,-0.00938323229202883,-0.008981552292028877,255.0031758985959,251.12181090754362,101.54561046570396
com_quality,2024-09-19,0.0004016799999999529,-0.011036504340318758,-0.005518252170159379,-0.005116572170159426,253.6984337454909,251.22268151654893,100.98548117311567
com_quality,2024-09-20,0.0004016799999999529,-0.0073862784087711615,-0.0036931392043855807,-0.003291459204385628,252.86339570060105,251.32359264326053,100.6126774813084
com_quality,2024-09-23,0.0004016799999999529,0.006268115427946774,0.003134057713973387,0.00353573771397334,253.75745434526303,251.42454430395347,100.92787681002585
com_quality,2024-09-24,0.0004016799999999529,-0.011446678226704558,-0.005723339113352279,-0.005321659113352326,252.40704367576546,251.52553651490948,100.35046428011644
com_quality,2024-09-25,0.0004016799999999529,0.00031147187838269363,0.00015573593919134682,0.0005574159391912997,252.54773938507444,251.62656929241675,100.36608617891507
com_quality,2024-09-26,0.0004016799999999529,0.0037818921172374166,0.0018909460586187083,0.002292626058618661,253.12673691343392,251.72764265277016,100.55579683101934
com_quality,2024-09-27,0.0004016799999999529,-0.007723142174841124,-0.003861571087420562,-0.003459891087420609,252.25094597239925,251.82875661227092,100.16764938437048
com_quality,2024-09-30,0.0004016799999999529,0.0,0.0,0.0004016799999999529,252.35227013237744,251.9299111872269,100.1676493843705
com_quality,2024-10-01,0.0004016799999999529,-0.00499163752554809,-0.002495818762774045,-0.002094138762774092,251.8238094616192,252.03110639395257,99.91774946541348
com_quality,2024-10-02,0.0004016799999999529,0.002215283727210908,0.001107641863605454,0.001509321863605407,252.203892643016,252.13234224876885,100.02837811032452
com_quality,2024-10-03,0.0004016799999999529,0.006069042153167119,0.0030345210765835595,0.0034362010765835124,253.0705159304345,252.23361876800334,100.33179445567917
com_quality,2024-10-04,0.0004016799999999529,0.0033373143262408226,0.0016686571631204113,0.0020703371631203642,253.59445722445534,252.33493596799005,100.49914660117656
com_quality,2024-10-07,0.0004016799999999529,0.007691008836279037,0.0038455044181395187,0.004247184418139472,254.67151965170558,252.43629386506967,100.88546133854692
com_quality,2024-10-08,0.0004016799999999529,-0.01110499446996795,-0.005552497234983975,-0.005150817234984022,253.35975319902403,252.53769247558938,100.32552001064717
com_quality,2024-10-09,0.0004016799999999529,-0.0041839308938100665,-0.0020919654469050333,-0.0016902854469050804,252.93150289536027,252.63913181590297,100.11572675909541
com_quality,2024-10-10,0.0004016799999999529,0.015044751206420596,0.007522375603210298,0.007924055603210252,254.93574618810663,252.74061190237077,100.8685324725667
com_quality,2024-10-11,0.0004016799999999529,-0.010241361804561188,-0.005120680902280594,-0.004719000902280641,253.73270417182135,252.84213275135974,100.35222429536195
com_quality,2024-10-14,0.0004016799999999529,-0.00010532029631415973,-5.266014815707987e-05,0.00034901985184287304,253.82126192263908,252.9436943792433,100.34694185421363
com_quality,2024-10-15,0.0004016799999999529,0.005918038754050649,0.0029590193770253244,0.0033606993770252773,254.67427887945826,253.04529680240157,100.6437511772166
com_quality,2024-10-16,0.0004016799999999529,-0.021172921800441502,-0.010586460900220751,-0.010184780900220798,252.08047714814924,253.14694003722113,99.5787178431171
com_quality,2024-10-17,0.0004016799999999529,-0.009795712681517783,-0.0048978563407588915,-0.004496176340758939,250.94707887082853,253.24862410009524,99.09119141813893
com_quality,2024-10-18,0.0004016799999999529,0.01997362601761486,0.00998681300880743,0.010388493008807382,253.55404084525875,253.35034900742377,100.08039927264083
com_quality,2024-10-21,0.0004016799999999529,-0.006767666275519826,-0.003383833137759913,-0.00298215313775996,252.79790386676035,253.45211477561307,99.74187987761242
com_quality,2024-10-22,0.0004016799999999529,0.010412722910487551,0.0052063614552437755,0.005608041455243728,254.21560499144385,253.5539214210761,100.26096365091074
com_quality,2024-10-23,0.0004016799999999529,0.006956232354407412,0.003478116177203706,0.003879796177203659,255.2019097238752,253.6557689602325,100.60954291320891
com_quality,2024-10-24,0.0004016799999999529,-0.01541734231138132,-0.00770867115569066,-0.007306991155690707,253.33715162660747,253.75765740950845,99.83428843598504
com_quality,2024-10-25,0.0004016799999999529,0.00013059349751704322,6.529674875852161e-05,0.0004669767487584745,253.45545418601375,253.8595867853367,99.84080467299245
com_quality,2024-10-28,0.0004016799999999529,-0.004676318140900868,-0.002338159070450434,-0.001936479070450481,252.964643003691,253.9615571041566,99.60745472195356
com_quality,2024-10-29,0.0004016799999999529,0.011539638142094601,0.005769819071047301,0.006171499071047254,254.5258140629961,254.06356838241416,100.18194095419702
com_quality,2024-10-30,0.0004016799999999529,0.0,0.0,0.0004016799999999529,254.6280519919889,254.16562063656204,100.18194095419699
com_quality,2024-10-31,0.0004016799999999529,-0.008954207713045347,-0.004477103856522674,-0.004075423856522721,253.59033475436087,254.26771388305932,99.73359609116163
com_quality,2024-11-01,0.0004016799999999529,0.01200406496732197,0.006002032483660985,0.006403712483660938,255.2142543467631,254.36984813837188,100.33196002378862
com_quality,2024-11-04,0.0004016799999999529,-0.005884593919007359,-0.0029422969595036797,-0.002540616959503727,254.56585268386266,254.47202341897207,100.03687213377327
com_quality,2024-11-05,0.0004016799999999529,-0.003004937989658789,-0.0015024689948293945,-0.0011007889948294416,254.28562939476888,254.574239741339,99.88663018423884
com_quality,2024-11-06,0.0004195699999999557,-0.008380637043210449,-0.0041903185216052245,-0.003770748521605269,253.32678223366307,254.68105145510725,99.46824892794079
com_quality,2024-11-07,0.0004195699999999557,0.00452828121212592,0.00226414060606296,0.0026837106060629153,254.00663800594333,254.7879079838663,99.69336457757939
com_quality,2024-11-08,0.0004195699999999557,-0.0025733963619131417,-0.0012866981809565709,-0.0008671281809566151,253.7863816919783,254.8948093464191,99.56514310460737
com_quality,2024-11-11,0.0004195699999999557,0.003002747124027295,0.0015013735620136475,0.0019209435620136032,254.27389100801622,255.00175556157657,99.71456488526621
com_quality,2024-11-12,0.0004195699999999557,-0.00044204567353189894,-0.00022102283676594947,0.0001985471632340062,254.32437636776032,255.10874664815753,99.69253493237571
com_quality,2024-11-13,0.0004195699999999557,0.009847727372772242,0.004923863686386121,0.005343433686386077,255.68334180771296,255.21578262498875,100.18320151595454
com_quality,2024-11-14,0.0004195699999999557,-0.012402746403531246,-0.006201373201765623,-0.005781803201765667,254.20503104341097,255.3228635109047,99.56218865317324
com_quality,2024-11-18,0.0004195699999999557,0.0012601577851518806,0.0006300788925759403,0.001049648892575896,254.47185707273294,255.429989324748,99.6248943773016
com_quality,2024-11-19,0.0004195699999999557,-0.003405351097748567,-0.0017026755488742835,-0.0012831055488743278,254.14534282089053,255.537160085369,99.4553366469231
com_quality,2024-11-21,0.0004195699999999557,0.005088276352656868,0.002544138176328434,0.0029637081763283896,254.89855545138457,255.64437581162602,99.70825864724245
com_quality,2024-11-22,0.0004195699999999557,0.00919806656621084,0.00459903328310542,0.005018603283105376,256.1777901786317,255.7516365223853,100.1666279293619
com_quality,2024-11-25,0.0004195699999999557,0.0024933107767294294,0.0012466553883647147,0.0016662253883646704,256.60464011656245,255.858942236521,100.29144882470128
com_quality,2024-11-26,0.0004195699999999557,-0.019470441476631295,-0.009735220738315647,-0.009315650738315692,254.2142009114054,255.96629297291517,99.31549891153242
com_quality,2024-11-27,0.0004195699999999557,-0.02711566087712225,-0.013557830438561125,-0.013138260438561169,250.87426853265066,256.0736887504578,97.9695609325666
com_quality,2024-11-28,0.0004195699999999557,-0.009983279171108972,-0.004991639585554486,-0.00457206958555453,249.72725391969428,256.1811295880469,97.48073728977197
com_quality,2024-11-29,0.0004195699999999557,-0.008540300902592706,-0.004270150451296353,-0.0038505804512963975,248.76565903759519,256.2886155045881,97.06465445131789
com_quality,2024-12-02,0.0004195699999999557,-0.003168875428667685,-0.0015844377143338425,-0.0011648677143338867,248.4758799529473,256.3961465189954,96.91092605190097
com_quality,2024-12-03,0.0004195699999999557,0.0,0.0,0.0004195699999999557,248.58013297789915,256.50372265019035,96.91092605190097
com_quality,2024-12-04,0.0004195699999999557,0.006059679498653544,0.003029839749326772,0.0034494097493267275,249.43758771208206,256.6113439171027,97.20442748340147
com_quality,2024-12-05,0.0004195699999999557,-0.011186313732900006,-0.005593156866450003,-0.005173586866450047,248.14710068429585,256.71901033867005,96.66097588835905
com_quality,2024-12-06,0.0004195699999999557,-0.02005469505875583,-0.010027347529377915,-0.00960777752937796,245.76295854636098,256.8267219338378,95.69212918960706
com_quality,2024-12-09,0.0004195699999999557,0.029318948202282834,0.014659474101141417,0.015079044101141373,249.46882903670854,256.93447872155957,97.09433715474927
com_quality,2024-12-10,0.0004195699999999557,0.02135662949268336,0.01067831474634168,0.011097884746341637,252.23740534916277,257.04228072079684,98.13070621760737
com_quality,2024-12-11,0.00045513000000005176,-0.02928994427777875,-0.014644972138889375,-0.014189842138889323,248.6581963857351,257.1592683740213,96.69423853861572
com_quality,2024-12-12,0.00045513000000005176,-0.011295583227701694,-0.005647791613850847,-0.005192661613850795,247.3669985143935,257.27630927183634,96.14837806656627
com_quality,2024-12-13,0.00045513000000005176,-0.03030477177605287,-0.015152385888026434,-0.014697255888026383,243.7313824389744,257.3934034384752,94.69216350652651
com_quality,2024-12-16,0.00045513000000005176,-0.0018985385870293487,-0.0009492692935146744,-0.0004941392935146225,243.61094518584866,257.5105508981822,94.6023160356527
com_quality,2024-12-17,0.00045513000000005176,-0.020807973784187445,-0.010403986892093722,-0.00994885689209367,241.18729475484696,257.6277516752125,93.61852253359267
com_quality,2024-12-18,0.00045513000000005176,0.03350172433249666,0.01675086216624833,0.01720599216624838,245.3371614589975,257.74500579383243,95.18600009469831
com_quality,2024-12-19,0.00045513000000005176,0.025844867973135136,0.012922433986567568,0.01337756398656762,248.61917503469812,257.8623132783194,96.41547532630531
com_quality,2024-12-20,0.00045513000000005176,-0.02026743239966941,-0.010133716199834705,-0.009678586199834653,246.21289291819303,257.9796741529617,95.43887274321003
com_quality,2024-12-23,0.0009104671433170035,-0.010958455286819286,-0.005479227643409643,-0.004568760500092639,245.08800517841487,258.21455616992165,94.91641711210553
com_quality,2024-12-26,0.00045513000000005176,-0.0011651912300673938,-0.0005825956150336969,-0.00012746561503364516,245.05676488509744,258.33207736087127,94.86114437997989
com_quality,2024-12-27,0.00045513000000005176,0.0011838200994109902,0.0005919100497054951,0.001047040049705547,245.3133491323834,258.4496520392405,94.91726810107579
com_quality,2024-12-30,0.0009104671433170035,-0.008343422427395789,-0.004171711213697894,-0.0032612440703808907,244.5133224271401,258.684961955624,94.52166085676255
com_quality,2025-01-02,0.00045513000000005176,0.006929796317971833,0.0034648981589859166,0.003920028158985968,245.47182153630175,258.8026972423589,94.84901979457608
com_quality,2025-01-03,0.00045513000000005176,0.020173119222668005,0.010086559611334003,0.010541689611334054,248.05950928726622,258.9204861139548,95.80528486189058
com_quality,2025-01-06,0.00045513000000005176,0.014498616990645712,0.007249308495322856,0.007704438495322908,249.97066851974995,259.03832859479985,96.49949097330922
com_quality,2025-01-07,0.00045513000000005176,-0.009061479428122809,-0.004530739714061404,-0.004075609714061353,248.9518856349004,259.15622470929316,96.06247579588744
com_quality,2025-01-08,0.00045513000000005176,0.0,0.0,0.00045513000000005176,249.06519110660943,259.27417448184514,96.06247579588742
com_quality,2025-01-09,0.00045513000000005176,-0.0031573389741403803,-0.0015786694870701902,-0.0011235394870701383,248.7853565295465,259.39217793687703,95.91089388597074
com_quality,2025-01-10,0.00045513000000005176,-0.010079196982370059,-0.0050395984911850294,-0.004584468491184978,247.6448079014686,259.51023509882145,95.42776137795316
com_quality,2025-01-13,0.00045513000000005176,0.010759335812307574,0.005379667906153787,0.005834797906153839,249.08976530808195,259.6283459921219,95.94089749955124
com_quality,2025-01-14,0.00045513000000005176,0.019828830261141933,0.009914415130570967,0.010369545130571018,251.67271287100746,259.74651064123333,96.89166266361224
com_quality,2025-01-15,0.00045513000000005176,-0.008080535213497692,-0.004040267606748846,-0.003585137606748794,250.7704315635011,259.8647290706215,96.50037250547807
com_quality,2025-01-16,0.00045513000000005176,-0.005238737091134343,-0.0026193685455671717,-0.00216423854556712,250.22770452942288,259.9830013047634,96.24771745599439
com_quality,2025-01-17,0.00045513000000005176,0.010504419554849487,0.005252209777424743,0.005707339777424795,251.65583906089734,260.1013273681472,96.75300068911369
com_quality,2025-01-20,0.00045513000000005176,0.006536293896938475,0.0032681469484692376,0.0037232769484692894,252.59282344542044,260.2197072852723,97.06905986505829
com_quality,2025-01-21,0.00045513000000005176,0.008985735530131647,0.004492867765065823,0.004947997765065875,253.84265217130007,260.33814108064905,97.50497991481902
com_quality,2025-01-22,0.00045513000000005176,-0.004559392175503209,-0.0022796960877516045,-0.0018245660877515527,253.3794994765234,260.45662877879903,97.2827993146275
com_quality,2025-01-23,0.00045513000000005176,-0.0016396828769918066,-0.0008198414384959033,-0.00036471143849585154,253.28708907478398,260.5751704042552,97.20307912754524
com_quality,2025-01-24,0.00045513000000005176,0.029341904060041325,0.014670952030020662,0.015126082030020714,257.11833036127433,260.6937659815612,98.62849209039399
com_quality,2025-01-27,0.00045513000000005176,-0.011928520263794328,-0.005964260131897164,-0.005509130131897112,255.70183202001795,260.8124155352724,98.04051371374868
com_quality,2025-01-28,0.00045513000000005176,0.01013620665979097,0.005068103329895485,0.005523233329895537,257.11413290114626,260.93111908995496,98.53716712589853
com_quality,2025-01-29,0.0004903700000000007,0.01822917231716305,0.009114586158581526,0.009604956158581526,259.5837028754135,261.05907188282316,99.4348524275487
com_quality,2025-01-30,0.0004903700000000007,-0.002768512804649681,-0.0013842564023248405,-0.0008938864023248398,259.35166453314804,261.18708741990235,99.29727655954004
com_quality,2025-01-31,0.0004903700000000007,-0.0005973168570904313,-0.00029865842854521563,0.00019171157145478508,259.4013852483151,261.31516573196046,99.26763512623359
com_quality,2025-02-03,0.0004903700000000007,0.0038822098766043145,0.0019411049383021572,0.002431474938302158,260.0321132155072,261.44330684978047,99.46022958044816
com_quality,2025-02-04,0.0004903700000000007,-0.01417326408724895,-0.007086632043624475,-0.006596262043624475,258.3168732569803,261.5715108041604,98.75573699246746
com_quality,2025-02-05,0.0004903700000000007,0.008674568617709738,0.004337284308854869,0.004827654308854869,259.5639378232092,261.6997776259135,99.1838587628617
com_quality,2025-02-06,0.0004903700000000007,-0.0022410884090550975,-0.0011205442045275488,-0.0006301742045275481,259.40036732516745,261.8281073458679,99.07277333770224
com_quality,2025-02-07,0.0004903700000000007,0.0,0.0,0.0004903700000000007,259.52756948329267,261.95649999486716,99.07277333770223
com_quality,2025-02-10,0.0004903700000000007,0.02679809837799695,0.013399049188998475,0.013889419188998475,263.13225668694804,262.08495560376963,100.39960366315789
com_quality,2025-02-11,0.0004903700000000007,-0.005480580619441473,-0.0027402903097207363,-0.0022499203097207355,262.5402300784855,262.2134742034491,100.12461444860108
com_quality,2025-02-12,0.0004903699999998897,0.0035941915526861434,0.0017970957763430717,0.0022874657763429615,263.14078186970323,262.3420558247942,100.3044597795797
com_quality,2025-02-13,0.0004903699999998897,0.020489765155262452,0.010244882577631226,0.010735252577631115,265.9656646265498,262.470700498709,101.33156353116756
com_quality,2025-02-14,0.0004903699999998897,0.024416841941487022,0.012208420970743511,0.0126987909707434,269.34310700703725,262.59940825611255,102.5680555777748
com_quality,2025-02-17,0.0004903699999998897,-0.0023814967300241257,-0.0011907483650120628,-0.0007003783650121731,269.15446492212436,262.72817912793903,102.44598269417304
com_quality,2025-02-18,0.0004903699999998897,-0.020357371952726626,-0.010178685976363313,-0.009688315976363424,266.5468114195098,262.857013145138,101.4037282970778
com_quality,2025-02-19,0.0004903699999998897,0.004118928412776704,0.002059464206388352,0.002549834206388242,267.226461596871,262.98591033867393,101.6124632885222
com_quality,2025-02-20,0.0004903699999998897,-0.006079902649821426,-0.003039951324910713,-0.002549581324910823,266.5451460008616,263.1148707395267,101.30371774567267
com_quality,2025-02-21,0.0004903699999998897,-0.012117386980678851,-0.006058693490339426,-0.005568323490339536,265.06093640314907,263.24389437869115,100.69025039640387
com_quality,2025-02-24,0.0004903699999998897,-0.002489023570338302,-0.001244511785169151,-0.0007541417851692614,264.8610428753913,263.37298128717765,100.5650016113806
com_quality,2025-02-25,0.0004903699999998897,-0.018710707863472557,-0.009355353931736279,-0.00886498393173639,262.513053986158,263.50213149601143,99.62464155252255
com_quality,2025-02-26,0.0004903699999998897,0.032160558080238544,0.016080279040119272,0.01657064904011916,266.8630656722125,263.63134503623303,101.22584840415516
com_quality,2025-02-27,0.0004903699999998897,-0.021172310398998452,-0.010586155199499226,-0.010095785199499337,264.16887348350593,263.7606219388984,100.15478108203055
com_quality,2025-02-28,0.0004903699999998897,-0.002229533648593536,-0.001114766824296768,-0.0006243968242968784,264.0039272778248,263.88996223507854,100.04318657738287
com_quality,2025-03-05,0.0004903699999998897,0.012356539758437627,0.006178269879218813,0.006668639879218703,265.76447439554005,264.0193659558597,100.66097743753089
com_quality,2025-03-06,0.0004903699999998897,0.020827970844820957,0.010413985422410479,0.010904355422410368,268.6624646829991,264.14883313234344,101.7087455950995
com_quality,2025-03-07,0.0004903699999998897,-0.0027531856185264623,-0.0013765928092632311,-0.0008862228092633414,268.4243698788041,264.2783637956465,101.56880269107596
com_quality,2025-03-10,0.0004903699999998897,-0.002813793325299527,-0.0014068966626497635,-0.0009165266626498739,268.1783517869052,264.40795797690095,101.42597591950452
com_quality,2025-03-11,0.0004903699999998897,-0.004041029000337343,-0.0020205145001686714,-0.0015301445001687816,267.76800015685416,264.537615707254,101.22114370803696
com_quality,2025-03-12,0.0004903699999998897,-0.013613623671432356,-0.006806811835716178,-0.006316441835716289,266.07665915839726,264.6673370178683,100.53248812505859
com_quality,2025-03-13,0.0004903699999998897,0.0,0.0,0.0004903699999998897,266.2071351697487,264.7971219399217,100.5324881250586
com_quality,2025-03-14,0.0004903699999998897,0.012712963071798162,0.006356481535899081,0.00684685153589897,268.02981590205303,264.9269705046073,101.17120782060645
com_quality,2025-03-17,0.0004903699999998897,0.0033200645512378906,0.0016600322756189453,0.002150402275618835,268.6061878281025,265.05688274313366,101.33907297491629
com_quality,2025-03-18,0.0004903699999998897,0.016015468043214288,0.008007734021607144,0.008498104021607033,270.8888311531131,265.18685868672435,102.15017157887326
com_quality,2025-03-19,0.0005253100000000541,0.006672443036417905,0.0033362215182089526,0.0038615315182090066,271.93487691254165,265.32616399546106,102.49078825003993
com_quality,2025-03-20,0.0005253100000000541,0.006126175045243968,0.003063087522621984,0.0035883975226220378,272.91068735116914,265.4655424826695,102.80456167639373
com_quality,2025-03-21,0.0005253100000000541,0.004495461460467216,0.002247730730233608,0.002773040730233662,273.66747980291,265.6049941867911,103.03551732556988
com_quality,2025-03-24,0.0005253100000000541,0.011318338858551508,0.005659169429275754,0.006184479429275808,275.3599707022128,265.7445191462873,103.6183066302987
com_quality,2025-03-25,0.0005253100000000541,0.015640731091638244,0.007820365545819122,0.008345675545819177,277.65803567599977,265.88411739964005,104.42821421283423
com_quality,2025-03-26,0.0005253100000000541,0.012927993864394954,0.006463996932197477,0.006989306932197531,279.59867290953036,266.02378898535125,105.10288345863934
com_quality,2025-03-27,0.0005253100000000541,-0.014383351922899598,-0.007191675961449799,-0.006666365961449745,277.7347658335798,266.1635339419432,104.34741443362434
com_quality,2025-03-28,0.0005253100000000541,-0.015061284130937415,-0.007530642065468707,-0.0070053320654686535,275.7891415727904,266.30335230795816,103.56202397852758
com_quality,2025-03-31,0.0005253100000000541,0.0034952150371596134,0.0017476075185798067,0.0022729175185798606,276.4159875441053,266.4432441219591,103.74291472655294
com_quality,2025-04-01,0.0005253100000000541,0.024393676791592666,0.012196838395796333,0.012722148395796388,279.932592756612,266.5832094225288,105.00758594774238
com_quality,2025-04-02,0.0005253100000000541,0.01246165161398699,0.006230825806993495,0.006756135806993549,281.8238553700795,266.7232482482706,105.66152640273525
com_quality,2025-04-03,0.0005253100000000541,-0.025323096189453862,-0.012661548094726931,-0.012136238094726876,278.40357396053435,266.8633606378079,104.3243903153828
com_quality,2025-04-04,0.0005253100000000541,0.002147694823871551,0.0010738474119357756,0.0015991574119358296,278.84878509934276,267.0035466297845,104.43635997314385
com_quality,2025-04-07,0.0005253100000000541,-0.008308761003225936,-0.004154380501612968,-0.0036290705016129143,277.83682319892813,267.1438062628646,104.00271939134603
com_quality,2025-04-08,0.0005253100000000541,0.012149118872705405,0.0060745594363527024,0.006599869436352756,279.6705099566521,267.2841395757326,104.63415839061035
com_quality,2025-04-09,0.0005253100000000541,-0.006638088995872685,-0.0033190444979363425,-0.0027937344979362885,278.8891848049308,267.4245466070931,104.28705529963254
com_quality,2025-04-10,0.0005253100000000541,0.02053675038813447,0.010268375194067234,0.010793685194067289,281.8994268697453,267.5650273956712,105.35735167394526
com_quality,2025-04-11,0.0005253100000000541,-0.006957560783227696,-0.003478780391613848,-0.002953470391613794,281.0668452590726,267.70558198021246,104.99102901778407
com_quality,2025-04-14,0.0005253100000000541,0.0,0.0,0.0005253100000000541,281.21449248355566,267.8462103994825,104.99102901778407
com_quality,2025-04-15,0.0005253100000000541,0.003991446824031784,0.001995723412015892,0.002521033412015946,281.9234436150498,267.9869126922674,105.20045206042799
com_quality,2025-04-16,0.0005253100000000541,0.006717537490716482,0.003358768745358241,0.003884078745358295,283.0184564702132,268.12768889737384,105.55361053312879
com_quality,2025-04-17,0.0005253100000000541,-0.0062569232785728655,-0.0031284616392864327,-0.0026031516392863788,282.28171651130447,268.2685390536285,105.22356348870065
com_quality,2025-04-22,0.0005253100000000541,-0.021408274305161543,-0.010704137152580772,-0.010178827152580717,279.4084197106021,268.40946319987876,104.09782739386229
com_quality,2025-04-23,0.0005253100000000541,0.01823433637473273,0.009117168187366366,0.00964247818736642,282.10260930302815,268.55046137499227,105.04640649606341
com_quality,2025-04-24,0.0005253100000000541,-0.011366646012981567,-0.005683323006490783,-0.005158013006490729,280.64752037507816,268.69153361785715,104.44970728933545
com_quality,2025-04-25,0.0005253100000000541,-0.009239778320058862,-0.004619889160029431,-0.004094579160029377,279.49838688683644,268.832679967382,103.96741457204853
com_quality,2025-04-28,0.0005253100000000541,0.00463349903470402,0.00231674951735201,0.002842059517352064,280.2927379373727,268.97390046249564,104.20815456645218
com_quality,2025-04-29,0.0005253100000000541,-0.022953046792452827,-0.011476523396226413,-0.010951213396226359,277.223192350808,269.11519514214757,103.01283515573239
com_quality,2025-04-30,0.0005253100000000541,0.017731341870548138,0.008865670935274069,0.009390980935274124,279.8265900649902,269.25656404530775,103.92563355220706
com_quality,2025-05-02,0.0005253100000000541,-0.010031519386293056,-0.005015759693146528,-0.004490449693146474,278.5700428394987,269.3980072109664,103.40464123082752
com_quality,2025-05-05,0.0005253100000000541,0.005761231407674645,0.0028806157038373226,0.0034059257038373766,279.51883170872486,269.5395246781344,103.7023538727788
com_quality,2025-05-06,0.0005253100000000541,-0.0305939517140609,-0.01529697585703045,-0.014771665857030394,275.3898729259761,269.681116485843,102.11685434802506
com_quality,2025-05-07,0.0005426600000000696,0.006539516814723544,0.003269758407361772,0.003812418407361842,276.43977434672007,269.82746164051525,102.45057069654914
com_quality,2025-05-08,0.0005426600000000696,-0.0042939961503244755,-0.0021469980751622378,-0.001604338075162168,275.99627149124643,269.97388621084906,102.2307288178583
com_quality,2025-05-09,0.0005426600000000696,0.012435652223904123,0.006217826111952061,0.006760486111952131,277.8621404516135,270.12039023994026,102.86603695663126
com_quality,2025-05-12,0.0005426600000000696,0.0056777155690795715,0.0028388577845397858,0.0033815177845398555,278.80173622120094,270.2669737709079,103.15790062367279
com_quality,2025-05-13,0.0005426600000000696,-0.010245464238199328,-0.005122732119099664,-0.004580072119099594,277.5248041623777,270.4136368468944,102.62973694611028
com_quality,2025-05-14,0.0005426600000000696,-0.00487019184827121,-0.002435095924135605,-0.001892435924135535,276.99960625314213,270.5603795110658,102.37995923634968
com_quality,2025-05-15,0.0005426600000000696,0.008152564027607343,0.004076282013803671,0.004618942013803741,278.27905137227185,270.7072018066113,102.7970624775139
com_quality,2025-05-16,0.0005426600000000696,-0.0136667601509997,-0.00683338007549985,-0.0062907200754997806,276.52847575721324,270.85410377674367,102.09499206449047
com_quality,2025-05-19,0.0005426600000000696,0.0,0.0,0.0005426600000000696,276.67853669986766,271.00108546469914,102.09499206449048
com_quality,2025-05-20,0.0005426600000000696,0.001425348542062433,0.0007126742710312165,0.0012553342710312863,277.02586074904576,271.14814691373743,102.16771307575199
com_quality,2025-05-21,0.0005426600000000696,0.0028798435662472184,0.0014399217831236092,0.001982581783123679,277.57508717402095,271.2952881671416,102.31474680201981
com_quality,2025-05-22,0.0005426600000000696,-0.014790556335898208,-0.007395278167949104,-0.0068526181679490344,275.67297108868223,271.4425092682184,101.55851116756502
com_quality,2025-05-23,0.0005426600000000696,0.005715402149570892,0.002857701074785446,0.0034003610747855156,276.6103587289427,271.5898102602979,101.84857762661751
com_quality,2025-05-26,0.0005426600000000696,0.012674782743492468,0.006337391371746234,0.006880051371746304,278.513452206955,271.73719118673375,102.49368185143442
com_quality,2025-05-27,0.0005426600000000696,0.0041409259977277235,0.0020704629988638618,0.0026131229988639315,279.24124211441,271.88465209090316,102.70577613224273
com_quality,2025-05-28,0.0005426600000000696,-0.0030823614948305616,-0.0015411807474152808,-0.000998520747415211,278.9624139406248,272.0321930162068,102.54757381748752
com_quality,2025-05-29,0.0005426600000000696,0.0029830657651382657,0.0014915328825691329,0.0020341928825692024,279.5298772975671,272.17981400606897,102.70044393936365
com_quality,2025-05-30,0.0005426600000000696,-0.013315344927600345,-0.006657672463800173,-0.006115012463800103,277.820548613888,272.3275151039375,102.01706886204796
com_quality,2025-06-02,0.0005426600000000696,0.006136369622794366,0.003068184811397183,0.0036108448113972525,278.8237155003499,272.47529635328385,102.32990631885941
com_quality,2025-06-03,0.0005426600000000696,-0.002560317121695151,-0.0012801585608475754,-0.0007374985608475058,278.6180834114383,272.6231577976029,102.19897886234817
com_quality,2025-06-04,0.0005426600000000696,-0.0029058138880458098,-0.0014529069440229049,-0.0009102469440228352,278.3644721524635,272.7710994804134,102.05057378978368
com_quality,2025-06-05,0.0005426600000000696,-0.010003943779860571,-0.005001971889930286,-0.004459311889930216,277.12315815205983,272.9191214452575,101.54039654112167
com_quality,2025-06-06,0.0005426600000000696,0.0007775142242154682,0.0003887571121077341,0.0009314171121078038,277.38127540372403,273.06722373570096,101.5798496828014
com_quality,2025-06-09,0.0005426600000000696,0.008039934907321966,0.004019967453660983,0.004562627453661053,278.6468628260125,273.2154063953334,101.98797589870169
com_quality,2025-06-10,0.0005426600000000696,0.0035133354388441436,0.0017566677194220718,0.0022993277194221415,279.2875632816384,273.36366946776786,102.16703771404745
com_quality,2025-06-11,0.0005426600000000696,0.0015564648101564587,0.0007782324050782293,0.001320892405078299,279.65647210280997,273.51201299664126,102.24650429019516
com_quality,2025-06-12,0.0005426600000000696,0.004089000465386739,0.0020445002326933697,0.0025871602326934394,280.3799882062497,273.66043702561404,102.45543391425876
com_quality,2025-06-13,0.0005426600000000696,0.003670498573077571,0.0018352492865387855,0.0023779092865388552,281.046706383965,273.8089415983703,102.6433631945487
com_quality,2025-06-16,0.0005426600000000696,0.004064650431644797,0.0020323252158223983,0.002574985215822468,281.7703974978593,273.9575267586181,102.85185474977844
com_quality,2025-06-17,0.0005426600000000696,0.007441696010462527,0.0037208480052312635,0.004263508005231333,282.9717278432286,274.10619255008896,103.23434330711795
com_quality,2025-06-18,0.0005513099999999501,0.0,0.0,0.0005513099999999501,283.12773298650586,274.25731003510367,103.23434330711798
com_quality,2025-06-20,0.0005513099999999501,-0.005130129417597533,-0.0025650647087987664,-0.002013754708798816,282.5575831810127,274.4085108326991,102.96968644433989
com_quality,2025-06-23,0.0005513099999999501,0.003458369551656154,0.001729184775828077,0.002280494775828027,283.2019542733276,274.55979498880623,103.1476419498615
com_quality,2025-06-24,0.0005513099999999501,0.00987895965140261,0.004939479825701305,0.005490789825701255,284.75695668247033,274.71116254938147,103.65685691104127
com_quality,2025-06-25,0.0005513099999999501,-0.007550955106192728,-0.003775477553096364,-0.003224167553096414,283.8388525422162,274.86261356040654,103.2657184131144
com_quality,2025-06-26,0.0005513099999999501,-0.006267674286990424,-0.003133837143495212,-0.002582527143495262,283.1058310011474,275.01414806788847,102.94227878460329
com_quality,2025-06-27,0.0005513099999999501,-0.007570849184328394,-0.003785424592164197,-0.003234114592164247,282.1902343019798,275.16576611785973,102.55281326715306
com_quality,2025-06-30,0.0005513099999999501,-0.004981900642312178,-0.002490950321156089,-0.001939640321156139,281.6428867452912,275.31746775637816,102.29750006073363
com_quality,2025-07-01,0.0005513099999999501,0.0035611333823262203,0.0017805666911631102,0.00233187669116306,282.2996432281244,275.4692530295269,102.47954721751302
com_quality,2025-07-02,0.0005513099999999501,-0.010365085644807464,-0.005182542822403732,-0.004631232822403782,280.99224785465344,275.6211219834145,101.9487352176014
com_quality,2025-07-03,0.0005513099999999501,-0.00469092753788213,-0.002345463768941065,-0.0017941537689411147,280.4881045541217,275.7730746641752,101.70974990785022
com_quality,2025-07-04,0.0005513099999999501,0.002890512348532418,0.001445256174266209,0.0019965661742661588,281.0481176159585,275.92511111796824,101.85666555582178
com_quality,2025-07-07,0.0005513099999999501,-0.009791802884816236,-0.004895901442408118,-0.004344591442408168,279.8270783692593,276.0772313909787,101.35826013590021
com_quality,2025-07-08,0.0005513099999999501,0.002282961521550211,0.0011414807607751055,0.0016927907607750556,280.3007670621375,276.22943552941683,101.47389488919514
com_quality,2025-07-09,0.0005513099999999501,0.002639645945706824,0.001319822972853412,0.001871132972853362,280.82524706970355,276.3817235795185,101.60774867188589
com_quality,2025-07-10,0.0005513099999999501,0.006431343812504135,0.0032156719062520676,0.003766981906252018,281.8831106942339,276.5340955875451,101.93430582052599
com_quality,2025-07-11,0.0005513099999999501,0.0016172294638205076,0.0008086147319102538,0.0013599247319102039,282.2664505079748,276.68655159978346,102.01668598489111
com_quality,2025-07-14,0.0005513099999999501,-0.004570699291858446,-0.002285349645929223,-0.0017340396459292731,281.7769892920782,276.83909166254585,101.7836706513802
com_quality,2025-07-15,0.0005513099999999501,0.008746447282341243,0.004373223641170622,0.0049245336411705715,283.1646095551548,276.9917158221703,102.22854814074928
com_quality,2025-07-16,0.0005513099999999501,0.008280553710373275,0.004140276855186638,0.0046915868551865875,284.4931009151979,277.14442412502024,102.65156941669613
com_quality,2025-07-17,0.0005513099999999501,-0.00036157726393601375,-0.00018078863196800687,0.0003705213680319432,284.5985116881446,277.29721661748454,102.63302140559591
com_quality,2025-07-18,0.0005513099999999501,0.003994214002098771,0.0019971070010493855,0.002548417001049336,285.32378737380395,277.4500933459779,102.83787759191978
com_quality,2025-07-21,0.0005513099999999501,0.0,0.0,0.0005513099999999501,285.4810892310209,277.6030543569404,102.83787759191979
com_quality,2025-07-22,0.0005513099999999501,-0.0018674948162659237,-0.0009337474081329619,-0.0003824374081330118,285.3719105831844,277.7560996968379,102.74190590041367
com_quality,2025-07-23,0.0005513099999999501,0.003563141411258917,0.0017815707056294584,0.0023328807056294085,286.0376492073125,277.9092294121618,102.92484701294163
com_quality,2025-07-24,0.0005513099999999501,0.011197464279716046,0.005598732139858023,0.006150042139857973,287.7967928035234,278.06244354942896,103.50077814531038
com_quality,2025-07-25,0.0005513099999999501,-0.0020298992011145347,-0.0010149496005572673,-0.00046363960055731727,287.6633588134663,278.21574215518217,103.3957879540168
com_quality,2025-07-28,0.0005513099999999501,0.005077966563720143,0.0025389832818600716,0.0030902932818600215,288.5523229586448,278.3691252759897,103.65816348079515
com_quality,2025-07-29,0.0005513099999999501,-0.0067090410287590305,-0.0033545205143795153,-0.0028032105143795654,287.74345005297846,278.52259295844556,103.31063164269356
com_quality,2025-07-30,0.0005513099999999501,-0.0017802524550050809,-0.0008901262275025404,-0.00033881622750259036,287.64595790274296,278.67614524916945,103.21872281014704
com_quality,2025-07-31,0.0005513099999999501,-0.0037805451776869448,-0.0018902725888434724,-0.0013389625888435223,287.26081072627915,278.82978219480674,103.02371879542696
com_quality,2025-08-01,0.0005513099999999501,0.0076582331426426065,0.0038291165713213032,0.004380426571321253,288.51913561448384,278.98350384202854,103.41799125795437
com_quality,2025-08-04,0.0005513099999999501,0.001140579314066507,0.0005702896570332535,0.0011215996570332035,288.8427385780366,279.1373102375316,103.4769369713587
com_quality,2025-08-05,0.0005513099999999501,0.010978179040975032,0.005489089520487516,0.006040399520487466,290.5874641176396,279.2912014280387,104.04461817337683
com_quality,2025-08-06,0.0005513099999999501,0.013417478968806778,0.006708739484403389,0.007260049484403339,292.69714348668094,279.4451774602979,104.74224180457215
com_quality,2025-08-07,0.0005513099999999501,-0.0005561673985542415,-0.00027808369927712073,0.00027322630072282935,292.77711604442794,279.5992383810835,104.71313074371949
com_quality,2025-08-08,0.0005513099999999501,0.011364676330469697,0.005682338165234849,0.0062336481652347986,294.60218557668105,279.75338423719535,105.30781830574597
com_quality,2025-08-11,0.0005513099999999501,0.0034828293448145777,0.0017414146724072889,0.0022927246724072387,295.27762727609775,279.90761507545915,105.49110183961771
com_quality,2025-08-12,0.0005513099999999501,-0.014340570523187905,-0.007170285261593952,-0.006618975261594003,293.3231919658551,280.06193094272635,104.73511732868853
com_quality,2025-08-13,0.0005513099999999501,0.0041930641609292385,0.0020965320804646193,0.002647842080464569,294.0998654567184,280.21633188587435,104.95457687187859
com_quality,2025-08-14,0.0005513099999999501,-0.006414819255496307,-0.0032074096277481534,-0.0026560996277482036,293.31870691355806,280.3708179518063,104.61813003804747
com_quality,2025-08-15,0.0005513099999999501,0.005191371570056447,0.0025956857850282233,0.003146995785028173,294.24177964788487,280.5253891874513,104.88953620211113
com_quality,2025-08-18,0.0005513099999999501,-0.014892381455668171,-0.007446190727834086,-0.006894880727834136,292.21301767206705,280.68004563976416,104.10893906120593
com_quality,2025-08-19,0.0005513099999999501,0.0031089015148090173,0.0015544507574045087,0.0021057607574044585,292.8283483774836,280.8347873557258,104.27068210982208
com_quality,2025-08-20,0.0005513099999999501,0.0,0.0,0.0005513099999999501,292.98978757422753,280.98961438234284,104.27068210982205
com_quality,2025-08-21,0.0005513099999999501,0.007557366073327333,0.0037786830366636666,0.0043299930366636164,294.2584313142375,281.1445267666479,104.66447086785162
com_quality,2025-08-22,0.0005513099999999501,-0.000920810641791411,-0.0004604053208957055,9.090467910424457e-05,294.2851807825098,281.2995245556996,104.61630934048698
com_quality,2025-08-25,0.0005513099999999501,-0.0030068532802818753,-0.0015034266401409376,-0.0009521166401409876,294.0049869649399,281.45460779658237,104.45911305791383
com_quality,2025-08-26,0.0005513099999999501,0.007150569415568715,0.0035752847077843574,0.004126594707784308,295.21822638821163,281.6097765364066,104.83237834253445
com_quality,2025-08-27,0.0005513099999999501,0.009224377145972905,0.004612188572986452,0.005163498572986402,296.74258527888674,281.76503082230886,105.31561862480488
com_quality,2025-08-28,0.0005513099999999501,0.002347142584354182,0.001173571292177091,0.0017248812921770412,297.25443101282656,281.9203707014515,105.43914590961346
com_quality,2025-08-29,0.0005513099999999501,-0.0007383577655886704,-0.0003691788827943352,0.00018213111720561488,297.30857029444127,282.07579622102287,105.40024145194033
com_quality,2025-09-01,0.0005513099999999501,-0.007996228912274686,-0.003998114456137343,-0.003446804456137393,296.28380578950254,282.2313074282374,104.97907141816229
com_quality,2025-09-02,0.0005513099999999501,-0.006501759400947864,-0.003250879700473932,-0.0026995697004739815,295.4839670046521,282.3869043703357,104.6379851301958
com_quality,2025-09-03,0.0005513099999999501,-0.0015853910806289118,-0.0007926955403144559,-0.0002413855403145058,295.4126414476224,282.54258709458406,104.55508476983327
com_quality,2025-09-04,0.0005513099999999501,-0.005485865896674084,-0.002742932948337042,-0.002191622948337092,294.7652083233969,282.69835564827514,104.26845520464752
com_quality,2025-09-05,0.0005513099999999501,-0.005950302455858592,-0.002975151227929296,-0.002423841227929346,294.0507442589035,282.85421007872753,103.95841171218896
com_quality,2025-09-08,0.0005513099999999501,0.009518016685051386,0.004759008342525693,0.005310318342525643,295.61224731977484,283.010150433286,104.45287805656268
com_quality,2025-09-09,0.0005513099999999501,0.003771303047426455,0.0018856515237132274,0.0024369615237131775,296.3326429924315,283.1661767593214,104.64973125808773
com_quality,2025-09-10,0.0005513099999999501,-0.0013917036951485535,-0.0006958518475742768,-0.00014454184757432668,296.2898105247168,283.32228910423055,104.5769506739075
com_quality,2025-09-11,0.0005513099999999501,-0.002052361464227677,-0.0010261807321138385,-0.00047487073211388846,296.14911116547506,283.47848751543654,104.4696949532541
com_quality,2025-09-12,0.0005513099999999501,-0.0031998400948302277,-0.0015999200474151138,-0.0010486100474151638,295.83856623197386,283.6347720403886,104.30264389087226
com_quality,2025-09-15,0.0005513099999999501,0.004070280586094969,0.0020351402930474847,0.002586450293047435,296.60373797829925,283.79114272656216,104.51479744175182
com_quality,2025-09-16,0.0005513099999999501,0.0006135359788558741,0.00030676798942793704,0.0008580779894278871,296.85824711744044,283.9475996214587,104.54684156978027
com_quality,2025-09-17,0.0005513099999999501,-0.0031977746107432203,-0.0015988873053716102,-0.00104757730537166,296.5472651548478,284.10414277260594,104.37977505741661
com_quality,2025-09-18,0.0005513099999999501,-0.018981404094018245,-0.009490702047009122,-0.008939392047009172,293.8963128911602,284.2607722275579,103.3896835599563
com_quality,2025-09-19,0.0005513099999999501,0.0,0.0,0.0005513099999999501,294.05834086742016,284.41748803389464,103.38968355995627
com_quality,2025-09-22,0.0005513099999999501,-0.008896597395566539,-0.004448298697783269,-0.0038969886977833195,292.91239883657096,284.5742902392226,102.93002877749043
com_quality,2025-09-23,0.0005513099999999501,0.0021001687870697287,0.0010500843935348644,0.0016013943935348145,293.3814671098647,284.73117889117435,103.03805443870849
com_quality,2025-09-24,0.0005513099999999501,-0.008927822594111973,-0.004463911297055987,-0.003912601297056037,292.2335824011184,284.8881540374088,102.57835514029308
com_quality,2025-09-25,0.0005513099999999501,-0.009320082565252501,-0.004660041282626251,-0.004108731282626301,291.03287313927297,285.0452157256112,102.10059916228364
com_quality,2025-09-26,0.0005513099999999501,-0.003010538342813544,-0.001505269171406772,-0.000953959171406822,290.7552396607609,285.2023640034928,101.94699496151445
com_quality,2025-09-29,0.0005513099999999501,-0.00625429011751763,-0.003127145058758815,-0.0025758350587588652,290.00630212092483,285.35959891879156,101.62836758242558
com_quality,2025-09-30,0.0005513099999999501,-0.004971463513870539,-0.0024857317569352694,-0.0019344217569353193,289.4453076204538,285.5169205192714,101.37588591738724
com_quality,2025-10-01,0.0005513099999999501,-0.0013730222218182424,-0.0006865111109091212,-0.0001352011109091711,289.40617429331604,285.6743288527229,101.3063285929752
com_quality,2025-10-02,0.0005513099999999501,-0.002917854863121553,-0.0014589274315607765,-0.0009076174315608265,289.14350420472607,285.83182396696265,101.15861144913879
com_quality,2025-10-03,0.0005513099999999501,-0.0031111506214177107,-0.0015555753107088554,-0.0010042653107089053,288.85312741363646,285.98940590983386,101.00133831695342
com_quality,2025-10-06,0.0005513099999999501,-0.004496257256839128,-0.002248128628419564,-0.001696818628419614,288.36299604616374,286.14707472920594,100.77439943045192
com_quality,2025-10-07,0.0005513099999999501,-0.005465380936283118,-0.002732690468141559,-0.002181380468141609,287.7339666388538,286.30483047297486,100.4991659286775
com_quality,2025-10-08,0.0005513099999999501,-0.0010279082320985566,-0.0005139541160492783,3.735588395067176e-05,287.74471519552026,286.4626731890629,100.44754242924041
com_quality,2025-10-09,0.0005513099999999501,-0.011812183375468391,-0.005906091687734196,-0.005354781687734246,286.20390506384894,286.6206029254187,99.85461691960846
com_quality,2025-10-10,0.0005513099999999501,0.006409314946371767,0.0032046574731858833,0.003755967473185833,287.27887762196747,286.7786197300175,100.17444044204582
com_quality,2025-10-13,0.0005513099999999501,-0.006219126621704586,-0.003109563310852293,-0.002558253310852343,286.54394548215316,286.9367236508608,99.86311331512046
com_quality,2025-10-14,0.0005513099999999501,-0.0035382823477474457,-0.0017691411738737228,-0.0012178311738737727,286.19498333266023,287.0949147359768,99.68653871694518
com_quality,2025-10-15,0.0005513099999999501,0.0013347997479049674,0.0006673998739524837,0.0012187098739524338,286.5437719847234,287.2531930334198,99.75303284144387
com_quality,2025-10-16,0.0005513099999999501,0.012868541606031226,0.006434270803015613,0.006985580803015563,288.5454466575235,287.411558591271,100.39451721141981
com_quality,2025-10-17,0.0005513099999999501,-0.002845818083755697,-0.0014229090418778486,-0.0008715990418778985,288.2939507226786,287.5700114576379,100.25174365761268
com_quality,2025-10-20,0.0005513099999999501,0.007351256807203721,0.0036756284036018605,0.00422693840360181,289.51255149451435,287.7285516806546,100.62002877484322
com_quality,2025-10-21,0.0005513099999999501,0.0,0.0,0.0005513099999999501,289.6721626592788,287.8871793084816,100.62002877484325
com_quality,2025-10-22,0.0005513099999999501,-0.00020134892009875463,-0.00010067446004937732,0.00045063553995057276,289.8026992307074,288.04589438930617,100.609904489396
com_quality,2025-10-23,0.0005513099999999501,-0.008818829087487573,-0.0044094145437437865,-0.0038581045437438366,288.68461012001615,288.2046969713419,100.16651815661491
com_quality,2025-10-24,0.0005513099999999501,0.0013193254529726508,0.0006596627264863254,0.0012109727264862755,289.0341993094278,288.3635871028291,100.23255786673217
com_quality,2025-10-27,0.0005513099999999501,-0.007879284128790714,-0.003939642064395357,-0.0033883320643954074,288.0548554642008,288.52256483203473,99.83789504709753
com_quality,2025-10-28,0.0005513099999999501,-0.008283574038125787,-0.004141787019062894,-0.003590477019062944,287.0206011254271,288.6816302072523,99.42461559447592
com_quality,2025-10-29,0.0005513099999999501,0.006604329694099177,0.0033021648470495887,0.003853474847049539,288.12662779244897,288.84078327680174,99.75275116060449
com_quality,2025-10-30,0.0005513099999999501,-0.002806394905286021,-0.0014031974526430104,-0.0008518874526430604,287.88117633346025,289.0000240890301,99.61285548016939
com_quality,2025-10-31,0.0005513099999999501,-0.0017985154515204236,-0.0008992577257602118,-0.0003479477257602617,287.7810087328658,289.15935269231056,99.52332720812547
com_quality,2025-11-03,0.0005513099999999501,0.013402598584846798,0.006701299292423399,0.007252609292423349,289.8681719509848,289.3187691350433,100.18989532465662
com_quality,2025-11-04,0.0005513099999999501,0.014110707734006337,0.007055353867003168,0.007606663867003118,292.07310170075857,289.4782734656551,100.8963809974538
com_quality,2025-11-05,0.0005513099999999501,-0.007582265344220046,-0.003791132672110023,-0.003239822672110073,291.12683664395496,289.6378657325994,100.5140801972109
com_quality,2025-11-06,0.0005513099999999501,-0.0022834226911122857,-0.0011417113455561428,-0.0005904013455561928,290.9549549678728,289.79754598435636,100.39938536387018
com_quality,2025-11-07,0.0005513099999999501,-0.0022632433283697557,-0.0011316216641848779,-0.0005803116641849278,290.78611041375257,289.95731426943297,100.28583384640868
com_quality,2025-11-10,0.0005513099999999501,0.02140654437074706,0.01070327218537353,0.011254582185373481,294.05878659176926,290.1171706363628,101.35862897971901
com_quality,2025-11-11,0.0005513099999999501,-0.010089028220817512,-0.005044514110408756,-0.004493204110408806,292.7375204431533,290.27711513370633,100.84760567787566
com_quality,2025-11-12,0.0005513099999999501,-0.01108568073855144,-0.00554284036927572,-0.00499153036927577,291.2763122196348,290.43714781005065,100.2889315006402
com_quality,2025-11-13,0.0005513099999999501,-0.002869389931550133,-0.0014346949657750665,-0.0008833849657751164,291.01900310453357,290.5972687140098,100.14512675648676
com_quality,2025-11-14,0.0005513099999999501,-0.0022662000608143114,-0.0011331000304071557,-0.0005817900304072056,290.84969114986825,290.7574778942245,100.03171483544003
com_quality,2025-11-17,0.0005513099999999501,0.0056070059810192,0.0028035029905096,0.00335481299050955,291.82543747202357,290.9177753993623,100.31199952337572
com_quality,2025-11-18,0.0005513099999999501,-0.009314255089403662,-0.004657127544701831,-0.004105817544701881,290.62725547086063,291.0781612781177,99.84509115858188
com_quality,2025-11-19,0.0005513099999999501,-0.004003693261477453,-0.0020018466307387267,-0.0014505366307387766,290.2056899909091,291.2386355792119,99.64532673137666
com_quality,2025-11-21,0.0005513099999999501,0.0,0.0,0.0005513099999999501,290.36568328985794,291.39919835139307,99.64532673137666
com_quality,2025-11-24,0.0005513099999999501,-0.0024663973477616315,-0.0012331986738808158,-0.0006818886738808657,290.1676862191389,291.5598496434361,99.52251195560713
com_quality,2025-11-25,0.0005513099999999501,0.004729121812191754,0.002364560906095877,0.002915870906095827,291.0137777332745,291.720589504143,99.75770932998938
com_quality,2025-11-26,0.0005513099999999501,-0.011492973222303884,-0.005746486611151942,-0.005195176611151992,289.5019097616716,291.8814179823425,99.18476885677771
com_quality,2025-11-27,0.0005513099999999501,-0.0049917427729033025,-0.0024958713864516513,-0.0019445613864517012,288.938955526645,292.0423351268903,98.93735283314423
com_quality,2025-11-28,0.0005513099999999501,-0.01102253891164568,-0.00551126945582284,-0.00495995945582289,287.505830022025,292.20334098666905,98.39238286982545
com_quality,2025-12-01,0.0005513099999999501,0.006004979014024494,0.003002489507012247,0.003553799507012197,288.5275680990204,292.3644356105884,98.6876421875476
com_quality,2025-12-02,0.0005513099999999501,0.010239978412662696,0.005119989206331348,0.005671299206331298,290.1638942669851,292.5256190475848,99.19264343810667
com_quality,2025-12-03,0.0005513099999999501,-0.0033932262490853956,-0.0016966131245426978,-0.0011453031245427477,289.8315686522516,292.6868913466219,99.02444462707801
com_quality,2025-12-04,0.0005513099999999501,-0.015594059331505039,-0.0077970296657525195,-0.00724571966575257,287.73153035551206,292.8482525566901,98.25277352468152
com_quality,2025-12-05,0.0005513099999999501,0.0023078356293537005,0.0011539178146768502,0.0017052278146768003,288.2221781642338,293.0097027268071,98.36608667971755
com_quality,2025-12-08,0.0005513099999999501,-0.0029865331654859058,-0.0014932665827429529,-0.0009419565827430028,287.9506853862195,293.1712419060174,98.21928082513922
com_quality,2025-12-09,0.0005513099999999501,-0.012282139439239332,-0.006141069719619666,-0.005589759719619716,286.3411102438107,293.3328701433926,97.61644172500543
com_quality,2025-12-10,0.0005513099999999501,-0.012708638086711844,-0.006354319043355922,-0.005803009043355972,284.6794701915813,293.4945874880313,96.99649749186277
com_quality,2025-12-11,0.0005513099999999501,-0.0002139438256048209,-0.00010697191280241046,0.0004443380871975396,284.80596412283063,293.65639398905927,96.98612730817692
com_quality,2025-12-12,0.0005513099999999501,-0.0022144176294631524,-0.0011072088147315762,-0.0005558988147316261,284.6476408249462,293.81828969562935,96.87880258230925
com_quality,2025-12-15,0.0005513099999999501,-0.0032908439769129376,-0.0016454219884564688,-0.0010941119884565187,284.3362044286338,293.98027465692144,96.71948390430535
com_quality,2025-12-16,0.0005513099999999501,-0.006815295142572418,-0.003407647571286209,-0.002856337571286259,283.5240442450473,294.1423489221425,96.39007959377324
com_quality,2025-12-17,0.0005513099999999501,0.006149608287976454,0.003074804143988227,0.003626114143988177,284.552134792045,294.30451254052673,96.68629690238312
com_quality,2025-12-18,0.0005513099999999501,-0.009516678814236386,-0.004758339407118193,-0.004207029407118243,283.35501559311666,294.46676556133536,96.22648418505341
com_quality,2025-12-19,0.0005513099999999501,-0.004835285079789354,-0.002417642539894677,-0.0018663325398947269,282.82618090717284,294.62910803385694,95.9939711301954
com_quality,2025-12-22,0.0005513099999999501,0.0032562080501391533,0.0016281040250695766,0.0021794140250695265,283.4425762524988,294.7915400074071,96.15017318521991
com_quality,2025-12-23,0.0011029239427160003,0.0,0.0,0.0011029239427160003,283.7551918562327,295.11667265499136,96.15017318521991
com_quality,2025-12-26,0.0005513099999999501,0.010120774539471186,0.005060387269735593,0.005611697269735543,285.34754009164567,295.27937342779273,96.63646220159168
com_quality,2025-12-29,0.0005513099999999501,-0.009704188580023844,-0.004852094290011922,-0.004300784290011972,284.12032187402593,295.4421638991572,96.16783133601888
com_quality,2025-12-30,0.0011029239427160003,-0.013368988536269888,-0.006684494268134944,-0.005581570325418944,282.5344843166054,295.76801413540943,95.52570623382371
com_quality,2026-01-02,0.0005513099999999501,-0.03272059516444336,-0.01636029758222168,-0.01580898758222173,278.06790016249477,295.9310739992824,93.9637383815831
com_quality,2026-01-05,0.0005513099999999501,0.002200825975795852,0.001100412987897926,0.0016517229878978761,278.5271913053897,296.09422375968893,94.06708032624212
com_quality,2026-01-06,0.0005513099999999501,-0.0081577249301392,-0.0040788624650696,-0.00352755246506965,277.5446720251114,296.25746346618985,93.6836050568515
com_quality,2026-01-07,0.0005513099999999501,0.008292409065581232,0.004146204532790616,0.004697514532790566,278.84844215544797,296.42079316837334,94.07182241667375
com_quality,2026-01-08,0.0005513099999999501,-0.0044734463549154935,-0.0022367231774577468,-0.0016854131774577967,278.3784673165256,296.58421291585495,93.86152572979515
com_quality,2026-01-09,0.0005513099999999501,0.009584510852636402,0.004792255426318201,0.005343565426318151,279.8660008699096,296.7477227582775,94.31108628856462
com_quality,2026-01-12,0.0005513099999999501,-0.0036702549069123677,-0.0018351274534561838,-0.0012838174534562337,279.5067040133638,296.9113227453114,94.13810878917636
com_quality,2026-01-13,0.0005513099999999501,0.0002980798319373139,0.00014903991596865694,0.000700349915968607,279.7024565100322,297.07501292665404,94.1521313941974
com_quality,2026-01-14,0.0005513099999999501,-0.0024464714797434073,-0.0012232357398717037,-0.0006719257398717536,279.51451722999775,297.2387933520306,94.03702460161674
com_quality,2026-01-15,0.0005513099999999501,-0.01918208581384292,-0.00959104290692146,-0.00903973290692151,276.98778065063146,297.40266407119344,93.13560842357654
com_quality,2026-01-16,0.0005513099999999501,-0.005675631876057483,-0.0028378159380287415,-0.0022865059380287912,276.3544464454124,297.5666251339225,92.87145234148373
com_quality,2026-01-19,0.0005513099999999501,0.0050578284743508575,0.0025289142371754288,0.0030802242371753786,277.20568010940474,297.73067659002504,93.10618686804544
com_quality,2026-01-20,0.0005513099999999501,0.01683552847116468,0.00841776423558234,0.00896907423558229,279.6919584328311,297.8948184893358,93.88950094908873
com_quality,2026-01-21,0.0005513099999999501,-0.0015053655012584495,-0.0007526827506292248,-0.00020137275062927468,279.6356360938326,298.05905088171716,93.81887088032238
com_quality,2026-01-22,0.0005513099999999501,0.0017787417452143559,0.0008893708726071779,0.001440680872607128,280.0385018060523,298.2233738170587,93.902264675551
com_quality,2026-01-23,0.0005513099999999501,0.0011213748614950251,0.0005606874307475126,0.0011119974307474626,280.349903900571,298.38778734527773,93.95488548469503
com_quality,2026-01-26,0.0005513099999999501,0.006711570401429112,0.003355785200714556,0.003907095200714506,281.4452576646217,298.55229151631903,94.27000417085652
com_quality,2026-01-27,0.0005513099999999501,0.009259873343316188,0.004629936671658094,0.005181246671658044,282.90349496915053,298.7168863801548,94.70622782574142
com_quality,2026-01-28,0.0005513099999999501,0.0,0.0,0.0005513099999999501,283.0594624949619,298.881571986785,94.70622782574141
com_quality,2026-01-29,0.0005513099999999501,0.006999366048711117,0.0034996830243555583,0.004050993024355508,284.20613440300684,299.04634838623696,95.0374869770812
com_quality,2026-01-30,0.0005513099999999501,-0.010989141603841863,-0.005494570801920931,-0.0049432608019209815,282.80122935914693,299.21121562856575,94.51558450610025
com_quality,2026-02-02,0.0005513099999999501,0.0010680940078318466,0.0005340470039159233,0.0010853570039158734,283.1081696541479,299.3761737638539,94.56603245836854
com_quality,2026-02-03,0.0005513099999999501,0.0002382633258093403,0.00011913166290467014,0.0006704416629046202,283.2979771661927,299.5412228422116,94.5772920595389
com_quality,2026-02-04,0.0005513099999999501,-0.004154707441520587,-0.0020773537207602936,-0.0015260437207603435,282.8656520670341,299.70636291377673,94.3809298264423
com_quality,2026-02-05,0.0005513099999999501,0.007222207758125579,0.0036111038790627896,0.0041624138790627395,284.0430559831081,299.87159402871464,94.7215613746693
com_quality,2026-02-06,0.0005513099999999501,-0.009737312678779125,-0.004868656339389562,-0.0043173463393896125,282.8167437351304,300.0369162372186,94.26064875014468
com_quality,2026-02-09,0.0005513099999999501,-0.0024246012207765253,-0.0012123006103882626,-0.0006609906103883126,282.62980452306084,300.2023295895093,94.14643947284594
com_quality,2026-02-10,0.0005513099999999501,-0.011338642389033064,-0.005669321194516532,-0.005118011194516582,281.18330201960777,300.3678341358352,93.61298716574571
com_quality,2026-02-11,0.0005513099999999501,0.008076247078607044,0.004038123539303522,0.004589433539303472,282.47377409658867,300.5334299264726,93.99079968098647
com_quality,2026-02-12,0.0005513099999999501,0.01869175815361667,0.009345879076808335,0.009897189076808286,285.26947044806224,300.6991170117253,94.86874231058636
com_quality,2026-02-13,0.0005513099999999501,0.011039364791419797,0.005519682395709899,0.0060709923957098485,287.0013392338806,300.864895441925,95.39209910558661
com_quality,2026-02-18,0.0005513099999999501,0.008364572296890508,0.004182286148445254,0.004733596148445204,288.3598876678767,301.03076526743104,95.79083633252644
com_quality,2026-02-19,0.0005513099999999501,-0.009698986860121633,-0.004849493430060817,-0.004298183430060867,287.1204639768084,301.19672653863057,95.32655526386779
com_quality,2026-02-20,0.0005513099999999501,0.00022621618626886275,0.00011310809313443138,0.0006644180931343815,287.3112320079838,301.36277930593855,95.33733152769676
com_quality,2026-02-23,0.0005513099999999501,0.014651625866868172,0.007325812933434086,0.007877122933434037,289.57441790266705,301.52892361979764,96.03537014836951
com_quality,2026-02-24,0.0005513099999999501,-0.00469819585409284,-0.00234909792704642,-0.00179778792704647,289.0538245101801,301.69515953067844,95.80989796450052
com_quality,2026-02-25,0.0005513099999999501,0.011314162359793442,0.005657081179896721,0.006208391179896671,290.8483837247845,301.8614870890793,96.35160368734127
com_quality,2026-02-26,0.0005513099999999501,-0.009373664930239825,-0.004686832465119912,-0.0041355224651199625,289.64557369994685,302.02790634552633,95.90026868861123
com_quality,2026-02-27,0.0005513099999999501,0.004579040405100413,0.0022895202025502064,0.0028408302025501563,290.4684075937487,302.19441735057364,96.11971330919005
com_quality,2026-03-02,0.0005513099999999501,0.00665604007610654,0.00332802003805327,0.0038793300380532197,291.5952304124326,302.3610201548031,96.43942538067287
com_quality,2026-03-03,0.0005513099999999501,0.0,0.0,0.0005513099999999501,291.75598977891127,302.5277148088246,96.43942538067289
com_quality,2026-03-04,0.0005513099999999501,0.00012700620884885036,6.350310442442518e-05,0.0006148131044243753,291.9353651847216,302.6945013632758,96.44554620909955
com_quality,2026-03-05,0.0005513099999999501,-0.0007240925096373783,-0.00036204625481868914,0.00018926374518126094,291.99061796528736,302.8613798688224,96.41064770019754
com_quality,2026-03-06,0.0005513099999999501,-0.012156576421138635,-0.0060782882105693175,-0.005526978210569368,290.3767921821026,303.0283503761578,95.8249588930044
com_quality,2026-03-09,0.0005513099999999501,0.0032017642226667316,0.0016008821113333658,0.0021521921113333157,291.00173882355114,303.1954129360036,95.97827882870173
com_quality,2026-03-10,0.0005513099999999501,-0.004673749881492328,-0.002336874940746164,-0.0017855649407462141,290.4821363210116,303.3625675991093,95.75411317881543
com_quality,2026-03-11,0.0005513099999999501,-0.0036654297270000483,-0.0018327148635000241,-0.001281404863500074,290.10991109877,303.52981441625235,95.57871988842629
com_quality,2026-03-12,0.0005513099999999501,-0.0051832320395269645,-0.0025916160197634822,-0.0020403060197635324,289.51799810076204,303.69715343823816,95.33115303289806
com_quality,2026-03-13,0.0005513099999999501,-0.004641208280831199,-0.0023206041404155997,-0.0017692941404156496,289.00575560317753,303.86458471590015,95.11004906128993
com_quality,2026-03-16,0.0005513099999999501,-0.005090394989302157,-0.0025451974946510787,-0.001993887494651129,288.4295106411982,304.0321083000998,94.86810858690595
com_quality,2026-03-17,0.0005513099999999501,-0.010457131423294786,-0.005228565711647393,-0.004677255711647443,287.08045206514396,304.1997242417267,94.3723577596082
com_quality,2026-03-18,0.0005426600000000696,-0.02177963687068416,-0.01088981843534208,-0.010347158435342011,284.1099851439363,304.3648012640837,93.3452173063293
com_quality,2026-03-19,0.0005426600000000696,0.0067793606716006205,0.0033896803358003103,0.00393234033580038,285.22720229832146,304.5299678671377,93.6614561437061
com_quality,2026-03-20,0.0005426600000000696,0.01173880730575326,0.00586940365287663,0.0064120636528767,287.05609727499024,304.69522409950054,94.2108948781061
com_quality,2026-03-23,0.0005426600000000696,0.0031756186188062665,0.0015878093094031332,0.002130469309403203,287.66766148031166,304.8605700098104,94.36040268213581
com_quality,2026-03-24,0.0005426600000000696,0.005858549663065937,0.0029292748315329683,0.003471934831533038,288.6664248541108,305.0260056467319,94.6366603208357
com_quality,2026-03-25,0.0005426600000000696,-0.011299745928514895,-0.0056498729642574476,-0.005107212964257378,287.19214394675004,305.1915310589562,94.1022652071138
com_quality,2026-03-26,0.0005426600000000696,-0.012254641462554679,-0.006127320731277339,-0.00558466073127727,285.58827325811933,305.3571462952006,93.52598317185938
com_quality,2026-03-27,0.0005426600000000696,-0.0047976468801065415,-0.0023988234400532707,-0.001856163440053201,285.0581747463897,305.5228514042092,93.30175253217162
com_quality,2026-03-30,0.0005426600000000696,0.017994079059007805,0.008997039529503903,0.009539699529503972,287.77754408189907,305.68864643475223,94.14073680467024
com_quality,2026-03-31,0.0005426600000000696,-0.0031884754271676776,-0.0015942377135838388,-0.001051577713583769,287.4749236300727,305.8545314356265,93.99073549138434
com_quality,2026-04-01,0.0005426600000000696,-0.012631320981311839,-0.006315660490655919,-0.00577300049065585,285.81533075490506,306.0205064556554,93.3974438723837
com_quality,2026-04-02,0.0005426600000000696,0.0,0.0,0.0005426600000000696,285.9704313022925,306.1865715436886,93.3974438723837
com_quality,2026-04-06,0.0005426600000000696,-0.01249283928876376,-0.00624641964438188,-0.00570375964438181,284.33932469674403,306.35272674860255,92.81436066018011
com_quality,2026-04-07,0.0005426600000000696,0.029416444024821995,0.014708222012410998,0.015250882012411067,288.6757501891827,306.5189721193,94.17875448075934
com_quality,2026-04-08,0.0005426600000000696,-0.002175326276892979,-0.0010876631384464895,-0.0005450031384464199,288.51842099933623,306.6853077047102,94.0763752781839
com_quality,2026-04-09,0.0005426600000000696,-0.01373635509419771,-0.006868177547098855,-0.006325517547098786,286.69339266464374,306.8517335537893,93.43059247028437
com_quality,2026-04-10,0.0005426600000000696,0.008691222959146483,0.0043456114795732415,0.004888271479573311,288.0948277993884,307.01824971551963,93.83638531791985
com_quality,2026-04-13,0.0005426600000000696,0.016564404009666724,0.008282202004833362,0.008824862004833432,290.63722489902426,307.18485623891024,94.61313570516113
com_quality,2026-04-14,0.0005426600000000696,0.007320614763687107,0.0036603073818435535,0.004202967381843623,291.8587636752244,307.35155317299683,94.95926103583017
com_quality,2026-04-15,0.0005426600000000696,-0.015171699759897702,-0.007585849879948851,-0.007043189879948781,289.80314698453265,307.5183405668417,94.23930502822856
com_quality,2026-04-16,0.0005426600000000696,0.026772507822136797,0.013386253911068399,0.013928913911068468,293.83979007003694,307.68521846953377,95.50013209332388
com_quality,2026-04-17,0.0005426600000000696,-0.002599337115815938,-0.001299668557907969,-0.0007570085579078994,293.61735083430005,307.8521869301884,95.37608089199107
com_quality,2026-04-20,0.0005426600000000696,-0.013861604165600644,-0.006930802082800322,-0.006388142082800252,291.74168147919517,308.01924599794796,94.71540667336701
com_quality,2026-04-22,0.0005426600000000696,-0.028449405349285473,-0.014224702674642736,-0.013682042674642667,287.7500593432248,308.1863957219812,93.36883890319665
com_quality,2026-04-23,0.0005426600000000696,0.006494566722745759,0.0032472833613728797,0.0037899433613729494,288.84061577036726,308.3536361514837,93.67186953763361
com_quality,2026-04-24,0.0005426600000000696,-0.019934528113771128,-0.009967264056885564,-0.009424604056885494,286.1184073311846,308.5209673356777,92.73872366019174
com_quality,2026-04-27,0.0005426600000000696,-0.003702793862032613,-0.0018513969310163065,-0.0013087369310162368,285.7439536048667,308.6883893238121,92.56712059394083
com_quality,2026-04-28,0.0005426600000000696,-0.011084432155941673,-0.005542216077970836,-0.004999556077970767,284.3153606848781,308.85590216516255,92.05437185812261
com_quality,2026-04-29,0.0005339999999999275,0.003098527778141782,0.001549263889070891,0.002083263889070819,284.9076646089011,309.02083121691874,92.1969122557012
com_quality,2026-04-30,0.0005339999999999275,0.001891977506199516,0.000945988753099758,0.0014799887530996857,285.32932474819415,309.1858483407886,92.28408294861559
com_quality,2026-05-04,0.0005339999999999275,0.01856717675547419,0.009283588377737096,0.009817588377737023,288.13057061066957,309.3509535838026,93.14035314024514
com_quality,2026-05-05,0.0005339999999999275,0.021819074699428908,0.010909537349714454,0.011443537349714381,291.4278035570473,309.5161469930164,94.15592898409362
com_quality,2026-05-06,0.0005339999999999275,0.029012804468012344,0.014506402234006172,0.015040402234006099,295.8109949447182,309.68142861551064,95.52106378067201
com_quality,2026-05-07,0.0005339999999999275,0.0,0.0,0.0005339999999999275,295.96895801601863,309.84679849839137,95.52106378067198
com_quality,2026-05-08,0.0005339999999999275,-0.023264327585155398,-0.011632163792577699,-0.011098163792577772,292.6842460424383,310.01225668878953,94.41054014075766
com_quality,2026-05-11,0.0005339999999999275,0.0019184743844895915,0.0009592371922447958,0.0014932371922447233,293.121293044213,310.17780323386137,94.50105390784897
com_quality,2026-05-12,0.0005339999999999275,-0.008110695847961879,-0.0040553479239809394,-0.0035213479239810117,292.0891109874771,310.3434381807882,94.118023793151
com_quality,2026-05-13,0.0005339999999999275,0.014005598301591288,0.007002799150795644,0.007536799150795572,294.29052795112415,310.50916157677676,94.77676164423174
com_quality,2026-05-14,0.0005339999999999275,0.00677448293188441,0.003387241465942205,0.003921241465942133,295.44451217236013,310.6749734690588,95.09762208180715
com_quality,2026-05-15,0.0005339999999999275,-0.006330255278988775,-0.0031651276394943874,-0.0026311276394944596,294.66715995044643,310.8408739048913,94.79678661584462
com_quality,2026-05-18,0.0005339999999999275,-0.0037092149071165006,-0.0018546074535582503,-0.0013206074535583227,294.27802030269703,311.00686293155644,94.6210696216884
com_quality,2026-05-19,0.0005339999999999275,0.019696217434899837,0.009848108717449918,0.010382108717449845,297.33324670263556,311.1729405963619,95.55241086605967
com_quality,2026-05-20,0.0005339999999999275,-0.0010456074467677838,-0.0005228037233838919,1.1196276616035625e-05,297.33657572791276,311.33910694664036,95.50248237169657
com_quality,2026-05-21,0.0005339999999999275,-0.015254769302026162,-0.007627384651013081,-0.007093384651013153,295.22745302545957,311.5053620297499,94.77443697976032
com_quality,2026-05-22,0.0005339999999999275,0.034295694518236164,0.017147847259118082,0.01768184725911801,300.4476197565542,311.67170589307375,96.39874716751793
com_quality,2026-05-25,0.0005339999999999275,-0.01234029967328745,-0.006170149836643725,-0.005636149836643798,298.7542519535433,311.83813858402067,95.80426990428816
com_quality,2026-05-26,0.0005339999999999275,0.004412206052403721,0.0022061030262018606,0.002740103026201788,299.57286938341184,312.00466015002456,96.01551119119983
com_quality,2026-05-27,0.0005339999999999275,-0.002422944481014989,-0.0012114722405074945,-0.0006774722405075669,299.3699170803954,312.1712706385447,95.8992531465294
com_quality,2026-05-28,0.0005339999999999275,-0.00029993219580395046,-0.00014996609790197523,0.0003840339020979523,299.4848852778225,312.33797009706564,95.88487918543854
com_quality,2026-05-29,0.0005339999999999275,-0.0065575575442506275,-0.0032787787721253138,-0.002744778772125386,298.66286552213955,312.50475857309755,95.57066167115012
com_quality,2026-06-01,0.0005339999999999275,-0.013394143348629558,-0.006697071674314779,-0.006163071674314851,296.8221848754703,312.67163611417556,94.9309597008289
com_quality,2026-06-02,0.0005339999999999275,-0.014417930498567176,-0.007208965249283588,-0.00667496524928366,294.84090710621007,312.83860276786055,94.24697096125138
com_quality,2026-06-03,0.0005339999999999275,0.011478964612762443,0.005739482306381221,0.006273482306381149,296.6905863201383,313.0056585817386,94.78761108168919
com_quality,2026-06-05,0.0005339999999999275,0.004076262901889671,0.0020381314509448356,0.0025721314509447634,297.45371350841157,313.17280360342124,94.98069758480204
com_quality,2026-06-08,0.0005339999999999275,-0.0003718429498357212,-0.0001859214749178606,0.00034807852508206695,297.55725075828974,313.3400378805454,94.96304805826551
com_quality,2026-06-09,0.0005339999999999275,0.0,0.0,0.0005339999999999275,297.71614633019465,313.50736146077367,94.9630480582655
com_quality,2026-06-10,0.0005339999999999275,0.019789266117070485,0.009894633058535243,0.01042863305853517,300.82091877587345,313.6747743917938,95.9021710812278
com_quality,2026-06-11,0.0005339999999999275,-0.003988503481266642,-0.001994251740633321,-0.0014602517406333935,300.3816445056121,313.842276721319,95.71102008425095
com_quality,2026-06-12,0.0005339999999999275,-0.0003238800168300824,-0.0001619400084150412,0.00037205999158488635,300.49340449773905,314.00986849708823,95.69552891313845
com_quality,2026-06-15,0.0005339999999999275,-0.00015887441776557543,-7.943720888278771e-05,0.00045456279111713983,300.6299976183999,314.1775497668657,95.68793118460606
com_quality,2026-06-16,0.0005339999999999275,-0.016218570403507944,-0.008109285201753972,-0.007575285201754044,298.3526396462379,314.3453205784412,94.91238460213931
com_quality,2026-06-17,0.0005253100000000541,-0.0022501490902427923,-0.0011250745451213962,-0.0005997645451213421,298.1736983110347,314.51044931879426,94.80565715919973
com_quality,2026-06-18,0.0005253100000000541,-0.005646558317402914,-0.002823279158701457,-0.002297969158701403,297.48850434838,314.67566480292595,94.53813485535657
com_quality,2026-06-19,0.0005253100000000541,-0.00010817548183464365,-5.4087740917321825e-05,0.00047122225908273225,297.6286875534502,314.8409670764036,94.5330241858975
com_quality,2026-06-22,0.0005253100000000541,0.007732183962351304,0.003866091981175652,0.004391401981175706,298.93569476162713,315.0063561848185,94.89830566664423
com_quality,2026-06-23,0.0005253100000000541,0.012905489577739801,0.006452744788869901,0.006978054788869955,301.02168441802274,315.17183217378596,95.51033870693088
com_quality,2026-06-24,0.0005253100000000541,-0.006591298393030094,-0.003295649196515047,-0.002770339196514993,300.1877522466785,315.3373950889452,95.19573540017558
com_quality,2026-06-25,0.0005253100000000541,0.008867234562511686,0.004433617281255843,0.004958927281255897,301.6763614807934,315.50304497595937,95.61757526105032
com_quality,2026-06-26,0.0005253100000000541,-0.006335102432840606,-0.003167551216420303,-0.002642241216420249,300.87925976446917,315.66878188051567,95.31486071320018
com_quality,2026-06-29,0.0005253100000000541,-0.007169053332345456,-0.003584526666172728,-0.003059216666172674,299.958804918492,315.83460584832534,94.97338143577039
com_quality,2026-06-30,0.0005253100000000541,-0.015456981575475362,-0.007728490787737681,-0.007203180787737627,297.7981474177904,316.0005169251235,94.23976590783673
com_quality,2026-07-01,0.0005253100000000541,0.009504753953394248,0.004752376976697124,0.005277686976697178,299.3698328221018,316.16651515666945,94.68739365829286
com_quality,2026-07-02,0.0005253100000000541,0.008366309788290746,0.004183154894145373,0.004708464894145427,300.77940517031084,316.3326005887464,95.08327773062639
com_quality,2026-07-03,0.0005253100000000541,-0.00986849829257051,-0.004934249146285255,-0.004408939146285201,299.4532870764591,316.49877326716165,94.61435947610634
com_quality,2026-07-06,0.0005253100000000541,-0.020347128187877695,-0.010173564093938848,-0.009648254093938793,296.56408567348024,316.6650332377467,93.65229960543985
com_quality,2026-07-07,0.0005253100000000541,-0.00990512035342723,-0.004952560176713615,-0.004427250176713561,295.25112227277543,316.8313805463568,93.18872447660723
com_quality,2026-07-08,0.0005253100000000541,0.017900555125559214,0.008950277562779607,0.009475587562779662,298.0488001348801,316.99781523887157,94.02235151377539
com_quality,2026-07-09,0.0005253100000000541,0.0,0.0,0.0005253100000000541,298.2053681500789,317.1643373611947,94.02235151377539
com_quality,2026-07-10,0.0005253100000000541,-0.00028957515001074886,-0.00014478757500537443,0.00038052242499467964,298.3188419799138,317.33094695925394,94.00874539293474
com_quality,2026-07-13,0.0005253100000000541,0.006270405350013775,0.0031352026750068873,0.0036605126750069413,299.4108418821747,317.4976440790011,94.30332711623966
com_quality,2026-07-14,0.0005253100000000541,-0.01898281741492568,-0.00949140870746284,-0.008966098707462785,296.7262947197746,317.66442876641224,93.40872563920776
com_quality,2026-07-15,0.0005253100000000541,-0.014342829919431234,-0.007171414959715617,-0.006646104959715563,294.7542206207595,317.8313010674875,92.73920461288114
com_quality,2026-07-16,0.0005253100000000541,-0.012918975747919576,-0.006459487873959788,-0.005934177873959734,293.00509664649553,317.9982610282513,92.14047136580555
com_quality,2026-07-17,0.0005253100000000541,0.0057228675937940985,0.0028614337968970492,0.003386743796897103,293.9974298400223,318.165308694752,92.40398679734238
com_quality,2026-07-20,0.0005253100000000541,-0.006544332816591022,-0.003272166408295511,-0.002746856408295457,293.18986111584377,318.3324441130625,92.10178432573188
com_quality,2026-07-21,0.0005253100000000541,0.006707734343117444,0.003353867171558722,0.003879177171558776,294.32719653201684,318.49966732927953,92.41051929505718
com_quality,2026-07-22,0.0005253100000000541,-0.014852108407785605,-0.0074260542038928025,-0.0069007442038927485,292.2961198365005,318.6669783895243,91.72463407212868
com_quality,2026-07-23,0.0005253100000000541,0.0018260620435949504,0.0009130310217974752,0.0014383410217975292,292.7165413361736,318.8343773399421,91.80833753823177
com_quality,2026-07-24,0.0005253100000000541,0.005934028929749627,0.0029670144648748136,0.0034923244648748675,293.73880247475546,319.00186422670254,92.08059118614004
com_quality,2026-07-27,0.0005253100000000541,-0.013947089657861095,-0.006973544828930547,-0.006448234828930493,291.8447056980294,319.16943909599945,91.4388001948547
com_quality,2026-07-28,0.0005253100000000541,-0.003218080199804841,-0.0016090400999024205,-0.0010837300999023665,291.5284248059673,319.33710199405095,91.29174874625069
com_quality,2026-07-29,0.0005253100000000541,0.004729406994792212,0.002364703497396106,0.00289001349739616,292.37094588853114,319.50485296709945,91.50751332050584
com_quality,2026-07-30,0.0005253100000000541,0.009964422306826953,0.004982211153413477,0.005507521153413531,293.98118505765575,319.6726920614116,91.96318370578231
com_quality,2026-07-31,0.0005253100000000541,-0.001586483540008972,-0.000793241770004486,-0.00026793177000443197,293.9024181583953,319.84061932327836,91.89027296790402
com_quality,2026-08-03,0.0005253100000000541,0.0012168305815580076,0.0006084152907790038,0.0011337252907790579,294.23562276288254,320.0086347990151,91.94615106173008
com_quality,2026-08-04,0.0005253100000000541,-0.00198559158525811,-0.000992795792629055,-0.00046748579262900086,294.0980717895555,320.1767385349614,91.85491523689869
com_quality,2026-08-05,0.0005165999999998995,-0.006408501228260772,-0.003204250614130386,-0.0026876506141304867,293.30763892629574,320.34214183808854,91.56074103873073
com_quality,2026-08-06,0.0005165999999998995,0.006177340541912907,0.0030886702709564534,0.0036052702709563527,294.3650922371611,320.50763058856205,91.84339595803249
com_quality,2026-08-07,0.0005165999999998995,-0.019477509373484147,-0.009738754686742073,-0.009222154686742173,291.6504118221729,320.673204830524,90.94941748447935
com_quality,2026-08-10,0.0005165999999998995,0.0,0.0,0.0005165999999998995,291.80107842492015,320.83886460813943,90.94941748447934
com_quality,2026-08-11,0.0005165999999998995,0.0,0.0,0.0005165999999998995,291.9518228620344,321.004609965596,90.94941748447933
sem_quality,2014-05-15,0.0004070500000000027,0.0,0.0,0.0004070500000000027,100.040705,100.040705,100.0
sem_quality,2014-05-16,0.0004070500000000027,-0.0029355280111767823,-0.0014677640055883912,-0.0010607140055883884,99.93459042307757,100.08142656897023,99.8532833204656
sem_quality,2014-05-19,0.0004070500000000027,-0.004806814639131554,-0.002403407319565777,-0.0019963573195657743,99.73508527200863,100.12216471365514,99.6133928558641
sem_quality,2014-05-20,0.0004070500000000027,-0.0035734816240206324,-0.0017867408120103162,-0.0013796908120103134,99.59748169122379,100.16291944080183,99.43548196005585
sem_quality,2014-05-21,0.0004070500000000027,0.00411701657337055,0.002058508286685275,0.0024655582866852776,99.84304508754057,100.2036907571602,99.640087439001
sem_quality,2014-05-22,0.0004070500000000027,0.0034772807071208334,0.0017386403535604167,0.0021456903535604192,100.057277346255,100.2444786694829,99.81325522790625
sem_quality,2014-05-23,0.0004070500000000027,0.003217279211746446,0.001608639605873223,0.0020156896058732255,100.25896176019383,100.2852831845253,99.97375345265463
sem_quality,2014-05-26,0.0004070500000000027,-0.0011778288552236112,-0.0005889144276118056,-0.0001818644276118029,100.24072822150035,100.32610430904556,99.91490142258267
sem_quality,2014-05-27,0.0004070500000000027,0.0063068441232954275,0.0031534220616477138,0.0035604720616477163,100.59763253377223,100.36694204980456,100.22984707838681
sem_quality,2014-05-28,0.0004070500000000027,0.003618335168056137,0.0018091675840280685,0.002216217584028071,100.82057877590518,100.40779641356595,100.41110588727497
sem_quality,2014-05-29,0.0004070500000000027,0.003758442895313503,0.0018792214476567514,0.002286271447656754,101.05108198649677,100.44866740709608,100.59972381411417
sem_quality,2014-05-30,0.0004070500000000027,0.005598810533954673,0.0027994052669773365,0.003206455266977339,101.37509776056612,100.48955503716415,100.88122862428285
sem_quality,2014-06-02,0.0004070500000000027,0.006093420020453242,0.003046710010226621,0.0034537600102266235,101.72522301924438,100.53045931054203,101.18845941508303
sem_quality,2014-06-03,0.0004070500000000027,0.003256875413052297,0.0016284377065261485,0.0020354877065261513,101.93228346014367,100.57138023400438,101.35317147181713
sem_quality,2014-06-04,0.0004070500000000027,0.01503156623220189,0.007515783116100945,0.007922833116100947,102.73987593114148,100.61231781432862,102.11460998318228
sem_quality,2014-06-05,0.0004070500000000027,0.00970422933102481,0.004852114665512405,0.0052591646655124075,103.28020185637767,100.65327205829495,102.60988018011109
sem_quality,2014-06-06,0.00040848999999999926,-0.0026833316244523654,-0.0013416658122261827,-0.0009331758122261835,103.18382327012345,100.69438791339806,102.47226822498432
sem_quality,2014-06-09,0.0004070500000000027,0.0033454080089217117,0.0016727040044608558,0.0020797540044608584,103.39842023976506,100.7353755639982,102.64360425605898
sem_quality,2014-06-10,0.0004070500000000027,-0.0014679812025188772,-0.0007339906012594386,-0.0003269406012594359,103.3646150980826,100.77637989862154,102.56829546969712
sem_quality,2014-06-11,0.0008142656897025055,-0.0007225421746520429,-0.00036127108732602145,0.00045299460237648405,103.41143871079876,100.85843864710542,102.53127065810136
sem_quality,2014-06-13,0.0004070500000000027,0.001724654794200425,0.0008623273971002125,0.0012693773971002153,103.54270685369985,100.89949307455672,102.61965020695398
sem_quality,2014-06-16,0.0004070500000000027,0.005831263350809321,0.0029156316754046607,0.0033226816754046633,103.88674630838443,100.94056421321271,102.91872956936184
sem_quality,2014-06-17,0.0004070500000000027,0.0,0.0,0.0004070500000000027,103.92903340846927,100.98165206987571,102.91872956936183
sem_quality,2014-06-18,0.0004070500000000027,0.01421551154663519,0.007107755773317595,0.007514805773317598,104.71003990874254,101.02275665135075,103.64995311909507
sem_quality,2014-06-20,0.0004070500000000027,-0.004296321453444799,-0.0021481607267223994,-0.0017411107267223966,104.5277281350619,101.06387796444567,103.4273869560347
sem_quality,2014-06-23,0.0004070500000000027,-0.00034098075596343926,-0.00017049037798171963,0.00023655962201828308,104.55245517491996,101.10501601597109,103.40976075648344
sem_quality,2014-06-24,0.0004070500000000027,0.0061741692532757304,0.0030870846266378652,0.0034941346266378678,104.91777552884665,101.14617081274038,103.72886554755388
sem_quality,2014-06-25,0.0004070500000000027,0.00923646456217679,0.004618232281088395,0.005025282281088397,105.44501696718297,101.1873423615697,104.20771462738831
sem_quality,2014-06-26,0.0004070500000000027,-0.014074810792276914,-0.007037405396138457,-0.006630355396138455,104.74587902993868,101.22853066927797,103.47466108359527
sem_quality,2014-06-27,0.0004070500000000027,-0.007353607219612495,-0.0036768036098062474,-0.003269753609806245,104.40338581386821,101.26973574268689,103.09435987780546
sem_quality,2014-06-30,0.0004070500000000027,-0.0017334465864479783,-0.0008667232932239892,-0.00045967329322398645,104.35539436568742,101.31095758862094,103.00504195156125
sem_quality,2014-07-01,0.0004070500000000027,-0.009121206546071424,-0.004560603273035712,-0.004153553273035709,103.92194867586089,101.35219621390739,102.53546796019097
sem_quality,2014-07-02,0.0004070500000000027,-0.014056289041291959,-0.0070281445206459795,-0.006621094520645977,103.2338716309083,101.39345162537626,101.81512708762685
sem_quality,2014-07-03,0.0004070500000000027,0.004063888218756897,0.0020319441093784485,0.002438994109378451,103.48565843570441,101.43472382986036,102.0219255580408
sem_quality,2014-07-04,0.0004070500000000027,-0.015340591416528306,-0.007670295708264153,-0.00726324570826415,102.73401667120439,101.4760128341953,101.23970562290872
sem_quality,2014-07-07,0.0004070500000000027,-0.015856449948804276,-0.007928224974402138,-0.007521174974402136,101.96133615599712,101.51731864521945,100.43738104660686
sem_quality,2014-07-08,0.0008142656897025055,-0.058832920737321104,-0.029416460368660552,-0.028602194678958047,99.0450181695366,101.59998071470284,97.48527260813101
sem_quality,2014-07-10,0.0004070500000000027,0.023613074992600055,0.011806537496300028,0.01221358749630003,100.25471316502288,101.64133698685276,98.63576782543775
sem_quality,2014-07-11,0.0004070500000000027,-0.013042756139132123,-0.006521378069566062,-0.006114328069566059,99.64172295821169,101.68271009307325,97.99278841703433
sem_quality,2014-07-14,0.0004070500000000027,-0.012861785429875816,-0.006430892714937908,-0.0060238427149379055,99.04149689126601,101.72410004021664,97.36286371873523
sem_quality,2014-07-15,0.0004070500000000027,0.016198420324239127,0.008099210162119563,0.008506260162119566,99.88396963066887,101.76550683513801,98.15110516030028
sem_quality,2014-07-16,0.0004070500000000027,-0.013875041581613184,-0.006937520790806592,-0.0065304707908065895,99.23168028452596,101.80693048469524,97.47045688549032
sem_quality,2014-07-17,0.0004070500000000027,-0.0299252418684472,-0.0149626209342236,-0.014555570934223598,97.78730652322236,101.84837099574904,96.012636792496
sem_quality,2014-07-18,0.0004070500000000027,-0.0059093121939000175,-0.0029546560969500087,-0.002547606096950006,97.53818298491947,101.88982837516285,95.7290678965319
sem_quality,2014-07-21,0.0004070500000000027,0.0,0.0,0.0004070500000000027,97.57788590230348,101.93130262980297,95.72906789653189
sem_quality,2014-07-22,0.0004070500000000027,-0.0035116794634278865,-0.0017558397317139433,-0.0013487897317139405,97.4462738517561,101.97279376653843,95.56105138675953
sem_quality,2014-07-23,0.0004070500000000027,-0.014737208051857591,-0.0073686040259287955,-0.006961554025928793,96.76789635171164,102.01430179224108,94.85718634705349
sem_quality,2014-07-24,0.0004070500000000027,0.0006781739382479633,0.00033908696912398164,0.0007461369691239843,96.84009845660401,102.05582671378562,94.88933809550231
sem_quality,2014-07-25,0.0004070500000000027,-0.01241975797179559,-0.006209878985897795,-0.0058028289858977926,96.27815192628285,102.09736853804945,94.30032654602854
sem_quality,2014-07-28,0.0004070500000000027,-0.0067047731507562285,-0.0033523865753781142,-0.0029453365753781117,95.99458036400455,102.13892727191285,93.98432402608762
sem_quality,2014-07-29,0.0004070500000000027,-0.003512794543097063,-0.0017563972715485315,-0.0013493472715485288,95.86505033890693,102.18050292225888,93.81931738175444
sem_quality,2014-07-30,0.0004070500000000027,0.002509721331471638,0.001254860665735819,0.0016619106657358217,96.02436948853645,102.22209549597339,93.93699965025559
sem_quality,2014-07-31,0.0004070500000000027,0.001996139529491373,0.0009980697647456866,0.0014051197647456893,96.15929522800205,102.26370499994502,94.03071718167628
sem_quality,2014-08-01,0.00040740999999999895,0.004589184789867171,0.0022945923949335856,0.0027020023949335848,96.41911787400323,102.30536825599906,94.24639148234466
sem_quality,2014-08-04,0.00040740999999999895,-0.010983148639201206,-0.005491574319600603,-0.005084164319600604,95.92890723518087,102.34704848608023,93.72904119284665
sem_quality,2014-08-05,0.00040740999999999895,-0.009565407057457776,-0.004782703528728888,-0.004375293528728889,95.50919010813675,102.38874569710394,93.28094553544103
sem_quality,2014-08-06,0.00040740999999999895,-0.005503457085139794,-0.002751728542569897,-0.002344318542569898,95.28528614278041,102.4304598959884,93.02436622810883
sem_quality,2014-08-07,0.00040740999999999895,0.00597067379515129,0.002985336897575645,0.0033927468975756443,95.60856500172594,102.47219108965461,93.30196220560602
sem_quality,2014-08-08,0.00040740999999999895,0.006264395133441751,0.0031321975667208757,0.003539607566720875,95.94698180184936,102.51393928502645,93.5940833715125
sem_quality,2014-08-11,0.00040740999999999895,-0.009103667993283417,-0.004551833996641708,-0.00414442399664171,95.54933682806444,102.55570448903057,93.16823213698899
sem_quality,2014-08-12,0.00040740999999999895,0.0027837322571780745,0.0013918661285890373,0.0017992761285890362,95.72125646892168,102.59748670859645,93.29785703308205
sem_quality,2014-08-13,0.00040740999999999895,-0.0012599326840387994,-0.0006299663420193997,-0.00022255634201940076,95.69995309622846,102.63928595065642,93.23910645894007
sem_quality,2014-08-14,0.000407770000000003,0.00521431360161919,0.002607156800809595,0.003014926800809598,95.98848144965449,102.68113917228851,93.48209634545987
sem_quality,2014-08-15,0.00040740999999999895,0.009109387880411652,0.004554693940205826,0.0049621039402058245,96.4647862716702,102.7229724951987,93.90770528586387
sem_quality,2014-08-18,0.00040740999999999895,0.015151136461724269,0.0075755682308621345,0.007982978230862133,97.2348625605217,102.76482286142297,94.61881979949662
sem_quality,2014-08-19,0.00040848999999999926,0.01133641355293372,0.00566820677646686,0.006076696776466859,97.82572933640343,102.80680126391364,95.1549198435584
sem_quality,2014-08-20,0.000407770000000003,0.0,0.0,0.000407770000000003,97.86561973405495,102.84872279326503,95.15491984355843
sem_quality,2014-08-21,0.00040740999999999895,-0.0003366160066188492,-0.0001683080033094246,0.00023910199669057434,97.88901959914071,102.89062439141823,95.13891103114474
sem_quality,2014-08-22,0.00040848999999999926,0.0025095338622243,0.00125476693111215,0.0016632569311121493,98.05183418946875,102.93265418257589,95.25823944610443
sem_quality,2014-08-25,0.00040848999999999926,0.01947716144375209,0.009738580721876045,0.010147070721876044,99.04677308539895,102.97470114248296,96.18554070708197
sem_quality,2014-08-26,0.00040740999999999895,0.027154095958807224,0.013577047979403612,0.01398445797940361,100.43188852160722,103.0166540654754,97.49092458174253
sem_quality,2014-08-27,0.00040848999999999926,0.01723562278628953,0.008617811393144765,0.009026301393144764,101.33841701688597,103.05873533849461,98.33073992616126
sem_quality,2014-08-28,0.00040740999999999895,0.01836081618013315,0.009180408090066575,0.009587818090066574,102.31003132477919,103.10072249785887,99.23308862060001
sem_quality,2014-08-29,0.00040740999999999895,0.008969835869696342,0.004484917934848171,0.0048923279348481695,102.81056554904457,103.14272676321173,99.67795963458508
sem_quality,2014-09-01,0.00040740999999999895,0.007616394720244304,0.003808197360122152,0.0042156073601221505,103.24397452587144,103.18474814152232,100.05739839018445
sem_quality,2014-09-02,0.00040740999999999895,0.012018764400568968,0.006009382200284484,0.006416792200284483,103.9064696563354,103.22678663976265,100.6584366700716
sem_quality,2014-09-03,0.00040740999999999895,0.0009396106640243099,0.00046980533201215497,0.0008772153320121539,103.9976180046132,103.26884226490756,100.70570728181126
sem_quality,2014-09-04,0.00040740999999999895,0.016450421745739387,0.008225210872869693,0.008632620872869692,104.89539001252857,103.3109150239347,101.53369562957292
sem_quality,2014-09-05,0.00040740999999999895,-0.008352673490563518,-0.004176336745281759,-0.00376892674528176,104.50004697165357,103.3530049238246,101.10982941296616
sem_quality,2014-09-08,0.00040740999999999895,-0.0232552212698732,-0.0116276106349366,-0.011220200634936601,103.32753547827134,103.39511197156061,99.93464246810058
sem_quality,2014-09-09,0.00040848999999999926,0.002969499595815131,0.0014847497979075656,0.0018932397979075648,103.52315928065852,103.43734784084988,100.08295982215307
sem_quality,2014-09-10,0.00040740999999999895,9.634934740437341e-05,4.8174673702186706e-05,0.00045558467370218565,103.57032284540001,103.4794892507337,100.087779322573
sem_quality,2014-09-11,0.00040740999999999895,-0.010270963310209026,-0.005135481655104513,-0.004728071655104514,103.08063493764466,103.52164782944935,99.5739896909956
sem_quality,2014-09-12,0.00040740999999999895,-0.00333468883517285,-0.001667344417586425,-0.001259934417586426,102.95076009790006,103.56382358399155,99.40803316749474
sem_quality,2014-09-15,0.00040740999999999895,0.010338933315580588,0.005169466657790294,0.005576876657790292,103.5249037887918,103.6060165213579,99.921710403228
sem_quality,2014-09-16,0.00040740999999999895,0.023352048886200655,0.011676024443100327,0.012083434443100326,104.77584017695192,103.64822664854887,101.08792360937015
sem_quality,2014-09-17,0.00040740999999999895,-0.009105285380264732,-0.004552642690132366,-0.0041452326901323675,104.34151993911433,103.69045397256775,100.62789383362023
sem_quality,2014-09-18,0.00040740999999999895,0.012968232499395584,0.006484116249697792,0.0068915262496977905,105.06059226270811,103.73269850042071,101.28011107537321
sem_quality,2014-09-19,0.00040740999999999895,0.0,0.0,0.00040740999999999895,105.10339499860186,103.77496023911677,101.28011107537321
sem_quality,2014-09-22,0.00040848999999999926,0.0008976544739725647,0.00044882723698628233,0.0008573172369862815,105.19350195079996,103.81735127262486,101.32554978652973
sem_quality,2014-09-23,0.00040848999999999926,0.014862429937895329,0.0074312149689476645,0.007839704968947665,106.01818797074462,103.85975962244622,102.07821427292416
sem_quality,2014-09-24,0.00040848999999999926,0.004111400901386563,0.0020557004506932815,0.0024641904506932807,106.27943697714193,103.9021852956544,102.28797082055881
sem_quality,2014-09-25,0.00040740999999999895,0.004053087240493448,0.002026543620246724,0.0024339536202467233,106.53811619753021,103.94451608496571,102.4951774372055
sem_quality,2014-09-26,0.00040740999999999895,0.012056842871752613,0.006028421435876306,0.006435831435876305,107.22377755487334,103.98686412026387,103.1128099322871
sem_quality,2014-09-29,0.00040740999999999895,0.013641636835065928,0.006820818417532964,0.007228228417532963,107.99881551083071,104.0292294085751,103.81583726499122
sem_quality,2014-09-30,0.00040740999999999895,-0.015426856448025585,-0.007713428224012792,-0.007306018224012794,107.20977419653678,104.07161195692845,103.01538736702484
sem_quality,2014-10-01,0.00040740999999999895,-0.019235344488879792,-0.009617672244439896,-0.009210262244439897,106.2223440610195,104.11401177235582,102.0250226196965
sem_quality,2014-10-02,0.00040740999999999895,0.022427634077887473,0.011213817038943736,0.011621227038943735,107.45677803796139,104.15642886189201,103.16864663288861
sem_quality,2014-10-03,0.00040740999999999895,-0.004548132043654826,-0.002274066021827413,-0.0018666560218274142,107.25619319615065,104.19886323257464,102.93412986353985
sem_quality,2014-10-06,0.00040848999999999926,0.004591075239831732,0.002295537619915866,0.002704027619915865,107.54621690496009,104.24142742621652,103.17032254866497
sem_quality,2014-10-07,0.00040848999999999926,-0.002713137741410421,-0.0013565688707052105,-0.0009480788707052113,107.44425460908822,104.28400900690586,103.03042204867008
sem_quality,2014-10-08,0.00040848999999999926,-0.014226416376218631,-0.007113208188109316,-0.0067047181881093165,106.72387116100282,104.32660798174511,102.2978444575493
sem_quality,2014-10-09,0.00040848999999999926,0.002796869128061562,0.001398434564030781,0.00180692456403078,106.9167131453721,104.36922435783957,102.4408428856367
sem_quality,2014-10-10,0.00040740999999999895,-0.016960831094375513,-0.008480415547187757,-0.008073005547187758,106.05357392706243,104.4117454235352,101.57245575856177
sem_quality,2014-10-13,0.00040848999999999926,-0.01663477955025766,-0.00831738977512883,-0.007908899775128831,105.21480684007906,104.45439657742325,100.72798301227292
sem_quality,2014-10-14,0.00040740999999999895,0.0018335864132896472,0.0009167932066448236,0.0013242032066448225,105.3541326246832,104.49695234313288,100.82029213515781
sem_quality,2014-10-15,0.00040848999999999926,0.02230281299952812,0.01115140649976406,0.01155989649976406,106.57201549364697,104.53963830319553,101.94412112327858
sem_quality,2014-10-16,0.00040848999999999926,-0.004119795158285158,-0.002059897579142579,-0.00165140757914258,106.39602165953626,104.58234170004602,101.73421242057486
sem_quality,2014-10-17,0.00040848999999999926,0.007749891198367298,0.003874945599183649,0.004283435599183648,106.85176216632424,104.62506254080708,102.12826599233685
sem_quality,2014-10-20,0.00040848999999999926,-0.0018153756124821216,-0.0009076878062410608,-0.0004991978062410616,106.79842200105783,104.66780083260439,102.0356032624216
sem_quality,2014-10-21,0.00040848999999999926,0.0,0.0,0.00040848999999999926,106.84204808846106,104.71055658256651,102.0356032624216
sem_quality,2014-10-22,0.00040848999999999926,-0.015043326934197142,-0.007521663467098571,-0.007113173467098572,106.08206206682773,104.75332979782495,101.2684391718786
sem_quality,2014-10-23,0.00040848999999999926,0.006698965388727548,0.003349482694363774,0.003757972694363773,106.48071555943667,104.79612048551408,101.60749755441132
sem_quality,2014-10-24,0.00040848999999999926,-0.0002915828100096725,-0.00014579140500483624,0.000262698594995163,106.50868789380823,104.83892865277123,101.59269010327957
sem_quality,2014-10-27,0.00040848999999999926,-0.01233521561065145,-0.006167607805325725,-0.005759117805325726,105.89529181293713,104.88175430673661,100.96636208356732
sem_quality,2014-10-28,0.00040848999999999926,0.010629683127818569,0.0053148415639092846,0.005723331563909284,106.50136567903952,104.92459745455338,101.50276318683909
sem_quality,2014-10-29,0.0004174299999999945,0.004850709304743118,0.002425354652371559,0.0028427846523715536,106.8041261268485,104.96839612926883,101.74884066564088
sem_quality,2014-10-30,0.00041635999999999675,0.00463056609139267,0.002315283045696335,0.002731643045696332,107.09587687523458,105.01210077068122,101.98431998718297
sem_quality,2014-10-31,0.00041635999999999675,0.002038517791869112,0.001019258895934556,0.0014356188959345527,107.24962573975336,105.0558236089581,102.08822515062192
sem_quality,2014-11-03,0.00041635999999999675,-0.02137657338987329,-0.010688286694936645,-0.010271926694936647,106.14796544609524,105.09956465167592,100.99753105342916
sem_quality,2014-11-04,0.0004174299999999945,-0.0011199996795646407,-0.0005599998397823203,-0.00014256983978232582,106.13283194766836,105.14343636294845,100.94099605162664
sem_quality,2014-11-05,0.0004174299999999945,-0.021150073589749397,-0.010575036794874699,-0.010157606794874704,105.05477637271743,105.18732638758944,99.87398670598053
sem_quality,2014-11-06,0.0004174299999999945,-0.026881224452340202,-0.013440612226170101,-0.013023182226170106,103.68662887628597,105.23123473324341,98.53217928985347
sem_quality,2014-11-07,0.0004174299999999945,0.002921007837037781,0.0014605039185188904,0.001877933918518885,103.88134551354962,105.2751614075581,98.67602587792527
sem_quality,2014-11-10,0.0004174299999999945,-0.0033245962463498316,-0.0016622981231749158,-0.0012448681231749213,103.75202693792728,105.31910641818445,98.51206534735032
sem_quality,2014-11-11,0.0004174299999999945,0.03134853256373147,0.015674266281865735,0.016091696281865728,105.42157304404039,105.36306977277658,100.05552540504938
sem_quality,2014-11-12,0.0004174299999999945,-0.004809349609257926,-0.002404674804628963,-0.0019872448046289685,105.2120745707128,105.40705147899183,99.8150247962131
sem_quality,2014-11-13,0.0004174299999999945,0.008305887477178331,0.004152943738589166,0.00457037373858916,105.69293307331327,105.45105154449071,100.22937801499353
sem_quality,2014-11-14,0.0004174299999999945,0.014212944011050655,0.0071064720055253276,0.007523902005525322,106.48815634443342,105.49506997693692,100.94135808214888
sem_quality,2014-11-17,0.0004174299999999945,0.015821527770191267,0.007910763885095633,0.008328193885095628,107.37501035693624,105.53910678399738,101.73954814370025
sem_quality,2014-11-18,0.0004174299999999945,0.0018363092698063903,0.0009181546349031951,0.0013355846349031896,107.51841877094155,105.58316197334221,101.83292180441418
sem_quality,2014-11-19,0.0008350342478048888,-0.009088043023553947,-0.004544021511776974,-0.003708987263972085,107.11963432507771,105.67132752958148,101.37057689096487
sem_quality,2014-11-21,0.0004174299999999945,0.0,0.0,0.0004174299999999945,107.16434927403402,105.71543791183215,101.37057689096486
sem_quality,2014-11-24,0.0004174299999999945,-0.006006539879402695,-0.0030032699397013474,-0.0025858399397013527,106.8872394195691,105.75956670707968,101.06626071531923
sem_quality,2014-11-25,0.0004174299999999945,0.013580944102077852,0.006790472051038926,0.007207902051038921,107.6576721718113,105.80371392301022,101.75226197650315
sem_quality,2014-11-26,0.0004174299999999945,-0.007272516435280019,-0.0036362582176400096,-0.003218828217640015,107.31114061877925,105.8478795673131,101.3824188613392
sem_quality,2014-11-27,0.00041635999999999675,0.009697721759342727,0.0048488608796713635,0.00526522087967136,107.87615747698658,105.89195039044974,101.87380351312879
sem_quality,2014-11-28,0.00041635999999999675,-0.005357163929113305,-0.0026785819645566526,-0.002262221964556656,107.63211766409017,105.9360395629143,101.60103974829887
sem_quality,2014-12-01,0.00041635999999999675,-0.004883535290666253,-0.0024417676453331264,-0.0020254076453331297,107.41411875008993,105.98014709234673,101.35305686686178
sem_quality,2014-12-02,0.0004174299999999945,-0.006126516821116601,-0.0030632584105583006,-0.002645828410558306,107.12991942300584,106.02438638514748,101.04271580864649
sem_quality,2014-12-03,0.00043525999999999564,-0.004963405795242282,-0.002481702897621141,-0.0020464428976211457,106.91068416027991,106.07053455956547,100.79206690548226
sem_quality,2014-12-04,0.00043525999999999564,-0.004091406776754424,-0.002045703388377212,-0.0016104433883772165,106.7385105558271,106.11670282043787,100.58596594019832
sem_quality,2014-12-05,0.00043525999999999564,-0.006760865347457278,-0.003380432673728639,-0.0029451726737286434,106.42414721130358,106.16289117650749,100.24608978890912
sem_quality,2014-12-08,0.0004345500000000065,-0.0019644964443126574,-0.0009822482221563287,-0.0005476982221563222,106.36585889508146,106.20902426086822,100.14766601548662
sem_quality,2014-12-09,0.0004345500000000065,-0.023086877200432544,-0.011543438600216272,-0.011108888600216266,105.18425241774966,106.25517739236079,98.9921197245226
sem_quality,2014-12-10,0.00043525999999999564,-0.00430741275180614,-0.00215370637590307,-0.0017184463759030743,105.0034989203803,106.30142602087258,98.77901252214863
sem_quality,2014-12-11,0.00043525999999999564,-0.0038055640235376414,-0.0019027820117688207,-0.001467522011768825,104.8494039744019,106.34769477956243,98.59113936765044
sem_quality,2014-12-12,0.00043525999999999564,4.857991456701585e-05,2.4289957283507926e-05,0.00045954995728350357,104.89758751351954,106.39398367719217,98.59353310031814
sem_quality,2014-12-15,0.00043525999999999564,-0.008736183504794659,-0.0043680917523973295,-0.003932831752397334,104.48504295059648,106.4402927225275,98.16305487149678
sem_quality,2014-12-16,0.00043525999999999564,0.010229761494110867,0.005114880747055434,0.005550140747055429,105.06494964493444,106.48662192433791,98.66492874530886
sem_quality,2014-12-17,0.00043525999999999564,-0.007088490847467354,-0.003544245423733677,-0.0031089854237336817,104.73830424794303,106.53297129139669,98.31538816415366
sem_quality,2014-12-18,0.00043525999999999564,-0.011589619450974089,-0.005794809725487044,-0.005359549725487049,104.176954098163,106.57934083248097,97.74591706464577
sem_quality,2014-12-19,0.00043525999999999564,0.015560366430914564,0.007780183215457282,0.008215443215457278,105.03281394891575,106.62573055637172,98.50606734496058
sem_quality,2014-12-22,0.0004345500000000065,-0.0016060530726951796,-0.0008030265363475898,-0.0003684765363475833,104.99411182142902,106.672064767585,98.42699871816312
sem_quality,2014-12-23,0.000869288833702513,0.0,0.0,0.000869288833702513,105.08538203043989,106.76479360235544,98.42699871816312
sem_quality,2014-12-26,0.00043525999999999564,-0.017157667602577656,-0.008578833801288828,-0.008143573801288832,104.22961146643837,106.81126404641881,97.58297722339613
sem_quality,2014-12-29,0.0004345500000000065,0.009384694295449126,0.004692347147724563,0.00512689714772457,104.76398596417408,106.85767888121018,98.04067153717274
sem_quality,2014-12-30,0.000869288833702513,-0.014958292893274425,-0.007479146446637212,-0.0066098576129347,104.07151093398741,106.950569068257,97.30804785860266
sem_quality,2015-01-02,0.0004345500000000065,-0.017159204592351804,-0.008579602296175902,-0.008145052296175896,103.22384303488803,106.9970444380456,96.4735461404802
sem_quality,2015-01-05,0.0004345500000000065,0.005955663861752702,0.002977831930876351,0.0034123819308763577,103.57608221169592,107.04354000370617,96.76070336249138
sem_quality,2015-01-06,0.0004345500000000065,-0.00720249774247397,-0.003601248871236985,-0.0031666988712369783,103.24808794906899,107.09005577401479,96.41239534597568
sem_quality,2015-01-07,0.0004345500000000065,0.02274898628822941,0.011374493144114706,0.011809043144114711,104.4673490742069,107.13659175775139,97.50856113700165
sem_quality,2015-01-08,0.0004345500000000065,0.0017876089658805938,0.0008938044829402969,0.0013283544829403035,104.60611874567051,107.18314796369972,97.59567686992924
sem_quality,2015-01-09,0.0004345500000000065,-0.029915217447806695,-0.014957608723903348,-0.014523058723903342,103.08691794024753,107.22972440064736,96.1365130018232
sem_quality,2015-01-12,0.0004345500000000065,-0.005017656575027352,-0.002508828287513676,-0.0020742782875136693,102.87308698463737,107.27632107738565,95.89542776213223
sem_quality,2015-01-13,0.0004345500000000065,-0.020910785910887,-0.0104553929554435,-0.010020842955443494,101.84221193562264,107.32293800270982,94.89323888342602
sem_quality,2015-01-14,0.0004345500000000065,-0.015958803507517026,-0.007979401753758513,-0.007544851753758506,101.07382754429351,107.3695751854189,94.13637650120798
sem_quality,2015-01-15,0.0004345500000000065,-0.011341896869056067,-0.005670948434528034,-0.005236398434528027,100.5445647119688,107.41623263431572,93.60276584476705
sem_quality,2015-01-16,0.0004345500000000065,0.0028167915129290837,0.0014083957564645418,0.0018429457564645485,100.7298628908403,107.46291035820697,93.7345383212465
sem_quality,2015-01-19,0.0004345500000000065,0.0013537578307578069,0.0006768789153789034,0.00111142891537891,100.84181697309933,107.50960836590313,93.79795769499006
sem_quality,2015-01-20,0.0004345500000000065,0.031639128656767566,0.015819564328383783,0.01625411432838379,102.48091139526205,107.55632666621852,95.28115599679496
sem_quality,2015-01-21,0.0004530099999999981,0.00894584489743686,0.00447292244871843,0.004925932448718429,102.98572544207822,107.60505075776159,95.70714823964694
sem_quality,2015-01-22,0.0004526499999999011,0.0005403012357450333,0.00027015061787251664,0.0007228006178724177,103.06016358805978,107.65375818398708,95.73299188675183
sem_quality,2015-01-23,0.0004526499999999011,-0.017233913948006184,-0.008616956974003092,-0.00816430697400319,102.21874877573589,107.70248765762906,94.90843804896578
sem_quality,2015-01-26,0.0004526499999999011,0.0010709558832730504,0.0005354779416365252,0.0009881279416364263,102.3197539775603,107.75123918866728,94.95923643012893
sem_quality,2015-01-27,0.0004526499999999011,-0.012491732228720142,-0.006245866114360071,-0.00579321611436017,101.72699353000014,107.80001278708605,94.36640209952422
sem_quality,2015-01-28,0.0004526499999999011,0.0,0.0,0.0004526499999999011,101.77304025362149,107.8488084628741,94.36640209952424
sem_quality,2015-01-29,0.0004526499999999011,-0.011803039699008498,-0.005901519849504249,-0.005448869849504348,101.21849220309113,107.89762622602481,93.80974887349035
sem_quality,2015-01-30,0.0004526499999999011,0.017438694956837853,0.008719347478418927,0.009171997478418828,102.14686795834724,107.94646608653602,94.62733858879689
sem_quality,2015-02-02,0.0004530099999999981,-0.0054200153019475774,-0.0027100076509737887,-0.0022569976509737907,101.91632271731092,107.99536691513786,94.37101389487957
sem_quality,2015-02-03,0.0004530099999999981,0.010173323444451675,0.005086661722225837,0.005539671722225836,102.48090568830126,108.04428989630411,94.85082995747177
sem_quality,2015-02-04,0.0004530099999999981,0.007566851810297403,0.0037834259051487016,0.0042364359051487,102.91505947675135,108.09323504007003,95.20952855060807
sem_quality,2015-02-05,0.0004530099999999981,-0.021747730400893683,-0.010873865200446841,-0.010420855200446843,101.84259654399874,108.14220235647551,94.17470175823587
sem_quality,2015-02-06,0.0004530099999999981,-0.01820675275034063,-0.009103376375170315,-0.008650366375170316,100.96162077129449,108.19119185556502,93.317782196242
sem_quality,2015-02-09,0.0004530099999999981,-0.01248650804601642,-0.00624325402300821,-0.005790244023008212,100.37702835007028,108.24020354738751,92.73543938424437
sem_quality,2015-02-10,0.0004530099999999981,-0.013187608430912857,-0.006593804215456429,-0.00614079421545643,99.76063367501345,108.2892374419965,92.12423693393235
sem_quality,2015-02-11,0.0004530099999999981,0.017220769374935718,0.008610384687467859,0.009063394687467858,100.66480367228199,108.3382935494501,92.91710287677219
sem_quality,2015-02-12,0.0004530099999999981,0.005958173803215904,0.002979086901607952,0.00343209690160795,101.0102950330666,108.38737187981093,93.19378566081973
sem_quality,2015-02-13,0.0004530099999999981,0.015936207056804173,0.007968103528402087,0.008421113528402085,101.86091419507744,108.4364724431462,93.93602715035169
sem_quality,2015-02-18,0.0004530099999999981,0.022733694453922672,0.011366847226961336,0.011819857226961335,103.06489565787102,108.48559524952768,95.00330013474277
sem_quality,2015-02-19,0.0004530099999999981,-0.013700968848922569,-0.006850484424461284,-0.006397474424461286,102.40554062384003,108.53474030903168,94.35277620074463
sem_quality,2015-02-20,0.0004530099999999981,0.006459516068857018,0.003229758034428509,0.0036827680344285072,102.78267647539788,108.58390763173907,94.65737485151483
sem_quality,2015-02-23,0.0004530099999999981,0.0052923145894614,0.0026461572947307,0.003099167294730698,103.1012171847953,108.6330972277353,94.90773973668159
sem_quality,2015-02-24,0.0004530099999999981,0.005934990904590931,0.0029674954522954655,0.0034205054522954636,103.4538754603142,108.68230910711046,95.18925049554896
sem_quality,2015-02-25,0.0004530099999999981,-0.005669584629255698,-0.002834792314627849,-0.002381782314627851,103.2074708493631,108.73154327995907,94.91953092547143
sem_quality,2015-02-26,0.0004530099999999981,-0.02828385067741427,-0.014141925338707135,-0.013688915338707136,101.7946725185841,108.7807997563803,93.57779382626164
sem_quality,2015-02-27,0.0004530099999999981,0.00037687696937068783,0.00018843848468534392,0.000641448484685342,101.85996855702018,108.83007854647795,93.59541949932431
sem_quality,2015-03-02,0.0004530099999999981,-0.01690656986713125,-0.008453284933565624,-0.008000274933565626,101.04506080383966,108.87937966036027,92.80458900394264
sem_quality,2015-03-03,0.0004530099999999981,0.0,0.0,0.0004530099999999981,101.0908352268344,108.92870310814023,92.80458900394262
sem_quality,2015-03-04,0.00047102999999999674,0.007362407967538975,0.0036812039837694874,0.004152233983769484,101.5105880283109,108.98001179516524,93.14606078324383
sem_quality,2015-03-05,0.00047102999999999674,-0.001619496431936751,-0.0008097482159683755,-0.0003387182159683787,101.47620454303204,109.0313446501211,93.0706714373437
sem_quality,2015-03-06,0.00047102999999999674,-0.02825927241505858,-0.01412963620752929,-0.013658606207529293,100.09018102574404,109.08270168439165,91.75623584693967
sem_quality,2015-03-09,0.00047102999999999674,0.018665920282958326,0.009332960141479163,0.00980399014147916,101.07146417377932,109.13408290936604,92.61218995876605
sem_quality,2015-03-10,0.00047102999999999674,0.006798268721082612,0.003399134360541306,0.0038701643605413027,101.46262735229242,109.18548833643882,92.9268430248262
sem_quality,2015-03-11,0.00047102999999999674,0.017357542143566496,0.008678771071783248,0.009149801071783245,102.39099020878635,109.23691797700992,93.73295411935334
sem_quality,2015-03-12,0.00047102999999999674,-0.009356297385143108,-0.004678148692571554,-0.0042071186925715575,101.96021915992806,109.28837184248461,93.29466387044498
sem_quality,2015-03-13,0.0004710300000000106,-0.004232154555765632,-0.002116077277882816,-0.0016450472778828055,101.79248977894669,109.33984994427357,93.09733809843942
sem_quality,2015-03-16,0.0004710300000000106,-0.012449777269688055,-0.006224888634844028,-0.005753858634844017,101.20679018266982,109.39135229379282,92.5180903796292
sem_quality,2015-03-17,0.0004710300000000106,0.01425591137798069,0.007127955688990345,0.007598985688990355,101.9758591328966,109.44287890246376,93.17724474680365
sem_quality,2015-03-18,0.0004710300000000106,-0.01002396917826618,-0.00501198458913309,-0.00454095458913308,101.51279138738629,109.49442978171318,92.7104617008929
sem_quality,2015-03-19,0.0004710300000000106,0.00527846797543996,0.00263923398771998,0.0031102639877199907,101.82852296673141,109.54600494297324,92.95503110290572
sem_quality,2015-03-20,0.0004713800000000125,0.004233487055290275,0.0021167435276451376,0.00258812352764515,102.09206776280698,109.59764273878325,93.1517003574017
sem_quality,2015-03-23,0.0004713800000000125,0.015817348791234753,0.007908674395617377,0.00838005439561739,102.94760484402035,109.64930487561746,93.88805971985022
sem_quality,2015-03-24,0.0004713800000000125,0.0006762262040202697,0.00033811310201013484,0.0008094931020101474,103.03094022001005,109.70099136494973,93.91978954615828
sem_quality,2015-03-25,0.0004713800000000125,0.00138697418780802,0.00069348709390401,0.0011648670939040226,103.15095757192631,109.75270221825934,93.98489102053772
sem_quality,2015-03-26,0.0004713800000000125,0.007158602064319219,0.0035793010321596096,0.004050681032159622,103.56878919921202,109.80443744703099,94.32113274035304
sem_quality,2015-03-27,0.0004710300000000106,-0.004065452764318831,-0.0020327263821594155,-0.0015616963821594048,103.40704619581498,109.85615863120167,94.12949395305455
sem_quality,2015-03-30,0.0004710300000000106,0.005780224440073279,0.0028901122200366393,0.00336114222003665,103.754611984633,109.9079041776017,94.4014106728616
sem_quality,2015-03-31,0.0004710300000000106,0.017163222863946948,0.008581611431973474,0.009052641431973485,104.69386528384341,109.95967409770645,95.21114548849606
sem_quality,2015-04-01,0.0004710300000000106,0.012255510551401195,0.006127755275700597,0.0065987852757006075,105.3847176205346,110.0114684029967,95.79430140363796
sem_quality,2015-04-02,0.0004710300000000106,0.0,0.0,0.0004710300000000106,105.4343569840754,110.06328710495853,95.79430140363797
sem_quality,2015-04-06,0.0004710300000000106,-0.01871105547443726,-0.00935552773721863,-0.00888449773721862,104.49762567802527,110.1151302150836,94.89851710106879
sem_quality,2015-04-07,0.0004710300000000106,-0.016331201879604414,-0.008165600939802207,-0.0076945709398021965,103.69356128420482,110.1669977448688,94.12397851155431
sem_quality,2015-04-08,0.0004710300000000106,0.01017923847914485,0.005089619239572425,0.005560649239572436,104.27016480690838,110.21888970581655,94.60280818035292
sem_quality,2015-04-09,0.0004710300000000106,0.0036812277152298047,0.0018406138576149023,0.002311643857614913,104.51120029291675,110.27080610943467,94.77685343952052
sem_quality,2015-04-10,0.0004710300000000106,0.014390642247546295,0.007195321123773147,0.007666351123773158,105.31241985072923,110.32274696723638,95.45848226749183
sem_quality,2015-04-13,0.0004710300000000106,-0.013946921031212521,-0.006973460515606261,-0.00650243051560625,104.6276331582195,110.37471229074036,94.79311971624227
sem_quality,2015-04-14,0.0004710300000000106,0.012234490478105467,0.006117245239052734,0.006588275239052744,105.3169488030765,110.42670209147064,95.37271946765055
sem_quality,2015-04-15,0.0004710300000000106,0.018746865083597117,0.009373432541798558,0.00984446254179857,106.3537375605849,110.47871638095678,96.26626833158707
sem_quality,2015-04-16,0.0004710300000000106,0.003755329094120673,0.0018776645470603365,0.0023486945470603472,106.60353000405294,110.5307551707337,96.44693898941115
sem_quality,2015-04-17,0.0004710300000000106,-0.006535725447466846,-0.003267862723733423,-0.002796832723733412,106.3053777628721,110.58281847234174,96.13191201982296
sem_quality,2015-04-20,0.0004710300000000106,0.009773083904516859,0.0048865419522584295,0.00535757195225844,106.8749164731487,110.63490629732678,96.60144347745614
sem_quality,2015-04-22,0.0004710300000000106,0.013672293248073644,0.006836146624036822,0.007307176624036832,107.65587036449719,110.68701865724,97.26151419605108
sem_quality,2015-04-23,0.0004710300000000106,0.01649701029792388,0.00824850514896194,0.008719535148961951,108.59457951013252,110.73915556363812,98.06339858508927
sem_quality,2015-04-24,0.0004713800000000125,0.009952159417851313,0.0049760797089256565,0.005447459708925669,109.18614410662168,110.79135578678772,98.55113996144684
sem_quality,2015-04-27,0.0004717299999999968,-0.025268579256509233,-0.012634289628254617,-0.01216255962825462,107.85816111834569,110.843619393053,97.30660340121082
sem_quality,2015-04-28,0.0004717299999999968,-0.00236577565753699,-0.001182887828768495,-0.0007111578287684983,107.7814569426698,110.8959076536293,97.19155487622942
sem_quality,2015-04-29,0.0004889699999999897,0.009892457487019144,0.004946228743509572,0.005435198743509562,108.36727058201822,110.95013242559469,97.6720515901064
sem_quality,2015-04-30,0.0004889699999999897,0.018032681015501113,0.009016340507750556,0.009505310507750546,109.39733513777772,111.00438371184683,98.55226566705618
sem_quality,2015-05-04,0.0004896700000000114,0.020592147330393086,0.010296073665196543,0.010785743665196555,110.57726675222939,111.05873922841903,99.5664704285906
sem_quality,2015-05-05,0.0004896700000000114,-0.00544836561254605,-0.002724182806273025,-0.0022345128062730133,110.33018043358886,111.11312136125701,99.29536591351564
sem_quality,2015-05-06,0.0004896700000000114,-0.005390583416592019,-0.0026952917082960094,-0.002205621708295998,110.08683379254434,111.167530123394,99.02786692332725
sem_quality,2015-05-07,0.0004896700000000114,0.0,0.0,0.0004896700000000114,110.14074001244754,111.22196552786954,99.02786692332722
sem_quality,2015-05-08,0.0004896700000000114,-0.015502232697217006,-0.007751116348608503,-0.007261446348608491,109.34095893805112,111.27642758772957,98.26066608028682
sem_quality,2015-05-11,0.0004896700000000114,0.006635488886309604,0.003317744443154802,0.0038074144431548135,109.75726528434025,111.33091631602647,98.58651030301482
sem_quality,2015-05-12,0.0004896700000000114,0.00400095757456604,0.00200047878728302,0.0024901487872830315,110.03057720538354,111.38543172581896,98.78363400002752
sem_quality,2015-05-13,0.0004896700000000114,-0.017846716625259225,-0.008923358312629612,-0.008433688312629601,109.10261361237461,111.43997383017215,97.90258366234046
sem_quality,2015-05-14,0.0004896700000000114,0.0047126277720836475,0.0023563138860418237,0.0028459838860418352,109.41311789264047,111.49454264215757,98.13315997340118
sem_quality,2015-05-15,0.0004896700000000114,-0.004487739875491694,-0.002243869937745847,-0.0017541999377458355,109.22118540804462,111.54913817485317,97.91306969744626
sem_quality,2015-05-18,0.0004896700000000114,0.010443164884222872,0.005221582442111436,0.005711252442111447,109.84497516993663,111.60376044134325,98.42408063630525
sem_quality,2015-05-19,0.0004896700000000114,-0.00963871913448354,-0.00481935956724177,-0.004329689567241758,109.36938052692942,111.6584094547186,97.94997175853784
sem_quality,2015-05-20,0.0004896700000000114,0.010140115038421554,0.005070057519210777,0.0055597275192107885,109.97744448160402,111.71308522807631,98.44634069238285
sem_quality,2015-05-21,0.0004896700000000114,-0.0055261469625863535,-0.0027630734812931768,-0.0022734034812931653,109.72742137645584,111.76778777451995,98.17445935122171
sem_quality,2015-05-22,0.0004896700000000114,-0.013898638872378435,-0.006949319436189217,-0.006459649436189206,109.01862070082693,111.82251710715951,97.49254758444972
sem_quality,2015-05-25,0.0004896700000000114,-0.0047068150219137,-0.00235340751095685,-0.0018637375109568383,108.81543860803401,111.87727323911139,97.26322018544963
sem_quality,2015-05-26,0.0004896700000000114,0.007756601823470896,0.003878300911735448,0.004367970911735459,109.29074127862164,111.93205618349839,97.64025160000041
sem_quality,2015-05-27,0.0004896700000000114,0.013295852171386735,0.0066479260856933675,0.007137596085693379,110.07081444577447,111.98686595344978,98.28903908385848
sem_quality,2015-05-28,0.0004896700000000114,-0.019916034904068063,-0.009958017452034031,-0.00946834745203402,109.0286257302735,112.04170256210122,97.31075415409931
sem_quality,2015-05-29,0.0004896700000000114,0.002793882819676222,0.001396941409838111,0.0018866114098381225,109.23432037957521,112.09656602259481,97.44662504430093
sem_quality,2015-06-01,0.0004896700000000114,0.0056108820639694384,0.0028054410319847192,0.0032951110319847307,109.5942595937293,112.15145634807911,97.71987200378999
sem_quality,2015-06-02,0.0004896700000000114,0.006155066850273301,0.0030775334251366506,0.003567203425136662,109.98520461192736,112.20637355170908,98.02046098677442
sem_quality,2015-06-03,0.0005075299999999923,-0.016785385253007067,-0.008392692626503533,-0.007885162626503541,109.11795338705303,112.26332165247777,97.19822269720333
sem_quality,2015-06-05,0.0005075299999999923,-0.0034901092246335404,-0.0017450546123167702,-0.0012375246123167778,108.98291723409092,112.32029865611604,97.02869253202134
sem_quality,2015-06-08,0.0005075299999999923,-0.004145049469061763,-0.0020725247345308815,-0.0015649947345308893,108.81235954246576,112.37730457729296,96.82770017643978
sem_quality,2015-06-09,0.0005075299999999923,0.0,0.0,0.0005075299999999923,108.86758507930435,112.43433943068506,96.82770017643979
sem_quality,2015-06-10,0.0005075299999999923,-0.0185400089065295,-0.00927000445326475,-0.008762474453264758,107.91363564625831,112.4914032309763,95.93056228899684
sem_quality,2015-06-11,0.0005075299999999923,-0.010966845364625482,-0.005483422682312741,-0.004975892682312749,107.37666897632432,112.54849599285812,95.40480130728537
sem_quality,2015-06-12,0.0005075299999999923,-0.014909767283005599,-0.0074548836415027995,-0.006947353641502807,106.6306852840992,112.60561773102937,94.6939304030089
sem_quality,2015-06-15,0.0005075299999999923,-0.006824852008271493,-0.0034124260041357465,-0.0029048960041357544,106.32093423249916,112.66276846019639,94.3709582905041
sem_quality,2015-06-16,0.0005075299999999923,-0.007328037899961097,-0.0036640189499805484,-0.0031564889499805563,105.98533337844268,112.71994819507299,94.02535671416794
sem_quality,2015-06-17,0.0005075299999999923,-0.012268658867716184,-0.006134329433858092,-0.0056267994338581,105.38897516459159,112.77715695038042,93.44886678688002
sem_quality,2015-06-18,0.0005075299999999923,0.010523999152897218,0.005261999576448609,0.005769529576448601,105.99701997383531,112.83439474084744,93.94034524427069
sem_quality,2015-06-19,0.0005075299999999923,-0.014616830970731076,-0.007308415485365538,-0.006800885485365546,105.27614637920325,112.89166158121027,93.25413844092579
sem_quality,2015-06-22,0.0005075299999999923,0.0006052930929596467,0.00030264654647982336,0.0008101765464798156,105.36143864390348,112.94895748621256,93.28234716709512
sem_quality,2015-06-23,0.0005075299999999923,-0.0019065588577522607,-0.0009532794288761304,-0.0004457494288761381,105.31447384280239,113.00628247060554,93.19346813323949
sem_quality,2015-06-24,0.0005075299999999923,-0.01651709538144408,-0.00825854769072204,-0.007751017690722048,104.49817949295775,113.06363654914784,92.42421585080827
sem_quality,2015-06-25,0.0005075299999999923,-0.011322365260900332,-0.005661182630450166,-0.005153652630450174,103.95963217533661,113.12101973660562,91.90125090579924
sem_quality,2015-06-26,0.0005075299999999923,-0.003968773107060564,-0.001984386553530282,-0.0014768565535302897,103.80609871125588,113.17843204775254,91.7189758093289
sem_quality,2015-06-29,0.0005075299999999923,-0.0001611534705141279,-8.057673525706396e-05,0.0004269532647429283,103.85041906400087,113.23587349736972,91.71158914265199
sem_quality,2015-06-30,0.0005075299999999923,-0.013201377218738672,-0.006600688609369336,-0.006093158609369344,103.21764198899446,113.29334410024583,91.10653658317646
sem_quality,2015-07-01,0.0005075299999999923,-0.0029656653589909977,-0.0014828326794954988,-0.0009753026794955066,103.11697354619139,113.35084387117702,90.97150936377994
sem_quality,2015-07-02,0.0005075299999999923,-0.008361171438332692,-0.004180585719166346,-0.003673055719166354,102.73821915676442,113.40837282496695,90.59138809383084
sem_quality,2015-07-03,0.0005075299999999923,0.0026342040350285888,0.0013171020175142944,0.0018246320175142865,102.92567860086027,113.46593097642679,90.71064566706255
sem_quality,2015-07-06,0.0005075299999999923,-0.020092524653828617,-0.010046262326914308,-0.009538732326914316,101.94389810312066,113.52351834037523,89.79980500380931
sem_quality,2015-07-07,0.0005075299999999923,0.005094311265520106,0.002547155632760053,0.003054685632760045,102.25530466400382,113.58113493163853,90.0284230524273
sem_quality,2015-07-08,0.0010153175867008844,0.0013114730999787116,0.0006557365499893558,0.0016710541366902402,102.42617881386111,113.69645585545207,90.08739810155612
sem_quality,2015-07-10,0.0005075299999999923,0.0,0.0,0.0005075299999999923,102.47816317239452,113.75416021769237,90.08739810155613
sem_quality,2015-07-13,0.0005075299999999923,-0.007801819823780315,-0.0039009099118901577,-0.0033933799118901656,102.13041583207792,113.81189386662767,89.73615354451542
sem_quality,2015-07-14,0.0005075299999999923,-0.005032395147231553,-0.0025161975736157764,-0.002008667573615784,101.92526977751612,113.86965681712178,89.510474191743
sem_quality,2015-07-15,0.0005075299999999923,-0.009672288094181351,-0.004836144047090676,-0.0043286140470906835,101.48407462300366,113.92744908404617,89.07780823578099
sem_quality,2015-07-16,0.0005075299999999923,-0.005268733707814407,-0.0026343668539072036,-0.0021268368539072114,101.2682345530108,113.98527068227979,88.84326364876021
sem_quality,2015-07-17,0.0005075299999999923,-0.017911857688906352,-0.008955928844453176,-0.008448398844453184,100.41268011723332,114.04312162670915,88.04799332476045
sem_quality,2015-07-20,0.0005075299999999923,0.005414360130861878,0.002707180065430939,0.003214710065430931,100.73547777070308,114.10100193222834,88.28623418270782
sem_quality,2015-07-21,0.0005075299999999923,0.010544906839908262,0.005272453419954131,0.005779983419954123,101.3177271620189,114.158911613739,88.75148311227008
sem_quality,2015-07-22,0.0005075299999999923,0.014965730815961063,0.007482865407980531,0.007990395407980523,102.12729586388132,114.21685068615031,89.41526162764795
sem_quality,2015-07-23,0.0005075299999999923,-0.016738433984150793,-0.008369216992075396,-0.007861686992075404,101.3244030304524,114.27481916437905,88.66730551085092
sem_quality,2015-07-24,0.0005075299999999923,-0.007372066525981706,-0.003686033262990853,-0.003178503262990861,101.00234308479952,114.33281706334955,88.34064066560708
sem_quality,2015-07-27,0.0005075299999999923,0.022021289305502477,0.011010644652751238,0.01151817465275123,102.16570571278734,114.3908443979937,89.31283465075919
sem_quality,2015-07-28,0.0005075299999999923,0.010043253581715575,0.005021626790857788,0.00552915679085778,102.73059591832197,114.448901183251,89.76110286444239
sem_quality,2015-07-29,0.0005246099999999925,-0.005038533891753658,-0.002519266945876829,-0.0019946569458768365,102.52568362161942,114.50894222130074,89.53508925397077
sem_quality,2015-07-30,0.0005246099999999925,0.035752235082617836,0.017876117541308918,0.01840072754130891,104.41223079192727,114.56901475747947,91.13478981463517
sem_quality,2015-07-31,0.0005246099999999925,-0.015154067263433131,-0.007577033631716566,-0.0070524236317165735,103.67587150805005,114.62911880831139,90.44462051690556
sem_quality,2015-08-03,0.0005246099999999925,-0.004294324764331694,-0.002147162382165847,-0.0016225523821658543,103.50765197576153,114.68925439032942,90.25052305553159
sem_quality,2015-08-04,0.0005246099999999925,0.003595169603347591,0.0017975848016737956,0.002322194801673788,103.74801690711311,114.74942152007515,90.4126709597073
sem_quality,2015-08-05,0.0005246099999999925,-0.007910404109371619,-0.003955202054685809,-0.0034305920546858167,103.39209978462216,114.8096202140988,90.0552580801286
sem_quality,2015-08-06,0.0005246099999999925,-0.004724864480823371,-0.0023624322404116856,-0.001837822240411693,103.20208348415511,114.86985048895933,89.84262018698662
sem_quality,2015-08-07,0.0005246099999999925,0.009428494161384828,0.004714247080692414,0.005238857080692406,103.74274444995831,114.93011236122435,90.26593841994668
sem_quality,2015-08-10,0.0005246099999999925,-0.0020372525460525814,-0.0010186262730262907,-0.0004940162730262982,103.69149384599162,114.99040584747019,90.17403937467088
sem_quality,2015-08-11,0.0005246099999999925,0.0,0.0,0.0005246099999999925,103.74589144057815,115.05073096428183,90.17403937467087
sem_quality,2015-08-12,0.0005246099999999925,0.011915132124958032,0.005957566062479016,0.006482176062479008,104.41839057465481,115.111087728253,90.71097548931095
sem_quality,2015-08-13,0.0005246099999999925,0.010508725543569852,0.005254362771784926,0.005778972771784918,105.02182161065934,115.17147615598613,91.18735394901054
sem_quality,2015-08-14,0.0005246099999999925,0.031054781477446027,0.015527390738723014,0.016052000738723007,106.70763196873567,115.23189626409231,92.60251321750322
sem_quality,2015-08-17,0.0005246099999999925,0.002943416587433776,0.001471708293716888,0.0019963182937168806,106.92065436651406,115.29234806919142,92.73872564582241
sem_quality,2015-08-18,0.0005246099999999925,-0.010856456039767048,-0.005428228019883524,-0.004903618019883532,106.39635631906468,115.35283158791201,92.23558265059017
sem_quality,2015-08-19,0.0005246099999999925,0.014047528944308533,0.007023764472154266,0.0075483744721542585,107.19947585903373,115.41334683689135,92.88308397341086
sem_quality,2015-08-20,0.0005246099999999925,-0.0010801112594521888,-0.0005400556297260944,-1.5445629726101883e-05,107.19782009562277,115.47389383277546,92.83294824271037
sem_quality,2015-08-21,0.0005246099999999925,0.005089752501373616,0.002544876250686808,0.0030694862506868005,107.5268623305099,115.53447259221907,93.06907273470476
sem_quality,2015-08-24,0.0005246099999999925,0.011442839050387638,0.005721419525193819,0.006246029525193811,108.19847828737772,115.59508313188569,93.60128074299755
sem_quality,2015-08-25,0.0005246099999999925,-0.026399372444990563,-0.013199686222495281,-0.012675076222495288,106.8270543279272,115.65572546844751,92.36642102692193
sem_quality,2015-08-26,0.0005246099999999925,0.010125982837951221,0.0050629914189756105,0.005587601418975603,107.4239613282749,115.71639961858551,92.83382621854513
sem_quality,2015-08-27,0.0005246099999999925,-0.007156645538914337,-0.0035783227694571687,-0.003053712769457176,107.09591940582106,115.77710559898942,92.50181100291374
sem_quality,2015-08-28,0.0005246099999999925,0.005311191097978396,0.002655595548989198,0.0031802055489891907,107.43650644298954,115.8378434263577,92.74732959897584
sem_quality,2015-08-31,0.0005246099999999925,-0.006162078538236446,-0.003081039269118223,-0.0025564292691182306,107.16185261334688,115.8986131173976,92.46172126736239
sem_quality,2015-09-01,0.0005246099999999925,0.016855202194605456,0.008427601097302728,0.008952211097302721,108.1211881395196,115.95941468882512,93.2405431932032
sem_quality,2015-09-02,0.0005246099999999925,-0.011648491693818281,-0.0058242458469091405,-0.005299635846909148,107.548185215045,116.02024815736502,92.69777208989514
sem_quality,2015-09-03,0.0005246099999999925,-0.010040341948590813,-0.0050201709742954065,-0.004495560974295414,107.06469579073594,116.08111353975086,92.23265742886991
sem_quality,2015-09-04,0.0005246099999999925,-0.011426156522517415,-0.005713078261258707,-0.005188468261258715,106.50919401472439,116.14201085272495,91.7060013277921
sem_quality,2015-09-08,0.0005246099999999925,-0.004095051954665616,-0.002047525977332808,-0.0015229159773328155,106.34698946142653,116.2029401130384,91.51832936238591
sem_quality,2015-09-09,0.0005246099999999925,-0.0013558425162677591,-0.0006779212581338796,-0.00015331125813388704,106.33068527067344,116.2639013374511,91.45631967230575
sem_quality,2015-09-10,0.0005246099999999925,-0.031888770223899604,-0.015944385111949802,-0.015419775111949809,104.69109001630015,116.32489454273174,89.99886948347249
sem_quality,2015-09-11,0.0005246099999999925,0.0,0.0,0.0005246099999999925,104.74601200903359,116.3859197456578,89.99886948347248
sem_quality,2015-09-14,0.0005246099999999925,-0.022785990940822193,-0.011392995470411097,-0.010868385470411104,103.60759197403111,116.44697696301556,88.9740504014438
sem_quality,2015-09-15,0.0005246099999999925,0.03977079432512007,0.019885397162560034,0.020410007162560025,105.72222366831667,116.50806621160012,90.74240703326552
sem_quality,2015-09-16,0.0005246099999999925,0.015355310896830794,0.007677655448415397,0.00820226544841539,106.58938541064093,116.56918750821539,91.43873067068336
sem_quality,2015-09-17,0.0005246099999999925,-0.023717223982260924,-0.011858611991130462,-0.01133400199113047,105.38130110416337,116.63034086967407,90.35496279816186
sem_quality,2015-09-18,0.0005246099999999925,0.007644913813696092,0.003822456906848046,0.004347066906848039,105.83940067079385,116.6915263127977,90.70015965605407
sem_quality,2015-09-21,0.0005246099999999925,-0.0003227762609814156,-0.0001613881304907078,0.0003632218695092847,105.87784385577324,116.75274385441668,90.68552940202952
sem_quality,2015-09-22,0.0005246099999999925,0.0008752941910068358,0.0004376470955034179,0.0009622570955034104,105.97972556228005,116.81399351137014,90.72519685063628
sem_quality,2015-09-23,0.0005246099999999925,0.009599097309425,0.0047995486547125,0.005324158654712492,106.54397843535655,116.87527530050615,91.16040853072981
sem_quality,2015-09-24,0.0005246099999999925,-0.0004897014004641032,-0.0002448507002320516,0.0002797592997679409,106.57378510415812,116.93658923868155,91.13809954438494
sem_quality,2015-09-25,0.0005246099999999925,-0.00451350978800861,-0.002256754894004305,-0.0017321448940043126,106.38918386645524,116.99793534276206,90.93253103550335
sem_quality,2015-09-28,0.0005246099999999925,-0.0093040240618686,-0.0046520120309343,-0.004127402030934308,105.95007293289538,117.05931362962222,90.50973361087979
sem_quality,2015-09-29,0.0005246099999999925,0.012071653601110042,0.006035826800555021,0.006560436800555013,106.64515169038582,117.12072411614547,91.05574824198379
sem_quality,2015-09-30,0.0005246099999999925,-0.02028139979464822,-0.01014069989732411,-0.009616089897324117,105.61964232461732,117.18216681922404,90.13286337976314
sem_quality,2015-10-01,0.0005246099999999925,0.0256158066263672,0.0128079033131836,0.013332513313183593,107.02781761204396,117.24364175575907,91.28667108021378
sem_quality,2015-10-02,0.0005246099999999925,0.009733012139036176,0.004866506069518088,0.00539111606951808,107.60481699945773,117.30514894266058,91.73068528479988
sem_quality,2015-10-05,0.0005246099999999925,0.006634303140847798,0.003317151570423899,0.0038417615704238917,108.01820905019872,117.36668839684738,92.03481032451131
sem_quality,2015-10-06,0.0005246099999999925,0.016793097421042662,0.008396548710521331,0.008921158710521324,108.9818566367618,117.42826013524726,92.80717989966183
sem_quality,2015-10-07,0.0005246099999999925,0.013529747896069632,0.006764873948034816,0.007289483948034808,109.77627813134252,117.48986417479681,93.43467958054805
sem_quality,2015-10-08,0.0005246099999999925,0.01259931978389011,0.006299659891945055,0.006824269891945047,110.52542108104402,117.55150053244154,94.02297765696451
sem_quality,2015-10-09,0.0005246099999999925,-0.03460690545152189,-0.017303452725760945,-0.016778842725760953,108.67093242352668,117.61316922513588,92.39690856005086
sem_quality,2015-10-13,0.0005246099999999925,0.005771887957881232,0.002885943978940616,0.0034105539789406085,109.04156050449893,117.67487026984307,92.66342104686677
sem_quality,2015-10-14,0.0005246099999999925,0.0,0.0,0.0005246099999999925,109.0987647975552,117.73660368353534,92.66342104686679
sem_quality,2015-10-15,0.0005246099999999925,-0.011187557337699952,-0.005593778668849976,-0.005069168668849984,108.5457247572332,117.79836948319375,92.14535416190067
sem_quality,2015-10-16,0.0005246099999999925,0.0016618470441106814,0.0008309235220553407,0.0013555335220553333,108.69286212581744,117.86016768580834,92.22187975802895
sem_quality,2015-10-19,0.0005246099999999925,0.005620593488151082,0.002810296744075541,0.0033349067440755337,109.0553426847537,117.921998308378,92.48091471411713
sem_quality,2015-10-20,0.0005246099999999925,0.002818635133030045,0.0014093175665150226,0.0019339275665150152,109.26624781824749,117.98386136791055,92.61118135260989
sem_quality,2015-10-21,0.0005249600000000109,0.0020973707101392264,0.0010486853550696132,0.0015736453550696241,109.43819414159258,118.04579817577422,92.70825038485094
sem_quality,2015-10-22,0.0005249600000000109,-0.002878600410755855,-0.0014393002053779275,-0.0009143402053779165,109.33813040068496,118.10776749798457,92.5748853923183
sem_quality,2015-10-23,0.0005249600000000109,0.0010200563659757689,0.0005100281829878844,0.0010349881829878954,109.45129407359966,118.1697693516103,92.62207641950361
sem_quality,2015-10-26,0.0005249600000000109,-0.011618960794124403,-0.005809480397062201,-0.0052845203970621904,108.87289647758287,118.23180375372911,92.08427260769837
sem_quality,2015-10-27,0.0005249600000000109,-0.007538524504481031,-0.0037692622522405156,-0.0032443022522405046,108.51967989433271,118.29387072142765,91.73736494757843
sem_quality,2015-10-28,0.0005249600000000109,-0.027742110116190266,-0.013871055058095133,-0.013346095058095121,107.0713659307889,118.35597027180155,90.46553856548357
sem_quality,2015-10-29,0.0005249600000000109,0.010876557605760562,0.005438278802880281,0.005963238802880292,107.70985805478477,118.41810242195542,90.95725725361288
sem_quality,2015-10-30,0.0005249600000000109,0.015656471367053046,0.007828235683526523,0.008353195683526535,108.60957957616127,118.48026718900284,91.66891850682984
sem_quality,2015-11-03,0.0005249600000000109,0.016019853939798906,0.008009926969899453,0.008534886969899465,109.53655006169211,118.54246459006636,92.40279459388857
sem_quality,2015-11-04,0.0005249600000000109,0.013623891004803795,0.006811945502401898,0.007336905502401909,110.34020937855387,118.60469464227756,93.03190713601167
sem_quality,2015-11-05,0.0005249600000000109,-0.021368928559193187,-0.010684464279596594,-0.010159504279596582,109.21920754916088,118.66695736277697,92.03843258175623
sem_quality,2015-11-06,0.0005249600000000109,-0.0006236990672856685,-0.00031184953364283424,0.0002131104663571767,109.24248330541684,118.72925276871413,92.00974549904932
sem_quality,2015-11-09,0.0005249600000000109,-0.02301545839537046,-0.01150772919768523,-0.010982769197685219,108.04269832469147,118.7915808772476,90.95147781250304
sem_quality,2015-11-10,0.0005249600000000109,0.006657182685433027,0.0033285913427165137,0.0038535513427165246,108.4590464098913,118.85394170554491,91.25405927099459
sem_quality,2015-11-11,0.0005249600000000109,-0.016042471789335253,-0.008021235894667626,-0.007496275894667615,107.64600747473018,118.91633527078265,90.52247298877066
sem_quality,2015-11-12,0.0005249600000000109,0.002789922282239357,0.0013949611411196786,0.0019199211411196895,107.85267932023802,118.97876159014638,90.64868206627072
sem_quality,2015-11-13,0.0005249600000000109,-0.010473508979928464,-0.005236754489964232,-0.004711794489964221,107.34449966008906,119.04122068083072,90.17422624377944
sem_quality,2015-11-16,0.0005249600000000109,0.0,0.0,0.0005249600000000109,107.40085122863061,119.10371256003931,90.17422624377946
sem_quality,2015-11-17,0.0005249600000000109,0.0030197083612693854,0.0015098541806346927,0.0020348141806347036,107.61939200372288,119.16623724498481,90.3103047404915
sem_quality,2015-11-18,0.0005249600000000109,-0.0016174119675243376,-0.0008087059837621688,-0.00028374598376215785,107.5888554334669,119.22879475288892,90.23730857671865
sem_quality,2015-11-19,0.0010501955830016219,-0.001024971183263279,-0.0005124855916316395,0.0005377099913699823,107.64670703599353,119.354008306505,90.1911117719258
sem_quality,2015-11-23,0.0005249600000000109,0.01189442446621422,0.00594721223310711,0.006472172233107121,108.34341506425731,119.41666438670558,90.72721602188628
sem_quality,2015-11-24,0.0005249600000000109,-0.010615337449763465,-0.0053076687248817325,-0.004782708724881722,107.82524006774601,119.479353358842,90.24591867676564
sem_quality,2015-11-25,0.0005249600000000109,0.005402351376581016,0.002701175688290508,0.003226135688290519,108.17309892282707,119.54207524018126,90.48956085586443
sem_quality,2015-11-26,0.0005249600000000109,-0.019667619706876305,-0.009833809853438152,-0.00930884985343814,107.16613178677336,119.60483004799933,89.6001706149876
sem_quality,2015-11-27,0.0005249600000000109,-0.053807986559927065,-0.026903993279963533,-0.02637903327996352,104.3391928298851,119.66761779958132,87.19083303273557
sem_quality,2015-11-30,0.0005249600000000109,-0.008782749881731555,-0.004391374940865778,-0.0038664149408657667,103.93577421580974,119.73043851222138,86.80814628871553
sem_quality,2015-12-01,0.0005249600000000109,0.005918149902529549,0.0029590749512647743,0.0034840349512647853,104.29789008586441,119.79329220322275,87.06488332329054
sem_quality,2015-12-02,0.0005249600000000109,0.015035419879096401,0.0075177099395482005,0.008042669939548212,105.13672359121628,119.85617888989775,87.71906844101626
sem_quality,2015-12-03,0.0005249600000000109,0.0013576311440218342,0.0006788155720109171,0.001203775572010928,105.26328461079666,119.91909858956777,87.77858226825758
sem_quality,2015-12-04,0.0005249600000000109,0.0012134549349519796,0.0006067274674759898,0.0011316874674760008,105.38240975077606,119.98205131956334,87.83181200169497
sem_quality,2015-12-07,0.0005249600000000109,-0.005139700948096196,-0.002569850474048098,-0.002044890474048087,105.16691426494447,120.04503709722405,87.6062158069643
sem_quality,2015-12-08,0.0005249600000000109,0.010864297967899963,0.005432148983949982,0.005957108983949993,105.79340503472648,120.10805593989859,88.08185613100333
sem_quality,2015-12-09,0.0005249600000000109,0.008023001660312987,0.004011500830156493,0.004536460830156504,106.2733326727554,120.1711078649448,88.43501117772126
sem_quality,2015-12-10,0.0005249600000000109,-0.0005829936312132938,-0.0002914968156066469,0.00023346318439336402,106.2981435834173,120.23419288972958,88.40924617916846
sem_quality,2015-12-11,0.0005249600000000109,0.009826192058064773,0.004913096029032386,0.005438056029032397,106.87619884400603,120.29731103162898,88.8433813918798
sem_quality,2015-12-14,0.0005249600000000109,0.028458306995547425,0.014229153497773712,0.014754113497773724,108.45306241196113,120.36046230802813,90.10688421452434
sem_quality,2015-12-15,0.0005249600000000109,0.0011510386567957498,0.0005755193283978749,0.0011004793283978858,108.57241276524694,120.42364673632133,90.15871525878654
sem_quality,2015-12-16,0.0005249600000000109,0.007229463913597786,0.003614731956798893,0.004139691956798904,109.02186910910147,120.48686433391202,90.4844438535333
sem_quality,2015-12-17,0.0005249600000000109,0.0,0.0,0.0005249600000000109,109.07910122950899,120.55011511821274,90.48444385353332
sem_quality,2015-12-18,0.0005249600000000109,-0.0017840072860488831,-0.0008920036430244416,-0.00036704364302443063,109.03906443881588,120.61339910664519,90.40377374855724
sem_quality,2015-12-21,0.0005249600000000109,0.01633985183563899,0.008169925917819496,0.008694885917819507,109.98714666469715,120.67671631664021,91.14197835488415
sem_quality,2015-12-22,0.0005249600000000109,0.01270812653947738,0.00635406326973869,0.006879023269738701,110.74375080597576,120.74006676563778,91.72079639556159
sem_quality,2015-12-23,0.0010501955830016219,0.03249684794393519,0.016248423971967595,0.017298619554969218,112.65946481925863,120.86686745044636,93.20955129861983
sem_quality,2015-12-28,0.0005249600000000109,0.014007589595834355,0.0070037947979171775,0.007528754797917188,113.50765030554741,120.93031772118314,93.86202934424647
sem_quality,2015-12-29,0.0005249600000000109,-0.021157588267436148,-0.010578794133718074,-0.010053834133718062,112.36646321646737,120.99380130077404,92.86960324284689
sem_quality,2015-12-30,0.0010501955830016219,0.017523070631915827,0.008761535315957913,0.009811730898959535,113.4689727156152,121.12086845647067,93.68242992444736
sem_quality,2016-01-04,0.0005249600000000109,0.004671117393758861,0.0023355586968794306,0.0028605186968794416,113.79355283358392,121.18445206757558,93.90111593699305
sem_quality,2016-01-05,0.0005249600000000109,-0.023272897771083365,-0.011636448885541682,-0.01111148888554167,112.52913703602725,121.24806905753296,92.80901371108145
sem_quality,2016-01-06,0.0005249600000000109,-0.007231178829672766,-0.003615589414836383,-0.003090629414836372,112.18135117507755,121.31171944386539,92.47363048628394
sem_quality,2016-01-07,0.0005249600000000109,-0.00662588439690083,-0.003312942198450415,-0.002787982198450404,111.8685915650033,121.37540324410463,92.16743143585552
sem_quality,2016-01-08,0.0005249600000000109,-0.002212164160521779,-0.0011060820802608895,-0.0005811220802608786,111.8035822563572,121.43912047579164,92.06554018039414
sem_quality,2016-01-11,0.0005249600000000109,-0.026856978989285615,-0.013428489494642808,-0.012903529494642796,110.36092143510558,121.5028711564766,90.8298877093843
sem_quality,2016-01-12,0.0005249600000000109,-0.0013820082931277622,-0.0006910041465638811,-0.00016604414656387016,110.34259665009189,121.56665530371889,90.76715681155733
sem_quality,2016-01-13,0.0005249600000000109,-0.00019144145840993554,-9.572072920496777e-05,0.00042923927079504317,110.3899600258156,121.63047293508711,90.75847307173552
sem_quality,2016-01-14,0.0005249600000000109,-0.010392261845658071,-0.005196130922829036,-0.004671170922829025,109.87430965437075,121.6943240681591,90.28712760081716
sem_quality,2016-01-15,0.0005249600000000109,-0.0029655188067378296,-0.0014827594033689148,-0.0009577994033689039,109.76907210613822,121.75820872052189,90.15332375503078
sem_quality,2016-01-18,0.0005249600000000109,-0.003937637452159776,-0.001968818726079888,-0.001443858726079877,109.61058107352409,121.82212690977181,89.97592133217944
sem_quality,2016-01-19,0.0005249600000000109,0.00025573825083491375,0.00012786912541745687,0.0006528291254174678,109.68213805330282,121.88607865351435,89.98742043797826
sem_quality,2016-01-20,0.0005246099999999925,0.004752685762575662,0.002376342881287831,0.0029009528812878236,110.00032076771436,121.95002130923677,90.20114927965386
sem_quality,2016-01-21,0.0005246099999999925,-0.02141780044736223,-0.010708900223681116,-0.010184290223681123,108.88004557631791,122.01399750991581,89.23570065595915
sem_quality,2016-01-22,0.0010494952156520848,0.0,0.0,0.0010494952156520848,108.99431466323024,122.14205061654506,89.23570065595914
sem_quality,2016-01-26,0.0005246099999999925,-0.010643920815828975,-0.0053219604079144875,-0.004797350407914495,108.47143074332024,122.206127557719,88.76104080140192
sem_quality,2016-01-27,0.0005246099999999925,0.025483350201042254,0.012741675100521127,0.01326628510052112,109.91044366882257,122.27023811429707,89.89141214076913
sem_quality,2016-01-28,0.0005246099999999925,0.033176404830937214,0.016588202415468607,0.0171128124154686,111.79132047382807,122.33438230391423,91.38176722559147
sem_quality,2016-01-29,0.0005246099999999925,-0.00585675355383336,-0.00292837677691668,-0.0024037667769166876,111.52260021172545,122.39856014421468,91.11430729276981
sem_quality,2016-02-01,0.0005246099999999925,-0.010723091580139343,-0.005361545790069672,-0.0048369357900696795,110.98317255535972,122.46277165285196,90.62604990679638
sem_quality,2016-02-02,0.0005246099999999925,0.0235024702420185,0.01175123512100925,0.012275845121009243,112.34558479268755,122.52701684748877,91.6904595274084
sem_quality,2016-02-03,0.0005246099999999925,0.014674717657385372,0.007337358828692686,0.00786196882869268,113.22884227836892,122.59129574579713,92.36287257551955
sem_quality,2016-02-04,0.0005246099999999925,-0.002242682248454836,-0.001121341124227418,-0.0005967311242274254,113.16127510402116,122.65560836545832,92.25935659366807
sem_quality,2016-02-05,0.0005246099999999925,-0.014896550443079554,-0.007448275221539777,-0.006923665221539785,112.37778431915837,122.71995472416293,91.57254382284395
sem_quality,2016-02-10,0.0005246099999999925,-0.01978841884256148,-0.00989420942128074,-0.009369599421280747,111.32484949623675,122.78433483961078,90.6669809643525
sem_quality,2016-02-11,0.0005246099999999925,0.005836126332849648,0.002918063166424824,0.0034426731664248165,111.70810456835372,122.84874872951099,90.93141421758654
sem_quality,2016-02-12,0.0005246099999999925,-0.001576409156940753,-0.0007882045784703764,-0.0002635945784703839,111.6786589176183,122.91319641158198,90.85977924099852
sem_quality,2016-02-15,0.0005246099999999925,0.034784802335769555,0.017392401167884777,0.01791701116788477,113.67960669665966,122.97767790355148,92.43922038096696
sem_quality,2016-02-16,0.0005246099999999925,0.020795474454430835,0.010397737227215417,0.01092234722721541,114.92125483365385,123.04219322315646,93.39987513488644
sem_quality,2016-02-17,0.0005246099999999925,-0.013880583759035212,-0.006940291879517606,-0.006415681879517614,114.18395662144616,123.10674238814326,92.75199262558304
sem_quality,2016-02-18,0.0005246099999999925,0.0007288106444915676,0.0003644053222457838,0.0008890153222457763,114.28546790843728,123.17132541626749,92.78577422318081
sem_quality,2016-02-19,0.0005246099999999925,0.018265565331953476,0.009132782665976738,0.009657392665976731,115.38916754804393,123.23594232529413,93.63272221626885
sem_quality,2016-02-22,0.0005246099999999925,-0.019390212773459314,-0.009695106386729657,-0.009170496386729664,114.33099160397686,123.30059313299742,92.72541899344672
sem_quality,2016-02-23,0.0005246099999999925,0.008026016667011457,0.0040130083335057284,0.004537618333505721,114.84978200756694,123.36527785716092,93.09733176343696
sem_quality,2016-02-24,0.0005246099999999925,-0.03363075494793785,-0.016815377473968926,-0.016290767473968935,112.97879091444565,123.42999651557756,91.53268581692546
sem_quality,2016-02-25,0.0005246099999999925,-0.02156006750469848,-0.01078003375234924,-0.010255423752349247,111.82014553858994,123.49474912604961,90.54647774899033
sem_quality,2016-02-26,0.0005246099999999925,0.0,0.0,0.0005246099999999925,111.87880750514094,123.55953570638863,90.54647774899033
sem_quality,2016-02-29,0.0005246099999999925,0.012575574055100763,0.006287787027550382,0.006812397027550374,112.64097036083484,123.62435627441555,91.11551619391221
sem_quality,2016-03-01,0.0005246099999999925,0.015799092098953763,0.007899546049476881,0.008424156049476874,113.58987547271902,123.68921084796068,91.8349100087187
sem_quality,2016-03-02,0.0005246099999999925,0.07926352526314533,0.03963176263157266,0.04015637263157266,118.15123283937545,123.75409944486361,95.47258100489479
sem_quality,2016-03-03,0.0005246099999999925,0.056366967885503425,0.028183483942751712,0.028708093942751704,121.54312953118018,123.81902208297339,98.16192010443429
sem_quality,2016-03-04,0.0005246100000000203,0.0012708506410527565,0.0006354253205263782,0.0011600353205263986,121.68412385440365,123.88397878014834,98.22426196881466
sem_quality,2016-03-07,0.0005246099999999925,0.025465755631923548,0.012732877815961774,0.013257487815961767,123.2973496437994,123.94896955425621,99.4742837211151
sem_quality,2016-03-08,0.0005246099999999925,-0.013013611222849442,-0.006506805611424721,-0.005982195611424729,122.55976077985994,124.01399442317407,98.82736327454155
sem_quality,2016-03-09,0.0005246099999999925,0.01866342373783117,0.009331711868915585,0.009856321868915578,123.76774923028356,124.07905340478843,99.74910819678057
sem_quality,2016-03-10,0.0005246099999999925,-0.004351107433900464,-0.002175553716950232,-0.0016509437169502394,123.56341564233074,124.14414651699511,99.5322124393639
sem_quality,2016-03-11,0.0005246099999999925,-0.029297785029742007,-0.014648892514871004,-0.01412428251487101,121.81817105129602,124.2092737776994,98.07494025713184
sem_quality,2016-03-14,0.0005246099999999925,-0.07053639771837113,-0.035268198859185564,-0.03474358885918557,117.58577060071185,124.27443520481592,94.61782739701813
sem_quality,2016-03-15,0.0005246099999999925,0.0180306063286106,0.0090153031643053,0.009539913164305294,118.70752864160055,124.33963081626871,95.47038853365225
sem_quality,2016-03-16,0.0005246099999999925,0.045786643652563755,0.022893321826281877,0.02341793182628187,121.48741345459595,124.40486062999123,97.65487685881307
sem_quality,2016-03-17,0.0005246099999999925,-0.015144053420301368,-0.007572026710150684,-0.007047416710150692,120.63124102694304,124.47012466392633,96.91581923987913
sem_quality,2016-03-18,0.0005246099999999925,0.006152520878767012,0.003076260439383506,0.0036008704393834987,121.0656184968231,124.53542293602628,97.21380121623258
sem_quality,2016-03-21,0.0005246099999999925,-0.013838711538130655,-0.006919355769065327,-0.006394745769065335,120.29143464516127,124.60075546425276,96.5414970374495
sem_quality,2016-03-22,0.0005246099999999925,-0.03857517016034637,-0.019287585080173184,-0.018762975080173192,118.03440945455583,124.66612226657685,94.68042103865214
sem_quality,2016-03-23,0.0005246099999999925,-0.00031805100330534186,-0.00015902550165267093,0.0003655844983473216,118.077561004924,124.73152336097912,94.66537233190182
sem_quality,2016-03-24,0.0005246099999999925,0.020843429622011148,0.010421714811005574,0.010946324811005567,119.37007634057521,124.79695876544955,95.65143054882137
sem_quality,2016-03-28,0.0005246099999999925,0.005170783728893832,0.002585391864446916,0.003110001864446909,119.74131750055359,124.86242849798748,95.89859731302886
sem_quality,2016-03-29,0.0005246099999999925,0.0009061031484471072,0.0004530515742235536,0.0009776615742235462,119.8583839855208,124.92793257660182,95.94202154272222
sem_quality,2016-03-30,0.0005246099999999925,0.0,0.0,0.0005246099999999925,119.92126289234344,124.99347101931085,95.9420215427222
sem_quality,2016-03-31,0.0005246099999999925,0.012473831479759695,0.0062369157398798475,0.00676152573987984,120.73211359814893,125.05904384414228,96.54009009425509
sem_quality,2016-04-01,0.0005246099999999925,-0.026518960137085823,-0.013259480068542912,-0.012734870068542918,119.19460581837593,125.12465106913335,95.26068987998138
sem_quality,2016-04-04,0.0005246099999999925,0.015012275320040347,0.0075061376600201735,0.008030747660020167,120.15182762013887,125.19029271233073,95.9753548114393
sem_quality,2016-04-05,0.0005246099999999925,0.014277159803229411,0.007138579901614706,0.007663189901614698,121.07257389221806,125.25596879179055,96.66012331394248
sem_quality,2016-04-06,0.0005246099999999925,0.0092030318475268,0.0046015159237634,0.005126125923763392,121.69320715190372,125.3216793255784,97.1046731952513
sem_quality,2016-04-07,0.0005246099999999925,-0.0047905795267012,-0.0023952897633506,-0.0018706797633506072,121.46555813194742,125.3874243317694,96.8722013226423
sem_quality,2016-04-08,0.0005246099999999925,-0.010127921869145573,-0.0050639609345727865,-0.004539350934572794,120.91418333712276,125.4532038284481,96.38190149569057
sem_quality,2016-04-11,0.0005246099999999925,-0.00438008939557083,-0.002190044697785415,-0.0016654346977854223,120.71280866073873,125.51901783370853,96.17093150032674
sem_quality,2016-04-12,0.0005246099999999925,-0.0008333991967248849,-0.00041669959836244247,0.00010791040163755006,120.72583482840409,125.58486636565429,96.13087812419803
sem_quality,2016-04-13,0.0005246099999999925,-0.0018331502598678967,-0.0009165751299339484,-0.0003919651299339558,120.67851451086918,125.65074944239838,96.0428131518558
sem_quality,2016-04-14,0.0005246099999999925,-0.00015691441861495625,-7.845720930747813e-05,0.0004461527906925144,120.73235556689481,125.71666708206337,96.03528185175719
sem_quality,2016-04-15,0.0005246099999999925,-0.004595537978188374,-0.002297768989094187,-0.0017731589890941945,120.51827790534684,125.7826193027813,95.81473066261862
sem_quality,2016-04-18,0.0005246099999999925,0.0027636612729776133,0.0013818306364888067,0.0019064406364887993,120.74803884778524,125.84860612269372,95.94706097107203
sem_quality,2016-04-19,0.0005246099999999925,-0.009326092278942141,-0.004663046139471071,-0.0041384361394710785,120.24833080004731,125.91462755995175,95.49988998918609
sem_quality,2016-04-20,0.0005246099999999925,-0.018006101859820725,-0.009003050929910363,-0.00847844092991037,119.2288124304388,125.98068363271597,94.6405504339367
sem_quality,2016-04-22,0.0005246099999999925,0.01325603591988192,0.00662801795994096,0.007152627959940952,120.0816117678593,126.04677435915654,95.26750079752128
sem_quality,2016-04-25,0.0005246099999999925,0.00475581009645612,0.00237790504822806,0.0029025150482280527,120.43015045303098,126.1128997574531,95.49391908730075
sem_quality,2016-04-26,0.0005246099999999925,-0.022285068442917805,-0.011142534221458902,-0.01061792422145891,119.15143224154181,126.17905984579487,94.43043274150115
sem_quality,2016-04-27,0.0005246099999999925,-0.015837308870444336,-0.007918654435222168,-0.007394044435222176,118.2704212570275,126.24525464238059,93.68306285416931
sem_quality,2016-04-28,0.0005246099999999925,-0.009466009744308529,-0.0047330048721542645,-0.004208394872154272,117.77269262268189,126.31148416541853,93.23989295260422
sem_quality,2016-04-29,0.0005246099999999925,0.0007646575984188303,0.00038232879920941515,0.0009069387992094077,117.87950524710875,126.37774843312654,93.27552255726832
sem_quality,2016-05-02,0.0005246099999999925,0.0,0.0,0.0005246099999999925,117.94134601435644,126.44404746373206,93.2755225572683
sem_quality,2016-05-03,0.0005246099999999925,0.008122110913442879,0.004061055456721439,0.0045856654567214316,118.4821855706937,126.510381275472,93.65412101059346
sem_quality,2016-05-04,0.0005246099999999925,-0.006387712705611545,-0.0031938563528057726,-0.00266924635280578,118.16592742898666,126.57674988659294,93.35516003915254
sem_quality,2016-05-05,0.0005246099999999925,0.0004965827323294703,0.00024829136616473513,0.0007729013661647277,118.25725803573066,126.64315331535094,93.37832716567095
sem_quality,2016-05-06,0.0005246099999999925,0.010642507941331744,0.005321253970665872,0.005845863970665864,118.94857387975146,126.70959158001172,93.8749564232006
sem_quality,2016-05-09,0.0005246099999999925,0.006180318530215639,0.0030901592651078197,0.0036147692651078123,119.37854552874039,126.7760646988505,94.16489288598561
sem_quality,2016-05-10,0.0005246099999999925,-0.025241871130573565,-0.012620935565286782,-0.01209632556528679,117.93450377651433,126.84257269015218,92.977066985705
sem_quality,2016-05-11,0.0005246099999999925,0.013030098917567193,0.006515049458783596,0.007039659458783589,118.76472252154161,126.90911557221116,93.58249955966686
sem_quality,2016-05-12,0.0005246099999999925,-0.004619825412108744,-0.002309912706054372,-0.0017853027060543794,118.5526915410401,126.9756933633315,93.36644549899043
sem_quality,2016-05-13,0.0005246099999999925,0.0020036525815968487,0.0010018262907984243,0.001526436290798417,118.73365467178019,127.04230608182685,93.45993341407457
sem_quality,2016-05-16,0.0005246099999999925,-0.01250673156935668,-0.00625336578467834,-0.005728755784678348,118.05345856074322,127.10895374602045,92.87580070608462
sem_quality,2016-05-17,0.0005246099999999925,-0.0008473713973556479,-0.00042368569867782396,0.00010092430132216856,118.06537302356715,127.17563637424516,92.83647119022952
sem_quality,2016-05-18,0.0005246099999999925,0.012958307295358004,0.006479153647679002,0.007003763647678994,118.89227499119926,127.24235398484345,93.43765756279642
sem_quality,2016-05-19,0.0005246099999999925,-0.014869666119886285,-0.0074348330599431425,-0.00691022305994315,118.07070285090597,127.30910659616742,92.74332842931162
sem_quality,2016-05-20,0.0005246099999999925,0.0030234926776847026,0.0015117463388423513,0.002036356338842344,118.31113687508798,127.37589422657885,92.8834593024593
sem_quality,2016-05-23,0.0005246099999999925,0.009104426263059032,0.004552213131529516,0.005076823131529508,118.91178159149298,127.44271689444906,93.30606290352269
sem_quality,2016-05-24,0.0005246099999999925,0.013428355434827052,0.006714177717413526,0.007238787717413518,119.77255873553325,127.50957461815906,93.93220791003725
sem_quality,2016-05-25,0.0005246099999999925,-0.008784550429605187,-0.004392275214802593,-0.003867665214802601,119.30931857642393,127.57646741609949,93.51984812942682
sem_quality,2016-05-27,0.0005246099999999925,0.0042726925132586385,0.0021363462566293193,0.002660956256629312,119.62679545416404,127.64339530667066,93.7195341496156
sem_quality,2016-05-30,0.0005246099999999925,-0.02028436814547381,-0.010142184072736905,-0.009617574072736912,118.47627588779947,127.71035830828251,92.76951177429736
sem_quality,2016-05-31,0.0005246099999999925,0.024846419214899607,0.012423209607449803,0.012947819607449796,120.01028533575715,127.77735643935462,93.92140257081945
sem_quality,2016-06-01,0.0005246099999999925,0.02924793756865479,0.014623968784327396,0.015148578784327389,121.82827059809547,127.84438971831626,95.29418605425212
sem_quality,2016-06-02,0.0005246099999999925,0.0,0.0,0.0005246099999999925,121.89218292713393,127.91145816360641,95.2941860542521
sem_quality,2016-06-03,0.0005246099999999925,-0.000601044436061543,-0.0003005222180307715,0.00022408778196922102,121.91949747604546,127.97856179367362,95.26556305000791
sem_quality,2016-06-06,0.0005246099999999925,-0.003917908650471549,-0.0019589543252357747,-0.001434344325235782,121.7446229367051,128.0457006269762,95.0790400150744
sem_quality,2016-06-07,0.0005246099999999925,0.006583070493825005,0.0032915352469125025,0.003816145246912495,122.20921810086216,128.1128746819821,95.39183193275872
sem_quality,2016-06-08,0.0005246099999999925,-0.007001985427464927,-0.0035009927137324634,-0.0029763827137324708,121.845476696648,128.18008397716903,95.05804093430822
sem_quality,2016-06-09,0.0005246099999999925,-0.008514701958976106,-0.004257350979488053,-0.0037327409794880606,121.39065909261717,128.2473285310243,94.65355768658493
sem_quality,2016-06-10,0.0005246099999999925,0.006612440678648898,0.003306220339324449,0.0038308303393244417,121.85568611237976,128.31460836204496,94.96633911593207
sem_quality,2016-06-13,0.0005246099999999925,-0.011348168811805115,-0.0056740844059025575,-0.005149474405902565,121.22819337553037,128.38192348873778,94.42777462838453
sem_quality,2016-06-14,0.0005246099999999925,-0.008720976408522083,-0.004360488204261041,-0.0038358782042610486,120.76317679081923,128.4492739296192,94.01623932649755
sem_quality,2016-06-15,0.0005246099999999925,0.001758290537192328,0.000879145268596164,0.0014037552685961566,120.93269873649174,128.51665970321545,94.09884992012911
sem_quality,2016-06-16,0.0005246099999999925,0.006106942126354528,0.003053471063177264,0.0035780810631772567,121.36540573575974,128.58408082806235,94.38602737927167
sem_quality,2016-06-17,0.0005246099999999925,0.006595317516630214,0.003297658758315107,0.0038222687583150997,121.82929693444378,128.65153732270556,94.69711708834922
sem_quality,2016-06-20,0.0005246099999999925,0.0003127414693755992,0.0001563707346877996,0.0006809807346877921,121.91226033857667,128.71902920570042,94.71191718184407
sem_quality,2016-06-21,0.0005246099999999925,-0.011495220441635368,-0.005747610220817684,-0.005223000220817692,121.2755125759079,128.78655649561205,94.16783542934462
sem_quality,2016-06-22,0.0005246099999999925,0.004060060291291134,0.002030030145645567,0.00255464014564556,121.58532786901806,128.8541192110152,94.35889874029284
sem_quality,2016-06-23,0.0005246099999999925,-0.0034697226484172172,-0.0017348613242086086,-0.001210251324208616,121.43817906496024,128.9217173704945,94.19528496969359
sem_quality,2016-06-24,0.0005246099999999925,-0.01366032857487122,-0.00683016428743561,-0.0063055542874356175,120.67244403429879,128.98935099264423,93.55225303922978
sem_quality,2016-06-27,0.0005246099999999925,-0.011095429208405103,-0.005547714604202551,-0.005023104604202559,120.06629372506974,129.0570200960685,93.0335239692454
sem_quality,2016-06-28,0.0005246099999999925,-0.013254667212677887,-0.0066273336063389435,-0.006102723606338951,119.33356232002814,129.1247246993811,92.41728305547366
sem_quality,2016-06-29,0.0005246099999999925,-0.01794494162422658,-0.00897247081211329,-0.008447860812113296,118.32544899533488,129.19246482120565,91.58850646521061
sem_quality,2016-06-30,0.0005246099999999925,0.011437919014945133,0.005718959507472567,0.006243569507472559,119.06422216064014,129.2602404801755,92.1120227831395
sem_quality,2016-07-01,0.0005246099999999925,0.0035008504067554347,0.0017504252033777173,0.00227503520337771,119.3350974575184,129.32805169493383,92.27317344810284
sem_quality,2016-07-04,0.0005246099999999925,0.0,0.0,0.0005246099999999925,119.39770184299559,129.3958984841335,92.27317344810284
sem_quality,2016-07-05,0.0005246099999999925,0.006485776129513343,0.0032428880647566716,0.003767498064756664,119.84753245362545,129.46378086643728,92.57224812340948
sem_quality,2016-07-06,0.0005246099999999925,-0.006525814676484068,-0.003262907338242034,-0.0027382973382420414,119.5193542745128,129.53169886051762,92.27035183350269
sem_quality,2016-07-07,0.0005246099999999925,0.007719428063348549,0.0038597140316742745,0.004384324031674267,120.04336585170876,129.59965248505685,92.62630227002347
sem_quality,2016-07-08,0.0005246099999999925,-0.004728715794759961,-0.0023643578973799803,-0.0018397478973799877,119.82251632178867,129.66764175874704,92.40741537100234
sem_quality,2016-07-11,0.0005246099999999925,-0.009196196785690336,-0.004598098392845168,-0.004073488392845176,119.33442069235036,129.7356667002901,91.98273977196398
sem_quality,2016-07-12,0.0005246099999999925,-0.01521975164315785,-0.007609875821578925,-0.007085265821578933,118.48890460008093,129.80372732839774,91.2831295670803
sem_quality,2016-07-13,0.0005246099999999925,-0.0017204364083521356,-0.0008602182041760678,-0.0003356082041760753,118.44913875159331,129.8718236617915,91.204647329859
sem_quality,2016-07-14,0.0005246099999999925,0.0020712195458700566,0.0010356097729350283,0.001560219772935021,118.63394543996067,129.9399557192027,91.29905022926584
sem_quality,2016-07-15,0.0005246099999999925,0.004051948385964468,0.002025974192982234,0.002550584192982227,118.93653130595095,130.00812351937253,91.48392276289428
sem_quality,2016-07-18,0.0005246099999999925,-0.002637352571607937,-0.0013186762858039686,-0.000794066285803976,118.84208781629042,130.07632708105203,91.36334833796359
sem_quality,2016-07-19,0.0005246099999999925,0.003794451441663682,0.001897225720831841,0.0024218357208318337,119.12990382970214,130.14456642300203,91.53659434578351
sem_quality,2016-07-20,0.0005246099999999925,-0.007851524936335702,-0.003925762468167851,-0.0034011524681678584,118.72472486325915,130.2128415639932,91.17743183947937
sem_quality,2016-07-21,0.0005246099999999925,0.0024104907576182333,0.0012052453788091166,0.0017298553788091093,118.93010146716152,130.2811525228061,91.2872653980724
sem_quality,2016-07-22,0.0005246099999999925,-0.0027863851184452976,-0.0013931925592226488,-0.0008685825592226563,118.82680085526056,130.3494993182311,91.16015134447169
sem_quality,2016-07-25,0.0005246099999999925,0.006079856176968698,0.003039928088484349,0.0035645380884843417,119.25036351284189,130.41788196906845,91.43712634523908
sem_quality,2016-07-26,0.0005246099999999925,-0.0012833749688960366,-0.0006416874844480183,-0.0001170774844480258,119.23640198026229,130.48630049412824,91.3784830505083
sem_quality,2016-07-27,0.0005246099999999925,0.012614171984871608,0.006307085992435804,0.006831695992435796,120.0509888298233,130.55475491223046,91.95451280999404
sem_quality,2016-07-28,0.0005246099999999925,-0.0004940010039244519,-0.00024700050196222595,0.0002776094980377666,120.08431612457127,130.623245242205,91.9318119082923
sem_quality,2016-07-29,0.0005246099999999925,0.01331212020925289,0.006656060104626445,0.007180670104626437,120.94660198340148,130.6917715028915,92.54339473141627
sem_quality,2016-08-01,0.0005246099999999925,-0.0124148472093311,-0.00620742360466555,-0.005682813604665558,120.25928498821213,130.76033371313963,91.96923988587811
sem_quality,2016-08-02,0.0005246099999999925,0.0007274112344371336,0.0003637056172185668,0.0008883156172185593,120.36611318918268,130.8289318918089,92.00267207617455
sem_quality,2016-08-03,0.0005246099999999925,0.0,0.0,0.0005246099999999925,120.42925845582286,130.89756605776867,92.00267207617453
sem_quality,2016-08-04,0.0005246099999999925,0.014560954195776216,0.007280477097888108,0.0078050870978881,121.36921930720463,130.96623622989824,92.67214421139278
sem_quality,2016-08-05,0.0005246099999999925,0.008036125027018962,0.004018062513509481,0.004542672513509473,121.92055992373756,131.03494242708683,93.04431143744664
sem_quality,2016-08-08,0.0005246099999999925,0.00894281934686357,0.004471409673431785,0.004996019673431777,122.52967743971237,131.1036846682335,93.46013252776363
sem_quality,2016-08-09,0.0005246099999999925,0.010002898136758795,0.0050014490683793975,0.00552605906837939,123.2067836748737,131.17246297224733,93.92732352745489
sem_quality,2016-08-10,0.0005246099999999925,0.002780488181009566,0.001390244090504783,0.0019148540905047757,123.44270668857146,131.24127735804717,94.05783696527126
sem_quality,2016-08-11,0.0005246099999999925,-0.0007391712053956973,-0.0003695856026978486,0.0001550243973021439,123.46184331977722,131.310127844562,94.02309277006023
sem_quality,2016-08-12,0.0005246099999999925,0.03342948898006322,0.01671474449003161,0.0172393544900316,125.5902458027596,131.37901445073055,95.5938407117966
sem_quality,2016-08-15,0.0005246099999999925,-0.00014165595257809027,-7.082797628904514e-05,0.0004537820237109474,125.64723639865831,131.44793719550154,95.58707354363737
sem_quality,2016-08-16,0.0005246099999999925,0.00883623990185127,0.004418119950925635,0.004942729950925627,126.268276757257,131.5168960978337,96.00916726572355
sem_quality,2016-08-17,0.0005246099999999925,-0.01840588289976372,-0.00920294144988186,-0.008678331449881867,125.17247879995213,131.58589117669555,95.12606380563142
sem_quality,2016-08-18,0.0005246099999999925,0.0013889541628642893,0.0006944770814321446,0.0012190870814321373,125.32507495180798,131.65492245106577,95.19209203772043
sem_quality,2016-08-19,0.0005246099999999925,-0.005332037926481875,-0.0026660189632409376,-0.002141408963240945,125.05670271298732,131.72398993993284,94.93844118297217
sem_quality,2016-08-22,0.0005246099999999925,0.0029669313067527403,0.0014834656533763702,0.002008075653376363,125.30782603299681,131.79309366229523,95.07920525341322
sem_quality,2016-08-23,0.0005246099999999925,0.0035249031091516836,0.0017624515545758418,0.0022870615545758344,125.59441274440435,131.8622336371614,95.2466898824087
sem_quality,2016-08-24,0.0005246099999999925,-0.0007255724640608807,-0.00036278623203044036,0.00016182376796955217,125.61473690551057,131.9314098835498,95.21215381264045
sem_quality,2016-08-25,0.0005246099999999925,-0.01139264729572989,-0.005696323647864945,-0.005171713647864953,124.96509345628337,132.0006224204888,94.67007894720851
sem_quality,2016-08-26,0.0005246099999999925,0.006813313415042571,0.0034066567075212856,0.003931266707521278,125.45636456779035,132.06987126701682,94.99241830420551
sem_quality,2016-08-29,0.0005246099999999925,0.00781368495167531,0.003906842475837655,0.004431452475837647,126.01231848516386,132.13915644218224,95.36334412752271
sem_quality,2016-08-30,0.0005246099999999925,-0.00020798913527797502,-0.00010399456763898751,0.000420615432361005,126.0653212109863,132.2084779650434,95.35343205775247
sem_quality,2016-08-31,0.0005246099999999925,0.002449360537780332,0.001224680268890166,0.0017492902688901585,126.28584605062521,132.27783585466864,95.47014829405984
sem_quality,2016-09-01,0.0005246099999999925,0.011358123672693315,0.005679061836346658,0.00620367183634665,127.06928199709868,132.34723013013635,96.01204488537623
sem_quality,2016-09-02,0.0005246099999999925,0.0,0.0,0.0005246099999999925,127.13594381312718,132.41666081053495,96.0120448853762
sem_quality,2016-09-05,0.0005246099999999925,-0.016621196037294547,-0.008310598018647274,-0.007785988018647281,126.14606487785875,132.48612791496274,95.2145457514062
sem_quality,2016-09-06,0.0005246099999999925,0.0017537488458918143,0.0008768744229459072,0.0014014844229458998,126.322856622801,132.55563146252823,95.2979931739157
sem_quality,2016-09-08,0.0005246099999999925,-0.011063142976665108,-0.005531571488332554,-0.005006961488332562,125.69036294459448,132.6251714723498,94.77112191391127
sem_quality,2016-09-09,0.0005246099999999925,0.007716102573867636,0.003858051286933818,0.00438266128693381,126.24122123241241,132.6947479635559,95.136562049226
sem_quality,2016-09-12,0.0005246099999999925,-0.0016150838072223478,-0.0008075419036111739,-0.00028293190361118137,126.20550356337492,132.76436095528504,95.05977557175969
sem_quality,2016-09-13,0.0005246099999999925,0.00629640570570679,0.003148202852853395,0.0036728128528533874,126.66903275896331,132.8340104666858,95.35888611202577
sem_quality,2016-09-14,0.0005246099999999925,0.005880538262013124,0.002940269131006562,0.0034648791310065547,127.10792564711461,132.90369651691677,95.63911988778699
sem_quality,2016-09-15,0.0005246099999999925,0.001537275967611662,0.000768637983805831,0.0012932479838058237,127.2723077156835,132.9734191251465,95.71259320323449
sem_quality,2016-09-16,0.0005246099999999925,0.004652595242312221,0.0023262976211561107,0.0028509076211561033,127.63514930771225,133.04317831055377,95.93513243481156
sem_quality,2016-09-19,0.0005246099999999925,0.0040303372913375185,0.0020151686456687593,0.002539778645668752,127.95931433436071,133.11297409232728,96.12835653841528
sem_quality,2016-09-20,0.0005246099999999925,0.00413261099019073,0.002066305495095365,0.0025909154950953576,128.29084610461138,133.18280648966584,96.32688294082912
sem_quality,2016-09-21,0.0005246099999999925,-0.015090693509199782,-0.007545346754599891,-0.007020736754599899,127.39014984608603,133.2526755217784,95.60044430422396
sem_quality,2016-09-22,0.0005246099999999925,-0.0058510745060299935,-0.0029255372530149967,-0.002400927253015004,127.0842953635549,133.32258120788387,95.3209082903954
sem_quality,2016-09-23,0.0005246099999999925,-0.0033164999739883766,-0.0016582499869941883,-0.0011336399869941957,126.94022752461179,133.39252356721133,95.1629252749323
sem_quality,2016-09-26,0.0005246099999999925,-0.0032737290062932883,-0.0016368645031466442,-0.0011122545031466515,126.79903768491707,133.46250261899993,95.00723813556435
sem_quality,2016-09-27,0.0005246099999999925,0.02329895968652397,0.011649479843261985,0.012174089843261978,128.3427005617324,133.53251838249892,96.11344271520404
sem_quality,2016-09-28,0.0005246099999999925,-0.00400668504595561,-0.002003342522977805,-0.0014787325229778125,128.152916036325,133.60257087696758,95.92099552810173
sem_quality,2016-09-29,0.0005246099999999925,0.0074759234234384325,0.0037379617117192163,0.0042625717117192085,128.69917703099577,133.67266012167534,96.2793565369669
sem_quality,2016-09-30,0.0005246099999999925,0.006794352995129274,0.003397176497564637,0.003921786497564629,129.2039077257236,133.74278613590178,96.6062630057923
sem_quality,2016-10-03,0.0005246099999999925,-0.0060698943395594285,-0.0030349471697797142,-0.0025103371697797216,128.87956235367892,133.81294893893653,96.31322183362921
sem_quality,2016-10-04,0.0005246099999999925,0.012788728192314108,0.006394364096157054,0.006918974096157046,129.7712767071281,133.8831485500794,96.92876072345038
sem_quality,2016-10-05,0.0005246099999999925,0.0,0.0,0.0005246099999999925,129.8393560166014,133.95338498864024,96.9287607234504
sem_quality,2016-10-06,0.0005246099999999925,-0.0031174184056127806,-0.0015587092028063903,-0.0010340992028063977,129.70508924205174,134.02365827393913,96.77775619058211
sem_quality,2016-10-07,0.0005246099999999925,0.0024556217174500315,0.0012278108587250158,0.0017524208587250084,129.9323871459223,134.09396842530623,96.89651866653342
sem_quality,2016-10-10,0.0005246099999999925,0.006736406713317148,0.003368203356658574,0.0038928133566585666,130.43818967806646,134.16431546208182,97.22271472024285
sem_quality,2016-10-11,0.0005246099999999925,-0.005524217323685274,-0.002762108661842637,-0.0022374986618426446,130.1463344032086,134.2346994036164,96.95431582253192
sem_quality,2016-10-13,0.0005246099999999925,-0.01603203698665312,-0.00801601849332656,-0.007491408493326568,129.1713550482851,134.30512026927053,96.17753574048953
sem_quality,2016-10-14,0.0005246099999999925,-0.028638724383626597,-0.014319362191813298,-0.013794752191813305,127.38946821511328,134.375578078415,94.80105688607719
sem_quality,2016-10-17,0.0005246099999999925,-0.003728963653381297,-0.0018644818266906485,-0.001339871826690656,127.21878265563473,134.44607285043074,94.62439471710248
sem_quality,2016-10-18,0.0005246099999999925,0.009254431749102421,0.004627215874551211,0.005151825874551203,127.87419167184892,134.5166046047088,95.06201263971886
sem_quality,2016-10-19,0.0005159099999999867,0.014648733722657403,0.007324366861328702,0.007840276861328689,128.87676073797482,134.58600306619041,95.75792266792577
sem_quality,2016-10-20,0.0005159099999999867,0.002755916452968528,0.001377958226484264,0.0018938682264842506,129.12083634026868,134.65543733103232,95.88980504577951
sem_quality,2016-10-21,0.0005159099999999867,0.0028631429355682036,0.0014315714677841018,0.0019474814677840884,129.37229677614613,134.72490741770577,96.02700737068297
sem_quality,2016-10-24,0.0005159099999999867,0.006969644550901005,0.0034848222754505025,0.00400073227545049,129.8898806994076,134.79441334469163,96.36147187143258
sem_quality,2016-10-25,0.0005159099999999867,-0.00999448479093133,-0.004997242395465665,-0.004481332395465679,129.3078009691862,134.8639551304803,95.8801785429483
sem_quality,2016-10-26,0.0005159099999999867,-0.001723676293731033,-0.0008618381468655165,-0.00034592814686552973,129.26306976122166,134.9335327935717,95.79758795686095
sem_quality,2016-10-27,0.0005159099999999867,-0.016626292045946615,-0.008313146022973308,-0.007797236022973321,128.25517509723934,135.0031463524752,95.00161926773336
sem_quality,2016-10-28,0.0005159099999999867,-0.019977404946129793,-0.009988702473064897,-0.00947279247306491,127.0402404399466,135.07279582570993,94.05316567510154
sem_quality,2016-10-31,0.0005159099999999867,0.007506807388298835,0.0037534036941494174,0.004269313694149404,127.58261507816488,135.14248123180437,94.40600314221524
sem_quality,2016-11-01,0.0005159099999999867,0.0017679230967669567,0.0008839615483834783,0.001399871548383465,127.76121435108116,135.21220258929668,94.48941138778156
sem_quality,2016-11-03,0.0005159099999999867,0.008442866546903564,0.004221433273451782,0.004737343273451769,128.3664630804953,135.28195991673454,94.88808645255014
sem_quality,2016-11-04,0.0005159099999999867,0.01149226676273098,0.00574613338136549,0.006262043381365477,129.17029944101782,135.35175323267518,95.4330449040943
sem_quality,2016-11-07,0.0005159099999999867,0.008929872438790811,0.004464936219395406,0.004980846219395392,129.81367683864678,135.42158255568546,95.85892764564858
sem_quality,2016-11-08,0.0005159099999999867,0.0,0.0,0.0005159099999999867,129.8806490126646,135.49144790434178,95.85892764564856
sem_quality,2016-11-09,0.0005159099999999867,-0.012373648582332187,-0.0061868242911660935,-0.005670914291166107,129.14410698403276,135.56134929723012,95.2661711125883
sem_quality,2016-11-10,0.0005159099999999867,-0.013920708982057519,-0.0069603544910287595,-0.006444444491028773,128.31184495523067,135.63128675294607,94.60342670710789
sem_quality,2016-11-11,0.0005159099999999867,0.019520748397976257,0.009760374198988129,0.010276284198988116,129.63041394008712,135.7012602900948,95.52631542475747
sem_quality,2016-11-14,0.0005159099999999867,-0.029635824342673214,-0.014817912171336607,-0.01430200217133662,127.77643947844473,135.77126992729106,94.11154476707203
sem_quality,2016-11-16,0.0005159099999999867,0.0085396960687421,0.00426984803437105,0.004785758034371037,128.38794660028202,135.84131568315928,94.51317955410433
sem_quality,2016-11-17,0.0005159099999999867,0.0003639439101814951,0.00018197195509074755,0.0006978819550907343,128.4775462314655,135.91139757633337,94.53036943373884
sem_quality,2016-11-18,0.0005159099999999867,-0.015742885882712096,-0.007871442941356048,-0.007355532941356061,127.53252540793538,135.981515625457,93.78666271025155
sem_quality,2016-11-21,0.0005159099999999867,0.0033027894301846305,0.0016513947150923153,0.002167304715092302,127.80892725157962,136.05166984918333,93.94146164707792
sem_quality,2016-11-22,0.0005159099999999867,0.0006025769836509607,0.00030128849182548033,0.0008171984918254671,127.91337251417146,136.12186026617522,93.96975053385788
sem_quality,2016-11-23,0.0005159099999999867,0.014334178608453731,0.007167089304226866,0.007682999304226852,128.89613086619914,136.19208689510515,94.64289284697918
sem_quality,2016-11-24,0.0005159099999999867,-0.0010879645895257905,-0.0005439822947628952,-2.8072294762908497e-05,128.8925124560197,136.26234975465522,94.59143533638957
sem_quality,2016-11-25,0.0005159099999999867,0.01557210593962561,0.007786052969812805,0.008301962969812792,129.96257332151572,136.33264886351714,95.32754949375442
sem_quality,2016-11-28,0.0005159099999999867,-0.002260523306135496,-0.001130261653067748,-0.0006143516530677612,129.8827305997587,136.40298424039236,95.21985997817866
sem_quality,2016-11-29,0.0005159099999999867,-0.006874752437315217,-0.0034373762186576083,-0.0029214662186576217,129.50328258992448,136.4733559039918,94.892722269561
sem_quality,2016-11-30,0.0005071799999999735,0.01530340513275135,0.007651702566375675,0.008158882566375649,130.55988466453584,136.5425724606392,95.61844508398435
sem_quality,2016-12-01,0.0005071799999999735,-0.02639559323896796,-0.01319779661948398,-0.012690616619484006,128.90299922237418,136.61182412253982,94.35713200546179
sem_quality,2016-12-02,0.0005071799999999735,-0.006475969825936011,-0.0032379849129680056,-0.002730804912968032,128.5509902788014,136.6811109074983,94.0517599142144
sem_quality,2016-12-05,0.0005071799999999735,-0.0003914901462696175,-0.00019574507313480875,0.0003114349268651648,128.5910255470573,136.75043283332835,94.03335907812757
sem_quality,2016-12-06,0.0005071799999999735,0.014514547596280887,0.007257273798140443,0.007764453798140417,129.58946462377295,136.81978991785277,94.71543897383489
sem_quality,2016-12-07,0.0005071799999999735,-0.0017779080427709401,-0.0008889540213854701,-0.00038177402138549654,129.53999073273434,136.88918217890333,94.63128398519893
sem_quality,2016-12-08,0.0005071799999999735,-0.008314342732731936,-0.004157171366365968,-0.003649991366365995,129.06717088496075,136.9586096343208,94.23808494374309
sem_quality,2016-12-09,0.0005071799999999735,0.0,0.0,0.0005071799999999735,129.1326311726902,137.02807230195515,94.23808494374309
sem_quality,2016-12-12,0.0005071799999999735,-0.008872733035997591,-0.0044363665179987955,-0.003929186517998822,128.62524497925273,137.09757019966526,93.82022219060946
sem_quality,2016-12-13,0.0005071799999999735,-0.00472195981714274,-0.00236097990857137,-0.0018537999085713967,128.3867995118702,137.16710334531913,93.59882681830464
sem_quality,2016-12-14,0.0005071799999999735,0.013656076254244127,0.0068280381271220636,0.007335218127122037,129.32854469093286,137.23667175679384,94.23759920389539
sem_quality,2016-12-15,0.0005071799999999735,-0.013973981341524453,-0.006986990670762226,-0.006479810670762253,128.4905202070104,137.30627545197544,93.5794957543303
sem_quality,2016-12-16,0.0005071799999999735,-0.005470607163884479,-0.0027353035819422393,-0.002228123581942266,128.20422744888117,137.37591444875918,93.32365718060497
sem_quality,2016-12-19,0.0005071799999999735,-0.002294077521550293,-0.0011470387607751464,-0.0006398587607751729,128.12219485077958,137.4455887650493,93.21666559251514
sem_quality,2016-12-20,0.0005071799999999735,-0.0035683234329196363,-0.0017841617164598182,-0.0012769817164598445,127.95858515048243,137.5152984187592,93.05043629460424
sem_quality,2016-12-21,0.0005071799999999735,0.024568788489418156,0.012284394244709078,0.012791574244709052,129.59537689268276,137.58504342781123,94.19292509122147
sem_quality,2016-12-22,0.0005071799999999735,-0.0157215469551385,-0.00786077347756925,-0.007353593477569276,128.64238517444159,137.65482381013695,93.45287118443017
sem_quality,2016-12-23,0.0005071799999999735,0.0003242195953559691,0.00016210979767798455,0.0006692897976779581,128.72848421038782,137.72463958367698,93.46801313077796
sem_quality,2016-12-26,0.0005071799999999735,-0.004197950715025219,-0.0020989753575126097,-0.0015917953575126363,128.52357480684208,137.79449076638105,93.27192552621206
sem_quality,2016-12-27,0.0005071799999999735,0.003939496481651941,0.0019697482408259706,0.002476928240825944,128.84191847889304,137.86437737620793,93.45555460443987
sem_quality,2016-12-28,0.0005071799999999735,-0.0025154273743743004,-0.0012577136871871502,-0.0007505336871871767,128.74521827875282,137.9342994311256,93.3380738581551
sem_quality,2016-12-29,0.0010146172315523472,-0.008973207864413373,-0.0044866039322066864,-0.003471986700654339,128.29821659311614,138.07424994815054,92.91972735053388
sem_quality,2017-01-02,0.0005071799999999735,0.004920909287753652,0.002460454643876826,0.0029676346438767993,128.67895882542547,138.14427844623924,93.14823623006774
sem_quality,2017-01-03,0.0005071799999999735,0.0019417632414392909,0.0009708816207196454,0.001478061620719619,128.86915425585948,138.21434246138162,93.238626296592
sem_quality,2017-01-04,0.0005071799999999735,-0.006448295922292504,-0.003224147961146252,-0.0027169679611462787,128.51902089256632,138.2844420115912,92.93816355840931
sem_quality,2017-01-05,0.0005071799999999735,-0.010461924457182081,-0.005230962228591041,-0.004723782228591067,127.91192502563808,138.35457711489065,92.45225397886121
sem_quality,2017-01-06,0.0005071799999999735,0.010078747853094656,0.005039373926547328,0.005546553926547302,128.62139541564125,138.4247477893118,92.9179192808849
sem_quality,2017-01-09,0.0005071799999999735,-0.013363803884121932,-0.006681901942060966,-0.006174721942060993,127.82719406314979,138.4949540528956,92.29736558801163
sem_quality,2017-01-10,0.0005071799999999735,-0.0017392333325014601,-0.0008696166662507301,-0.00036243666625075655,127.78086480107736,138.56519592369213,92.21714294796385
sem_quality,2017-01-11,0.0004808900000000168,0.0,0.0,0.0004808900000000168,127.84231334115155,138.63183054075986,92.21714294796386
sem_quality,2017-01-12,0.0004808900000000168,0.012114922878742565,0.0060574614393712825,0.006538351439371299,128.67819131459822,138.6984972017486,92.77547623852405
sem_quality,2017-01-13,0.0004808900000000168,0.009275337330723749,0.004637668665361874,0.005118558665361891,129.33683818579468,138.76519592206796,93.20553134838771
sem_quality,2017-01-16,0.0004808900000000168,-0.020736528047071476,-0.010368264023535738,-0.009887374023535721,128.05803649163022,138.8319267171349,92.23961628980624
sem_quality,2017-01-17,0.0004808900000000168,0.0066871227884838375,0.0033435613942419187,0.0038244513942419355,128.54778822783453,138.8986896023739,92.54787687042192
sem_quality,2017-01-18,0.0004808900000000168,-0.0063249497880377425,-0.0031624748940188713,-0.0026815848940188545,128.20307642076324,138.9654845932168,92.25533721272046
sem_quality,2017-01-19,0.0004808900000000168,-0.01767923548672458,-0.00883961774336229,-0.008358727743362273,127.1314618091006,139.0323117051028,91.44022727519288
sem_quality,2017-01-20,0.0004808900000000168,-0.00716907539945244,-0.00358453769972622,-0.0031036476997262034,126.73689054009397,139.09917095347868,91.1126138792594
sem_quality,2017-01-23,0.0004808900000000168,0.01150383180279875,0.005751915901399375,0.006232805901399392,127.52681697937727,139.16606235379848,91.63643407195711
sem_quality,2017-01-24,0.0009620112551921335,-0.007346157986969554,-0.003673078993484777,-0.0027110677382926433,127.18108314009733,139.29994167212362,91.30016970103908
sem_quality,2017-01-26,0.0004808900000000168,-0.008541558020121146,-0.004270779010060573,-0.003789889010060556,126.69908095081708,139.36692962107432,90.91043427253514
sem_quality,2017-01-27,0.0004808900000000168,-0.0036923966117234225,-0.0018461983058617112,-0.0013653083058616945,126.5260976432499,139.43394978385982,90.74267625594864
sem_quality,2017-01-30,0.0004808900000000168,-0.02663769545375476,-0.01331884772687738,-0.012837957726877363,124.90176095035909,139.50100217597137,89.5346692870376
sem_quality,2017-01-31,0.0004808900000000168,-0.002758826739168607,-0.0013794133695843036,-0.0008985233695842868,124.78953379924297,139.56808681290775,89.41122333110752
sem_quality,2017-02-01,0.0004808900000000168,0.02311075530735661,0.011555377653678305,0.012036267653678321,126.29153402842842,139.6352037101752,90.44390717584176
sem_quality,2017-02-02,0.0004808900000000168,0.0029273225321703594,0.0014636612660851797,0.0019445512660851965,126.53711439081923,139.7023528832874,90.57622279027261
sem_quality,2017-02-03,0.0004808900000000168,-0.013236614814739894,-0.006618307407369947,-0.00613741740736993,125.76050330227866,139.76953434776544,89.9770496404242
sem_quality,2017-02-06,0.0004808900000000168,-0.001069006781883236,-0.000534503390941618,-5.361339094160124e-05,125.75376085525009,139.83674811913792,89.92897971862917
sem_quality,2017-02-07,0.0004808900000000168,-0.003880771017801654,-0.001940385508900827,-0.0014594955089008103,125.57022380605447,139.90399421294092,89.75456670302799
sem_quality,2017-02-08,0.0004808900000000168,-0.008649459290444542,-0.004324729645222271,-0.003843839645222254,125.08755200152932,139.97127264471797,89.36658904219064
sem_quality,2017-02-09,0.0004808900000000168,-0.014233441354912127,-0.0071167206774560635,-0.006635830677456047,124.25749218658967,140.03858343002008,88.73089768769583
sem_quality,2017-02-10,0.0004808900000000168,-0.003723619220309962,-0.001861809610154981,-0.0013809196101549643,124.08590257892054,140.10592658440575,88.56577705452447
sem_quality,2017-02-13,0.0004808900000000168,0.0,0.0,0.0004808900000000168,124.1455742486117,140.17330212344092,88.56577705452447
sem_quality,2017-02-14,0.0004808900000000168,-0.00032620307018454975,-0.00016310153509227487,0.0003177884649077419,124.18502628007727,140.24071006269907,88.55133878355038
sem_quality,2017-02-15,0.0004808900000000168,0.007244205335828008,0.003622102667914004,0.004102992667914021,124.69455653236912,140.3081504177611,88.87192665650339
sem_quality,2017-02-16,0.0004808900000000168,0.006098967484563136,0.003049483742281568,0.003530373742281585,125.13477492055645,140.37562320421551,89.14280988695096
sem_quality,2017-02-17,0.0004808900000000168,-0.012390058203883336,-0.006195029101941668,-0.005714139101941651,124.41973741017023,140.44312843765817,88.5908330256253
sem_quality,2017-02-20,0.0004808900000000168,-0.008729739836778744,-0.004364869918389372,-0.003883979918389355,123.93649364861786,140.51066613369255,88.20433142825985
sem_quality,2017-02-21,0.0004808900000000168,0.004343336154927657,0.0021716680774638286,0.0026525580774638454,124.26524239593803,140.5782363079296,88.39578988865762
sem_quality,2017-02-22,0.0004544200000000056,-0.013316270927705556,-0.006658135463852778,-0.0062037154638527724,123.49433619006693,140.64211787007264,87.80750607307614
sem_quality,2017-02-23,0.0004544200000000056,-0.0006351679059667104,-0.0003175839529833552,0.00013683604701665044,123.51123466686013,140.70602846127517,87.77963248451195
sem_quality,2017-02-24,0.0004544200000000056,-0.008237079251429108,-0.004118539625714554,-0.0036641196257145483,123.05867472792107,140.76996809472854,87.4182727988622
sem_quality,2017-03-01,0.0004544200000000056,-0.006705500517215038,-0.003352750258607519,-0.002898330258607513,122.702010047373,140.83393678363018,87.12531428833512
sem_quality,2017-03-02,0.0004544200000000056,0.0066996111946823755,0.0033498055973411878,0.0038042255973411935,123.16879617484042,140.8979345411834,87.4170345902687
sem_quality,2017-03-03,0.0004544200000000056,-0.0053044922294572805,-0.0026522461147286402,-0.0021978261147286345,122.89809257808768,140.96196138059761,87.18528841001479
sem_quality,2017-03-06,0.0004544200000000056,-0.002194622479289879,-0.0010973112396449394,-0.0006428912396449338,122.81908247100016,141.02601731508818,87.08966246745162
sem_quality,2017-03-07,0.0004544200000000056,0.014116720347946893,0.007058360173973446,0.007512780173973452,123.74179523877389,141.09010235787653,87.7040934628437
sem_quality,2017-03-08,0.0004544200000000056,0.03262675846220059,0.016313379231100295,0.0167677992311003,125.81667281783358,141.15421652219,89.13419373345796
sem_quality,2017-03-09,0.0004544200000000056,0.011034220756430832,0.005517110378215416,0.005971530378215422,126.56799090165127,141.21835982126203,89.62573355323379
sem_quality,2017-03-10,0.0004544200000000056,-0.014299284020432013,-0.007149642010216006,-0.006695222010216001,125.72059010317771,141.282532268332,88.98523269982297
sem_quality,2017-03-13,0.0004544200000000056,-0.01339196618095144,-0.00669598309047572,-0.006241563090475714,124.93589710827689,141.34673387664537,88.3896597266334
sem_quality,2017-03-14,0.0004544200000000056,0.02485774666925586,0.01242887333462793,0.012883293334627935,126.5454829187477,141.4109646594536,89.48774461972944
sem_quality,2017-03-15,0.0004544200000000056,-0.012831078783129793,-0.0064155393915648964,-0.005961119391564891,125.79113018660581,141.4752246300142,88.91389323860385
sem_quality,2017-03-16,0.0004544200000000056,0.03391999807464205,0.016959999037321025,0.01741441903732103,127.98170963885357,141.53951380159054,90.42118783752342
sem_quality,2017-03-17,0.0004544200000000056,0.0,0.0,0.0004544200000000056,128.03986708734766,141.6038321874523,90.4211878375234
sem_quality,2017-03-20,0.0004544200000000056,0.014343662622798417,0.0071718313113992085,0.007626251311399214,129.01633129163392,141.66817980087492,91.06937879273659
sem_quality,2017-03-21,0.0004544200000000056,-0.007759303667757303,-0.0038796518338786515,-0.0034252318338786458,128.5744204466036,141.73255665514003,90.7162217918975
sem_quality,2017-03-22,0.0004544200000000056,-0.0031822799675472885,-0.0015911399837736442,-0.0011367199837736385,128.42826733347982,141.79696276353528,90.57194514642075
sem_quality,2017-03-23,0.0004544200000000056,0.013060897360582913,0.006530448680291456,0.006984868680291462,129.32532191564155,141.8613981393543,91.16315192988706
sem_quality,2017-03-24,0.0004544200000000056,0.00723113610625159,0.003615568053125795,0.004069988053125801,129.85167443080485,141.9258627958968,91.49260879783708
sem_quality,2017-03-27,0.0004544200000000056,0.008598404186304934,0.004299202093152467,0.004753622093152473,130.468940219212,141.9903567464685,91.88577535034393
sem_quality,2017-03-28,0.0004544200000000056,0.0003043584840351915,0.00015217924201759575,0.0006065992420176014,130.5480825794558,142.05488000438123,91.89975210667136
sem_quality,2017-03-29,0.0004544200000000056,-0.006897285412576018,-0.003448642706288009,-0.0029942227062880033,130.15719254633404,142.11943258295287,91.58296665050597
sem_quality,2017-03-30,0.0004544200000000056,-0.0006269082552760041,-0.00031345412763800207,0.00014096587236200355,130.1755402685255,142.18401449550723,91.55427263072448
sem_quality,2017-03-31,0.0004544200000000056,-0.002909789507806404,-0.001454894753903202,-0.0010004747539031963,130.04530292691115,142.24862575537426,91.4211313018593
sem_quality,2017-04-03,0.0004544200000000056,0.010089912380271612,0.005044956190135806,0.005499376190135812,130.7604709694664,142.31326637589004,91.88213741373247
sem_quality,2017-04-04,0.0004544200000000056,0.004835949436865564,0.002417974718432782,0.0028723947184327876,131.13606665565888,142.37793637039658,92.10420518703688
sem_quality,2017-04-05,0.0004544200000000056,0.011278190518812833,0.005639095259406417,0.006093515259406422,131.93514627888368,142.442635752242,92.62335366242831
sem_quality,2017-04-06,0.0004544200000000056,0.00104389115950404,0.00052194557975202,0.0009763655797520257,132.06396321446994,142.50736453478055,92.67167605379315
sem_quality,2017-04-07,0.0004544200000000056,0.0011729604390238735,0.0005864802195119367,0.0010409002195119425,132.2014286227695,142.57212273137245,92.7260014721511
sem_quality,2017-04-10,0.0004544200000000056,-0.010672142190879905,-0.005336071095439952,-0.004881651095439947,131.55606737391443,142.63691035538406,92.23143367739712
sem_quality,2017-04-11,0.0004544200000000056,0.013124205989418353,0.006562102994709176,0.007016522994709182,132.47913354573703,142.70172742018775,92.83639093985869
sem_quality,2017-04-12,0.0004188600000000251,0.007806929588891717,0.0039034647944458586,0.004322324794445884,133.05175138940848,142.761499465735,93.19862279909927
sem_quality,2017-04-13,0.0004188600000000251,-0.024584672851264533,-0.012292336425632266,-0.011873476425632242,131.47196455589727,142.82129654740123,92.05347363042793
sem_quality,2017-04-17,0.0004188600000000251,0.004941266544000011,0.0024706332720000057,0.002889493272000031,131.85185191293814,142.8811186756731,92.28080878358017
sem_quality,2017-04-18,0.0004188600000000251,-0.00184669242982205,-0.000923346214911025,-0.0005044862149109999,131.7853344712376,142.9409658610416,92.1956373229989
sem_quality,2017-04-19,0.0004188600000000251,0.0,0.0,0.0004188600000000251,131.84053407643424,143.0008381140022,92.19563732299889
sem_quality,2017-04-20,0.0004188600000000251,-0.0013448077609399395,-0.0006724038804699697,-0.00025354388046994463,131.80710671582128,143.06073544505463,92.13367057409296
sem_quality,2017-04-24,0.0004188600000000251,1.0114548954831548e-05,5.057274477415774e-06,0.0004239172744774409,131.86298202525703,143.1206578647032,92.13413632426953
sem_quality,2017-04-25,0.0004188600000000251,-0.0006272202924413051,-0.00031361014622065253,0.00010524985377937258,131.8768605848341,143.1806053834564,92.1052542218624
sem_quality,2017-04-26,0.0004188600000000251,-0.011976575297140774,-0.005988287648570387,-0.0055694276485703615,131.14238195128627,143.24057801182735,91.55393239229868
sem_quality,2017-04-27,0.0004188600000000251,-0.014624959543388674,-0.007312479771694337,-0.006893619771694312,130.2383362341598,143.3005757603334,90.88472641727562
sem_quality,2017-04-28,0.0004188600000000251,0.013586968702725355,0.0067934843513626775,0.007212344351362703,131.1776599628291,143.3605986394964,91.50189187804433
sem_quality,2017-05-02,0.0004188600000000251,-0.013005549257179935,-0.006502774628589968,-0.006083914628589942,130.37958627843707,143.42064665984256,90.90712482120125
sem_quality,2017-05-03,0.0004188600000000251,-0.0009972492485495893,-0.0004986246242747946,-7.976462427476954e-05,130.3691865997245,143.48071983190252,90.86181526860258
sem_quality,2017-05-04,0.0004188600000000251,-0.01577590664946818,-0.00788795332473409,-0.007469093324734065,129.39544697834145,143.54081816621132,90.14540158779755
sem_quality,2017-05-05,0.0004188600000000251,-0.006345246617871114,-0.003172623308935557,-0.002753763308935532,129.0391225441092,143.60094167330843,89.85952392824323
sem_quality,2017-05-08,0.0004188600000000251,0.014204458116018434,0.007102229058009217,0.007521089058009242,130.0096372767308,143.66109036373774,90.49745964447116
sem_quality,2017-05-09,0.0004188600000000251,0.004932134204024996,0.002466067102012498,0.0028849271020125232,130.3847056028333,143.7212642480475,90.7205390134916
sem_quality,2017-05-10,0.0004188600000000251,-0.0032754536449418753,-0.0016377268224709376,-0.0012188668224709124,130.22578401101637,143.78146333679044,90.5720257596617
sem_quality,2017-05-11,0.0004188600000000251,-0.009783096536048266,-0.004891548268024133,-0.004472688268024108,129.64332467467605,143.84168764052373,90.12917381689032
sem_quality,2017-05-12,0.0004188600000000251,0.007790951302049029,0.0038954756510245145,0.00431433565102454,130.20264949223736,143.90193716980886,90.48012282044132
sem_quality,2017-05-15,0.0004188600000000251,-0.011029670116914567,-0.005514835058457283,-0.005095975058457258,129.53914003787986,143.96221193521183,89.98134878351073
sem_quality,2017-05-16,0.0004188600000000251,-0.006419708087585879,-0.0032098540437929396,-0.0027909940437929144,129.1775970695961,144.02251194730303,89.69264271467601
sem_quality,2017-05-17,0.0004188600000000251,0.03026012553653111,0.015130062768265555,0.01554892276826558,131.18616954982133,144.08283721665728,91.0491298505989
sem_quality,2017-05-18,0.0004188600000000251,0.008044144723534333,0.004022072361767166,0.004440932361767192,131.7687584555914,144.14318775385388,91.4151827144314
sem_quality,2017-05-19,0.0004188600000000251,-0.006594591969325589,-0.0032972959846627944,-0.0028784359846627692,131.38947051959852,144.20356356947647,91.11388600067141
sem_quality,2017-05-22,0.0004188600000000251,0.0051282855812532085,0.0025641427906266043,0.0029830027906266295,131.78140567681743,144.2639646741132,91.34741719770881
sem_quality,2017-05-23,0.0004188600000000251,0.0,0.0,0.0004188600000000251,131.83660363639922,144.32439107835663,91.34741719770878
sem_quality,2017-05-24,0.0004188600000000251,0.028988242231061806,0.014494121115530903,0.014912981115530927,133.8026804167646,144.38484279280374,92.67086338749225
sem_quality,2017-05-25,0.0004188600000000251,-0.020462243407773334,-0.010231121703886667,-0.009812261703886643,132.48977349983377,144.44531982805591,91.72313347192299
sem_quality,2017-05-26,0.0004188600000000251,-4.7656551248553836e-05,-2.3828275624276918e-05,0.0003950317243757482,132.54211116352158,144.50582219471912,91.72094878289634
sem_quality,2017-05-29,0.0004188600000000251,0.01097823422806761,0.005489117114033805,0.00590797711403383,133.32516692292137,144.56634990340362,92.22420501866901
sem_quality,2017-05-30,0.0004188600000000251,0.01850517977750875,0.009252589888754374,0.009671449888754399,134.61461459372623,144.62690296472417,93.07716049659169
sem_quality,2017-05-31,0.00038333999999999233,-0.003555322591023674,-0.001777661295511837,-0.0013943212955118446,134.42691856991107,144.6823442417067,92.91176423388407
sem_quality,2017-06-01,0.00038333999999999233,-0.008332105550817093,-0.004166052775408546,-0.003782712775408554,133.91842014767786,144.7378067715483,92.52483724522124
sem_quality,2017-06-02,0.00038333999999999233,-0.010034079960572928,-0.005017039980286464,-0.004633699980286472,133.29788236687955,144.79329056239607,92.0608143161421
sem_quality,2017-06-05,0.00038333999999999233,0.00505254164349922,0.00252627082174961,0.0029096108217496024,133.68572732793055,144.84879562240025,92.29329574574427
sem_quality,2017-06-06,0.00038333999999999233,-0.008515167217845038,-0.004257583608922519,-0.0038742436089225264,133.16779625322616,144.90432195971414,91.90049989692444
sem_quality,2017-06-07,0.00038333999999999233,-0.022268156522530294,-0.011134078261265147,-0.010750738261265155,131.73614413087824,144.95986958249418,90.87766463249297
sem_quality,2017-06-08,0.00038333999999999233,0.014231724287466288,0.007115862143733144,0.0074992021437331365,132.72406010535167,145.01543849889993,91.52408976535177
sem_quality,2017-06-09,0.00038333999999999233,0.0021092233452594533,0.0010546116726297267,0.001437951672629719,132.91491088957835,145.0710287170941,91.62057515203699
sem_quality,2017-06-12,0.00038333999999999233,-0.002706595602901332,-0.001353297801450666,-0.0009699578014506738,132.78598903483189,145.1266402452425,91.49663274119986
sem_quality,2017-06-13,0.00038333999999999233,-0.0033196191736030445,-0.0016598095868015222,-0.0012764695868015298,132.61649175827557,145.18227309151413,91.34482394739896
sem_quality,2017-06-14,0.00038333999999999233,-0.0020900618716234165,-0.0010450309358117083,-0.0006616909358117159,132.52874062773995,145.23792726408104,91.24940235945917
sem_quality,2017-06-16,0.00038333999999999233,-0.004477315768448176,-0.002238657884224088,-0.0018553178842240954,132.28285768507962,145.29360277111843,91.04520444266586
sem_quality,2017-06-19,0.00038333999999999233,0.000532103553891064,0.000266051776945532,0.0006493917769455243,132.36876108509114,145.3492996208047,91.06941789910381
sem_quality,2017-06-20,0.00038333999999999233,0.017053927683823494,0.008526963841911747,0.00891030384191174,133.54820696553676,145.40501782132134,91.8456659656996
sem_quality,2017-06-21,0.00038333999999999233,0.0038814550659229258,0.0019407275329614629,0.0023240675329614553,133.85858201743056,145.46075738085295,92.02384507524255
sem_quality,2017-06-22,0.00038333999999999233,-0.007624874279727634,-0.003812437139863817,-0.0034290971398638244,133.39956793668836,145.51651830758732,91.67314438812602
sem_quality,2017-06-23,0.00038333999999999233,0.0,0.0,0.00038333999999999233,133.4507053270612,145.57230060971534,91.67314438812602
sem_quality,2017-06-26,0.00038333999999999233,0.0031351648228513246,0.0015675824114256623,0.0019509224114256547,133.7110572989043,145.62810429543106,91.81679453002353
sem_quality,2017-06-27,0.00038333999999999233,0.0066539674977952185,0.0033269837488976092,0.0037103237488976017,134.20716861029064,145.68392937293163,92.12215045815933
sem_quality,2017-06-28,0.00038333999999999233,-0.00901045285925113,-0.004505226429625565,-0.004121886429625573,133.65398190323742,145.73977585041746,91.7072783482359
sem_quality,2017-06-29,0.00038333999999999233,-0.007871733388269533,-0.003935866694134767,-0.0035525266941347743,133.1791725647488,145.79564373609196,91.34646903841619
sem_quality,2017-06-30,0.00038333999999999233,0.00037671718015132305,0.00018835859007566153,0.0005716985900756539,133.2553109099315,145.85153303816173,91.3636683373534
sem_quality,2017-07-03,0.00038333999999999233,0.0009793429087659872,0.0004896714543829936,0.0008730114543829859,133.37164432271322,145.9074437648366,91.40838937434359
sem_quality,2017-07-04,0.00038333999999999233,-0.00817456192496771,-0.004087280962483855,-0.0037039409624838628,132.8776436260725,145.96337592432937,91.0349207700973
sem_quality,2017-07-05,0.00038333999999999233,0.0038931184012552383,0.0019465592006276192,0.0023298992006276116,133.18723514173817,146.0193295248562,91.2120577290189
sem_quality,2017-07-06,0.00038333999999999233,-0.008829626404388766,-0.004414813202194383,-0.00403147320219439,132.65029437238985,146.07530457463628,90.80952783816583
sem_quality,2017-07-07,0.00038333999999999233,0.002789210982026835,0.0013946054910134176,0.00177794549101341,132.88613936515085,146.1313010818919,90.93612277542204
sem_quality,2017-07-10,0.00038333999999999233,-0.006238522374144642,-0.003119261187072321,-0.0027359211870723286,132.52257336099348,146.18731905484864,90.65257795121872
sem_quality,2017-07-11,0.00038333999999999233,-0.010602788313084408,-0.005301394156542204,-0.004918054156542211,131.8708201682398,146.24335850173512,90.17217706106989
sem_quality,2017-07-12,0.00038333999999999233,0.025083097982208855,0.012541548991104427,0.01292488899110442,133.57523588008019,146.29941943078316,91.30264248470034
sem_quality,2017-07-13,0.00038333999999999233,-0.013675135301331617,-0.006837567650665809,-0.006454227650665816,132.71311089921875,146.35550185022774,90.67859371288284
sem_quality,2017-07-14,0.00038333999999999233,-0.014252661458841465,-0.007126330729420732,-0.00674299072942074,131.81822762275272,146.411605768307,90.03263568555626
sem_quality,2017-07-17,0.00038333999999999233,-0.013933709141267042,-0.006966854570633521,-0.006583514570633529,130.95040040052325,146.4677311932622,89.40563176180831
sem_quality,2017-07-18,0.00038333999999999233,0.003049391043829147,0.0015246955219145736,0.001908035521914566,131.20025841609637,146.52387813333783,89.54189589269754
sem_quality,2017-07-19,0.00038333999999999233,-0.0019929156711979007,-0.0009964578355989503,-0.000613117835598958,131.11981719762628,146.58004659678144,89.45270535921999
sem_quality,2017-07-20,0.00038333999999999233,-0.002521774999448209,-0.0012608874997241046,-0.0008775474997241122,131.0047533298802,146.63623659184387,89.33995878148914
sem_quality,2017-07-21,0.00038333999999999233,0.00022947150451109455,0.00011473575225554727,0.0004980757522555396,131.07000362094402,146.69244812677897,89.35020534095031
sem_quality,2017-07-24,0.00038333999999999233,-0.006355341028614195,-0.0031776705143070974,-0.002794330514307105,130.70375071031566,146.74868120984388,89.06638862629048
sem_quality,2017-07-25,0.00038333999999999233,0.0,0.0,0.00038333999999999233,130.75385468611293,146.80493584929886,89.06638862629048
sem_quality,2017-07-26,0.0003471299999999743,0.008242529323201145,0.004121264661600572,0.004468394661600547,131.33811451237608,146.85589624668023,89.43332741081213
sem_quality,2017-07-27,0.0003471299999999743,-0.01029010239410301,-0.005145051197051505,-0.004797921197051531,130.70796458877635,146.90687433394433,88.97334803520147
sem_quality,2017-07-28,0.0003471299999999743,0.007748997969652449,0.0038744989848262246,0.004221628984826199,131.25976512063198,146.95787011723186,89.31795555823099
sem_quality,2017-07-31,0.0003471299999999743,-0.003706536474498215,-0.0018532682372491074,-0.001506138237249133,131.06206976937145,147.00888360268567,89.15248286871359
sem_quality,2017-08-01,0.0003471299999999743,-0.0008612847793533357,-0.00043064238967666785,-8.351238967669352e-05,131.051124462729,147.05991479645067,89.11410335312662
sem_quality,2017-08-02,0.0003471299999999743,0.008371655758246124,0.004185827879123062,0.004532957879123036,131.6451736899303,147.11096370467396,89.48699021115019
sem_quality,2017-08-03,0.0003471299999999743,-0.017688407540116705,-0.008844203770058352,-0.008497073770058377,130.5265749376148,147.16203033350476,88.69582367259409
sem_quality,2017-08-04,0.0003471299999999743,-0.002929787896152544,-0.001464893948076272,-0.0011177639480762977,130.3806770378837,147.21311468909443,88.56593878421778
sem_quality,2017-08-07,0.0003471299999999743,0.03119608698719427,0.015598043493597134,0.015945173493597108,132.4596195534654,147.26421677759646,89.94691477123088
sem_quality,2017-08-08,0.0003471299999999743,-0.009379340577949966,-0.004689670288974983,-0.004342540288975009,131.88440831889216,147.31533660516646,89.52523977348525
sem_quality,2017-08-09,0.0003471299999999743,-0.006826480381383837,-0.0034132401906919185,-0.0030661101906919444,131.48003619055225,147.36647417796223,89.21977466311283
sem_quality,2017-08-10,0.0003471299999999743,-0.005938352196745197,-0.0029691760983725987,-0.0026220460983726246,131.13528947464494,147.4176295021436,88.95495736670905
sem_quality,2017-08-11,0.0003471299999999743,0.002492577513371938,0.001246288756685969,0.0015934187566859434,131.34424290455726,147.4688025838727,89.06578245921227
sem_quality,2017-08-14,0.0003471299999999743,0.0031132865371277657,0.0015566432685638829,0.0019037732685638572,131.59429256317873,147.51999342931364,89.20437799926697
sem_quality,2017-08-15,0.0003471299999999743,-0.010267972516163182,-0.005133986258081591,-0.004786856258081617,130.96436960029484,147.57120204463274,88.7465628698239
sem_quality,2017-08-16,0.0003471299999999743,-0.012667094507090276,-0.006333547253545138,-0.005986417253545164,130.18036223851996,147.6224284359985,88.18467736761252
sem_quality,2017-08-17,0.0003471299999999743,-0.009515415790187026,-0.004757707895093513,-0.004410577895093539,129.60619161045548,147.67367260958147,87.76526602213472
sem_quality,2017-08-18,0.0003471299999999743,-0.009457696767157117,-0.004728848383578559,-0.004381718383578584,129.03829377805033,147.72493457155443,87.35038140466887
sem_quality,2017-08-21,0.0003471299999999743,0.0025615289418549347,0.0012807644709274674,0.0016278944709274417,129.24835450302953,147.77621432809224,87.4622178479094
sem_quality,2017-08-22,0.0003471299999999743,0.0005845458834743966,0.0002922729417371983,0.0006394029417371727,129.33099628111347,147.82751188537196,87.48777181706136
sem_quality,2017-08-23,0.0003471299999999743,-0.0009617876263929986,-0.0004808938131964993,-0.000133763813196525,129.3136964738864,147.8788272495727,87.44571408836356
sem_quality,2017-08-24,0.0003471299999999743,0.0,0.0,0.0003471299999999743,129.35858513734337,147.93016042687586,87.44571408836353
sem_quality,2017-08-25,0.0003471299999999743,0.009060995757959447,0.004530497878979724,0.004877627878979698,129.98954817859465,147.98151142346484,87.84174923488634
sem_quality,2017-08-28,0.0003471299999999743,0.008365736738161031,0.0041828683690805155,0.00452999836908049,130.5784006198412,148.03288024552526,88.2090522073648
sem_quality,2017-08-29,0.0003471299999999743,0.0005333136078263245,0.00026665680391316227,0.0006137868039131366,130.65854791901774,148.08426689924488,88.23256558910242
sem_quality,2017-08-30,0.0003471299999999743,-0.016135957474919194,-0.008067978737459597,-0.007720848737459623,129.6497530342789,148.1356713908136,87.52095414765772
sem_quality,2017-08-31,0.0003471299999999743,-0.006985229739898707,-0.0034926148699493537,-0.0031454848699493795,129.24194169771687,148.18709372642348,87.2153832346005
sem_quality,2017-09-01,0.0003471299999999743,-0.01271381140514323,-0.006356905702571615,-0.006009775702571641,128.46522661674874,148.23853391226874,86.66115565658365
sem_quality,2017-09-04,0.0003471299999999743,-0.007887829774730293,-0.003943914887365146,-0.0035967848873651722,128.0031648311017,148.28999195454568,86.31949003701993
sem_quality,2017-09-05,0.0003471299999999743,-0.007316200603884715,-0.0036581003019423575,-0.0033109703019423833,127.5793501537913,148.34146785945285,86.00383425804256
sem_quality,2017-09-06,0.0003105899999999911,0.006753033470338232,0.003376516735169116,0.0036871067351691073,128.04974883501183,148.38754123595533,86.29413747842632
sem_quality,2017-09-08,0.0003105899999999911,0.01033419694032231,0.005167098470161155,0.005477688470161146,128.7511654678124,148.4336289223878,86.73988933810487
sem_quality,2017-09-11,0.0003105899999999911,0.014658668345430864,0.007329334172715432,0.007639924172715423,129.73481460913524,148.4797309231948,87.37543757824031
sem_quality,2017-09-12,0.0003105899999999911,0.008544772773354789,0.0042723863866773945,0.004582976386677385,130.32938620101885,148.52584724282224,87.74862330052605
sem_quality,2017-09-13,0.0003105899999999911,-0.02119372720026534,-0.01059686360013267,-0.01028627360013268,128.98878247641784,148.57197788571742,86.81905182391587
sem_quality,2017-09-14,0.0003105899999999911,0.008560299714189243,0.004280149857094621,0.004590739857094612,129.5809364212504,148.61812285632894,87.19053499721429
sem_quality,2017-09-15,0.0003105899999999911,0.005744799688143121,0.0028723998440715603,0.0031829898440715516,129.99339122586454,148.66428215910688,87.44090331444916
sem_quality,2017-09-18,0.0003105899999999911,-0.0005139992468132237,-0.00025699962340661187,5.359037659337921e-05,130.000357620655,148.7104557985027,87.41843801272508
sem_quality,2017-09-19,0.0003105899999999911,-0.0030483542092741983,-0.0015241771046370992,-0.0012135871046371081,129.84259086304837,148.75664377896913,87.28523820151233
sem_quality,2017-09-20,0.0003105899999999911,-4.063102965494447e-05,-2.0315514827472236e-05,0.00029027448517251884,129.88028085426458,148.80284610496045,87.28346550754242
sem_quality,2017-09-21,0.0003105899999999911,0.0023348889146811713,0.0011674444573405857,0.0014780344573405767,130.07224838469628,148.84906278093217,87.38533246670787
sem_quality,2017-09-22,0.0003105899999999911,0.00022789836298497956,0.00011394918149248978,0.00042453918149248086,130.12746915056042,148.8952938113413,87.39528686208122
sem_quality,2017-09-25,0.0003105899999999911,0.00295953339660307,0.001479766698301535,0.001790356698301526,130.36044373658714,148.94153920064616,87.52457134270142
sem_quality,2017-09-26,0.0003105899999999911,0.0,0.0,0.0003105899999999911,130.4009323868073,148.98779895330648,87.52457134270144
sem_quality,2017-09-27,0.0003105899999999911,-0.013125401672197362,-0.006562700836098681,-0.00625211083609869,129.58565130439436,149.0340730737834,86.95035211192238
sem_quality,2017-09-28,0.0003105899999999911,-0.003541655074747088,-0.001770827537373544,-0.001460237537373553,129.3964254720547,149.08036156653938,86.79642584197845
sem_quality,2017-09-29,0.0003105899999999911,-0.01189742962254177,-0.005948714811270885,-0.005638124811270894,128.66687227511093,149.12666443603834,86.28025897427432
sem_quality,2017-10-02,0.0003105899999999911,-0.006945842862420976,-0.003472921431210488,-0.0031623314312104966,128.2599849807598,149.17298168674554,85.98070745149964
sem_quality,2017-10-03,0.0003105899999999911,0.008431518445127364,0.004215759222563682,0.004526349222563673,128.8405344640635,149.2193133231276,86.3430688660691
sem_quality,2017-10-04,0.0003105899999999911,0.013836747136206029,0.0069183735681030145,0.007228963568103005,129.77191799379915,149.26565934965262,86.94023699705123
sem_quality,2017-10-05,0.0003105899999999911,0.0006595773994184095,0.00032978869970920477,0.0006403786997091958,129.85502116590277,149.31201977079004,86.96890000232007
sem_quality,2017-10-06,0.0003105899999999911,0.0036245396686541004,0.0018122698343270502,0.0021228598343270414,130.13068517462156,149.35839459101066,87.1264621790824
sem_quality,2017-10-09,0.0003105899999999911,-0.008308815174452297,-0.0041544075872261485,-0.0038438175872261573,129.63048655830954,149.40478381478667,86.76461572944625
sem_quality,2017-10-10,0.0003105899999999911,0.016122515576322313,0.008061257788161157,0.008371847788161147,130.715733260481,149.45118744659172,87.46383049461814
sem_quality,2017-10-11,0.0003105899999999911,0.0157907810512347,0.00789539052561735,0.008205980525617341,131.78838402200827,149.49760549090075,88.15417717846299
sem_quality,2017-10-13,0.0003105899999999911,0.015501513323383218,0.007750756661691609,0.0080613466616916,132.85077587159384,149.54403795219017,88.83722660616317
sem_quality,2017-10-16,0.0003105899999999911,0.014588979368565222,0.007294489684282611,0.007605079684282602,133.86111660821607,149.59048483493774,89.48504763248954
sem_quality,2017-10-17,0.0003105899999999911,-0.0035714493975664563,-0.0017857246987832281,-0.0014751346987832371,133.6636534302894,149.63694614362262,89.32530158828426
sem_quality,2017-10-18,0.0003105899999999911,0.007293273133256256,0.003646636566628128,0.003957226566628119,134.19259079063633,149.68342188272536,89.65093736016681
sem_quality,2017-10-19,0.0003105899999999911,-0.020004131325811622,-0.010002065662905811,-0.00969147566290582,132.89206656284657,149.72991205672793,88.7545212158396
sem_quality,2017-10-20,0.0003105899999999911,0.0102740739695317,0.00513703698476585,0.005447626984765841,133.61601297071564,149.7764166701136,89.21031490892744
sem_quality,2017-10-23,0.0003105899999999911,-0.007757157920281643,-0.0038785789601408216,-0.0035679889601408304,133.13927251153808,149.82293572736717,88.8644130921394
sem_quality,2017-10-24,0.0003105899999999911,-0.002355699483270232,-0.001177849741635116,-0.0008672597416351251,133.02380618045822,149.86946923297475,88.75977666516611
sem_quality,2017-10-25,0.00028296000000000966,0.012429702091451111,0.006214851045725556,0.006497811045725566,133.88816973760208,149.91187629798893,89.31124941126374
sem_quality,2017-10-26,0.00028296000000000966,0.004121564754315563,0.0020607823771577813,0.002343742377157791,134.2019691148162,149.95429536250623,89.49524839577977
sem_quality,2017-10-27,0.00028296000000000966,0.0,0.0,0.00028296000000000966,134.23994290399693,149.996726429922,89.49524839577975
sem_quality,2017-10-30,0.00028296000000000966,0.01724319518833141,0.008621597594165704,0.008904557594165714,135.4352902070231,150.03916950363262,90.26662214612168
sem_quality,2017-10-31,0.00028296000000000966,0.0008637390960186259,0.00043186954800931293,0.0007148295480093225,135.5321033543063,150.08162458703538,90.30559452380426
sem_quality,2017-11-01,0.00028296000000000966,0.022419681307496983,0.011209840653748492,0.0114928006537485,137.08974680034055,150.12409168352855,91.3176194859748
sem_quality,2017-11-03,0.00028296000000000966,0.014221858603953919,0.007110929301976959,0.007393889301976969,138.10337321261832,150.16657079651134,91.96678893317761
sem_quality,2017-11-06,0.00028296000000000966,0.0038166403602069715,0.0019083201801034858,0.0021912801801034954,138.40599639714455,150.2090619293839,92.14224136637763
sem_quality,2017-11-07,0.00028296000000000966,-0.014110438720113166,-0.007055219360056583,-0.006772259360056573,137.46867509255603,150.25156508554744,91.4923415368663
sem_quality,2017-11-08,0.00028296000000000966,0.008293234879176575,0.004146617439588288,0.004429577439588298,138.0776032343961,150.29408026840406,91.87161795581632
sem_quality,2017-11-09,0.00028296000000000966,0.00739621958398648,0.00369810979199324,0.00398106979199325,138.6272998095834,150.3366074813568,92.21127317694364
sem_quality,2017-11-10,0.00028296000000000966,0.0029456889723606106,0.0014728444861803053,0.0017558044861803149,138.8707022444961,150.37914672780974,92.34704762346854
sem_quality,2017-11-13,0.00028296000000000966,-0.011280781812484625,-0.005640390906242312,-0.005357430906242302,138.12671205231987,150.42169801116785,91.82632152049291
sem_quality,2017-11-14,0.00028296000000000966,0.0025054909158637173,0.0012527454579318587,0.0015357054579318683,138.3388339979048,150.4642613348371,91.94132398659849
sem_quality,2017-11-16,0.00028296000000000966,-0.001992426358178298,-0.000996213179089149,-0.0007132531790891394,138.24016338476432,150.50683670222443,91.84975673780882
sem_quality,2017-11-17,0.0005660000663616193,0.002059569852395096,0.001029784926197548,0.0015957849925591675,138.46076496286267,150.59202358178575,91.94428872765982
sem_quality,2017-11-21,0.00028296000000000966,0.008536393826326524,0.004268196913163262,0.004551156913163272,139.0909216305253,150.63463510077847,92.33661404461853
sem_quality,2017-11-22,0.00028296000000000966,0.00959839518865993,0.004799197594329965,0.005082157594329975,139.79780361419222,150.6772586771266,92.77963034471776
sem_quality,2017-11-23,0.00028296000000000966,-0.0029411228946782525,-0.0014705614473391262,-0.0011876014473391166,139.63177954028518,150.71989431424188,92.64323079285164
sem_quality,2017-11-24,0.00028296000000000966,0.021386648936876418,0.010693324468438209,0.010976284468438218,141.16441767335363,150.76254201553704,93.63361468049918
sem_quality,2017-11-27,0.00028296000000000966,0.005286084873113786,0.002643042436556893,0.0029260024365569026,141.577465103421,150.80520178442578,93.88102229113042
sem_quality,2017-11-28,0.00028296000000000966,0.01656327819324699,0.008281639096623494,0.008564599096623503,142.790019333148,150.84787362432272,94.65829109978553
sem_quality,2017-11-29,0.00028296000000000966,0.024063193005059574,0.012031596502529787,0.012314556502529796,144.54841509422337,150.89055753864344,95.79685929466075
sem_quality,2017-11-30,0.00028296000000000966,0.011447843937164817,0.005723921968582409,0.006006881968582419,145.41670036244,150.9332535308046,96.34503792947211
sem_quality,2017-12-01,0.00028296000000000966,0.0,0.0,0.00028296000000000966,145.45784747197456,150.97596160422367,96.34503792947213
sem_quality,2017-12-04,0.00028296000000000966,-0.005955069422534445,-0.0029775347112672226,-0.002694574711267213,145.06590043462123,151.0186817623192,96.05824838474835
sem_quality,2017-12-05,0.00028296000000000966,-0.002703624928889911,-0.0013518124644449556,-0.001068852464444946,144.91084638943474,151.06141400851067,95.92843238000579
sem_quality,2017-12-06,0.00026444000000000315,-0.006433940053352377,-0.0032169700266761886,-0.0029525300266761857,144.48299276427886,151.10136068883108,95.61991507265002
sem_quality,2017-12-07,0.00026444000000000315,0.003565716936118138,0.001782858468059069,0.002047298468059072,144.77879257402577,151.14131793265165,95.79034677899196
sem_quality,2017-12-08,0.00026444000000000315,0.0031962887026684567,0.0015981443513342283,0.0018625843513342315,145.04845528747921,151.18128574276574,95.94339310903764
sem_quality,2017-12-11,0.00026444000000000315,-0.004148371730848505,-0.0020741858654242523,-0.0018097458654242492,144.78595444523654,151.22126412196758,95.74444128998907
sem_quality,2017-12-12,0.00026444000000000315,0.0009285035129011493,0.00046425175645057465,0.0007286917564505778,144.89145877669063,151.261253073052,95.7888790639034
sem_quality,2017-12-13,0.00026444000000000315,-0.0178716769083197,-0.00893583845415985,-0.008671398454159847,143.63504720503346,151.3012525988146,94.93315140350582
sem_quality,2017-12-14,0.00026444000000000315,0.007405650591342017,0.0037028252956710084,0.003967265295671011,144.20488554305206,151.34126270205186,95.28457934631528
sem_quality,2017-12-15,0.00026444000000000315,-0.0012471640701887526,-0.0006235820350943763,-0.00035914203509437317,144.1530955069876,151.3812833855608,95.22517730268981
sem_quality,2017-12-18,0.00026444000000000315,0.0028875334089913246,0.0014437667044956623,0.0017082067044956655,144.39933879120642,151.42131465213927,95.36262389673179
sem_quality,2017-12-19,0.00026444000000000315,0.010311521728372408,0.005155760864186204,0.005420200864186207,145.18201221211044,151.4613565045859,95.85416079890626
sem_quality,2017-12-20,0.00026444000000000315,0.028375046382452973,0.014187523191226487,0.01445196319122649,147.28017730862803,151.50140894569998,97.21373440257253
sem_quality,2017-12-21,0.00026444000000000315,-0.003818330677017631,-0.0019091653385088156,-0.0016447253385088124,147.03794186914848,151.54147197828158,97.0281863767441
sem_quality,2017-12-22,0.00026444000000000315,0.007341811861293929,0.0036709059306469644,0.003935345930646967,147.61658703533394,151.58154560513154,97.38427355786023
sem_quality,2017-12-26,0.00026444000000000315,-0.006016517715142375,-0.0030082588575711874,-0.0027438188575711845,147.2115538601361,151.62162982905136,97.09139390343748
sem_quality,2017-12-27,0.00026444000000000315,0.011259597861142168,0.005629798930571084,0.005894238930571087,148.07925393192838,151.66172465284336,97.63785442298291
sem_quality,2017-12-28,0.0005289499285136063,-0.011768943108543067,-0.005884471554271534,-0.0053555216257579275,147.28621228516985,151.74194611125677,97.06361099203251
sem_quality,2018-01-02,0.00026444000000000315,0.001307534205662264,0.000653767102831132,0.0009182071028311352,147.42145153143917,151.78207275148642,97.1270512116494
sem_quality,2018-01-03,0.00026444000000000315,-0.012998951659107874,-0.006499475829553937,-0.006235035829553934,146.5022734990958,151.82221000280484,96.49594318011128
sem_quality,2018-01-04,0.00026444000000000315,-0.009689316129885536,-0.004844658064942768,-0.004580218064942765,145.83126113946003,151.862357868018,96.02857692108302
sem_quality,2018-01-05,0.00026444000000000315,0.0,0.0,0.00026444000000000315,145.86982475815574,151.90251634993263,96.028576921083
sem_quality,2018-01-08,0.00026444000000000315,0.0033173964146811083,0.0016586982073405541,0.0019231382073405573,146.15035259144625,151.9426854513562,96.18781723996557
sem_quality,2018-01-09,0.00026444000000000315,-2.568118729520414e-05,-1.284059364760207e-05,0.0002515994063524011,146.18712393339644,151.98286517509695,96.18658245781633
sem_quality,2018-01-10,0.00026444000000000315,-0.0078066150015112645,-0.0039033075007556322,-0.0036388675007556293,145.65516835908628,152.02305552396385,95.81123590567894
sem_quality,2018-01-11,0.00026444000000000315,-0.011680687496896732,-0.005840343748448366,-0.005575903748448363,144.84300915985196,152.06325650076658,95.25181328674344
sem_quality,2018-01-12,0.00026444000000000315,0.01028795200435062,0.00514397600217531,0.005408416002175313,145.6263804083953,152.10346810831567,95.74165679423699
sem_quality,2018-01-15,0.00026444000000000315,0.013832633268764197,0.0069163166343820985,0.0071807566343821015,146.67208800565393,152.1436903494222,96.40366134724229
sem_quality,2018-01-16,0.00026444000000000315,-0.010033722400660028,-0.005016861200330014,-0.004752421200330011,145.97504046511918,152.18392322689823,95.92014542001134
sem_quality,2018-01-17,0.00026444000000000315,0.016580429806648547,0.008290214903324274,0.008554654903324277,147.22380656079704,152.22416674355634,96.71513381237085
sem_quality,2018-01-18,0.00026444000000000315,0.013089006855370238,0.006544503427685119,0.006808943427685122,148.226245130878,152.26442090221002,97.34791900339903
sem_quality,2018-01-19,0.00026444000000000315,0.008131275134080271,0.004065637567040136,0.004330077567040139,148.8680762697658,152.3046857056734,97.74359572721959
sem_quality,2018-01-22,0.00026444000000000315,0.004146121196403018,0.002073060598201509,0.002337500598201512,149.21605548709948,152.34496115676143,97.94617055536065
sem_quality,2018-01-23,0.00026444000000000315,-0.005971771219298049,-0.0029858856096490246,-0.0027214456096490217,148.80997210800498,152.38524725828972,97.65379181081438
sem_quality,2018-01-24,0.0005289499285136063,-0.01268934153712626,-0.00634467076856313,-0.005815720840049524,147.94453485200924,152.46585142393354,97.0345382066226
sem_quality,2018-01-26,0.00026444000000000315,0.005199392902492754,0.002599696451246377,0.0028641364512463803,148.36826818704156,152.5061694936841,97.28673186115667
sem_quality,2018-01-29,0.00026444000000000315,0.008381727844578381,0.004190863922289191,0.004455303922289194,149.02929391423854,152.546498225145,97.69433952805957
sem_quality,2018-01-30,0.00026444000000000315,-0.01911353397713623,-0.009556766988568116,-0.009292326988568113,147.644464984312,152.5868376211357,96.76094431611769
sem_quality,2018-01-31,0.00026444000000000315,0.003651779926159294,0.001825889963079647,0.00209032996307965,147.9530906333516,152.6271876844762,96.93757244562003
sem_quality,2018-02-01,0.00026444000000000315,-0.0015406392995424133,-0.0007703196497712067,-0.0005058796497712035,147.8782441756794,152.6675484179875,96.8629192700498
sem_quality,2018-02-02,0.00026444000000000315,0.00596978255997169,0.002984891279985845,0.003249331279985848,148.35874958010885,152.70791982449114,97.15196811705586
sem_quality,2018-02-05,0.00026444000000000315,-0.010529863595331972,-0.005264931797665986,-0.005000491797665983,147.6168828697215,152.74830190680956,96.6406048558113
sem_quality,2018-02-06,0.00026444000000000315,0.007732066059534878,0.003866033029767439,0.004130473029767442,148.22661042315326,152.78869466776578,97.01412185336576
sem_quality,2018-02-07,0.0002551500000000031,0.0,0.0,0.0002551500000000031,148.26443044280273,152.82767870321027,97.01412185336576
sem_quality,2018-02-08,0.0002551500000000031,-0.0031115502913421113,-0.0015557751456710556,-0.0013006251456710526,148.07159399636024,152.8666726854314,96.86322819432431
sem_quality,2018-02-09,0.0002551500000000031,-0.013429980520451263,-0.0067149902602256315,-0.006459840260225628,147.11507515206677,152.90567661696713,96.21295847674382
sem_quality,2018-02-14,0.0002551500000000031,0.006244462970133159,0.0031222314850665794,0.0033773814850665824,147.61193888305954,152.94469050035596,96.51328097768518
sem_quality,2018-02-15,0.0002551500000000031,-0.003924854048962133,-0.0019624270244810666,-0.0017072770244810635,147.3599244112654,152.98371433813713,96.32392902002526
sem_quality,2018-02-16,0.0002551500000000031,0.006200610307095498,0.003100305153547749,0.003355455153547752,147.85438402905757,153.02274813285052,96.62248641665623
sem_quality,2018-02-19,0.0002551500000000031,-0.015059125606270665,-0.007529562803135333,-0.007274412803135329,146.7788302048769,153.06179188703663,95.89514691766009
sem_quality,2018-02-20,0.0002551500000000031,0.00990111241439055,0.004950556207195275,0.005205706207195278,147.5429176723593,153.10084560323662,96.36976013491082
sem_quality,2018-02-21,0.0002551500000000031,-0.01158237130616772,-0.00579118565308386,-0.005536035653083857,146.7261148197651,153.1399092839923,95.81180732428601
sem_quality,2018-02-22,0.0002551500000000031,-0.012710787736070681,-0.006355393868035341,-0.006100243868035337,145.8310497375552,153.17898293184612,95.20304087829057
sem_quality,2018-02-23,0.0002551500000000031,-0.010397773708504997,-0.005198886854252498,-0.004943736854252495,145.1100994024733,153.21806654934122,94.70821729482086
sem_quality,2018-02-26,0.0002551500000000031,0.012725566635383281,0.006362783317691641,0.006617933317691644,146.07042836404247,153.2571601390213,95.31067144369656
sem_quality,2018-02-27,0.0002551500000000031,0.004275265975632856,0.002137632987816428,0.002392782987816431,146.41994320005503,153.29626370343078,95.51435870825998
sem_quality,2018-02-28,0.0002551500000000031,-0.019166429688264174,-0.009583214844132087,-0.009328064844132084,145.05412847541078,153.33537724511473,94.59925757611309
sem_quality,2018-03-01,0.0002551500000000031,-0.0030825280716621924,-0.0015412640358310962,-0.0012861140358310932,144.8675723248233,153.37450076661884,94.45349233459606
sem_quality,2018-03-02,0.0002551500000000031,-0.0025826266070646652,-0.0012913133035323326,-0.0010361633035323296,144.7174658625085,153.41363427048944,94.33155439584438
sem_quality,2018-03-05,0.0002551500000000031,-0.009781142849213312,-0.004890571424606656,-0.004635421424606653,144.04663942073466,153.45277775927357,93.87033687112877
sem_quality,2018-03-06,0.0002551500000000031,0.007078023244602507,0.0035390116223012534,0.0037941616223012564,144.59317565184625,153.49193123551888,94.20246034300114
sem_quality,2018-03-07,0.0002551500000000031,-0.010492582825892887,-0.005246291412946444,-0.00499114141294644,143.8714906648209,153.53109470177364,93.7083728506489
sem_quality,2018-03-08,0.0002551500000000031,-0.000369106106091718,-0.000184553053045859,7.059694695414409e-05,143.8816475528156,153.5702681605868,93.6910830958243
sem_quality,2018-03-09,0.0002551500000000031,-0.0019727255867081845,-0.0009863627933540922,-0.0007312127933540892,143.7764394513961,153.609451614508,93.59869327065341
sem_quality,2018-03-12,0.0002551500000000031,-0.0062471320838064625,-0.0031235660419032312,-0.0028684160419032282,143.364028806026,153.64864506608745,93.30640614784606
sem_quality,2018-03-13,0.0002551500000000031,0.0,0.0,0.0002551500000000031,143.40060813797587,153.6878485178761,93.30640614784606
sem_quality,2018-03-14,0.0002551500000000031,-0.011176574120033329,-0.005588287060016664,-0.005333137060016661,142.6358330402863,153.72706197242545,92.78511617289048
sem_quality,2018-03-15,0.0002551500000000031,-0.0016087089532921756,-0.0008043544766460878,-0.0005492044766460848,142.55749680225043,153.76628543228773,92.71050308685957
sem_quality,2018-03-16,0.0002551500000000031,0.013050571145909918,0.006525285572954959,0.006780435572954963,143.52409872475985,153.80551890001578,93.31531127830364
sem_quality,2018-03-19,0.0002551500000000031,-0.01167166874409964,-0.00583583437204982,-0.005580684372049816,142.72313602999404,153.84476237816313,92.77087748958836
sem_quality,2018-03-20,0.0002551500000000031,-0.01208856349026234,-0.00604428174513117,-0.005789131745131166,141.89689299243813,153.88401586928393,92.21028720290988
sem_quality,2018-03-21,0.00024582999999999354,0.0032645307880241085,0.0016322653940120543,0.0018780953940120478,142.16338889359184,153.92184517690507,92.36076187249508
sem_quality,2018-03-22,0.00024582999999999354,-0.0168829873942158,-0.0084414936971079,-0.008195663697107907,140.99826556817882,153.95968378410487,91.58129070068654
sem_quality,2018-03-23,0.00024582999999999354,-0.013812540218474592,-0.006906270109237296,-0.0066604401092373025,140.05915506485564,153.9975316931695,90.94896101576147
sem_quality,2018-03-26,0.00024582999999999354,0.007575740148913342,0.003787870074456671,0.004033700074456664,140.62411168906908,154.0353889063856,91.29337919517496
sem_quality,2018-03-27,0.00024582999999999354,-0.004736156475917309,-0.0023680782379586545,-0.0021222482379586608,140.32567241582242,154.07325542604048,91.07724246352588
sem_quality,2018-03-28,0.00024582999999999354,0.00329755784243492,0.00164877892121746,0.0018946089212174535,140.5915346866573,154.11113125442185,91.22737179480886
sem_quality,2018-03-29,0.00024582999999999354,-0.01095547584907772,-0.00547773792453886,-0.0052319079245388665,139.8559727222071,154.1490163938181,90.72777497645829
sem_quality,2018-04-02,0.00024582999999999354,0.0041560051190021475,0.0020780025595010737,0.0023238325595010675,140.18097458525966,154.18691084651817,90.91626118951147
sem_quality,2018-04-03,0.00024582999999999354,-0.003957257173967776,-0.001978628586983888,-0.0017327985869838947,139.9380691905763,154.22481461481158,90.73641588747081
sem_quality,2018-04-04,0.00024582999999999354,0.0025456527929018768,0.0012728263964509384,0.001518656396450932,140.15058703445956,154.2627277009883,90.85187920838358
sem_quality,2018-04-05,0.00024582999999999354,0.0006743591562640766,0.0003371795781320383,0.0005830095781320318,140.23229616908148,154.300650107339,90.88250507793006
sem_quality,2018-04-06,0.00024582999999999354,0.01024039437673225,0.005120197188366125,0.0053660271883661185,140.98478648301182,154.3385818361549,91.34772705938207
sem_quality,2018-04-09,0.00024582999999999354,0.0007157088540416336,0.0003578544270208168,0.0006036844270208104,141.06989680305844,154.37652288972765,91.38040821390035
sem_quality,2018-04-10,0.00024582999999999354,-0.0026648253181352274,-0.0013324126590676137,-0.0010865826590676201,140.91661269947576,154.41447327034962,91.2586817252281
sem_quality,2018-04-11,0.00024582999999999354,0.005149481585169714,0.002574740792584857,0.0028205707925848507,141.3140779814459,154.45243298031366,91.49359142789136
sem_quality,2018-04-12,0.00024582999999999354,0.008556680869044365,0.004278340434522182,0.004524170434522176,141.95340695503134,154.4904020219132,91.88493595537177
sem_quality,2018-04-13,0.00024582999999999354,0.0,0.0,0.00024582999999999354,141.98830336106306,154.52838039744222,91.88493595537177
sem_quality,2018-04-16,0.00024582999999999354,-0.004097504378335819,-0.0020487521891679097,-0.0018029221891679161,141.73230949833112,154.56636810919534,91.69673275767376
sem_quality,2018-04-17,0.00024582999999999354,-0.016807111881036663,-0.008403555940518332,-0.008157725940518338,140.576096160527,154.6043651594676,90.9263435191684
sem_quality,2018-04-18,0.00024582999999999354,0.008546550184784217,0.004273275092392109,0.0045191050923921025,141.21137431255463,154.64237155055474,91.31480130359398
sem_quality,2018-04-19,0.00024582999999999354,0.004361497712294487,0.0021807488561472435,0.002426578856147237,141.55403484770898,154.680387284753,91.51388701084672
sem_quality,2018-04-20,0.00024582999999999354,0.004320316241141523,0.0021601581205707614,0.002405988120570755,141.89461217397144,154.71841236435918,91.7115228921895
sem_quality,2018-04-23,0.00024582999999999354,0.0038545256628963083,0.0019272628314481541,0.002173092831448148,142.2029623385078,154.7564467916707,91.88823166115846
sem_quality,2018-04-24,0.00024582999999999354,-0.0043638119925868656,-0.0021819059962934328,-0.0019360759962934392,141.9276465965224,154.79449056898548,91.68778945221642
sem_quality,2018-04-25,0.00024582999999999354,-0.005151305618079836,-0.002575652809039918,-0.002329822809039924,141.59698032824846,154.83254369860205,91.45169157969916
sem_quality,2018-04-26,0.00024582999999999354,0.005590859570369743,0.0027954297851848714,0.003041259785184865,142.02761353022436,154.87060618281944,91.70727553204358
sem_quality,2018-04-27,0.00024582999999999354,0.007661822592464976,0.003830911296232488,0.004076741296232481,142.60662336750838,154.90867802393734,92.05851162545717
sem_quality,2018-04-30,0.00024582999999999354,0.022182310968408725,0.011091155484204362,0.011336985484204356,144.22335258657722,154.94675922425597,93.07929595212853
sem_quality,2018-05-02,0.00024582999999999354,-0.001806442610866637,-0.0009032213054333185,-0.0006573913054333249,144.12854140854637,154.98484978607604,92.99524541107436
sem_quality,2018-05-03,0.00024582999999999354,0.002204712883946142,0.001102356441973071,0.0013481864419730646,144.3228535539747,155.02294971169894,93.0977341241258
sem_quality,2018-05-04,0.00024582999999999354,-0.0003062239955826541,-0.00015311199779132704,9.27180022086665e-05,144.33623488062926,155.06105900342655,93.08348324735724
sem_quality,2018-05-07,0.00024582999999999354,4.976700710478273e-05,2.4883503552391366e-05,0.0002707135035523849,144.37530864846337,155.09917766356133,93.0857989212812
sem_quality,2018-05-08,0.00024582999999999354,-0.009569059604943956,-0.004784529802471978,-0.004538699802471984,143.72003246361876,155.13730569440636,92.64053660099161
sem_quality,2018-05-09,0.00024582999999999354,-0.0032852437613229615,-0.0016426218806614807,-0.0013967918806614872,143.51928548918517,155.1754430982652,92.48840062812081
sem_quality,2018-05-10,0.00024582999999999354,0.025199651204524942,0.012599825602262471,0.012845655602262465,145.36288480286203,155.21358987744202,93.65345194170291
sem_quality,2018-05-11,0.00024582999999999354,0.005994957874533106,0.002997478937266553,0.003243308937266547,145.83434154629,155.2517460342416,93.93410719781886
sem_quality,2018-05-14,0.00024582999999999354,-0.008108094910203022,-0.004054047455101511,-0.0038082174551015173,145.27897266126018,155.28991157096917,93.553387461919
sem_quality,2018-05-15,0.00024582999999999354,-0.00660285985610545,-0.003301429928052725,-0.003055599928052732,144.83505824284885,155.32808648993063,93.24460341706327
sem_quality,2018-05-16,0.00024582999999999354,0.0,0.0,0.00024582999999999354,144.87066304521667,155.36627079343245,93.24460341706326
sem_quality,2018-05-17,0.00024582999999999354,-0.008988702210414812,-0.004494351105207406,-0.004248521105207412,144.2551769757437,155.40446448378157,92.82563242627985
sem_quality,2018-05-18,0.00024582999999999354,0.006700634588268269,0.0033503172941341344,0.0035961472941341277,144.77393984008984,155.44266756328562,93.13655131474619
sem_quality,2018-05-21,0.00024582999999999354,0.016174798768642435,0.008087399384321218,0.008333229384321211,145.98037428964923,155.4808800342527,93.88959868087285
sem_quality,2018-05-22,0.00024582999999999354,-0.00780533958364983,-0.003902669791824915,-0.003656839791824922,145.44654744812132,155.5191018989915,93.52326863524956
sem_quality,2018-05-23,0.00024582999999999354,0.0033935852461652264,0.0016967926230826132,0.0019426226230826067,145.7290952016433,155.5573331598113,93.68191922648161
sem_quality,2018-05-24,0.00024582999999999354,0.0034799200107151016,0.0017399600053575508,0.0019857900053575446,146.0184825823845,155.59557381902195,93.84488195803253
sem_quality,2018-05-25,0.00024582999999999354,0.005751163543829443,0.0028755817719147217,0.0031214117719147155,146.47426639283427,155.63382387893387,94.11467426693522
sem_quality,2018-05-28,0.00024582999999999354,-7.185425689009654e-05,-3.592712844504827e-05,0.00020990287155494528,146.50501176195905,155.672083341858,94.11129382795761
sem_quality,2018-05-29,0.00024582999999999354,0.0017572782169846188,0.0008786391084923094,0.001124469108492303,146.6697521219247,155.71035221010595,94.19396336861249
sem_quality,2018-05-30,0.00024582999999999354,0.013556559775380974,0.006778279887690487,0.007024109887690481,147.6999765780294,155.74863048598974,94.83227949880154
sem_quality,2018-06-01,0.00024582999999999354,-0.008147021490254924,-0.004073510745127462,-0.0038276807451274684,147.1346282216259,155.7869181718221,94.44607413014401
sem_quality,2018-06-04,0.00024582999999999354,-0.011256781022655753,-0.005628390511327876,-0.005382560511327883,146.34266718191125,155.82521526991624,93.91462538872186
sem_quality,2018-06-05,0.00024582999999999354,-0.009216356301223206,-0.004608178150611603,-0.004362348150611609,145.70426951837464,155.86352178258602,93.48195642699353
sem_quality,2018-06-06,0.00024582999999999354,-0.014162597034053225,-0.007081298517026612,-0.0068354685170266185,144.70831257128543,155.90183771214583,92.82014548056327
sem_quality,2018-06-07,0.00024582999999999354,0.0442513181890859,0.02212565909454295,0.02237148909454294,147.94565300786365,155.94016306091058,94.87334763788579
sem_quality,2018-06-08,0.00024582999999999354,-0.0036819539342441247,-0.0018409769671220624,-0.0015951469671220688,147.70965794816928,155.97849783119585,94.69873091611939
sem_quality,2018-06-11,0.00024582999999999354,-0.010547137405346123,-0.005273568702673061,-0.005027738702673068,146.96701238414468,156.01684202531766,94.19945338997157
sem_quality,2018-06-12,0.00024582999999999354,0.009776532269231562,0.004888266134615781,0.005134096134615775,147.72155515434213,156.05519564559273,94.65981221786642
sem_quality,2018-06-13,0.00024582999999999354,0.0018688585300988333,0.0009344292650494166,0.0011802592650494103,147.89590488846054,156.09355869433827,94.74824337759487
sem_quality,2018-06-14,0.00024582999999999354,-0.022593701037905464,-0.011296850518952732,-0.011051020518952738,146.26150420886907,156.1319311738721,93.6781496963545
sem_quality,2018-06-15,0.00024582999999999354,-0.024240751655983668,-0.012120375827991834,-0.01187454582799184,144.52471527426985,156.17031308651255,92.54301436548221
sem_quality,2018-06-18,0.00024582999999999354,0.0,0.0,0.00024582999999999354,144.5602437850257,156.2087044345786,92.5430143654822
sem_quality,2018-06-19,0.00024582999999999354,-0.0048826871897062534,-0.0024413435948531267,-0.0021955135948531334,144.24285980452038,156.24710522038973,92.31714059666122
sem_quality,2018-06-20,0.00024582999999999354,-0.01987402842430851,-0.009937014212154255,-0.009691184212154261,142.84497567886683,156.28551544626606,91.40000931690925
sem_quality,2018-06-21,0.00024582999999999354,-0.012575437071001727,-0.006287718535500864,-0.00604188853550087,141.9819222579588,156.3239351145282,90.82545302735504
sem_quality,2018-06-22,0.00024582999999999354,0.01634897516586442,0.00817448758293221,0.008420317582932204,143.177455134406,156.36236422749738,91.56772209333687
sem_quality,2018-06-25,0.00024582999999999354,0.006245773268766915,0.0031228866343834573,0.003368716634383451,143.65977940918594,156.40080278749542,91.85360742961088
sem_quality,2018-06-26,0.00024582999999999354,-0.008097476665344798,-0.004048738332672399,-0.003802908332672405,143.11345443700088,156.43925079684465,91.48180760776658
sem_quality,2018-06-27,0.00024582999999999354,0.00403103457776789,0.002015517288883945,0.002261347288883939,143.4370836591948,156.47770825786802,91.66614545684496
sem_quality,2018-06-28,0.00024582999999999354,0.006833654424391815,0.0034168272121959074,0.003662657212195901,143.9624445281555,156.51617517288904,91.97927586023195
sem_quality,2018-06-29,0.00024582999999999354,-0.003151615767614049,-0.0015758078838070246,-0.001329977883807031,143.77097766083423,156.55465154423177,91.83436981443778
sem_quality,2018-07-02,0.00024582999999999354,-0.0011298409728926293,-0.0005649204864463147,-0.0003190904864463211,143.7251017096356,156.59313737422087,91.78250344787864
sem_quality,2018-07-03,0.00024582999999999354,0.000504591747055725,0.0002522958735278625,0.000498125873527856,143.7966949014726,156.63163266518157,91.80565410363488
sem_quality,2018-07-04,0.00024582999999999354,0.017200107244857245,0.008600053622428622,0.008845883622428616,145.06870372986089,156.6701374194396,92.59499360843783
sem_quality,2018-07-05,0.00024582999999999354,0.00405939995668847,0.002029699978344235,0.0022755299783442286,145.39881191411772,156.70865163932143,92.78288747501045
sem_quality,2018-07-06,0.0004917204323888871,-0.011205848950870045,-0.0056029244754350225,-0.0051112040430461355,144.65564891880817,156.78570848526462,92.26328746181831
sem_quality,2018-07-10,0.00024582999999999354,0.0020202261975907423,0.0010101130987953712,0.0012559430987953647,144.8373281827695,156.82425111598153,92.35646091219213
sem_quality,2018-07-11,0.00024582999999999354,0.0068093308628836505,0.0034046654314418253,0.003650495431441819,145.36605618760294,156.86280322163336,92.67082648154226
sem_quality,2018-07-12,0.00024582999999999354,0.021163105936765094,0.010581552968382547,0.01082738296838254,146.93999014854953,156.9013648045493,93.65118673861852
sem_quality,2018-07-13,0.00024582999999999354,0.0057873017909632314,0.0028936508954816157,0.003139480895481609,147.40130544040315,156.93993586705918,93.92211397694464
sem_quality,2018-07-16,0.00024582999999999354,0.013288322256180658,0.006644161128090329,0.006889991128090323,148.41689912715648,156.97851641149336,94.5459942672066
sem_quality,2018-07-17,0.00024582999999999354,-0.008160351378422921,-0.004080175689211461,-0.003834345689211467,147.8478174297821,157.01710644018277,94.16032480900813
sem_quality,2018-07-18,0.00024582999999999354,0.0023028754724373733,0.0011514377362186867,0.0013972677362186802,148.0544004149471,157.05570595545896,94.26871791397083
sem_quality,2018-07-19,0.00024582999999999354,0.0,0.0,0.00024582999999999354,148.0907966282011,157.09431495965399,94.26871791397083
sem_quality,2018-07-20,0.00024582999999999354,-0.008455608788375122,-0.004227804394187561,-0.003981974394187567,147.50110286801277,157.1329334551005,93.87026616553305
sem_quality,2018-07-23,0.00024582999999999354,0.007673578053472069,0.0038367890267360346,0.004082619026736028,148.10329367704625,157.17156144413173,94.23033805622089
sem_quality,2018-07-24,0.00024582999999999354,0.005972411941070392,0.002986205970535196,0.00323203597053519,148.58196884956521,157.2101989290815,94.51166009693267
sem_quality,2018-07-25,0.00024582999999999354,-0.01225251939175124,-0.00612625969587562,-0.005880429695875627,147.70824302767056,157.24884591228425,93.93279942420972
sem_quality,2018-07-26,0.00024582999999999354,-0.009529100806969745,-0.0047645504034848725,-0.004518720403484879,147.04079077613852,157.28750239607484,93.48536186038896
sem_quality,2018-07-27,0.00024582999999999354,-0.010358622329857587,-0.0051793111649287935,-0.0049334811649288,146.3153678043682,157.32616838278886,93.00129108106773
sem_quality,2018-07-30,0.00024582999999999354,-0.028406136604990067,-0.014203068302495033,-0.01395723830249504,144.2732093486054,157.36484387476239,91.68071202957132
sem_quality,2018-07-31,0.00024582999999999354,0.003900551011566265,0.0019502755057831324,0.0021961055057831257,144.59004853799289,157.4035288743321,91.85947073234345
sem_quality,2018-08-01,0.00024582999999999354,0.013036975385712246,0.006518487692856123,0.006764317692856117,145.56810156152935,157.44222338383526,92.458108398687
sem_quality,2018-08-02,0.00024582999999999354,0.004980009787070781,0.0024900048935353903,0.002735834893535384,145.96635185316708,157.4809274056097,92.68827295969274
sem_quality,2018-08-03,0.00024582999999999354,-0.0045218985373474746,-0.0022609492686737373,-0.002015119268673744,145.67221224496976,157.51964094199377,92.47876098105962
sem_quality,2018-08-06,0.00024582999999999354,-0.007995035277478123,-0.0039975176387390616,-0.003751687638739068,145.12569560698253,157.55836399532652,92.10916636027476
sem_quality,2018-08-07,0.00024582999999999354,0.003613783425116276,0.001806891712558138,0.002052721712558132,145.42359827340508,157.59709656794746,92.27555674587329
sem_quality,2018-08-08,0.00024582999999999354,-0.0031812577027766614,-0.0015906288513883307,-0.0013447988513883371,145.22803278548224,157.63583866219676,92.12881665615163
sem_quality,2018-08-09,0.00024582999999999354,0.0031327051073063716,0.0015663525536531858,0.0018121825536531794,145.49121249279747,157.67459028041506,92.27308739730977
sem_quality,2018-08-10,0.00024582999999999354,0.007085501763921654,0.003542750881960827,0.003788580881960821,146.04241771894098,157.71335142494368,92.59990761685326
sem_quality,2018-08-13,0.00024582999999999354,0.005137196712161654,0.002568598356080827,0.002814428356080821,146.45344364055978,157.75212209812443,92.83770113055171
sem_quality,2018-08-14,0.00024582999999999354,-0.0022640025890226963,-0.0011320012945113481,-0.0008861712945113546,146.32366080282318,157.7909023022998,92.73263456120722
sem_quality,2018-08-15,0.00024582999999999354,0.005312677054593114,0.002656338527296557,0.0029021685272965503,146.74831672600394,157.82969203981276,92.97890329088806
sem_quality,2018-08-16,0.00024582999999999354,-0.010271509756691284,-0.005135754878345642,-0.004889924878345648,146.03072848119012,157.8684913130069,92.50150379384702
sem_quality,2018-08-17,0.00024582999999999354,-0.011608708821789401,-0.0058043544108947005,-0.005558524410894707,145.2190131121867,157.90730012422634,91.96472423880485
sem_quality,2018-08-20,0.00024582999999999354,0.0,0.0,0.00024582999999999354,145.25471230218005,157.94611847581587,91.96472423880485
sem_quality,2018-08-21,0.00024582999999999354,0.006952767623125772,0.003476383811562886,0.0037222138115628797,145.79538139850584,157.98494637012075,92.28435034369812
sem_quality,2018-08-22,0.00024582999999999354,-0.008617379720883157,-0.004308689860441578,-0.0040628598604415846,145.20303519558405,158.0237838094869,91.88682342313767
sem_quality,2018-08-23,0.00024582999999999354,0.0022630783688205964,0.0011315391844102982,0.0013773691844102918,145.40303338174533,158.06263079626078,91.99077141083816
sem_quality,2018-08-24,0.00024582999999999354,0.024631856841526283,0.012315928420763142,0.012561758420763135,147.22955116073294,158.1014873327894,93.12344472182478
sem_quality,2018-08-27,0.00024582999999999354,-0.010351391378902742,-0.005175695689451371,-0.004929865689451377,146.50372924799234,158.1403534214204,92.64158456607328
sem_quality,2018-08-28,0.00024582999999999354,-0.007813819299715277,-0.003906909649857638,-0.0036610796498576445,145.96736742621425,158.17922906450195,92.27973121976213
sem_quality,2018-08-29,0.00024582999999999354,-0.008392616191271346,-0.004196308095635673,-0.003950478095635679,145.3907265385194,158.21811426438285,91.8925922069651
sem_quality,2018-08-30,0.00024582999999999354,-0.008491711654713728,-0.004245855827356864,-0.0040000258273568704,144.8091598773071,158.25700902341248,91.50252539897559
sem_quality,2018-08-31,0.00024582999999999354,-0.011379573041157456,-0.005689786520578728,-0.005443956520578734,144.02082510715354,158.29591334394067,90.98202351833895
sem_quality,2018-09-03,0.00024582999999999354,0.002661851169828571,0.0013309255849142856,0.0015767555849142791,144.24791074748518,158.334827228318,91.1030840608936
sem_quality,2018-09-04,0.00024582999999999354,-0.013775821476591558,-0.006887910738295779,-0.0066420807382957855,143.2898044779699,158.37375067889553,90.47572837274753
sem_quality,2018-09-05,0.00024582999999999354,-0.0061941124434465745,-0.0030970562217232872,-0.0028512262217232935,142.8812528301367,158.4126836980249,90.19558882198153
sem_quality,2018-09-06,0.00024582999999999354,0.015762571084188846,0.007881285542094423,0.008127115542094417,144.04246528068643,158.45162628805838,90.9062713050501
sem_quality,2018-09-10,0.00024582999999999354,-0.007353618116857643,-0.0036768090584288213,-0.0034309790584288275,143.54825859878392,158.49057845134874,90.57210845050224
sem_quality,2018-09-11,0.00024582999999999354,-0.002706853347815101,-0.0013534266739075504,-0.001107596673907557,143.3892650250147,158.52954019024943,90.44955587011414
sem_quality,2018-09-12,0.00024582999999999354,-0.010531124397930185,-0.005265562198965092,-0.005019732198965099,142.66948931438267,158.56851150711438,89.97340515994037
sem_quality,2018-09-13,0.00024582999999999354,0.003238375891757423,0.0016191879458787115,0.001865017945878705,142.93557047228336,158.60749240429814,90.11905320836527
sem_quality,2018-09-14,0.00024582999999999354,0.018873551170372448,0.009436775585186224,0.009682605585186218,144.31955922526006,158.6464828841559,90.96927747880967
sem_quality,2018-09-17,0.00024582999999999354,-0.0033014002797169383,-0.0016507001398584692,-0.0014048701398584756,144.11680898590694,158.6854829490433,90.81915138525015
sem_quality,2018-09-18,0.00024582999999999354,0.006102505428269831,0.0030512527141349157,0.003297082714134909,144.5919740256307,158.72449260131663,91.09619546166456
sem_quality,2018-09-19,0.00024582999999999354,0.004009246078846254,0.002004623039423127,0.0022504530394231205,144.91737147305287,158.7635118433328,91.27876411303924
sem_quality,2018-09-20,0.00024582999999999354,0.0,0.0,0.00024582999999999354,144.95299651048205,158.80254067744923,91.27876411303923
sem_quality,2018-09-21,0.00024582999999999354,-0.025939345320878243,-0.012969672660439122,-0.012723842660439128,143.1086373897235,158.84157910602394,90.09519937736266
sem_quality,2018-09-24,0.00024582999999999354,-0.0004595869610370812,-0.0002297934805185406,1.603651948145295e-05,143.11093235417496,158.88062713141557,90.07450117615853
sem_quality,2018-09-25,0.00024582999999999354,-0.00476528767457296,-0.00238264383728648,-0.0021368138372864862,142.8051309336536,158.91968475598327,89.85993846698531
sem_quality,2018-09-26,0.00024582999999999354,0.01740791261006265,0.008703956305031325,0.00894978630503132,144.08320633877182,158.9587519820868,90.64188321949626
sem_quality,2018-09-27,0.00024582999999999354,-0.009131568201119628,-0.004565784100559814,-0.00431995410055982,143.46077350072684,158.99782881208654,90.22813366230154
sem_quality,2018-09-28,0.00024619999999997774,-0.004528455031049386,-0.002264227515524693,-0.0020180275155247153,143.1712657124039,159.03697407754007,90.02388692493567
sem_quality,2018-10-01,0.00024619999999997774,0.03794778728839676,0.01897389364419838,0.01922009364419836,145.92303084655472,159.076128980558,91.73157014927688
sem_quality,2018-10-02,0.00024619999999997774,0.01971182347704596,0.00985591173852298,0.010102111738522958,147.39716160939054,159.115293523513,92.63544587410082
sem_quality,2018-10-03,0.00024619999999997774,0.017295082385685917,0.008647541192842959,0.008893741192842936,148.7080738173041,159.15446770877853,93.43631753361188
sem_quality,2018-10-04,0.00024619999999997774,0.007563655622873991,0.0037818278114369955,0.004028027811436973,149.30707407442543,159.19365153872843,93.78959062202439
sem_quality,2018-10-05,0.00024619999999997774,0.04969922122336129,0.024849610611680645,0.025095810611680622,153.05405612838138,159.2328450157373,96.11965176735663
sem_quality,2018-10-08,0.00024619999999997774,-0.008694077584726179,-0.004347038792363089,-0.004100838792363112,152.42640611768158,159.27204814218015,95.70191875828233
sem_quality,2018-10-09,0.00024619999999997774,-0.009700612137270567,-0.004850306068635284,-0.004604106068635306,151.72461877625489,159.3112609204328,95.23784941482133
sem_quality,2018-10-10,0.00024619999999997774,0.009258433909037578,0.004629216954518789,0.004875416954518767,152.46433955505455,159.35048335287144,95.67861756492576
sem_quality,2018-10-11,0.00024619999999997774,-0.01385585343341647,-0.006927926716708235,-0.006681726716708258,151.44561450410427,159.38971544187294,95.01592626867712
sem_quality,2018-10-15,0.00024619999999997774,0.0094719683843012,0.0047359841921506,0.004982184192150577,152.20014445065718,159.42895718981472,95.46580943225327
sem_quality,2018-10-16,0.00024619999999997774,0.018653859655012914,0.009326929827506457,0.009573129827506435,153.65717619324852,159.4682085990749,96.35599317451661
sem_quality,2018-10-17,0.00024619999999997774,0.009479488047169263,0.004739744023584631,0.004985944023584609,154.42330227257014,159.507469672032,96.81258350476278
sem_quality,2018-10-18,0.00024619999999997774,-0.006650654062838823,-0.0033253270314194117,-0.003079127031419434,153.94781330826163,159.54674041106526,96.49072924437175
sem_quality,2018-10-19,0.00024619999999997774,0.015312066531441945,0.007656033265720973,0.00790223326572095,155.16434483977116,159.5860208185545,97.22928364520683
sem_quality,2018-10-22,0.00024619999999997774,0.005007725366162702,0.002503862683081351,0.0027500626830813286,155.5910565142598,159.62531089688002,97.47267249789327
sem_quality,2018-10-23,0.00024619999999997774,0.0,0.0,0.00024619999999997774,155.62936303237362,159.66461064842287,97.47267249789326
sem_quality,2018-10-24,0.00024619999999997774,-0.012070496311721905,-0.006035248155860953,-0.005789048155860975,154.72841715531325,159.7039200755645,96.88454552781356
sem_quality,2018-10-25,0.00024619999999997774,-0.020347211053833785,-0.010173605526916893,-0.009927405526916915,153.19236541167447,159.74323918068714,95.8991229909875
sem_quality,2018-10-26,0.00024619999999997774,0.0010647093189824902,0.0005323546594912451,0.0007785546594912228,153.31163404156422,159.78256796617342,95.95016276995928
sem_quality,2018-10-29,0.00024619999999997774,0.009309621631507378,0.004654810815753689,0.004901010815753667,154.06301601818276,159.8219064344067,96.39668269218933
sem_quality,2018-10-30,0.00024619999999997774,-0.004677695608034992,-0.002338847804017496,-0.0020926478040175184,153.740616386032,159.8612545877709,96.17128101645268
sem_quality,2018-10-31,0.00024619999999997774,-0.011844049409686407,-0.0059220247048432035,-0.005675824704843226,152.86801159741034,159.90061242865042,95.60189249783011
sem_quality,2018-11-01,0.00024619999999997774,0.005351537318958616,0.002675768659479308,0.002921968659479286,153.3146871363349,159.93997995943036,95.85763808100013
sem_quality,2018-11-05,0.00024619999999997774,0.009142499179956094,0.004571249589978047,0.0048174495899780245,154.05327291301742,159.9793571824964,96.29571941414993
sem_quality,2018-11-06,0.00024619999999997774,-0.010974113415149114,-0.005487056707574557,-0.005240856707574579,153.24590178434744,160.01874410023473,95.76746939618222
sem_quality,2018-11-07,0.00024619999999997774,0.0006099149183836673,0.00030495745919183366,0.0005511574591918113,153.33036440620646,160.0581407150322,95.7966672118203
sem_quality,2018-11-08,0.00024619999999997774,-0.01810105690372711,-0.009050528451863556,-0.008804328451863578,151.98039351633028,160.09754702927629,94.92987015506137
sem_quality,2018-11-09,0.00024619999999997774,-0.008137432656789186,-0.004068716328394593,-0.003822516328394615,151.39944598051827,160.1369630453549,94.54372251185885
sem_quality,2018-11-12,0.00024619999999997774,0.008246519030998885,0.004123259515499442,0.00436945951549942,152.0609797303992,160.17638876565667,94.93345486323169
sem_quality,2018-11-13,0.00024619999999997774,0.00953531560886969,0.004767657804434845,0.005013857804434823,152.82339186037046,160.21582419257078,95.38595368500242
sem_quality,2018-11-14,0.00024619999999997774,-0.024042943621459326,-0.012021471810729663,-0.011775271810729685,151.02385488217695,160.255269328487,94.23955637465639
sem_quality,2018-11-16,0.00024619999999997774,-0.005432150641057646,-0.002716075320528823,-0.0024698753205288455,150.65084479019234,160.29472417579572,93.98365764363716
sem_quality,2018-11-19,0.0004924606144399554,-0.005203190426916094,-0.002601595213458047,-0.0021091345990180916,150.33310188107401,160.3736630141548,93.73927056078118
sem_quality,2018-11-21,0.00024619999999997774,-0.014659987868364853,-0.007329993934182427,-0.007083793934182449,149.26817316586204,160.41314700998888,93.05233140059721
sem_quality,2018-11-22,0.00024619999999997774,0.001992738520626893,0.0009963692603134466,0.0012425692603134243,149.45364920938113,160.45264072678276,93.1450230625181
sem_quality,2018-11-23,0.00024619999999997774,0.0009865313356328433,0.0004932656678164216,0.0007394656678163993,149.5641650519013,160.4921441669297,93.19095699558846
sem_quality,2018-11-26,0.00024619999999997774,-0.011975494122380612,-0.005987747061190306,-0.0057415470611903285,148.70543535958817,160.53165733282358,92.63309046344884
sem_quality,2018-11-27,0.00024619999999997774,0.0,0.0,0.00024619999999997774,148.74204663777374,160.57118022685896,92.63309046344885
sem_quality,2018-11-28,0.00024619999999997774,-0.012101156512359705,-0.0060505782561798525,-0.005804378256179875,147.87869153648973,160.6107128514308,92.07274465762534
sem_quality,2018-11-29,0.00024619999999997774,0.009487468099427823,0.004743734049713911,0.004989934049713889,148.6165964546148,160.65025520893482,92.50940576554358
sem_quality,2018-11-30,0.00024619999999997774,0.01026796904262438,0.00513398452131219,0.005380184521312168,149.41618116647,160.6898073017673,92.98423072091562
sem_quality,2018-12-03,0.00024619999999997774,-0.012552948995137024,-0.006276474497568512,-0.0060302744975685345,148.51516057965776,160.72936913232502,92.40076121831129
sem_quality,2018-12-04,0.00024619999999997774,-0.0014445187153062891,-0.0007222593576531446,-0.0004760593576531668,148.44445854771047,160.7689407030054,92.33404033054966
sem_quality,2018-12-05,0.00024619999999997774,0.0034762068967825067,0.0017381034483912533,0.001984303448391231,148.73901739870126,160.8085220162065,92.49448694249622
sem_quality,2018-12-06,0.00024619999999997774,0.0016901724464271324,0.0008450862232135662,0.001091286223213544,148.90133423924277,160.8481130743269,92.57263351944725
sem_quality,2018-12-07,0.00024619999999997774,0.0016738625073223143,0.0008369312536611571,0.0010831312536611348,149.06261392806914,160.88771387976584,92.65009137954823
sem_quality,2018-12-10,0.00024619999999997774,0.009969665137548822,0.004984832568774411,0.005231032568774389,149.8423653163135,160.92732443492307,93.11182289425797
sem_quality,2018-12-11,0.00024619999999997774,-0.0040005837640043115,-0.0020002918820021557,-0.001754091882002178,149.57952803973217,160.96694474219896,92.9256179144702
sem_quality,2018-12-12,0.00024619999999997774,-0.013515975454933302,-0.006757987727466651,-0.0065117877274666735,148.60549790476279,161.00657480399448,92.29778230216469
sem_quality,2018-12-13,0.00024619999999997774,-0.0025124473025946634,-0.0012562236512973317,-0.001010023651297354,148.45540283716616,161.04621462271126,92.18186418411507
sem_quality,2018-12-14,0.00024619999999997774,0.01023253731248059,0.005116268656240295,0.005362468656240273,149.25149028172999,161.08586420075136,92.65337528048214
sem_quality,2018-12-17,0.00024619999999997774,-0.008441499284313222,-0.004220749642156611,-0.003974549642156633,148.6582828244394,161.1255235405176,92.26240483684565
sem_quality,2018-12-18,0.00024619999999997774,0.005413544535817746,0.002706772267908873,0.002952972267908851,149.09726661101493,161.16519264441328,92.51207668641925
sem_quality,2018-12-19,0.00024619999999997774,-0.022301917311806876,-0.011150958655903438,-0.01090475865590346,147.4713969023669,161.20487151484235,91.48073226111471
sem_quality,2018-12-20,0.00024619999999997774,0.0015123379929306872,0.0007561689964653436,0.0010023689964653213,147.61921765848726,161.24456015420932,91.54989012795767
sem_quality,2018-12-21,0.0004924606144399554,-0.0014170261539675861,-0.0007085130769837931,-0.00021605246254383765,147.58732416299335,161.32396674937795,91.48505776099287
sem_quality,2018-12-26,0.00024619999999997774,-0.020646543994058755,-0.010323271997029378,-0.0100770719970294,146.10007607155396,161.36368470999165,90.54086508629871
sem_quality,2018-12-27,0.00024619999999997774,-0.01531749676311156,-0.00765874838155578,-0.007412548381555802,145.01710218912459,161.40341244916726,89.84760606272596
sem_quality,2018-12-28,0.0004924606144399554,0.007612376622127465,0.0038061883110637323,0.004298648925503688,145.64047979962953,161.48289727283466,90.18941464343531
sem_quality,2019-01-02,0.00024619999999997774,0.0,0.0,0.00024619999999997774,145.67633648575622,161.52265436214327,90.1894146434353
sem_quality,2019-01-03,0.00024619999999997774,0.009461705564946174,0.004730852782473087,0.004977052782473065,146.40137530160314,161.56242123964722,90.61598246565299
sem_quality,2019-01-04,0.00024619999999997774,0.017353909577718034,0.008676954788859017,0.008923154788858995,147.7077374347212,161.60219790775645,91.40205971643636
sem_quality,2019-01-07,0.00024619999999997774,0.0022494734668631303,0.0011247367334315651,0.0013709367334315428,147.91023539778251,161.64198436888137,91.50483766657938
sem_quality,2019-01-08,0.00024619999999997774,0.005594645050649178,0.002797322525324589,0.0030435225253245667,148.3604035309417,161.681780625433,91.7607432062164
sem_quality,2019-01-09,0.00024619999999997774,0.0230892730807894,0.0115446365403947,0.011790836540394678,150.10969679804205,161.721586679823,92.819826888806
sem_quality,2019-01-10,0.00024619999999997774,0.007910915292057686,0.003955457646028843,0.004201657646028821,150.7404063533366,161.76140253446357,93.1868814139523
sem_quality,2019-01-11,0.00024619999999997774,-0.0019489141230048575,-0.0009744570615024288,-0.0007282570615024511,150.63062858795604,161.8012281917676,93.09609715040474
sem_quality,2019-01-14,0.00024619999999997774,0.00907136612117644,0.00453568306058822,0.0047818830605881974,151.35092663920653,161.8410636541484,93.5182476078141
sem_quality,2019-01-15,0.00024619999999997774,-0.009230978750526118,-0.004615489375263059,-0.004369289375263081,150.6896306435056,161.88090892402008,93.0867213713464
sem_quality,2019-01-16,0.00024619999999997774,-0.0005731089719165114,-0.0002865544859582557,-4.0354485958277945e-05,150.68354964092177,161.9207640037972,93.06005351937947
sem_quality,2019-01-17,0.00024619999999997774,0.006424943445467685,0.0032124717227338426,0.0034586717227338202,151.204714573146,161.96062889589493,93.35893272576595
sem_quality,2019-01-18,0.00024619999999997774,0.001509205793174077,0.0007546028965870385,0.0010008028965870163,151.35604068946841,162.0005036027291,93.42936430656788
sem_quality,2019-01-21,0.00024619999999997774,-0.004637598402259438,-0.002318799201129719,-0.0020725992011297414,151.04234028044925,162.0403881267161,93.21277369586011
sem_quality,2019-01-22,0.00024619999999997774,-0.022079498996533792,-0.011039749498266896,-0.010793549498266919,149.41205730429814,162.08028247027292,92.18398131290384
sem_quality,2019-01-23,0.00024619999999997774,-0.005739889727049962,-0.002869944863524981,-0.002623744863525003,149.02003818639727,162.1201866358171,91.91948348859991
sem_quality,2019-01-24,0.0004924606144399554,0.012024440715715574,0.006012220357857787,0.006504680972297743,149.98936599327942,162.2000244425409,92.4718516589453
sem_quality,2019-01-28,0.00024619999999997774,0.003608139424735492,0.001804069712367746,0.002050269712367724,150.29688464755267,162.23995808855867,92.63863626340013
sem_quality,2019-01-29,0.00024619999999997774,-0.005541348091758583,-0.0027706740458792916,-0.002524474045879314,149.91746406308343,162.27990156624008,92.38202797522003
sem_quality,2019-01-30,0.00024619999999997774,-0.013764117388819847,-0.006882058694409924,-0.006635858694409946,148.9226329557365,162.3198548780057,91.7464059265343
sem_quality,2019-01-31,0.00024619999999997774,0.010433487905245922,0.005216743952622961,0.0054629439526229385,149.73618895285074,162.35981802627668,92.22490562819988
sem_quality,2019-02-01,0.00024619999999997774,-0.005833144879206991,-0.0029165724396034956,-0.002670372439603518,149.33633756065979,162.39979101347478,91.95599121692769
sem_quality,2019-02-04,0.00024619999999997774,0.0,0.0,0.00024619999999997774,149.37310416696724,162.4397738420223,91.9559912169277
sem_quality,2019-02-05,0.00024619999999997774,-0.0027623023091398607,-0.0013811511545699304,-0.0011349511545699527,149.20357298993125,162.4797665143422,91.82901735445377
sem_quality,2019-02-06,0.00024619999999997774,-0.004364662544550985,-0.0021823312722754925,-0.0019361312722755149,148.9146952863302,162.51976903285805,91.62866534484355
sem_quality,2019-02-07,0.00024619999999997774,0.006246282115669813,0.0031231410578349064,0.003369341057834884,149.41643968327338,162.55978139999397,91.91476415412978
sem_quality,2019-02-08,0.00024619999999997774,0.005650923847842185,0.0028254619239210924,0.00307166192392107,149.87539647185633,162.59980361817466,92.17440189768098
sem_quality,2019-02-11,0.00024619999999997774,-0.0023809599605992826,-0.0011904799802996413,-0.0009442799802996636,149.7338721354285,162.63983568982545,92.06469712684029
sem_quality,2019-02-12,0.00024619999999997774,0.02604816857798838,0.01302408428899419,0.013270284288994167,151.72088318635755,162.6798776173723,93.2634603667513
sem_quality,2019-02-13,0.00024619999999997774,-0.010262207127658424,-0.005131103563829212,-0.0048849035638292345,150.9797413033732,162.7199294032417,92.78503368153832
sem_quality,2019-02-14,0.00024619999999997774,-0.0009772417521960453,-0.0004886208760980226,-0.00024242087609804489,150.94314066221338,162.75999104986082,92.73970813624129
sem_quality,2019-02-15,0.00024619999999997774,-0.0021886966712494097,-0.0010943483356247049,-0.0008481483356247272,150.81511848868675,162.80006255965728,92.6382435715719
sem_quality,2019-02-18,0.00024619999999997774,0.005373205860829222,0.002686602930414611,0.0029328029304145887,151.25742951014118,162.8401439350595,92.88706448850996
sem_quality,2019-02-19,0.00024619999999997774,0.015460894276655042,0.007730447138327521,0.007976647138327499,152.46395665239402,162.88023517849632,93.6049462878738
sem_quality,2019-02-20,0.00024619999999997774,-0.0013283839715061787,-0.0006641919857530894,-0.0004179919857531116,152.40022794039712,162.92033629239728,93.54278993561647
sem_quality,2019-02-21,0.00024619999999997774,0.00530530661156175,0.002652653305780875,0.0028988533057808527,152.84201384496387,162.96044727919246,93.79086545037941
sem_quality,2019-02-22,0.00024619999999997774,0.017126323578014323,0.008563161789007161,0.008809361789007139,154.1884544414846,163.00056814131264,94.59381411959961
sem_quality,2019-02-25,0.00024619999999997774,4.966712681174642e-05,2.483356340587321e-05,0.00027103356340585095,154.2302446877279,163.04069888118903,94.5961626428739
sem_quality,2019-02-26,0.00024619999999997774,0.017147833554463858,0.008573916777231929,0.008820116777231907,155.5905734564547,163.0808395012536,95.40702263508933
sem_quality,2019-02-27,0.00024619999999997774,0.020365889263508463,0.010182944631754232,0.01042914463175421,157.21325005036962,163.12099000393883,96.37830793362242
sem_quality,2019-02-28,0.00024619999999997774,0.007005475465662437,0.0035027377328312186,0.0037489377328311963,157.8026327355845,163.1611503916778,96.71581277575582
sem_quality,2019-03-01,0.00024619999999997774,0.021616534182634442,0.010808267091317221,0.011054467091317199,159.54705674608326,163.20132066690425,97.76088581520771
sem_quality,2019-03-06,0.00024619999999997774,0.0079591176395962,0.0039795588197981,0.004225758819798078,160.22126412830082,163.24150083205245,98.14983525123372
sem_quality,2019-03-07,0.00024619999999997774,-0.01941989821866969,-0.009709949109334846,-0.009463749109334868,158.7049702826101,163.2816908895573,97.1970399240642
sem_quality,2019-03-08,0.00024619999999997774,0.0,0.0,0.00024619999999997774,158.7440434462937,163.32189084185433,97.1970399240642
sem_quality,2019-03-11,0.00024619999999997774,-0.0006479021164783358,-0.0003239510582391679,-7.775105823919014e-05,158.73170092892659,163.36210069137962,97.16556059033503
sem_quality,2019-03-12,0.00024619999999997774,0.008483270239651822,0.004241635119825911,0.004487835119825889,159.44406263098512,163.40232044056987,97.57760000046977
sem_quality,2019-03-13,0.00024619999999997774,-0.004475979396191401,-0.0022379896980957003,-0.0019917896980957226,159.1264835896142,163.44255009186236,97.359276088251
sem_quality,2019-03-14,0.00024619999999997774,-0.0028670544834338537,-0.0014335272417169268,-0.0011873272417169491,158.9375483807696,163.48278964769497,97.2197432667253
sem_quality,2019-03-15,0.00024619999999997774,0.008963364331014646,0.004481682165507323,0.004727882165507301,159.6889863811885,163.52303911050626,97.65534401135562
sem_quality,2019-03-18,0.00024619999999997774,0.011908988109828421,0.005954494054914211,0.006200694054914188,160.6791689296776,163.56329848273526,98.23668904955343
sem_quality,2019-03-19,0.00024619999999997774,-0.005130735246457612,-0.002565367623228806,-0.0023191676232288284,160.3065270033686,163.60356776682175,97.98473785843575
sem_quality,2019-03-20,0.00024619999999997774,0.005140146624309666,0.002570073312154833,0.002816273312154811,160.7579939971324,163.64384696520597,98.23650383342114
sem_quality,2019-03-21,0.00024619999999997774,0.0021324307313572467,0.0010662153656786234,0.001312415365678601,160.9689752586099,163.68413608032878,98.34121932232553
sem_quality,2019-03-22,0.00024619999999997774,-0.017530839683290823,-0.008765419841645411,-0.008519219841645434,159.5976451706974,163.72443511463177,97.47942941989997
sem_quality,2019-03-25,0.00024619999999997774,-0.0024843046617463536,-0.0012421523308731768,-0.000995952330873199,159.43869352398778,163.76474407055701,97.35837492305097
sem_quality,2019-03-26,0.00024619999999997774,0.002988104663184471,0.0014940523315922355,0.0017402523315922132,159.71615708213892,163.8050629505472,97.50379762703506
sem_quality,2019-03-27,0.00024619999999997774,-0.011659128171754678,-0.005829564085877339,-0.005583364085877361,158.82440362675214,163.84539175704563,96.93553289692838
sem_quality,2019-03-28,0.00024619999999997774,0.00289460845768298,0.00144730422884149,0.0016935042288414677,159.09337342593727,163.88573049249624,97.07579357143703
sem_quality,2019-03-29,0.00024619999999997774,0.0019171581553543999,0.0009585790776771999,0.0012047790776771776,159.28504579363795,163.9260791593435,97.16882549164477
sem_quality,2019-04-01,0.00024619999999997774,0.006884796960744696,0.003442398480372348,0.0036885984803723256,159.8725843714984,163.96643776003253,97.50323697674914
sem_quality,2019-04-02,0.00024619999999997774,-0.0003669531324314891,-0.00018347656621574455,6.272343378423319e-05,159.8826121289581,164.00680629700906,97.48535182095904
sem_quality,2019-04-03,0.00024619999999997774,0.0052225946777058555,0.0026112973388529278,0.0028574973388529054,160.33947626764547,164.04718477271942,97.73985240270302
sem_quality,2019-04-04,0.00024619999999997774,-0.007748174248307206,-0.003874087124153603,-0.0036278871241536255,159.75778274620055,164.08757318961048,97.36129290034252
sem_quality,2019-04-05,0.00024619999999997774,-0.002549297612712979,-0.0012746488063564896,-0.001028448806356512,159.59348004522903,164.12797155012979,97.23722199081965
sem_quality,2019-04-08,0.00024619999999997774,-0.0010960175311940622,-0.0005480087655970311,-0.00030180876559705335,159.54531333401926,164.16837985672547,97.18394825681968
sem_quality,2019-04-09,0.00024619999999997774,0.0,0.0,0.00024619999999997774,159.5845933901621,164.2087981118462,97.18394825681968
sem_quality,2019-04-10,0.00024619999999997774,-0.003169866377525871,-0.0015849331887629356,-0.001338733188762958,159.37095219857542,164.24922631794135,97.02995610468027
sem_quality,2019-04-11,0.00024619999999997774,-0.0034500047353817065,-0.0017250023676908532,-0.0014788023676908756,159.135274057123,164.28966447746083,96.86262039871355
sem_quality,2019-04-12,0.00024619999999997774,-0.004695039548222085,-0.0023475197741110424,-0.0021013197741110647,158.8008799589882,164.3301125928552,96.6352894508347
sem_quality,2019-04-15,0.00024619999999997774,-0.015023311003519144,-0.007511655501759572,-0.0072654555017595945,157.6471192320059,164.37057066657556,95.90957711754366
sem_quality,2019-04-16,0.00024619999999997774,-0.002510765564472864,-0.001255382782236432,-0.0010091827822364544,157.48802447360777,164.4110387010737,95.78920352175798
sem_quality,2019-04-17,0.00024619999999997774,0.018687003242118003,0.009343501621059002,0.00958970162105898,158.99828763719967,164.45151669880192,96.68398980376081
sem_quality,2019-04-18,0.00024619999999997774,-0.009096760263243638,-0.004548380131621819,-0.004302180131621841,158.314248363165,164.49200466221316,96.24434250665601
sem_quality,2019-04-22,0.00024619999999997774,-0.009135021484292905,-0.004567510742146452,-0.0043213107421464746,157.6301233010784,164.53250259376102,95.80485364054486
sem_quality,2019-04-23,0.00024619999999997774,-0.012765204660680849,-0.0063826023303404245,-0.006136402330340447,156.66284144512184,164.57301049589964,95.19351986881539
sem_quality,2019-04-24,0.00024619999999997774,-0.006925082384546501,-0.0034625411922732507,-0.003216341192273273,156.1589602948833,164.61352837108373,94.86398951540511
sem_quality,2019-04-25,0.00024619999999997774,0.012953253840076728,0.006476626920038364,0.006722826920038342,157.20878995695892,164.6540562217687,95.47823695592294
sem_quality,2019-04-26,0.00024619999999997774,0.020781639089490576,0.010390819544745288,0.010637019544745266,158.88102292833685,164.69459405041053,96.4700898923894
sem_quality,2019-04-29,0.00024619999999997774,-0.0023310953518531387,-0.0011655476759265693,-0.0009193476759265917,158.73495602915884,164.73514185946576,96.35767707935346
sem_quality,2019-04-30,0.00024619999999997774,0.012494700699763661,0.006247350349881831,0.006493550349881808,159.76570945842045,164.7756996513916,96.95950907593136
sem_quality,2019-05-02,0.00024619999999997774,0.008069018292775818,0.004034509146387909,0.004280709146387887,160.44961999217824,164.81626742864577,97.3505968163258
sem_quality,2019-05-03,0.00024619999999997774,0.002993488898796717,0.0014967444493983585,0.0017429444493983362,160.7292747667517,164.8568451936867,97.49626991703887
sem_quality,2019-05-06,0.00024619999999997774,-0.004487269003970143,-0.0022436345019850716,-0.001997434501985094,160.40822856785354,164.8974329489734,97.2775777640462
sem_quality,2019-05-07,0.00024619999999997774,0.003296162113586878,0.001648081056793439,0.0018942810567934166,160.7120868365834,164.93803069696546,97.43785963581303
sem_quality,2019-05-08,0.00024619999999997774,-0.014984789107725998,-0.007492394553862999,-0.0072461945538630215,159.54753578820822,164.9786384401231,96.70799643925658
sem_quality,2019-05-09,0.00024619999999997774,-0.0009637961573471339,-0.00048189807867356693,-0.0002356980786735892,159.50993074056584,165.01925618090704,96.6614045125125
sem_quality,2019-05-10,0.00024619999999997774,-0.0029198477307069946,-0.0014599238653534973,-0.0012137238653535196,159.3163297308651,165.0598839217788,96.52032095597768
sem_quality,2019-05-13,0.00024619999999997774,0.0,0.0,0.00024619999999997774,159.35555341124487,165.10052166520035,96.5203209559777
sem_quality,2019-05-14,0.00024619999999997774,-0.009473014962215396,-0.004736507481107698,-0.00449030748110772,158.6399979776063,165.14116941363434,96.06326426104907
sem_quality,2019-05-15,0.00024619999999997774,-0.024542029730307884,-0.012271014865153942,-0.012024814865153964,156.7323813717172,165.181827169544,94.8847606648919
sem_quality,2019-05-16,0.00024619999999997774,-0.0036666849049507757,-0.0018333424524753878,-0.0015871424524754102,156.48362475556456,165.22249493539314,94.71084722256147
sem_quality,2019-05-17,0.00024619999999997774,0.007533705958039594,0.003766852979019797,0.0040130529790197746,157.11160183205772,165.26317271364627,95.06752124642259
sem_quality,2019-05-20,0.00024619999999997774,0.015064034128751593,0.007532017064375797,0.007778217064375774,158.33364997443925,165.3038605067684,95.78339519055349
sem_quality,2019-05-21,0.00024619999999997774,0.0036281486240637736,0.0018140743120318868,0.0020602743120318647,158.65986072621186,165.34455831722516,95.95711061854952
sem_quality,2019-05-22,0.00024619999999997774,0.02075093513473736,0.01037546756736868,0.010621667567368657,160.3450930231307,165.38526614748287,96.95246545127085
sem_quality,2019-05-23,0.00024619999999997774,-0.011809777229270162,-0.005904888614635081,-0.0056586886146351035,159.4377500708281,165.4259840000084,96.380112855076
sem_quality,2019-05-24,0.00024619999999997774,-0.0069312941455097355,-0.0034656470727548678,-0.00321944707275489,158.92444867307594,165.46671187726923,96.04617561443668
sem_quality,2019-05-27,0.00024619999999997774,-0.004908057895350527,-0.0024540289476752634,-0.0022078289476752857,158.5735706748022,165.5074497817334,95.81053353424548
sem_quality,2019-05-28,0.00024619999999997774,0.021604206845201663,0.010802103422600831,0.01104830342260081,160.32553959842264,165.54819771586972,96.8452340831818
sem_quality,2019-05-29,0.00024619999999997774,0.0007353123212724532,0.0003676561606362266,0.0006138561606362043,160.42395641861245,165.58895568214737,96.88083106614351
sem_quality,2019-05-30,0.00024619999999997774,0.006535578278832529,0.0032677891394162647,0.0035139891394162424,160.98768445916966,165.62972368303633,97.19733926939944
sem_quality,2019-05-31,0.00024619999999997774,-0.005225972195692911,-0.0026129860978464556,-0.002366786097846478,160.60666104566718,165.67050172100713,96.94342648646797
sem_quality,2019-06-03,0.00024619999999997774,-0.026512647533007923,-0.013256323766503961,-0.013010123766503984,158.5171485077381,165.71128979853086,95.65862935498284
sem_quality,2019-06-04,0.00024619999999997774,0.0026463084665153923,0.0013231542332576961,0.0015693542332576738,158.76591806579268,165.75208791807924,95.78516932122184
sem_quality,2019-06-05,0.00024619999999997774,0.0022260985403646455,0.0011130492701823228,0.0013592492701823005,158.98172052405343,165.79289608212468,95.89175669221837
sem_quality,2019-06-06,0.00024619999999997774,0.0006571536209269363,0.00032857681046346817,0.0005747768104634459,159.07309953029824,165.8337142931401,95.92325674446917
sem_quality,2019-06-07,0.00024619999999997774,-0.011732760318669298,-0.005866380159334649,-0.005620180159334671,158.1790800524342,165.8745425535991,95.36067296241177
sem_quality,2019-06-10,0.00024619999999997774,-0.008635763525733808,-0.004317881762866904,-0.0040716817628669265,157.53502517691763,165.9153808659758,94.94901820113488
sem_quality,2019-06-11,0.00024619999999997774,0.0030643508499931128,0.0015321754249965564,0.001778375424996534,157.81518159426847,165.95622923274502,95.09446094544656
sem_quality,2019-06-12,0.00024619999999997774,0.0,0.0,0.00024619999999997774,157.85403569197697,165.99708765638215,95.09446094544653
sem_quality,2019-06-13,0.00024619999999997774,-0.004743176972283461,-0.0023715884861417306,-0.002125388486141753,157.51853454202626,166.03795613936316,94.86899152734321
sem_quality,2019-06-14,0.00024619999999997774,-0.009839611737604836,-0.004919805868802418,-0.0046736058688024405,156.78235499454547,166.0788346841647,94.40236938843019
sem_quality,2019-06-17,0.00024619999999997774,0.01617739273616957,0.008088696368084784,0.008334896368084762,158.0891196757693,166.11972329326395,95.16577354073868
sem_quality,2019-06-18,0.00024619999999997774,-0.0019499852808061678,-0.0009749926404030839,-0.0007287926404031062,157.97390548882177,166.16062196913876,95.07301045019106
sem_quality,2019-06-19,0.00024619999999997774,0.026416509599962102,0.013208254799981051,0.013454454799981029,160.0993582597976,166.20153071426756,96.32844990762403
sem_quality,2019-06-21,0.00024619999999997774,0.0029904409602887518,0.0014952204801443759,0.0017414204801443536,160.37815856112917,166.24244953112944,96.47244672672959
sem_quality,2019-06-24,0.00024619999999997774,0.0008499297866937372,0.0004249648933468686,0.0006711648933468463,160.48579875081504,166.283378422204,96.51343403868752
sem_quality,2019-06-25,0.00024619999999997774,0.0008006439239338512,0.0004003219619669256,0.0006465219619669033,160.58955634429125,166.32431738997158,96.55206097600608
sem_quality,2019-06-26,0.00024619999999997774,-0.004912259461741219,-0.0024561297308706093,-0.0022099297308706316,160.23466470925868,166.365266436913,96.31497495904345
sem_quality,2019-06-27,0.00024619999999997774,-0.007174307024257785,-0.0035871535121288923,-0.0033409535121289146,159.69932814343346,166.4062255655098,95.96956339867465
sem_quality,2019-06-28,0.00024619999999997774,-0.008832161852788284,-0.004416080926394142,-0.0041698809263941644,159.0334009610502,166.44719477824404,95.54585835641679
sem_quality,2019-07-01,0.00024619999999997774,-0.018556538742509582,-0.009278269371254791,-0.009032069371254814,157.59700025122342,166.48817407759847,94.65957634790867
sem_quality,2019-07-02,0.00024619999999997774,0.004731037788717802,0.002365518894358901,0.0026117188943588785,158.00859931447383,166.52916346605636,94.88344024899922
sem_quality,2019-07-03,0.00024619999999997774,0.007967507831538469,0.003983753915769234,0.004229953915769212,158.67696840786928,166.57016294610173,95.26133948684044
sem_quality,2019-07-04,0.00024619999999997774,-0.01245334989843478,-0.00622667494921739,-0.0059804749492174125,157.7280047732883,166.6111725202191,94.66832409101929
sem_quality,2019-07-05,0.00024619999999997774,-0.007286393967700922,-0.003643196983850461,-0.0033969969838504835,157.19220321680467,166.65219219089357,94.32351363056007
sem_quality,2019-07-08,0.0004924606144399554,0.009372482360892435,0.004686241180446218,0.005178701794886173,158.00625476174562,166.73426183185765,94.76531879277833
sem_quality,2019-07-10,0.00024619999999997774,0.00027000471759989575,0.00013500235879994788,0.0003812023587999256,158.06648711876593,166.77531180712066,94.77810918535312
sem_quality,2019-07-11,0.00024619999999997774,0.006177398739136711,0.0030886993695683554,0.003334899369568333,158.59362294700819,166.81637188888757,95.07077821632737
sem_quality,2019-07-12,0.00024619999999997774,-0.00035459110074632797,-0.00017729555037316398,6.890444962681376e-05,158.60455075331166,166.85744207964663,95.05392673921274
sem_quality,2019-07-15,0.00024619999999997774,-0.007706097573504205,-0.0038530487867521027,-0.003606848786752125,158.0324881218537,166.89852238188664,94.68776947003387
sem_quality,2019-07-16,0.00024619999999997774,0.0,0.0,0.00024619999999997774,158.0713957204293,166.93961279809707,94.68776947003386
sem_quality,2019-07-17,0.00024619999999997774,-0.007141182590160068,-0.003570591295080034,-0.003324391295080056,157.54590454849514,166.98071333076797,94.34976136220975
sem_quality,2019-07-18,0.00024619999999997774,0.009849088014547128,0.004924544007273564,0.005170744007273542,158.36053409030976,167.02182398239003,94.81427655047433
sem_quality,2019-07-19,0.00024619999999997774,-0.0025315341909929825,-0.0012657670954964912,-0.0010195670954965136,158.19907490052603,167.0629447554545,94.69429329890997
sem_quality,2019-07-22,0.00024619999999997774,7.564287186611132e-06,3.782143593305566e-06,0.0002499821435932833,158.23862184438414,167.1040756524533,94.6946513581705
sem_quality,2019-07-23,0.00024619999999997774,0.007759038893559184,0.003879519446779592,0.00412571944677957,158.8914700037591,167.14521667587897,95.0619306754526
sem_quality,2019-07-24,0.00024619999999997774,-0.002059637906412431,-0.0010298189532062154,-0.0007836189532062377,158.76695963636138,167.18636782822458,94.96405819371965
sem_quality,2019-07-25,0.00024619999999997774,0.010867426016582785,0.0054337130082913925,0.00567991300829137,159.66874215568683,167.2275291119839,95.47993862228549
sem_quality,2019-07-26,0.00024619999999997774,-0.008110039057983798,-0.004055019528991899,-0.003808819528991921,159.06059273239467,167.26870052965128,95.09286090507914
sem_quality,2019-07-29,0.00024619999999997774,-0.0021475075775883277,-0.0010737537887941639,-0.0008275537887941862,158.92896153623113,167.3098820837217,94.99077971778334
sem_quality,2019-07-30,0.00024619999999997774,0.018257845228721377,0.009128922614360688,0.009375122614360666,160.4189400376063,167.35107377669073,95.85772975180637
sem_quality,2019-07-31,0.0002275100000000436,0.0038247978289878866,0.0019123989144939433,0.002139908914493987,160.76222195744643,167.38914781948566,96.04100627288827
sem_quality,2019-08-01,0.0002275100000000436,-0.00797658542763651,-0.003988292713818255,-0.003760782713818212,160.15763017207385,167.4272305245061,95.65805375287016
sem_quality,2019-08-02,0.0002275100000000436,0.0037609369039821455,0.0018804684519910728,0.0021079784519911163,160.49523900539853,167.4653218937227,95.83789478949706
sem_quality,2019-08-05,0.0002275100000000436,-0.010979848209953506,-0.005489924104976753,-0.00526241410497671,159.65064659587492,167.50342192910674,95.31187169623593
sem_quality,2019-08-06,0.0002275100000000436,-0.012611571668518427,-0.006305785834259213,-0.00607827583425917,158.68024592874735,167.54153063262984,94.71099215196217
sem_quality,2019-08-07,0.0002275100000000436,-0.015482088078087264,-0.007741044039043632,-0.007513534039043588,157.48799649963792,167.57964800626405,93.97799695446973
sem_quality,2019-08-08,0.0002275100000000436,-0.04261577372878565,-0.021307886864392826,-0.02108037686439278,154.16809018180737,167.61777405198197,91.9759799065202
sem_quality,2019-08-09,0.0002275100000000436,-0.008515752228362032,-0.004257876114181016,-0.0040303661141809725,153.5467363352506,167.65590877175654,91.58444665632759
sem_quality,2019-08-12,0.0002275100000000436,-0.003660561993931154,-0.001830280996965577,-0.0016027709969655335,153.3006360795738,167.69405216756118,91.41685951174621
sem_quality,2019-08-13,0.0002275100000000436,0.0022683512150740957,0.0011341756075370479,0.0013616856075370914,153.50938334934963,167.73220424136983,91.52051870042006
sem_quality,2019-08-14,0.0002275100000000436,-0.0037167927618793565,-0.0018583963809396782,-0.0016308863809396347,153.25902698669873,167.7703649951568,91.3504759861034
sem_quality,2019-08-15,0.0002275100000000436,0.0,0.0,0.0002275100000000436,153.29389494792846,167.80853443089683,91.35047598610339
sem_quality,2019-08-16,0.0002275100000000436,-0.014820801363362501,-0.007410400681681251,-0.007182890681681207,152.19280165834837,167.8467125505652,90.67368633299806
sem_quality,2019-08-19,0.0002275100000000436,-0.0023394894237008432,-0.0011697447118504216,-0.000942234711850378,152.0494003177321,167.88489935613757,90.56764539328024
sem_quality,2019-08-20,0.0002275100000000436,0.0088940656377064,0.0044470328188532,0.004674542818853243,152.7601617500983,167.9230948495901,90.97031107420135
sem_quality,2019-08-21,0.0002275100000000436,-0.0046133491703251265,-0.0023066745851625632,-0.0020791645851625197,152.4425482317638,167.96129903289932,90.76051989923238
sem_quality,2019-08-22,0.0002275100000000436,0.002367263114520908,0.001183631557260454,0.0014111415572604976,152.65766624666833,167.99951190804228,90.86792247957743
sem_quality,2019-08-23,0.0002275100000000436,0.020480293064250928,0.010240146532125464,0.010467656532125507,154.2556342639343,168.03773347699646,91.79821167074425
sem_quality,2019-08-26,0.0002275100000000436,-0.03555517214424613,-0.017777586072123066,-0.01755007607212302,151.54843614804867,168.0759637417398,90.1666322621319
sem_quality,2019-08-27,0.0002275100000000436,0.0007003605185764089,0.00035018025928820447,0.000577690259288248,151.63598420342177,168.1142027042507,90.19819965489907
sem_quality,2019-08-28,0.0002275100000000436,0.006218334797925329,0.0031091673989626645,0.003336677398962708,152.1419445647828,168.15245036650794,90.4785771680232
sem_quality,2019-08-29,0.0002275100000000436,0.004028632142502967,0.0020143160712514834,0.002241826071251527,152.48302034263904,168.1907067304908,90.66078816529274
sem_quality,2019-08-30,0.0002275100000000436,0.006806464958623187,0.0034032324793115934,0.003630742479311637,153.0366469219708,168.22897179817906,90.96925772426751
sem_quality,2019-09-02,0.0002275100000000436,0.008911364465390708,0.004455682232695354,0.004683192232695398,153.75334695815351,168.26724557155285,91.37449563395417
sem_quality,2019-09-03,0.0002275100000000436,0.004389437621047489,0.0021947188105237445,0.002422228810523788,154.12577274487,168.30552805259285,91.57499134354524
sem_quality,2019-09-04,0.0002275100000000436,-0.0038530977011623905,-0.0019265488505811953,-0.0016990388505811517,153.86390706910063,168.34381924328008,91.39860777825531
sem_quality,2019-09-05,0.0002275100000000436,0.019364250232306826,0.009682125116153413,0.009909635116153457,155.38864224570113,168.3821191455961,92.2833392489497
sem_quality,2019-09-06,0.0002275100000000436,0.02950404432291679,0.014752022161458395,0.014979532161458439,157.71629140974602,168.42042776152292,93.64439546078486
sem_quality,2019-09-09,0.0002275100000000436,0.01070727824878459,0.005353639124392295,0.005581149124392339,158.59652955144995,168.45874509304295,94.14561972657108
sem_quality,2019-09-10,0.0002275100000000436,-0.021937697986956144,-0.010968848993478072,-0.010741338993478029,156.89299046434866,168.49707114213908,93.11318552949709
sem_quality,2019-09-11,0.0002275100000000436,0.003773238125686023,0.0018866190628430116,0.002114129062843055,157.22468249524567,168.53540591079462,93.28881468293037
sem_quality,2019-09-12,0.0002275100000000436,0.005110380670530008,0.002555190335265004,0.0027827003352650474,157.66219167193714,168.5737494009934,93.5271311412191
sem_quality,2019-09-13,0.0002275100000000436,-0.006364224748702031,-0.0031821123743510154,-0.002954602374350972,157.19636258607784,168.6121016147196,93.22958499460091
sem_quality,2019-09-16,0.0002275100000000436,0.0,0.0,0.0002275100000000436,157.2321263305298,168.65046255395796,93.2295849946009
sem_quality,2019-09-17,0.0002275100000000436,0.0027908681950913707,0.0013954340975456854,0.001622944097545729,157.4873052819025,168.68883222069363,93.35965114505251
sem_quality,2019-09-18,0.0002087199999999955,-0.006837648764414345,-0.0034188243822071726,-0.003210104382207177,156.9817545930751,168.72404095375472,93.04053749880372
sem_quality,2019-09-19,0.0002087199999999955,0.008405635291194005,0.004202817645597002,0.004411537645596998,157.67428551313432,168.7592570355826,93.43148831230572
sem_quality,2019-09-20,0.0002087199999999955,-1.715031545141462e-05,-8.57515772570731e-06,0.00020014484227428818,157.70584320813907,168.79448046771108,93.43068728974632
sem_quality,2019-09-23,0.0002087199999999955,-0.010279888724002725,-0.0051399443620013625,-0.004931224362001367,156.92816031208113,168.82971125167433,92.95055896775683
sem_quality,2019-09-24,0.0002087199999999955,-0.0075919082608543065,-0.0037959541304271533,-0.0035872341304271577,156.3652222593845,168.86494938900677,92.59779653809198
sem_quality,2019-09-25,0.0002087199999999955,-0.004930271226039124,-0.002465135613019562,-0.0022564156130195664,156.01239733054516,168.90019488124327,92.36957804592248
sem_quality,2019-09-26,0.0002087199999999955,-0.012837564858545826,-0.006418782429272913,-0.006210062429272917,155.04355060338193,168.93544772991888,91.77680154567308
sem_quality,2019-09-27,0.0002087199999999955,0.0052387512240734315,0.0026193756120367158,0.0028280956120367113,155.48202858851795,168.97070793656908,92.01714929601009
sem_quality,2019-09-30,0.0002087199999999955,-0.0013149673629694698,-0.0006574836814847349,-0.00044876368148473943,155.41225390096386,169.0059755027296,91.95666214680901
sem_quality,2019-10-01,0.0002087199999999955,-0.005156962006710699,-0.0025784810033553495,-0.002369761003355354,155.0439640022258,169.04125042993655,91.71960311929172
sem_quality,2019-10-02,0.0002087199999999955,-0.0055591610335520535,-0.0027795805167760267,-0.002570860516776031,154.64536759680803,169.0765327197263,91.46471429784971
sem_quality,2019-10-03,0.0002087199999999955,0.0072825757520667,0.00364128787603335,0.0038500078760333456,155.2407534800478,169.11182237363556,91.79769415355183
sem_quality,2019-10-04,0.0002087199999999955,0.0013197142306774837,0.0006598571153387418,0.0008685771153387373,155.3755920458885,169.1471193932014,91.85825487497696
sem_quality,2019-10-07,0.0002087199999999955,-0.007045322759432445,-0.0035226613797162223,-0.0033139413797162267,154.86068644200975,169.18242377996114,91.53473687279818
sem_quality,2019-10-08,0.0002087199999999955,-0.004482453310467692,-0.002241226655233846,-0.0020325066552338506,154.54593106618228,169.2177355354525,91.32962959063096
sem_quality,2019-10-09,0.0002087199999999955,0.013032063695049008,0.006516031847524504,0.0067247518475244995,155.58521410164698,169.25305466121347,91.92461218089989
sem_quality,2019-10-10,0.0002087199999999955,-0.0034455095684574367,-0.0017227547842287184,-0.0015140347842287228,155.34965267558542,169.28838115878239,91.76628166222272
sem_quality,2019-10-11,0.0002087199999999955,-0.0036158266876180874,-0.0018079133438090437,-0.0015991933438090481,155.10121854506357,169.32371502969787,91.60041079766069
sem_quality,2019-10-14,0.0002087199999999955,0.004382282932583507,0.0021911414662917537,0.0023998614662917492,155.47343998282477,169.35905627549886,91.80107837275253
sem_quality,2019-10-15,0.0002087199999999955,-0.014645742007758256,-0.007322871003879128,-0.007114151003879132,154.3673784536944,169.39440489772468,91.12897120002096
sem_quality,2019-10-16,0.0002087199999999955,0.0,0.0,0.0002087199999999955,154.39959801292528,169.42976089791495,91.12897120002096
sem_quality,2019-10-17,0.0002087199999999955,-0.013307723378731873,-0.006653861689365936,-0.006445141689365941,153.40447072695085,169.4651242776096,90.52273816272134
sem_quality,2019-10-18,0.0002087199999999955,0.009188105105180077,0.004594052552590038,0.004802772552590034,154.14123750840284,169.50049503834882,90.93851759756159
sem_quality,2019-10-21,0.0002087199999999955,0.004074041402345252,0.002037020701172626,0.0022457407011726217,154.48739875920458,169.53587318167322,91.12372258445691
sem_quality,2019-10-22,0.0002087199999999955,-0.007194881091479044,-0.003597440545739522,-0.0033887205457395265,153.9638841369714,169.5712587091237,90.79597881683203
sem_quality,2019-10-23,0.0002087199999999955,-0.0031784720578745713,-0.0015892360289372857,-0.00138051602893729,153.75133452704287,169.6066516222415,90.65171268724026
sem_quality,2019-10-24,0.0002087199999999955,-5.749849799792112e-05,-2.874924899896056e-05,0.00017997075100103493,153.7790052701851,169.6420519225681,90.64910706242603
sem_quality,2019-10-25,0.0002087199999999955,-0.00017577412603770898,-8.788706301885449e-05,0.000120832936981141,153.79758683903793,169.6774596116454,90.641141841142
sem_quality,2019-10-28,0.0002087199999999955,0.001176658421736443,0.0005883292108682215,0.000797049210868217,153.92017108426143,169.71287469101551,90.69445754453999
sem_quality,2019-10-29,0.0002087199999999955,-0.013456203455489691,-0.0067281017277448455,-0.00651938172774485,152.91670673336333,169.74829716222104,90.08438334272509
sem_quality,2019-10-30,0.0001898499999999249,-0.001887219004940821,-0.0009436095024704105,-0.0007537595024704857,152.80144431257656,169.7805238764373,89.99939499761602
sem_quality,2019-10-31,0.0001898499999999249,0.0023789805160545872,0.0011894902580272936,0.0013793402580272185,153.01220949620162,169.8127567088952,90.10642808096317
sem_quality,2019-11-01,0.0001898499999999249,0.024424733079009407,0.012212366539504704,0.012402216539504629,154.90990005156155,169.84499566075638,91.2066319345518
sem_quality,2019-11-04,0.0001898499999999249,0.007221410622702507,0.0036107053113512535,0.0038005553113511785,155.49864369498337,169.87724073318256,91.53588969532245
sem_quality,2019-11-05,0.0001898499999999249,-0.0036429782512754083,-0.0018214891256377042,-0.0016316391256377793,155.24492602394704,169.90949192733572,91.36918971562801
sem_quality,2019-11-06,0.0001898499999999249,-0.008430597167719411,-0.0042152985838597055,-0.004025448583859781,154.61999555633253,169.94174924437812,90.98411440615882
sem_quality,2019-11-07,0.0001898499999999249,-0.0011226398813349529,-0.0005613199406674764,-0.00037146994066755153,154.56255887575722,169.97401268547216,90.93305290248514
sem_quality,2019-11-08,0.0001898499999999249,-0.02326160928549399,-0.011630804642746994,-0.011440954642747069,152.79421565019274,170.0062822517805,89.87562908052035
sem_quality,2019-11-11,0.0001898499999999249,0.005859715862134308,0.002929857931067154,0.003119707931067079,153.2708889765778,170.038557944466,90.13890192284242
sem_quality,2019-11-12,0.0001898499999999249,0.00790689534220076,0.00395344767110038,0.0041432976711003044,153.9059358939219,170.07083976469173,90.49519371272852
sem_quality,2019-11-13,0.0001898499999999249,-0.0264742945776737,-0.01323714728883685,-0.013047297288836924,151.8978793937972,170.10312771362103,89.29752288242844
sem_quality,2019-11-14,0.0001898499999999249,-0.012850024221727008,-0.006425012110863504,-0.006235162110863579,150.95077149148048,170.13542179241745,88.7238941198593
sem_quality,2019-11-18,0.0001898499999999249,0.0,0.0,0.0001898499999999249,150.97942949544813,170.16772200224472,88.72389411985931
sem_quality,2019-11-19,0.00037973604302234966,0.008986739154908774,0.004493369577454387,0.004873105620476737,151.71516820189876,170.232340819648,89.12241203487463
sem_quality,2019-11-21,0.0001898499999999249,-0.003315390374093419,-0.0016576951870467095,-0.0014678451870467847,151.49247382245161,170.2646594295526,88.97470228408261
sem_quality,2019-11-22,0.0001898499999999249,0.0026190761100885257,0.0013095380550442628,0.0014993880550441877,151.71961982813008,170.2969841751453,89.09119592634185
sem_quality,2019-11-25,0.0001898499999999249,-0.012152272820666787,-0.006076136410333393,-0.005886286410333469,150.8265546917548,170.32931505759092,88.54996841897595
sem_quality,2019-11-26,0.0001898499999999249,-0.00970177556884273,-0.004850887784421365,-0.00466103778442144,150.12354642144243,170.3616520780546,88.12050399268277
sem_quality,2019-11-27,0.0001898499999999249,0.001749926616858688,0.000874963308429344,0.0010648133084292688,150.28339997158056,170.3939952377016,88.19759156532099
sem_quality,2019-11-28,0.0001898499999999249,-0.009727658314572896,-0.004863829157286448,-0.004673979157286523,149.58097849242728,170.42634453769747,87.76869497388104
sem_quality,2019-11-29,0.0001898499999999249,0.011966900234489075,0.005983450117244537,0.006173300117244462,150.5043867644921,170.45869997920795,88.29375489948602
sem_quality,2019-12-02,0.0001898499999999249,0.001903216320097833,0.0009516081600489164,0.0011414581600488413,150.67618122488759,170.491061563399,88.37776000875974
sem_quality,2019-12-03,0.0001898499999999249,-0.00972717096705501,-0.004863585483527505,-0.00467373548352758,149.9719606101744,170.5234292914368,87.94800880638023
sem_quality,2019-12-04,0.0001898499999999249,0.0009974876249329474,0.0004987438124664737,0.0006885938124663986,150.075230374294,170.55580316448777,87.99186400568155
sem_quality,2019-12-05,0.0001898499999999249,-0.007920833038841026,-0.003960416519420513,-0.003770566519420588,149.50936173525037,170.58818318371854,87.64344572111018
sem_quality,2019-12-06,0.0001898499999999249,0.007878411895773341,0.0039392059478866705,0.004129055947886595,150.12669425458802,170.62056935029594,87.98862577135553
sem_quality,2019-12-09,0.0001898499999999249,-0.003657827050020601,-0.0018289135250103006,-0.0016390635250103757,149.88062706590492,170.65296166538707,87.82773272917927
sem_quality,2019-12-10,0.0001898499999999249,-0.0011667475896341116,-0.0005833737948170558,-0.0003935237948171309,149.82164547277236,170.68536013015924,87.77650605683061
sem_quality,2019-12-11,0.0001708900000000369,0.012769075465155367,0.0063845377325776834,0.006555427732577721,150.803790442445,170.71452855135192,88.33682271926982
sem_quality,2019-12-12,0.0001708900000000369,-0.003123392137100025,-0.0015616960685500125,-0.0013908060685499757,150.59405161553732,170.7437019571361,88.19889102166873
sem_quality,2019-12-13,0.0001708900000000369,0.006676038195577084,0.003338019097788542,0.0035089090977885786,151.12247245332392,170.77288034836354,88.49325030124555
sem_quality,2019-12-16,0.0001708900000000369,0.0007688522432860779,0.00038442612164303895,0.0005553161216430759,151.20639319861985,170.8020637258863,88.52726360571684
sem_quality,2019-12-17,0.0001708900000000369,-0.0038735995312015993,-0.0019367997656007997,-0.0017659097656007629,150.93937635224913,170.83125209055646,88.35583331803785
sem_quality,2019-12-18,0.0001708900000000369,-0.0069425850987754785,-0.0034712925493877392,-0.0033004025493877025,150.44121564973315,170.86044544322624,88.04917677668233
sem_quality,2019-12-19,0.0001708900000000369,0.0,0.0,0.0001708900000000369,150.46692454907557,170.88964378474805,88.04917677668236
sem_quality,2019-12-20,0.0001708900000000369,-0.006642584476780544,-0.003321292238390272,-0.003150402238390235,149.99289321317247,170.91884711597444,87.75678969528563
sem_quality,2019-12-23,0.00034180920339217386,-0.004351470626717558,-0.002175735313358779,-0.0018339261099666049,149.7178173299994,170.97726875095188,87.56591939018553
sem_quality,2019-12-26,0.0001708900000000369,0.003403519999280857,0.0017017599996404285,0.0018726499996404656,149.99818640056858,171.00648705640876,87.7149101081117
sem_quality,2019-12-27,0.0001708900000000369,-0.004735646443320951,-0.0023678232216604754,-0.0021969332216604386,149.66865040167636,171.03571035498183,87.50725219373282
sem_quality,2019-12-30,0.00034180920339217386,0.0005832991800532525,0.00029164959002662624,0.0006334587934188001,149.7634593243724,171.09417193488989,87.53276492747227
sem_quality,2020-01-02,0.0001708900000000369,-0.018843370190125584,-0.009421685095062792,-0.009250795095062755,148.37802824943486,171.12341021793188,86.70819969077876
sem_quality,2020-01-03,0.0001708900000000369,-0.009855584018139185,-0.004927792009069593,-0.004756902009069555,147.67220850875336,171.15265349750405,86.28099272262051
sem_quality,2020-01-06,0.0001708900000000369,-0.0001763504362859436,-8.81752181429718e-05,8.27147818570651e-05,147.68442318326655,171.18190177446024,86.27338617714818
sem_quality,2020-01-07,0.0001708900000000369,0.006118657332979505,0.0030593286664897523,0.003230218666489789,148.1614761637829,171.2111550496545,86.53727972386685
sem_quality,2020-01-08,0.0001708900000000369,-0.006380708509779919,-0.0031903542548899597,-0.003019464254889923,147.71410788255463,171.24041332394094,86.26124231732561
sem_quality,2020-01-09,0.0001708900000000369,0.005742164361398005,0.0028710821806990027,0.0030419721806990395,148.16345008943014,171.2696765981739,86.50886311710936
sem_quality,2020-01-10,0.0001708900000000369,-0.00035979294922606694,-0.00017989647461303347,-9.00647461299657e-06,148.16211565907835,171.2989448732078,86.49330313665686
sem_quality,2020-01-13,0.0001708900000000369,-0.002206180692563975,-0.0011030903462819876,-0.0009322003462819507,148.0239988835551,171.3282181498972,86.3979095107655
sem_quality,2020-01-14,0.0001708900000000369,-0.009408664400504385,-0.004704332200252193,-0.0045334422002521555,147.35294064036628,171.35749642909687,85.99153448844707
sem_quality,2020-01-15,0.0001708900000000369,0.0010947638176732834,0.0005473819088366417,0.0007182719088366786,147.45878011831275,171.38677971166166,86.03859665628528
sem_quality,2020-01-16,0.0001708900000000369,0.009356194642045146,0.004678097321022573,0.00484898732102261,148.17380587347992,171.4160679984466,86.44102481385974
sem_quality,2020-01-17,0.0001708900000000369,-0.009129620555712658,-0.004564810277856329,-0.004393920277856292,147.5227419832053,171.44536129030686,86.04650535479136
sem_quality,2020-01-20,0.0001708900000000369,-0.02480980155120872,-0.01240490077560436,-0.012234010775604324,145.71794716813605,171.4746595880978,84.97928937031723
sem_quality,2020-01-21,0.0001708900000000369,-0.0008806306925088214,-0.0004403153462544107,-0.0002694253462543738,145.6786870597648,171.50396289267485,84.94187807830936
sem_quality,2020-01-22,0.0001708900000000369,-0.0005276112969490494,-0.0002638056484745247,-9.291564847448781e-05,145.66515123008773,171.5332712048936,84.91947375975425
sem_quality,2020-01-23,0.0001708900000000369,0.0047199826495432536,0.0023599913247716268,0.0025308813247716636,146.033812441006,171.56258452560982,85.11984873905124
sem_quality,2020-01-24,0.0001708900000000369,0.0,0.0,0.0001708900000000369,146.05876815921408,171.59190285567942,85.11984873905125
sem_quality,2020-01-27,0.0001708900000000369,-0.010712026072477204,-0.005356013036238602,-0.005185123036238565,145.30143547578712,171.62122619595846,84.66402361551758
sem_quality,2020-01-28,0.0001708900000000369,0.007091619431867263,0.0035458097159336314,0.003716699715933668,145.84147727974474,171.6505545473031,84.96417484020074
sem_quality,2020-01-29,0.0001708900000000369,-0.00021823815585240384,-0.00010911907792620192,6.177092207383498e-05,145.8504860422729,171.6798879105697,84.95490521187217
sem_quality,2020-01-30,0.0001708900000000369,-0.0011652822662134854,-0.0005826411331067427,-0.0004117511331067058,145.79043193938082,171.70922628661478,84.90541544694247
sem_quality,2020-01-31,0.0001708900000000369,-0.006168159051298589,-0.0030840795256492945,-0.0029131895256492577,145.36571678011515,171.73856967629493,84.64360513431012
sem_quality,2020-02-03,0.0001708900000000369,-0.0006562646311175646,-0.0003281323155587823,-0.0001572423155587454,145.34285913820582,171.76791808046693,84.61583557769971
sem_quality,2020-02-04,0.0001708900000000369,0.0006832383909344264,0.0003416191954672132,0.0005125091954672501,145.41734869000965,171.79727149998774,84.64473703240392
sem_quality,2020-02-05,0.00016136999999987495,0.010687724556653727,0.005343862278326864,0.005505232278326739,146.21790497184656,171.82499442568965,85.09699386900456
sem_quality,2020-02-06,0.00016136999999987495,0.005269606585109211,0.0026348032925546053,0.00279617329255448,146.62675557262213,171.8527218250401,85.32117153308748
sem_quality,2020-02-07,0.00016136999999987495,0.023545353715879524,0.011772676857939762,0.011934046857939636,148.37660614425346,171.88045369876096,86.32546805135823
sem_quality,2020-02-10,0.00016136999999987495,-0.019785217994171444,-0.009892608997085722,-0.009731238997085848,146.93271792828725,171.90819004757432,85.47162173461584
sem_quality,2020-02-11,0.00016136999999987495,-0.010153426954181026,-0.005076713477090513,-0.004915343477090638,146.21049315164726,171.93593087220228,85.0377768102024
sem_quality,2020-02-12,0.00016136999999987495,-0.003633833142639239,-0.0018169165713196195,-0.0016555465713197445,145.96843487101907,171.9636761733671,84.88329519302633
sem_quality,2020-02-13,0.00016136999999987495,-0.007953736008406482,-0.003976868004203241,-0.003815498004203366,145.411492599092,171.99142595179114,84.54577999710902
sem_quality,2020-02-14,0.00016136999999987495,-0.005094449972670309,-0.0025472249863351545,-0.0023858549863352797,145.06456186440403,172.01918020819699,84.33045762038311
sem_quality,2020-02-17,0.00016136999999987495,0.003218844660976721,0.0016094223304883605,0.0017707923304882355,145.32144107797913,172.04693894330714,84.46615904387896
sem_quality,2020-02-18,0.00016136999999987495,-0.003708248045426384,-0.001854124022713192,-0.001692754022713317,145.0754476240079,172.0747021578444,84.3095735774861
sem_quality,2020-02-19,0.00016136999999987495,-0.004474067718180659,-0.0022370338590903295,-0.0020756638590904548,144.77431976053336,172.10246985253156,84.12100063676326
sem_quality,2020-02-20,0.00016136999999987495,-0.004282138612044789,-0.0021410693060223947,-0.00197969930602252,144.48771014017356,172.13024202809163,83.94092080379065
sem_quality,2020-02-21,0.00016136999999987495,0.0007240544958074663,0.00036202724790373314,0.0005233972479036081,144.5633346100168,172.1580186852477,83.97130480127005
sem_quality,2020-02-26,0.00016136999999987495,-0.00465128030015758,-0.00232564015007879,-0.0021642701500789153,144.25046050012446,172.18579982472292,83.77604927175452
sem_quality,2020-02-27,0.00016136999999987495,0.0,0.0,0.00016136999999987495,144.27373819693534,172.2135854472406,83.7760492717545
sem_quality,2020-02-28,0.00016136999999987495,-0.01294053244123666,-0.00647026622061833,-0.0063088962206184545,143.3635301552902,172.2413755535242,83.23408338708943
sem_quality,2020-03-02,0.00016136999999987495,-0.021119518513062475,-0.010559759256531237,-0.010398389256531363,141.87278036354502,172.26917014429722,82.35529331493768
sem_quality,2020-03-03,0.00016136999999987495,-0.0009689539034652243,-0.00048447695173261217,-0.0003231069517327372,141.8269402819479,172.2969692202834,82.3154005109752
sem_quality,2020-03-04,0.00016136999999987495,-0.002489820220701107,-0.0012449101103505535,-0.0010835401103506785,141.67326510342411,172.32477278220642,82.21294177040849
sem_quality,2020-03-05,0.00016136999999987495,0.01340481874740719,0.006702409373703595,0.0068637793737034705,142.6456791382462,172.3525808307903,82.76387765744613
sem_quality,2020-03-06,0.00016136999999987495,0.010444921760374426,0.005222460880187213,0.005383830880187088,143.41365935051593,172.3803933667589,83.19603903292357
sem_quality,2020-03-09,0.00016136999999987495,0.004268966068212296,0.002134483034106148,0.0022958530341060227,143.74291603546806,172.4082103908365,83.37359091519693
sem_quality,2020-03-10,0.00016136999999987495,0.01662470720938336,0.00831235360469168,0.008473723604691554,144.96095377608498,172.43603190374722,84.06650986784555
sem_quality,2020-03-11,0.00016136999999987495,0.001348255726938058,0.000674127863469029,0.000835497863468904,145.0820683432513,172.4638579062155,84.12317230091524
sem_quality,2020-03-12,0.00016136999999987495,0.03271155841616842,0.01635577920808421,0.016517149208084086,147.47841051349423,172.4916883989658,85.49885034018743
sem_quality,2020-03-13,0.00016136999999987495,0.010489307508699752,0.005244653754349876,0.005406023754349751,148.27568230398393,172.51952338272272,85.9471898580687
sem_quality,2020-03-16,0.00016136999999987495,-0.006250637311323415,-0.0031253186556617074,-0.0029639486556618327,147.8362007947517,172.54736285821096,85.67862084118585
sem_quality,2020-03-17,0.00016136999999987495,0.0003764921742665517,0.00018824608713327584,0.0003496160871331508,147.8878867088102,172.57520682615535,85.69474690404743
sem_quality,2020-03-18,0.0001422700000000304,-0.054354563900253096,-0.027177281950126548,-0.027035011950126517,143.88973592435858,172.5997591008305,83.36612789841733
sem_quality,2020-03-19,0.0001422700000000304,0.036206442227009306,0.018103221113504653,0.018245491113504684,146.515074822491,172.62431486855778,84.8751086624458
sem_quality,2020-03-20,0.0001422700000000304,0.010252713079405423,0.005126356539702712,0.005268626539702742,147.28700803416731,172.64887412983413,85.31014683791429
sem_quality,2020-03-23,0.0001422700000000304,0.012455185567740182,0.006227592783870091,0.006369862783870121,148.22520606519177,172.6734368851566,85.84134811874678
sem_quality,2020-03-24,0.0001422700000000304,0.023374924148945223,0.011687462074472611,0.011829732074472642,149.97867053962648,172.69800313502225,86.84447290474291
sem_quality,2020-03-25,0.0001422700000000304,-0.03573795485442045,-0.017868977427210227,-0.017726707427210196,147.3200425266486,172.72257287992824,85.29287172502997
sem_quality,2020-03-26,0.0001422700000000304,-0.0030873808705133635,-0.0015436904352566817,-0.0014014204352566513,147.11358520852886,172.74714612037187,85.16122466417981
sem_quality,2020-03-27,0.0001422700000000304,0.0015813500212111704,0.0007906750106055852,0.0009329450106056156,147.2508340938415,172.77172285685043,85.22854993802764
sem_quality,2020-03-30,0.0001422700000000304,0.0,0.0,0.0001422700000000304,147.271783470008,172.79630308986128,85.22854993802763
sem_quality,2020-03-31,0.0001422700000000304,-0.004546442934510626,-0.002273221467255313,-0.002130951467255283,146.9579544469373,172.82088681990186,85.03483412863368
sem_quality,2020-04-01,0.0001422700000000304,-0.0013150486339942452,-0.0006575243169971226,-0.0005152543169970922,146.88223372649145,172.84547404746974,84.97892961093802
sem_quality,2020-04-02,0.0001422700000000304,-0.011658308319051437,-0.005829154159525719,-0.005686884159525688,146.0469314781965,172.87006477306247,84.48364479409527
sem_quality,2020-04-03,0.0001422700000000304,0.0345294345906453,0.01726471729532265,0.017406987295322682,148.58916855895833,172.89465899717774,85.9420235539976
sem_quality,2020-04-06,0.0001422700000000304,0.008452633054257197,0.0042263165271285985,0.004368586527128629,149.23829319880224,172.91925672031326,86.30519008081697
sem_quality,2020-04-07,0.0001422700000000304,0.016846316405418404,0.008423158202709202,0.008565428202709233,150.51658308429145,172.94385794296684,87.03204894037265
sem_quality,2020-04-08,0.0001422700000000304,-0.004126283941398645,-0.0020631419706993227,-0.0019208719706992922,150.2274599987194,172.9684626656364,86.85251500970013
sem_quality,2020-04-09,0.0001422700000000304,0.006100743478905612,0.003050371739452806,0.003192641739452836,150.7070824579233,172.99307088881983,87.11740978040709
sem_quality,2020-04-13,0.0001422700000000304,0.0167401271115206,0.0083700635557603,0.00851233355576033,151.9899514130206,173.01768261301518,87.84648431164875
sem_quality,2020-04-14,0.0001422700000000304,0.021192924736077236,0.010596462368038618,0.010738732368038649,153.6221308238762,173.04229783872054,88.7772138619285
sem_quality,2020-04-15,0.0001422700000000304,-0.0015851503931499475,-0.0007925751965749738,-0.0006503051965749434,153.52222955389254,173.06691656643406,88.70686125326614
sem_quality,2020-04-16,0.0001422700000000304,0.0005477582369351918,0.0002738791184675959,0.0004161491184676263,153.58611769438656,173.09153879665396,88.73115275427637
sem_quality,2020-04-17,0.0001422700000000304,-0.02333586467042474,-0.01166793233521237,-0.01152566233521234,151.8159359624649,173.11616452987855,87.69599094038536
sem_quality,2020-04-20,0.0001422700000000304,-0.01466573752763791,-0.007332868763818955,-0.007190598763818925,150.72428848100517,173.1407937666062,87.05301922329264
sem_quality,2020-04-22,0.0001422700000000304,0.0071853929750760985,0.0035926964875380493,0.0037349664875380795,151.28723864733976,173.16542650733538,87.36572981035054
sem_quality,2020-04-23,0.0001422700000000304,-0.025219209520259106,-0.012609604760129553,-0.012467334760129522,149.40108999818779,173.19006275256456,86.26423919693134
sem_quality,2020-04-24,0.0001422700000000304,0.00489382047909628,0.00244691023954814,0.0025891802395481703,149.78791634817804,173.2147025027924,86.4752900209284
sem_quality,2020-04-27,0.0001422700000000304,0.021364048171695762,0.010682024085847881,0.010824294085847912,151.4092648052371,173.23934575851746,87.398889751229
sem_quality,2020-04-28,0.0001422700000000304,0.06056467904824312,0.03028233952412156,0.03042460952412159,156.01583256527076,173.26399252023853,90.04515612039064
sem_quality,2020-04-29,0.0001422700000000304,-0.01566121222042447,-0.007830606110212236,-0.007688336110212205,154.81633040599436,173.28864278845438,89.34014827214587
sem_quality,2020-04-30,0.0001422700000000304,-0.03640950490304998,-0.01820475245152499,-0.018062482451524958,152.0199631548266,173.31329656366387,87.7139643460561
sem_quality,2020-05-04,0.0001422700000000304,0.0,0.0,0.0001422700000000304,152.04159103498463,173.337953846366,87.71396434605609
sem_quality,2020-05-05,0.0001422700000000304,-0.033245759285563746,-0.016622879642781873,-0.016480609642781842,149.53585292366955,173.36261463705972,86.25611308223964
sem_quality,2020-05-06,0.00011344999999995498,-0.06876637704037142,-0.03438318852018571,-0.03426973852018576,144.41129834458243,173.3822826256903,83.2906893124412
sem_quality,2020-05-07,0.00011344999999995498,0.00850630551463949,0.004253152757319745,0.0043666027573197,145.04188511812202,173.40195284565417,83.64489715247004
sem_quality,2020-05-08,0.00011344999999995498,-0.03748187799280125,-0.018740938996400624,-0.018627488996400668,142.340118999067,173.42162529720449,82.0774910597966
sem_quality,2020-05-11,0.00011344999999995498,-0.017754993580305547,-0.008877496790152773,-0.00876404679015282,141.09264353604325,173.44129998059447,81.3489310515024
sem_quality,2020-05-12,0.00011344999999995498,-0.009850373865898245,-0.004925186932949122,-0.004811736932949167,140.41374285217344,173.46097689607726,80.94831780885055
sem_quality,2020-05-13,0.00011344999999995498,0.03230871996502788,0.01615435998251394,0.016267809982513894,142.6979669398262,173.4806560439061,82.25583773657787
sem_quality,2020-05-14,0.00011344999999995498,-0.0008297035552565554,-0.0004148517776282777,-0.0003014017776283227,142.65495751892658,173.50033742433428,82.221717626999
sem_quality,2020-05-15,0.00011344999999995498,0.04472358326362764,0.02236179163181382,0.022475241631813775,145.86116215914058,173.52002103761507,84.060133975849
sem_quality,2020-05-18,0.00011344999999995498,-0.03325459187110287,-0.016627295935551435,-0.01651384593555148,143.45243339926404,173.5397068840018,82.66259980210246
sem_quality,2020-05-19,0.00011344999999995498,0.02805765047738503,0.014028825238692515,0.01414227523869247,145.48117719605662,173.55939496374774,83.82212742009388
sem_quality,2020-05-20,0.00011344999999995498,0.013618686132398871,0.0068093430661994355,0.006922793066199391,146.488313280812,173.57908527710637,84.39283629531408
sem_quality,2020-05-21,0.00011344999999995498,0.009612540698566208,0.004806270349283104,0.004919720349283059,147.20899481659177,173.59877782433105,84.79840507031463
sem_quality,2020-05-22,0.00011344999999995498,0.05396118176735451,0.026980590883677255,0.02709404088367721,151.19748134059756,173.6184726056752,87.08605661103786
sem_quality,2020-05-25,0.00011344999999995498,-0.027473935843145236,-0.013736967921572618,-0.013623517921572664,149.13763974385728,173.6381696213923,85.8898939496097
sem_quality,2020-05-26,0.00011344999999995498,0.021760129420252107,0.010880064710126054,0.010993514710126008,150.77718658021487,173.65786887173584,86.82427554813499
sem_quality,2020-05-27,0.00011344999999995498,0.008453677947159488,0.004226838973579744,0.004340288973579699,151.43160314059634,173.67757035695934,87.19122614932897
sem_quality,2020-05-28,0.00011344999999995498,-0.01565642323472579,-0.007828211617362895,-0.00771476161736294,150.26334442103152,173.69727407731634,86.50875220652348
sem_quality,2020-05-29,0.00011344999999995498,0.02190572316017892,0.01095286158008946,0.011066311580089415,151.92620540946095,173.7169800330604,87.45616311114065
sem_quality,2020-06-01,0.00011344999999995498,0.04664164735857429,0.023320823679287145,0.0234342736792871,155.48648568608186,173.73668822444515,89.4954815100502
sem_quality,2020-06-02,0.00011344999999995498,0.05285773946974325,0.026428869734871626,0.026542319734871582,159.61345770361336,173.7563986517242,91.8604776239298
sem_quality,2020-06-03,0.00011344999999995498,0.0,0.0,0.00011344999999995498,159.63156585038985,173.77611131515124,91.8604776239298
sem_quality,2020-06-04,0.00011344999999995498,0.03855389401844893,0.019276947009224464,0.01939039700922442,162.72688528743305,173.79582621497997,93.63106631004189
sem_quality,2020-06-05,0.00011344999999995498,0.047697026102049796,0.023848513051024898,0.023961963051024854,166.62614090009887,173.81554335146404,95.86377471614962
sem_quality,2020-06-08,0.00011344999999995498,0.004866064883618726,0.002433032441809363,0.002546482441809318,167.0504514422474,173.83526272485724,96.09698793198898
sem_quality,2020-06-09,0.00011344999999995498,-0.04111111942488995,-0.020555559712444976,-0.02044210971244502,163.63558778635152,173.85498433541338,94.12188463383605
sem_quality,2020-06-10,0.00011344999999995498,-0.02964595345685011,-0.014822976728425055,-0.0147095267284251,161.22858573408664,173.87470818338622,92.72687639195823
sem_quality,2020-06-12,0.00011344999999995498,-0.024178416609263786,-0.012089208304631893,-0.011975758304631939,159.29775115953757,173.89443426902963,91.60600903022018
sem_quality,2020-06-15,0.00011344999999995498,-0.013625301117947665,-0.0068126505589738325,-0.006699200558973877,158.23058357592632,173.91416259259745,90.98200009540874
sem_quality,2020-06-16,0.00011344999999995498,0.005451364332079444,0.002725682166039722,0.002839132166039677,158.67982111540798,173.93389315434356,91.22995997945058
sem_quality,2020-06-17,8.441999999999047e-05,-0.018987670017675564,-0.009493835008837782,-0.00940941500883779,157.18673682500497,173.94857665360368,90.3639109034058
sem_quality,2020-06-18,8.441999999999047e-05,0.00935635789895689,0.004678178949478445,0.004762598949478436,157.93535421267967,173.9632613924448,90.7866137646111
sem_quality,2020-06-19,8.441999999999047e-05,0.017996319449859577,0.008998159724929788,0.00908257972492978,159.3698146587014,173.97794737097158,91.60345725822285
sem_quality,2020-06-22,8.441999999999047e-05,-0.008053852639731483,-0.004026926319865742,-0.003942506319865751,158.74149815721364,173.99263458928863,91.23460802345143
sem_quality,2020-06-23,8.441999999999047e-05,-0.03163843416014613,-0.015819217080073066,-0.015734797080073075,156.2437328955231,174.00732304750068,89.79146978364327
sem_quality,2020-06-24,8.441999999999047e-05,-0.006497568917733421,-0.0032487844588667105,-0.00316436445886672,155.74932078022783,174.02201274571237,89.49978127641512
sem_quality,2020-06-25,8.441999999999047e-05,9.077837739553812e-05,4.538918869776906e-05,0.00012980918869775953,155.7695384731985,174.03670368402837,89.50384325596356
sem_quality,2020-06-26,8.441999999999047e-05,-0.005175293375310931,-0.0025876466876554654,-0.002503226687655475,155.37961200736862,174.0513958625534,89.27225848281637
sem_quality,2020-06-29,8.441999999999047e-05,-0.02434805086333196,-0.01217402543166598,-0.01208960543166599,153.50113380607417,174.06608928139212,88.18554747784732
sem_quality,2020-06-30,8.441999999999047e-05,0.015765715703988083,0.007882857851994041,0.007967277851994033,154.7241199897033,174.08078394064924,88.88064293325715
sem_quality,2020-07-01,8.441999999999047e-05,-0.015399187283369097,-0.007699593641684549,-0.007615173641684558,153.5458689494249,174.09547984042953,88.19635586757349
sem_quality,2020-07-02,8.441999999999047e-05,0.015720165777774298,0.007860082888887149,0.00794450288888714,154.76571454887028,174.11017698083768,88.88952801759748
sem_quality,2020-07-03,8.441999999999047e-05,0.006787992039883551,0.0033939960199417755,0.003478416019941766,155.30405408969477,174.12487536197844,89.19119325532431
sem_quality,2020-07-06,8.441999999999047e-05,0.0,0.0,8.441999999999047e-05,155.31716485794104,174.1395749839565,89.19119325532432
sem_quality,2020-07-07,8.441999999999047e-05,0.0037303244551874157,0.0018651622275937078,0.0019495822275936983,155.61996844218834,174.15427584687666,89.35753525742633
sem_quality,2020-07-08,8.441999999999047e-05,-0.012542758805056875,-0.006271379402528437,-0.006186959402528447,154.65715401521376,174.16897795084367,88.79718755590517
sem_quality,2020-07-09,8.441999999999047e-05,-0.0021064375784164754,-0.0010532187892082377,-0.0009687987892082472,154.50732235166146,174.1836812959623,88.70367258407637
sem_quality,2020-07-10,8.441999999999047e-05,0.00167953109643495,0.000839765548217475,0.0009241855482174655,154.6501157860726,174.1983858823373,88.7781565843735
sem_quality,2020-07-13,8.441999999999047e-05,-0.029205308008050525,-0.014602654004025262,-0.014518234004025271,152.40486921634078,174.2130917100735,87.48186931322813
sem_quality,2020-07-14,8.441999999999047e-05,0.008450379161225707,0.004225189580612854,0.004309609580612844,153.06167470084756,174.22779877927567,87.85146559462484
sem_quality,2020-07-15,8.441999999999047e-05,0.00328266539419565,0.001641332697097825,0.0017257526970978153,153.32582129878486,174.24250709004866,87.99564690580695
sem_quality,2020-07-16,8.441999999999047e-05,-0.00568959851136638,-0.00284479925568319,-0.0027603792556831997,152.9025838823111,174.2572166424972,87.74533808605649
sem_quality,2020-07-17,8.441999999999047e-05,-0.01943812826406286,-0.00971906413203143,-0.009634644132031439,151.42942189973695,174.27192743672617,86.89260750542697
sem_quality,2020-07-20,8.441999999999047e-05,0.016066669198378136,0.008033334599189068,0.008117754599189059,152.6586887858161,174.2866394728404,87.59058597237188
sem_quality,2020-07-21,8.441999999999047e-05,-0.02610928733788841,-0.013054643668944205,-0.012970223668944214,150.67867144725633,174.30135275094472,86.44721860682154
sem_quality,2020-07-22,8.441999999999047e-05,-0.005824718976703735,-0.0029123594883518674,-0.002827939488351877,150.2525612822182,174.31606727114396,86.19547448170935
sem_quality,2020-07-23,8.441999999999047e-05,0.012055800342077039,0.006027900171038519,0.00611232017103851,151.1709530432937,174.330783033543,86.71500833803223
sem_quality,2020-07-24,8.441999999999047e-05,-0.0015509076005845498,-0.0007754538002922749,-0.0006910338002922845,151.06648880511838,174.3455000382467,86.64777053148975
sem_quality,2020-07-27,8.441999999999047e-05,0.020202342247574567,0.010101171123787283,0.010185591123787275,152.60519029259353,174.36021828535996,87.5229406072652
sem_quality,2020-07-28,8.441999999999047e-05,-0.005109561892172954,-0.002554780946086477,-0.0024703609460864865,152.22820039032462,174.37493777498761,87.29935754113873
sem_quality,2020-07-29,8.441999999999047e-05,-0.01720258516815394,-0.00860129258407697,-0.00851687258407698,150.93169220389692,174.3896585072346,86.5485336090818
sem_quality,2020-07-30,8.441999999999047e-05,0.012996897389311434,0.006498448694655717,0.0065828686946557075,151.92525571553733,174.4043804822058,87.11091733790369
sem_quality,2020-07-31,8.441999999999047e-05,-0.017367388788726255,-0.008683694394363128,-0.008599274394363136,150.61880875420565,174.4191037000061,86.35453660699001
sem_quality,2020-08-03,8.441999999999047e-05,-0.003751292652871309,-0.0018756463264356545,-0.001791226326435664,150.34901637870874,174.43382816074046,86.19257971003331
sem_quality,2020-08-04,8.441999999999047e-05,-0.006122476805118637,-0.0030612384025593183,-0.002976818402559328,149.9014546599459,174.4485538645138,85.92874594785549
sem_quality,2020-08-05,7.46899999999763e-05,0.0,0.0,7.46899999999763e-05,149.91265079959447,174.46158342700193,85.9287459478555
sem_quality,2020-08-06,7.46899999999763e-05,0.0019009037120667604,0.0009504518560333802,0.0010251418560333564,150.06633253267805,174.4746139626681,86.01041098436669
sem_quality,2020-08-07,7.46899999999763e-05,-0.010240696659548498,-0.005120348329774249,-0.005045658329774273,149.30914909191586,174.48764547158493,85.57004061140286
sem_quality,2020-08-10,7.46899999999763e-05,0.021862384512171498,0.010931192256085749,0.011005882256085725,150.95242800657783,174.5006779538252,86.5053533181811
sem_quality,2020-08-11,7.46899999999763e-05,-0.021964914014210003,-0.010982457007105002,-0.010907767007105025,149.30587409272528,174.51371140946156,85.5553829477667
sem_quality,2020-08-12,7.46899999999763e-05,-0.00419870602325355,-0.002099353011626775,-0.002024663011626799,149.0035800120311,174.52674583856674,85.37578541105442
sem_quality,2020-08-13,7.46899999999763e-05,0.015209039913205557,0.0076045199566027784,0.007679209956602755,150.14780978722894,174.5397812412134,86.0249787867702
sem_quality,2020-08-14,7.46899999999763e-05,-0.007066187133842092,-0.003533093566921046,-0.0034584035669210696,149.62853806629542,174.5528176174743,85.72106718678157
sem_quality,2020-08-17,7.46899999999763e-05,-0.024032743124458567,-0.012016371562229284,-0.011941681562229307,147.8417217120858,174.56585496742213,84.69108792190568
sem_quality,2020-08-18,7.46899999999763e-05,0.0015772865989688188,0.0007886432994844094,0.0008633332994843857,147.96935839349294,174.57889329112965,84.75787399266969
sem_quality,2020-08-19,7.46899999999763e-05,-0.0038295851512656683,-0.0019147925756328342,-0.001840102575632858,147.69707959599833,174.59193258866955,84.59559236563682
sem_quality,2020-08-20,7.46899999999763e-05,0.02608187203590573,0.013040936017952864,0.01311562601795284,149.63421925592326,174.6049728601146,85.6987156807975
sem_quality,2020-08-21,7.46899999999763e-05,0.011556595247263358,0.005778297623631679,0.0058529876236316555,150.51002648929997,174.61801410553753,86.19387138278476
sem_quality,2020-08-24,7.46899999999763e-05,0.005366135566932151,0.0026830677834660754,0.0027577577834660516,150.92509668634054,174.63105632501106,86.42511811040606
sem_quality,2020-08-25,7.46899999999763e-05,-0.007449064338031308,-0.003724532169015654,-0.0036498421690156777,150.37424390409194,174.64409951860796,86.10324901819537
sem_quality,2020-08-26,7.46899999999763e-05,-0.002890727666673731,-0.0014453638333368655,-0.0013706738333368893,150.1681298627648,174.65714368640099,85.97880779064697
sem_quality,2020-08-27,7.46899999999763e-05,-0.0004543464358298336,-0.0002271732179149168,-0.0001524832179149405,150.14523174309505,174.67018882846293,85.95927716695095
sem_quality,2020-08-28,7.46899999999763e-05,0.007594731244084786,0.003797365622042393,0.003872055622042369,150.72660243178876,174.6832349448665,86.2856715925607
sem_quality,2020-08-31,7.46899999999763e-05,0.000368836058185551,0.0001844180290927755,0.0002591080290927518,150.76565690467672,174.69628203568453,86.30158303762893
sem_quality,2020-09-01,7.46899999999763e-05,0.01327626680106736,0.00663813340053368,0.006712823400533656,151.77772013434324,174.70933010098977,86.87442167319224
sem_quality,2020-09-02,7.46899999999763e-05,0.019807767793829666,0.009903883896914833,0.009978573896914809,153.29224533060903,174.722379140855,87.73475160101286
sem_quality,2020-09-03,7.46899999999763e-05,0.00528570031506207,0.002642850157531035,0.0027175401575310113,153.70882316313305,174.73542915535302,87.96660408604043
sem_quality,2020-09-04,7.46899999999763e-05,0.0,0.0,7.46899999999763e-05,153.72030367513509,174.74848014455665,87.96660408604042
sem_quality,2020-09-08,7.46899999999763e-05,-0.01203470616945782,-0.00601735308472891,-0.005942663084728934,152.80679570111155,174.76153210853863,87.43731750200513
sem_quality,2020-09-09,7.46899999999763e-05,0.0011188067573821292,0.0005594033786910646,0.0006340933786910409,152.90368947848464,174.7745850473718,87.48622657982042
sem_quality,2020-09-10,7.46899999999763e-05,-0.01484526042832738,-0.00742263021416369,-0.0073479402141637135,151.78016230967165,174.78763896112898,86.83689716949952
sem_quality,2020-09-11,7.46899999999763e-05,0.012924345400988312,0.006462172700494156,0.006536862700494132,152.77232839134868,174.80069384988298,87.39801028624518
sem_quality,2020-09-14,7.46899999999763e-05,-0.004452016279802196,-0.002226008139901098,-0.0021513181399011217,152.44366651000544,174.8137497137066,87.2034761336927
sem_quality,2020-09-15,7.46899999999763e-05,0.014805476639704263,0.007402738319852132,0.007477428319852108,153.58355309914947,174.8268065526727,87.84897243597311
sem_quality,2020-09-16,7.46899999999763e-05,-0.004698649348084239,-0.0023493246740421193,-0.002274634674042143,153.23420662390754,174.83986436685413,87.64260209124106
sem_quality,2020-09-17,7.46899999999763e-05,-0.01844044363540657,-0.009220221817703284,-0.009145531817703308,151.83279831166806,174.85292315632367,86.83457821058276
sem_quality,2020-09-18,7.46899999999763e-05,-0.023710044279414023,-0.011855022139707011,-0.011780332139707035,150.04415751785547,174.8659829211542,85.8052292454784
sem_quality,2020-09-21,7.46899999999763e-05,0.0027997146112824006,0.0013998573056412003,0.0014745473056411765,150.26540472605063,174.87904366141856,85.92533535177483
sem_quality,2020-09-22,7.46899999999763e-05,0.0011508318637076347,0.0005754159318538173,0.0006501059318537937,150.36309315701544,174.89210537718964,85.97477446607867
sem_quality,2020-09-23,7.46899999999763e-05,-0.003985097219208822,-0.001992548609604411,-0.0019178586096044348,150.0747180042375,174.90516806854026,85.80347834286266
sem_quality,2020-09-24,7.46899999999763e-05,-0.02036418334094926,-0.01018209167047463,-0.010107401670474653,148.55785254878546,174.9182317355433,84.92988470943855
sem_quality,2020-09-25,7.46899999999763e-05,0.0033816339519293984,0.0016908169759646992,0.0017655069759646754,148.82013247379467,174.9312963782716,85.07347487552248
sem_quality,2020-09-28,7.46899999999763e-05,-0.005676282359701655,-0.0028381411798508276,-0.0027634511798508513,148.4088753031244,174.94436199679808,84.83204237575868
sem_quality,2020-09-29,7.46899999999763e-05,-0.004557486139159262,-0.002278743069579631,-0.0022040530695796546,148.0817742659597,174.9574285911956,84.63874638439424
sem_quality,2020-09-30,7.46899999999763e-05,0.009540033053648778,0.004770016526824389,0.004844706526824365,148.79918700424975,174.97049616153708,85.04244445124888
sem_quality,2020-10-01,7.46899999999763e-05,0.0033536512824295043,0.0016768256412147521,0.0017515156412147284,149.05981110768772,174.98356470789537,85.18503515259685
sem_quality,2020-10-02,7.46899999999763e-05,-0.010068668617312614,-0.005034334308656307,-0.0049596443086563306,148.32052746387808,174.9966342303434,84.75621723595422
sem_quality,2020-10-05,7.46899999999763e-05,0.00948684910337796,0.00474342455168898,0.004818114551688956,149.03515275556597,175.00970472895406,85.15822193196878
sem_quality,2020-10-06,7.46899999999763e-05,-0.004906372134471038,-0.002453186067235519,-0.0023784960672355426,148.68067323085702,175.02277620380025,84.9493285706599
sem_quality,2020-10-07,7.46899999999763e-05,0.0,0.0,7.46899999999763e-05,148.69177819034064,175.0358486549549,84.94932857065992
sem_quality,2020-10-08,7.46899999999763e-05,-0.01962584374281058,-0.00981292187140529,-0.009738231871405314,147.24378317695152,175.04892208249092,84.11578970338569
sem_quality,2020-10-09,7.46899999999763e-05,-0.014635478493210497,-0.0073177392466052486,-0.007243049246605272,146.17728920414442,175.06199648648123,83.50029825887003
sem_quality,2020-10-13,7.46899999999763e-05,-0.0043053885566542655,-0.0021526942783271327,-0.0020780042783271565,145.87353217178395,175.0750718669988,83.32056106914027
sem_quality,2020-10-14,7.46899999999763e-05,-0.009246072724688059,-0.004623036362344029,-0.004548346362344053,145.21004882236812,175.08814822411654,82.93539585357667
sem_quality,2020-10-15,7.46899999999763e-05,-0.014267606026593127,-0.007133803013296564,-0.0070591130132965875,144.1849946770647,175.10122555790738,82.34379526337557
sem_quality,2020-10-16,7.46899999999763e-05,0.007353602679828474,0.003676801339914237,0.003751491339914213,144.7259034359413,175.11430386844432,82.64653442854531
sem_quality,2020-10-19,7.46899999999763e-05,-0.01111248527338623,-0.005556242636693115,-0.005481552636693139,143.9325807783642,175.12738315580023,82.18736452557856
sem_quality,2020-10-20,7.46899999999763e-05,0.011906044580217944,0.005953022290108972,0.006027712290108948,144.80016496446905,175.14046342004812,82.67659119822446
sem_quality,2020-10-21,7.46899999999763e-05,-0.009640984202483582,-0.004820492101241791,-0.004745802101241815,144.11297203732053,175.15354466126095,82.27807910826384
sem_quality,2020-10-22,7.46899999999763e-05,-0.005938822299606117,-0.0029694111498030583,-0.002894721149803082,143.6958051692031,175.1666268795117,82.03377990948253
sem_quality,2020-10-23,7.46899999999763e-05,-5.1158274305350936e-06,-2.5579137152675468e-06,7.213208628470875e-05,143.70617024742032,175.17971007487333,82.03357008982323
sem_quality,2020-10-26,7.46899999999763e-05,-0.012391186451431436,-0.006195593225715718,-0.006120903225715742,142.82655868639762,175.19279424741882,81.52536141679921
sem_quality,2020-10-27,7.46899999999763e-05,-0.006220917867511909,-0.0031104589337559545,-0.0030357689337559782,142.39297025662216,175.20587939722114,81.27179906662458
sem_quality,2020-10-28,7.46899999999763e-05,-0.010888129437626692,-0.005444064718813346,-0.00536937471881337,141.62840904198953,175.2189655243533,80.82938317673431
sem_quality,2020-10-29,7.46899999999763e-05,0.013639405331238117,0.0068197026656190585,0.006894392665619035,142.6048509065319,175.2320526288883,81.38057436817493
sem_quality,2020-10-30,7.46899999999763e-05,-0.021233645372539155,-0.010616822686269577,-0.010542132686269601,141.10149164656957,175.24514071089914,80.51663576757535
sem_quality,2020-11-03,7.46899999999763e-05,0.009344198976258156,0.004672099488129078,0.004746789488129054,141.77127072387682,175.25822977045883,80.8927894054157
sem_quality,2020-11-04,7.46899999999763e-05,0.01302148469880706,0.00651074234940353,0.0065854323494035066,142.7048958363179,175.27131980764037,81.41942218095691
sem_quality,2020-11-05,7.46899999999763e-05,0.02175341542294591,0.010876707711472955,0.01095139771147293,144.26771390599572,175.2844108225168,82.30493129938014
sem_quality,2020-11-06,7.46899999999763e-05,0.043878418339154276,0.021939209169577138,0.022013899169577116,147.4436088133477,175.29750281516112,84.1105015448033
sem_quality,2020-11-09,7.46899999999763e-05,0.012785812092657067,0.006392906046328533,0.0064675960463285095,148.39721451476532,175.31059578564637,84.64817192008847
sem_quality,2020-11-10,7.46899999999763e-05,0.0,0.0,7.46899999999763e-05,148.4082983027174,175.3236897340456,84.64817192008847
sem_quality,2020-11-11,7.46899999999763e-05,-0.011241362887270224,-0.005620681443635112,-0.005545991443635136,147.5852271501661,175.33678466043182,84.17242704432438
sem_quality,2020-11-12,7.46899999999763e-05,-0.0035439038242872783,-0.0017719519121436392,-0.001697261912143663,147.33473636532906,175.34988056487808,84.02328869041708
sem_quality,2020-11-13,7.46899999999763e-05,0.0019227144759868097,0.0009613572379934049,0.001036047237993381,147.48738211200083,175.36297744745747,84.10405905442113
sem_quality,2020-11-16,7.46899999999763e-05,0.01272268918985936,0.00636134459492968,0.006436034594929656,148.4366160055893,175.376075308243,84.63903399862005
sem_quality,2020-11-17,7.46899999999763e-05,0.003915550751354701,0.0019577753756773505,0.0020324653756773267,148.73830828810335,175.38917414730776,84.80472583968006
sem_quality,2020-11-18,7.46899999999763e-05,0.018729640343256415,0.009364820171628208,0.009439510171628184,150.14232506209967,175.4022739647248,85.59884753392356
sem_quality,2020-11-19,7.46899999999763e-05,-0.006235119923718424,-0.003117559961859212,-0.0030428699618592356,149.68546149116452,175.41537476056723,85.33200792432095
sem_quality,2020-11-20,7.46899999999763e-05,-0.01488453573782984,-0.00744226786891492,-0.007367577868914944,148.58264219778388,175.4284765349081,84.69699169291809
sem_quality,2020-11-23,7.46899999999763e-05,0.003899416932338029,0.0019497084661690145,0.0020243984661689907,148.8834326707484,175.44157928782047,84.8621138017105
sem_quality,2020-11-24,7.46899999999763e-05,0.004885335392342871,0.0024426676961714355,0.0025173576961714118,149.25822552581454,175.45468301937746,85.06938826439318
sem_quality,2020-11-25,7.46899999999763e-05,0.004403436196298561,0.0022017180981492804,0.0022764080981492567,149.59799815911688,175.46778772965217,85.25667308782991
sem_quality,2020-11-26,7.46899999999763e-05,0.010834837844360989,0.0054174189221804945,0.005492108922180471,150.4196066595469,175.4808934187177,85.71850970728097
sem_quality,2020-11-27,7.46899999999763e-05,-0.010432152262414517,-0.005216076131207259,-0.005141386131207282,149.64624138000585,175.49400008664713,85.2714288272651
sem_quality,2020-11-30,7.46899999999763e-05,0.022196393761379708,0.011098196880689854,0.01117288688068983,151.31822190706504,175.50710773351358,86.21771725440519
sem_quality,2020-12-01,7.46899999999763e-05,0.004373146326462596,0.002186573163231298,0.0022612631632312743,151.66039222818912,175.5202163593902,86.40622452154093
sem_quality,2020-12-02,7.46899999999763e-05,0.01511571830873044,0.00755785915436522,0.007632549154365197,152.81794762664106,175.53332596435004,87.05922182416667
sem_quality,2020-12-03,7.46899999999763e-05,-0.015295784056819606,-0.007647892028409803,-0.007573202028409827,151.66062643569757,175.54643654846632,86.3934520219246
sem_quality,2020-12-04,7.46899999999763e-05,0.004663510500316447,0.0023317552501582236,0.0024064452501582,152.02558942981977,175.55954811181212,86.59488536219983
sem_quality,2020-12-07,7.46899999999763e-05,-0.015737385342740596,-0.007868692671370298,-0.007794002671370322,150.8407015796871,175.57266065446058,85.91354771148127
sem_quality,2020-12-08,7.46899999999763e-05,4.390932047831919e-05,2.1954660239159596e-05,9.66446602391359e-05,150.8552795280415,175.58577417648485,85.91543377336126
sem_quality,2020-12-09,7.46899999999763e-05,0.017258986203474616,0.008629493101737308,0.008704183101737284,152.16835150291735,175.5988886779581,86.65678504491478
sem_quality,2020-12-10,7.46899999999763e-05,0.0,0.0,7.46899999999763e-05,152.1797169570911,175.61200415895343,86.6567850449148
sem_quality,2020-12-11,7.46899999999763e-05,-0.0001727814672643265,-8.639073363216326e-05,-1.1700733632186955e-05,152.17793634275876,175.62512061954402,86.64929926079378
sem_quality,2020-12-14,7.46899999999763e-05,0.006604781155546604,0.003302390577773302,0.003377080577773278,152.69185349594753,175.6382380598031,86.93542771930873
sem_quality,2020-12-15,7.46899999999763e-05,-0.0033379725977090383,-0.0016689862988545192,-0.001594296298854543,152.44841743905369,175.65135647980378,86.79034451782447
sem_quality,2020-12-16,7.46899999999763e-05,-0.0045047438871927414,-0.0022523719435963707,-0.0021776819435963945,152.1164332730668,175.66447587961923,86.5948749804772
sem_quality,2020-12-17,7.46899999999763e-05,-0.012339781779243952,-0.006169890889621976,-0.006095200889622,151.18925305365468,175.67759625932268,86.06063395270957
sem_quality,2020-12-18,7.46899999999763e-05,-0.008230323828706277,-0.004115161914353138,-0.004040471914353162,150.57837712293934,175.6907176189873,85.70650695928741
sem_quality,2020-12-21,7.46899999999763e-05,-0.005759449320047716,-0.002879724660023858,-0.0028050346600238816,150.15599955605936,175.70383995868625,85.45971425061967
sem_quality,2020-12-22,7.46899999999763e-05,-0.010446499743832703,-0.005223249871916352,-0.0051485598719163755,149.38291240221753,175.71696327849273,85.01337014654725
sem_quality,2020-12-23,0.00014938557859605261,0.010488398997583538,0.005244199498791769,0.005393585077387821,150.18862184936685,175.74321285872125,85.4591306294727
sem_quality,2020-12-28,7.46899999999763e-05,-0.0026820441076644717,-0.0013410220538322359,-0.0012663320538322596,149.9984331833981,175.75633911928966,85.34453660962458
sem_quality,2020-12-29,0.00022408673620489424,-0.019443288457103726,-0.009721644228551863,-0.009497557492346969,148.5738144404768,175.79572378369022,84.51503326855158
sem_quality,2021-01-04,7.46899999999763e-05,-0.010469818543246369,-0.005234909271623184,-0.005160219271623208,147.8071409799425,175.8088539662996,84.07263777982155
sem_quality,2021-01-05,7.46899999999763e-05,-0.03850066613979571,-0.019250333069897856,-0.01917564306989788,144.97284400132907,175.82198512960235,82.45433237172604
sem_quality,2021-01-06,7.46899999999763e-05,-0.03765932750003399,-0.018829663750016996,-0.01875497375001702,142.25388211761882,175.83511727367167,80.90186097252311
sem_quality,2021-01-07,7.46899999999763e-05,0.017543856318990473,0.008771928159495236,0.008846618159495213,143.51234789441924,175.84825039858083,81.61147328400001
sem_quality,2021-01-08,7.46899999999763e-05,-0.001213606472344142,-0.000606803236172071,-0.0005321132361720947,143.4359830745505,175.8613845044031,81.56195487643238
sem_quality,2021-01-11,7.46899999999763e-05,0.01499458466870941,0.007497292334354705,0.007571982334354682,144.5220778045018,175.8745195912117,82.17340302644013
sem_quality,2021-01-12,7.46899999999763e-05,0.016241972961908557,0.008120986480954278,0.008195676480954255,145.7065339985428,175.88765565907997,82.84068228242423
sem_quality,2021-01-13,7.46899999999763e-05,0.0006276775110830128,0.0003138387555415064,0.0003885287555414827,145.7631451768715,175.90079270808116,82.86667895736828
sem_quality,2021-01-14,7.46899999999763e-05,0.01721337257807474,0.00860668628903737,0.008681376289037345,147.0285698892255,175.91393073828849,83.57983320147827
sem_quality,2021-01-15,7.46899999999763e-05,-0.014590081965445967,-0.007295040982722984,-0.0072203509827230075,145.96697201013748,175.9270697497753,82.97016042940368
sem_quality,2021-01-18,7.46899999999763e-05,0.0,0.0,7.46899999999763e-05,145.97787428327692,175.94020974261494,82.97016042940368
sem_quality,2021-01-19,7.46899999999763e-05,-0.0018368805706827137,-0.0009184402853413568,-0.0008437502853413805,145.85470541019689,175.95335071688058,82.89396298277138
sem_quality,2021-01-20,7.46899999999763e-05,-0.016560131011706936,-0.008280065505853468,-0.008205375505853492,144.65791278301057,175.96649267264561,82.20764680018992
sem_quality,2021-01-21,7.46899999999763e-05,-0.004855008934750004,-0.002427504467375002,-0.0023528144673750258,144.31755955299442,175.97963560998332,82.0081022743107
sem_quality,2021-01-22,0.00014938557859605261,0.002641308579304235,0.0013206542896521175,0.0014700398682481702,144.5297121192256,176.00592442967007,82.11639044967374
sem_quality,2021-01-26,7.46899999999763e-05,0.023746822641633303,0.011873411320816651,0.011948101320816628,146.2565677634946,176.0190703121657,83.09131931222679
sem_quality,2021-01-27,7.46899999999763e-05,0.007645167851354981,0.0038225839256774904,0.0038972739256774667,146.82656967149833,176.0322171765273,83.40891913226248
sem_quality,2021-01-28,7.46899999999763e-05,0.01021158204703914,0.00510579102351957,0.005180481023519546,147.58720192943002,176.0453650228282,83.834755837106
sem_quality,2021-01-29,7.46899999999763e-05,-0.022768404894040317,-0.011384202447020158,-0.011309512447020182,145.91806263218825,176.05851385114175,82.88043528276208
sem_quality,2021-02-01,7.46899999999763e-05,0.007754785280834732,0.003877392640417366,0.003952082640417342,146.49474287444025,176.07166366154127,83.20177127197702
sem_quality,2021-02-02,7.46899999999763e-05,0.0021171352844893427,0.0010585676422446713,0.0011332576422446476,146.66075916135136,176.08481445410013,83.28983939701472
sem_quality,2021-02-03,7.46899999999763e-05,-0.004257976966455993,-0.0021289884832279963,-0.00205429848322802,146.35947418625713,176.09796622889172,83.11252953144242
sem_quality,2021-02-04,7.46899999999763e-05,-0.015117385898710468,-0.007558692949355234,-0.007484002949355258,145.2641194497811,176.11111898598935,82.48435435887367
sem_quality,2021-02-05,7.46899999999763e-05,-0.009785856772846824,-0.004892928386423412,-0.004818238386423436,144.56420229327816,176.1242727254664,82.08079446188404
sem_quality,2021-02-08,7.46899999999763e-05,-0.0017573617978498199,-0.0008786808989249099,-0.0008039908989249336,144.44797399032404,176.13742744739625,82.0086770220734
sem_quality,2021-02-09,7.46899999999763e-05,-0.022288931549329486,-0.011144465774664743,-0.011069775774664767,142.84896730714652,176.1505831518523,81.09480238507199
sem_quality,2021-02-10,7.46899999999763e-05,0.017874231511723314,0.008937115755861657,0.009011805755861633,144.13629445294399,176.16373983890787,81.81950189337985
sem_quality,2021-02-11,7.46899999999763e-05,-0.01786646494783194,-0.00893323247391597,-0.008858542473915994,142.85945696649972,176.17689750863644,81.08864384985355
sem_quality,2021-02-12,7.46899999999763e-05,-0.028421016084162337,-0.014210508042081169,-0.014135818042081192,140.84002167723074,176.19005616111133,79.93641908397153
sem_quality,2021-02-17,7.46899999999763e-05,-0.01668376235425699,-0.008341881177128495,-0.008267191177128519,139.67567029263415,176.203215796406,79.26964877532224
sem_quality,2021-02-18,7.46899999999763e-05,0.0005814825258790741,0.0002907412629395371,0.00036543126293951336,139.7267121492311,176.2163764145938,79.29269401187123
sem_quality,2021-02-19,7.46899999999763e-05,0.013598564168667726,0.006799282084333863,0.006873972084333839,140.68718966798068,176.2295380157482,79.83178714081893
sem_quality,2021-02-22,7.46899999999763e-05,0.0,0.0,7.46899999999763e-05,140.697697594177,176.2427005999426,79.83178714081893
sem_quality,2021-02-23,7.46899999999763e-05,-0.027002993465902403,-0.013501496732951201,-0.013426806732951225,138.80857680080877,176.25586416725042,78.754019026052
sem_quality,2021-02-24,7.46899999999763e-05,0.00875852849970149,0.004379264249850745,0.004453954249850721,139.42682385136644,176.26902871774504,79.09887792859342
sem_quality,2021-02-25,7.46899999999763e-05,-0.0015412892034814482,-0.0007706446017407241,-0.0006959546017407478,139.329789111701,176.2821942515,79.03792535786151
sem_quality,2021-02-26,7.46899999999763e-05,-0.023731257255902083,-0.011865628627951041,-0.011790938627951065,137.68696011923956,176.2953607685886,78.10016072968149
sem_quality,2021-03-01,7.46899999999763e-05,-0.0037630922230397334,-0.0018815461115198667,-0.0018068561115198905,137.43817959387152,176.3085282690844,77.9532226507566
sem_quality,2021-03-02,7.46899999999763e-05,0.012620762166170685,0.006310381083085343,0.006385071083085319,138.31573214010825,176.32169675306082,78.44510045398437
sem_quality,2021-03-03,7.46899999999763e-05,0.037011292830049586,0.018505646415024793,0.01858033641502477,140.88568497476192,176.3348662205913,79.89666932829768
sem_quality,2021-03-04,7.46899999999763e-05,-0.0005964942108789596,-0.0002982471054394798,-0.00022355710543950352,140.85418897883108,176.3480366717493,79.87284215758764
sem_quality,2021-03-05,7.46899999999763e-05,0.021668032385191223,0.010834016192595611,0.010908706192595588,142.3907259423975,176.3612081066083,80.73812119518027
sem_quality,2021-03-08,7.46899999999763e-05,0.002364027987572706,0.001182013993786353,0.0012567039937863291,142.56966893636744,176.37438052524178,80.83354765686256
sem_quality,2021-03-09,7.46899999999763e-05,0.017396279545607334,0.008698139772803667,0.008772829772803643,143.82040837271114,176.3875539277232,81.53659664198483
sem_quality,2021-03-10,7.46899999999763e-05,0.012306113296479298,0.006153056648239649,0.006227746648239625,144.71608543890275,176.40072831412604,82.03825847090565
sem_quality,2021-03-11,7.46899999999763e-05,0.010369415547012187,0.005184707773506094,0.00525939777350607,145.47720489645062,176.4139036845238,82.46357110072432
sem_quality,2021-03-12,7.46899999999763e-05,0.026621564544561015,0.013310782272280507,0.013385472272280484,147.4244859888409,176.42708003899,83.5611437633386
sem_quality,2021-03-15,7.46899999999763e-05,-0.022738346983012723,-0.011369173491506361,-0.011294483491506385,145.75940256559613,176.4402573775981,82.61119357452412
sem_quality,2021-03-16,7.46899999999763e-05,-0.007170951340436365,-0.0035854756702181825,-0.0035107856702182062,145.24767254376926,176.45343570042164,82.31501527143242
sem_quality,2021-03-17,0.00010378999999997404,0.011392058620313221,0.0056960293101566105,0.005799819310156585,146.0900827997439,176.471749802513,82.78383535224829
sem_quality,2021-03-18,0.00010378999999997404,0.013590374784965525,0.006795187392482763,0.006898977392482737,147.09795497824527,176.49006580542502,83.34630864743194
sem_quality,2021-03-19,0.00010378999999997404,0.002299654843639698,0.001149827421819849,0.001253617421819823,147.28235953732008,176.50838370935494,83.442132573057
sem_quality,2021-03-22,0.00010378999999997404,0.0124088349713278,0.0062044174856639,0.006308207485663874,148.21144722025966,176.52670351450016,83.95978867190784
sem_quality,2021-03-23,0.00010378999999997404,-0.004132360438260504,-0.002066180219130252,-0.001962390219130278,147.92059852587147,176.54502522105793,83.78633062056274
sem_quality,2021-03-24,0.00010378999999997404,0.0,0.0,0.00010378999999997404,147.93595120479247,176.56334882922562,83.78633062056274
sem_quality,2021-03-25,0.00010378999999997404,-0.014478421358424635,-0.007239210679212318,-0.0071354206792123434,146.88036595936686,176.58167433920062,83.17984666813177
sem_quality,2021-03-26,0.00010378999999997404,-0.012685040709895502,-0.006342520354947751,-0.0062387303549477765,145.9640189617103,176.6000017511803,82.65233154831199
sem_quality,2021-03-29,0.00010378999999997404,0.01121675836323064,0.00560837918161532,0.005712169181615294,146.7977901324481,176.61833106536204,83.11582905747304
sem_quality,2021-03-30,0.00010378999999997404,-0.0171136198038187,-0.00855680990190935,-0.008453019901909376,145.5569054909022,176.63666228194333,82.40469651683503
sem_quality,2021-03-31,0.00010378999999997404,-0.010548025318505416,-0.005274012659252708,-0.0051702226592527335,144.80434387992244,176.65499540112157,81.97013820703033
sem_quality,2021-04-01,0.00010378999999997404,0.008538856245307327,0.004269428122653664,0.004373218122653638,145.4376048608171,176.67333042309426,82.3200675011478
sem_quality,2021-04-05,0.00010378999999997404,-0.016037758889253507,-0.008018879444626753,-0.00791508944462678,144.28645320973143,176.69166734805887,81.66002131017672
sem_quality,2021-04-06,0.00010378999999997404,-0.01977329916135235,-0.009886649580676175,-0.009782859580676201,142.87491909858682,176.71000617621294,80.8527610802717
sem_quality,2021-04-07,0.00010378999999997404,-0.00913060704528707,-0.004565303522643535,-0.004461513522643561,142.23748071498187,176.72834690775397,80.48368199201505
sem_quality,2021-04-08,0.00010378999999997404,-0.006622863765404522,-0.003311431882702261,-0.0032076418827022874,141.78123381455043,176.74668954287955,80.21719342027826
sem_quality,2021-04-09,0.00010378999999997404,-0.029010567579154413,-0.014505283789577206,-0.014401493789577233,139.73937225629157,176.7650340817872,79.05374101963838
sem_quality,2021-04-12,0.00010378999999997404,-0.0006242454939581097,-0.00031212274697905485,-0.00020833274697908081,139.7102599690083,176.78338052467458,79.0290691095299
sem_quality,2021-04-13,0.00010378999999997404,-0.011415761121557772,-0.005707880560778886,-0.005604090560778912,138.927311019872,176.80172887173924,78.57802743583848
sem_quality,2021-04-14,0.00010378999999997404,0.015721901760403903,0.007860950880201951,0.007964740880201925,140.03383105332853,176.82007912317886,79.19566134555127
sem_quality,2021-04-15,0.00010378999999997404,0.0026098815225628364,0.0013049407612814182,0.0014087307612813923,140.23110101875344,176.83843127919104,79.29899626702623
sem_quality,2021-04-16,0.00010378999999997404,-0.012353256347207853,-0.006176628173603926,-0.006072838173603952,139.37950023536024,176.85678533997353,78.80924668365405
sem_quality,2021-04-19,0.00010378999999997404,0.007422811000560758,0.003711405500280379,0.0038151955002803527,139.9112602774895,176.87514130572396,79.10170940056332
sem_quality,2021-04-20,0.00010378999999997404,-0.00912902556712675,-0.004564512783563375,-0.004460722783563401,139.28715493109266,176.8934991766401,78.74068610741034
sem_quality,2021-04-22,0.00010378999999997404,0.0009177800277410612,0.0004588900138705306,0.0005626800138705047,139.36552902936126,176.91185895291966,78.77681567206281
sem_quality,2021-04-23,0.00010378999999997404,0.021434491670124355,0.010717245835062178,0.010821035835062151,140.87360841316038,176.9302206347604,79.62099855398237
sem_quality,2021-04-26,0.00010378999999997404,-0.023282446406908755,-0.011641223203454377,-0.011537433203454404,139.24828856596397,176.9485842223601,78.69420892962866
sem_quality,2021-04-27,0.00010378999999997404,0.0,0.0,0.00010378999999997404,139.26274114583424,176.96694971591654,78.69420892962866
sem_quality,2021-04-28,0.00010378999999997404,-0.006313750003777056,-0.003156875001888528,-0.003053085001888554,138.83756015952,176.98531711562754,78.44580693030882
sem_quality,2021-04-29,0.00010378999999997404,-0.018376895503862425,-0.009188447751931212,-0.009084657751931239,137.5762684423576,177.003686421691,77.72508653554137
sem_quality,2021-04-30,0.00010378999999997404,0.01701341708456902,0.00850670854228451,0.008610498542284484,138.76086870123348,177.02205763430473,78.38620257588923
sem_quality,2021-05-03,0.00010378999999997404,-0.0005698757137904825,-0.00028493785689524126,-0.00018114785689526722,138.73573246724732,177.0404307536666,78.36386969724656
sem_quality,2021-05-04,0.00010378999999997404,0.00012509491735200953,6.254745867600477e-05,0.0001663374586759788,138.75880941641347,177.05880577997453,78.36877064947831
sem_quality,2021-05-05,0.00013268999999995723,0.0058504713995861865,0.0029252356997930933,0.0030579256997930503,139.1831235458006,177.08229971291348,78.59798736036568
sem_quality,2021-05-06,0.00013268999999995723,0.01046519456523162,0.00523259728261581,0.005365287282615767,139.92988098851563,177.1057967632624,79.00920441105615
sem_quality,2021-05-07,0.00013268999999995723,0.00917139821665474,0.00458569910832737,0.004718389108327327,140.59012461490138,177.1292969314349,79.3714687804144
sem_quality,2021-05-10,0.00013268999999995723,-0.0037727647281384177,-0.0018863823640692088,-0.0017536923640692516,140.3435727869007,177.15280021784474,79.2217637058631
sem_quality,2021-05-11,0.00013268999999995723,-0.0001490726370207869,-7.453631851039345e-05,5.815368148956378e-05,140.35173428233165,177.17630662290566,79.2158595906676
sem_quality,2021-05-12,0.00013268999999995723,0.010238057015885265,0.005119028507942633,0.00525171850794259,141.08882208288404,177.19981614703147,79.62131403444327
sem_quality,2021-05-13,0.00013268999999995723,0.01517003030980851,0.007585015154904255,0.007717705154904212,142.17770401237246,177.22332879063603,80.22516278335739
sem_quality,2021-05-14,0.00013268999999995723,-0.017246660047494734,-0.008623330023747367,-0.00849064002374741,140.97052430820048,177.24684455413328,79.53344651229963
sem_quality,2021-05-17,0.00013268999999995723,-0.029946495897608574,-0.014973247948804287,-0.01484055794880433,138.8784430731313,177.27036343793716,78.34273049355654
sem_quality,2021-05-18,0.00013268999999995723,-9.166827411629351e-06,-4.5834137058146755e-06,0.00012810658629414256,138.89623431638324,177.29388544246174,78.34237146405145
sem_quality,2021-05-19,0.00013268999999995723,-0.006112543361012605,-0.0030562716805063025,-0.0029235816805063455,138.49015983024455,177.31741056812112,78.10296765925304
sem_quality,2021-05-20,0.00013268999999995723,-0.0003957014963475707,-0.00019785074817378536,-6.516074817382813e-05,138.4811357078153,177.3409388153294,78.08751697881785
sem_quality,2021-05-21,0.00013268999999995723,-0.016999865075151124,-0.008499932537575562,-0.008367242537575604,137.3224304584691,177.36447018450082,77.42386641226479
sem_quality,2021-05-24,0.00013268999999995723,0.019843552576627045,0.009921776288313523,0.01005446628831348,138.70313420614306,177.3880046760496,78.19194677759987
sem_quality,2021-05-25,0.00013268999999995723,-0.01082337827323749,-0.005411689136618745,-0.005278999136618788,137.97092048042254,177.41154229039006,77.76885240904423
sem_quality,2021-05-26,0.00013268999999995723,-0.00012227240086102546,-6.113620043051273e-05,7.15537995694445e-05,137.98079282401298,177.43508302793657,77.76409854768595
sem_quality,2021-05-27,0.00013268999999995723,0.0,0.0,0.00013268999999995723,137.99910149541282,177.45862688910356,77.76409854768596
sem_quality,2021-05-28,0.00013268999999995723,-0.015467378314470849,-0.0077336891572354245,-0.0076009991572354675,136.95017044124694,177.4821738743055,77.16277497155085
sem_quality,2021-05-31,0.00013268999999995723,0.013642068101381648,0.006821034050690824,0.006953724050690781,137.9024841351904,177.50572398395687,77.68903505762674
sem_quality,2021-06-01,0.00013268999999995723,4.279101588315626e-05,2.139550794157813e-05,0.00015408550794153536,137.9237329095048,177.52927721847232,77.69069703346571
sem_quality,2021-06-02,0.00013268999999995723,0.005523617978425245,0.0027618089892126226,0.0028944989892125796,138.32295301499977,177.55283357826644,77.90523543181084
sem_quality,2021-06-04,0.00013268999999995723,0.020404051959252687,0.010202025979626344,0.010334715979626301,139.752481447873,177.57639306375395,78.69992122077775
sem_quality,2021-06-07,0.00013268999999995723,0.008091759508305742,0.004045879754152871,0.004178569754152828,140.33644693991886,177.59995567534958,79.01828939442534
sem_quality,2021-06-08,0.00013268999999995723,-0.009218589717894235,-0.004609294858947117,-0.00447660485894716,139.70821611966025,177.62352141346815,78.65411912111038
sem_quality,2021-06-09,0.00013268999999995723,0.0029189283899239845,0.0014594641949619922,0.0015921541949619495,139.93065314202582,177.64709027852453,78.76889676190875
sem_quality,2021-06-10,0.00013268999999995723,-0.005254227977430328,-0.002627113988715164,-0.002494423988715207,139.58160676407175,177.67066227093358,78.5619893458949
sem_quality,2021-06-11,0.00013268999999995723,-0.007161869107284346,-0.003580934553642173,-0.003448244553642216,139.10029524875893,177.69423739111033,78.28070132775044
sem_quality,2021-06-14,0.00013268999999995723,-0.004100669264818124,-0.002050334632409062,-0.001917644632409105,138.83355031420862,177.71781563946976,78.12022098890505
sem_quality,2021-06-15,0.00013268999999995723,-0.005673746802440998,-0.002836873401220499,-0.002704183401220542,138.45811893191643,177.74139701642696,77.89863321436596
sem_quality,2021-06-16,0.00016136999999987495,0.0006115311818241705,0.00030576559091208527,0.00046713559091196024,138.52279764712026,177.7700791456635,77.92244809297503
sem_quality,2021-06-17,0.00016136999999987495,-0.010948617127203015,-0.005474308563601507,-0.005312938563601632,137.78683453356288,177.79876590333518,77.4959453928236
sem_quality,2021-06-18,0.00016136999999987495,-0.01218748471469326,-0.00609374235734663,-0.005932372357346755,136.96943172516967,177.827457290189,77.02378126098668
sem_quality,2021-06-21,0.00016136999999987495,-0.012124833506617598,-0.006062416753308799,-0.005901046753308924,136.16116870478527,177.85615330697186,76.55690633867309
sem_quality,2021-06-22,0.00016136999999987495,-0.02013648223986817,-0.010068241119934086,-0.009906871119934211,134.81223755488736,177.88485395443098,75.78623730912042
sem_quality,2021-06-23,0.00016136999999987495,0.015066999192557818,0.007533499596278909,0.007694869596278784,135.8496001428548,177.91355923331358,76.35708078028127
sem_quality,2021-06-24,0.00016136999999987495,-0.004053835716821011,-0.0020269178584105055,-0.0018655478584106305,135.59616621224237,177.94226914436703,76.2023362207612
sem_quality,2021-06-25,0.00016136999999987495,-0.03521340079923599,-0.017606700399617994,-0.01744533039961812,133.23064629174826,177.97098368833883,74.86088098780223
sem_quality,2021-06-28,0.00016136999999987495,0.0010044890718201582,0.0005022445359100791,0.0006636145359099541,133.31906008525613,177.9997028659766,74.89847338994583
sem_quality,2021-06-29,0.00016136999999987495,0.0,0.0,0.00016136999999987495,133.34057378198207,178.02842667802804,74.89847338994583
sem_quality,2021-06-30,0.00016136999999987495,-0.003609697357322153,-0.0018048486786610765,-0.0016434786786612015,133.12143139197093,178.05715512524105,74.76331478975757
sem_quality,2021-07-01,0.00016136999999987495,-0.019700788826348403,-0.009850394413174202,-0.009689024413174327,131.8316145932974,178.08588820836357,74.02698547290402
sem_quality,2021-07-02,0.00016136999999987495,0.0030140786161919723,0.0015070393080959862,0.0016684093080958611,132.05156368618617,178.11462592814374,74.13852905008449
sem_quality,2021-07-05,0.00016136999999987495,-0.011253737838135276,-0.005626868919067638,-0.005465498919067763,131.3298360075981,178.14336828532973,73.7214285727712
sem_quality,2021-07-06,0.00016136999999987495,-0.008479381733159288,-0.004239690866579644,-0.004078320866579769,130.79423079700382,178.17211528066989,73.40892293441489
sem_quality,2021-07-07,0.00016136999999987495,0.008640164942391577,0.004320082471195788,0.004481452471195664,131.38037892582716,178.2008669149127,73.72600436818225
sem_quality,2021-07-08,0.00032276604027664985,0.015193086651142544,0.007596543325571272,0.007919309365847923,132.42082079114311,178.2583841031007,74.28588644366587
sem_quality,2021-07-12,0.00016136999999987495,0.005507727894228295,0.0027538639471141476,0.0029152339471140223,132.80685846321816,178.2871496585434,74.49042666146755
sem_quality,2021-07-13,0.00016136999999987495,-0.01187062824595774,-0.00593531412297887,-0.005773944122978995,132.04003908330316,178.31591985588378,74.04837391412886
sem_quality,2021-07-14,0.00016136999999987495,-0.0061580419792814515,-0.0030790209896407257,-0.002917650989640851,131.65479233259953,178.34469469587088,73.82041420245716
sem_quality,2021-07-15,0.00016136999999987495,0.0027433903825390127,0.0013716951912695063,0.0015330651912693813,131.85662771198844,178.37347417925395,73.92165697209046
sem_quality,2021-07-16,0.00016136999999987495,0.005675405252187551,0.0028377026260937755,0.00299907262609365,132.25207531472847,178.40225830678222,74.13139080745634
sem_quality,2021-07-19,0.00016136999999987495,-0.0011724797391280822,-0.0005862398695640411,-0.00042486986956416614,132.1958853927399,178.43104707920514,74.08793904239012
sem_quality,2021-07-20,0.00016136999999987495,-0.003509125528714771,-0.0017545627643573854,-0.0015931927643575104,131.98527186465435,178.4598404972723,73.95796807667308
sem_quality,2021-07-21,0.00016136999999987495,0.004100088807226333,0.0020500444036131663,0.002211414403613041,132.27714599592062,178.4886385617333,74.10956073272436
sem_quality,2021-07-22,0.00016136999999987495,0.0012972897503437716,0.0006486448751718858,0.0008100148751717608,132.38429245182257,178.51744127333797,74.15762376356359
sem_quality,2021-07-23,0.00016136999999987495,-0.007000357191664263,-0.0035001785958321315,-0.0033388085958322568,131.94228663823125,178.5462486328362,73.8981007153829
sem_quality,2021-07-26,0.00016136999999987495,0.00970368097433308,0.00485184048716654,0.005013210487166415,132.60374109330678,178.57506064097805,74.25658466380376
sem_quality,2021-07-27,0.00016136999999987495,0.012214013661561527,0.0061070068307807635,0.006268376830780639,133.4349513116509,178.60387729851365,74.7099969664328
sem_quality,2021-07-28,0.00016136999999987495,0.010464124373144014,0.005232062186572007,0.005393432186571882,134.1546236728688,178.6326986061933,75.10082124920527
sem_quality,2021-07-29,0.00016136999999987495,0.013544992025272182,0.006772496012636091,0.006933866012635966,135.08483385839207,178.66152456476735,75.60935919889225
sem_quality,2021-07-30,0.00016136999999987495,0.0,0.0,0.00016136999999987495,135.1066324980318,178.69035517498634,75.60935919889226
sem_quality,2021-08-02,0.00016136999999987495,-0.00280982099965163,-0.001404910499825815,-0.00124354049982594,134.93862192872538,178.71919043760087,75.50315195493161
sem_quality,2021-08-03,0.00016136999999987495,0.006279963124456463,0.0031399815622282314,0.003301351562228106,135.3841017590347,178.74803035336174,75.74019220877447
sem_quality,2021-08-04,0.00019929999999997305,-0.014424918570402484,-0.007212459285201242,-0.0070131592852012686,134.43463148871467,178.78365483581118,75.19402800674081
sem_quality,2021-08-05,0.00019929999999997305,0.010520198255960058,0.005260099127980029,0.005459399127980003,135.1685637986345,178.81928641821995,75.58947723485723
sem_quality,2021-08-06,0.00019929999999997305,0.0027800530110525983,0.0013900265055262991,0.0015893265055262722,135.3833907797936,178.8549251020031,75.69452767519978
sem_quality,2021-08-09,0.00019929999999997305,0.00362961223784993,0.001814806118924965,0.002014106118924938,135.65606729556396,178.89057088857595,75.83187119463042
sem_quality,2021-08-10,0.00019929999999997305,-0.009270271230831082,-0.004635135615415541,-0.004435835615415567,135.05431928080708,178.92622377935402,75.48045022587168
sem_quality,2021-08-11,0.00019929999999997305,-0.005921613047063318,-0.002960806523531659,-0.002761506523531686,134.681365897082,178.96188377575325,75.25701174773249
sem_quality,2021-08-12,0.00019929999999997305,-0.005795355226527975,-0.0028976776132639873,-0.0026983776132640143,134.31794471442151,178.9975508791898,75.03898464235205
sem_quality,2021-08-13,0.00019929999999997305,0.022913752703481238,0.011456876351740619,0.011656176351740592,135.88357836521615,179.03322509108003,75.89852570442595
sem_quality,2021-08-16,0.00019929999999997305,-0.005346437539743258,-0.002673218769871629,-0.002473918769871656,135.54741343018114,179.06890641284068,75.69567276949724
sem_quality,2021-08-17,0.00019929999999997305,0.003020244371434333,0.0015101221857171665,0.0017094221857171395,135.77912118591527,179.10459484588876,75.80995970692261
sem_quality,2021-08-18,0.00019929999999997305,-0.00748293454606902,-0.00374146727303451,-0.003542167273034537,135.29816882648913,179.14029039164154,75.5263757419933
sem_quality,2021-08-19,0.00019929999999997305,0.00010133941047297569,5.0669705236487846e-05,0.00024996970523646087,135.33198926986972,179.1759930515166,75.5302018786407
sem_quality,2021-08-20,0.00019929999999997305,-0.011434970781621302,-0.005717485390810651,-0.005518185390810677,134.58520226377138,179.21170282693174,75.0984451019602
sem_quality,2021-08-23,0.00019929999999997305,0.02770592101908073,0.013852960509540366,0.01405226050954034,136.47642858671108,179.24741971930516,76.13857359867613
sem_quality,2021-08-24,0.00019929999999997305,-0.0032566973723252577,-0.0016283486861626288,-0.0014290486861626558,136.28139712574705,179.2831437300552,76.01461815671001
sem_quality,2021-08-25,0.00019929999999997305,-0.015222915706200841,-0.0076114578531004205,-0.007412157853100447,135.27125789780993,179.3188748606006,75.43615138281872
sem_quality,2021-08-26,0.00019929999999997305,0.004368279539845015,0.0021841397699225076,0.0023834397699224806,135.59366879361102,179.3546131123603,75.6008816504015
sem_quality,2021-08-27,0.00019929999999997305,-0.014478260444736286,-0.007239130222368143,-0.007039830222368169,134.63911238607596,179.39035848675363,75.0537060753005
sem_quality,2021-08-30,0.00019929999999997305,0.00897975307294413,0.004489876536472065,0.004689176536472038,135.27045895276817,179.42611098520004,75.39062080207822
sem_quality,2021-08-31,0.00019929999999997305,0.0,0.0,0.00019929999999997305,135.29741835523745,179.4618706091194,75.39062080207822
sem_quality,2021-09-01,0.00019929999999997305,-0.00010986700026933624,-5.493350013466812e-05,0.00014436649986530493,135.3169507699662,179.4976373599318,75.38648015663087
sem_quality,2021-09-02,0.00019929999999997305,0.010451792022738568,0.005225896011369284,0.005425196011369257,136.05107175155408,179.5334112390576,75.78036356162995
sem_quality,2021-09-03,0.00019929999999997305,0.006747382603699208,0.003373691301849604,0.003572991301849577,136.53718104752969,179.56919224791756,76.03597217223273
sem_quality,2021-09-06,0.00019929999999997305,-0.0071404604756603665,-0.0035702302378301833,-0.0033709302378302102,136.07692373534846,179.60498038793259,75.76456033759924
sem_quality,2021-09-08,0.00019929999999997305,-0.005503973873675506,-0.002751986936837753,-0.00255268693683778,135.72956194972417,179.6407756605239,75.55609880365863
sem_quality,2021-09-09,0.00019929999999997305,0.006310175962318541,0.0031550879811592706,0.0033543879811592436,136.18485156101633,179.67657806711304,75.7944374420067
sem_quality,2021-09-10,0.00019929999999997305,0.005767179070639256,0.002883589535319628,0.003082889535319601,136.60469441476286,179.7123876091218,76.01295393831221
sem_quality,2021-09-13,0.00019929999999997305,-0.012516113138624302,-0.006258056569312151,-0.0060587565693121775,135.77703982507853,179.7482042879723,75.53735535936252
sem_quality,2021-09-14,0.00019929999999997305,-0.0072830531577371405,-0.0036415265788685702,-0.003442226578868597,135.30966448979257,179.78402810508692,75.26233888290771
sem_quality,2021-09-15,0.00019929999999997305,-0.012467065225502134,-0.006233532612751067,-0.006034232612751093,134.49317449950783,179.81985906188825,74.79328212198162
sem_quality,2021-09-16,0.00019929999999997305,0.0072565173983142345,0.0036282586991571173,0.0038275586991570903,135.0079550195407,179.8556971597993,75.06459742533927
sem_quality,2021-09-17,0.00019929999999997305,0.005556333734284168,0.002778166867142084,0.002977466867142057,135.409936732412,179.89154240024325,75.27309784866735
sem_quality,2021-09-20,0.00019929999999997305,0.0061392150976761935,0.0030696075488380967,0.0032689075488380698,135.85257929678426,179.92739478464364,75.5041106771913
sem_quality,2021-09-21,0.00019929999999997305,0.004544187057245481,0.0022720935286227404,0.0024713935286227134,136.18832448210506,179.9632543144242,75.67562889486459
sem_quality,2021-09-22,0.0002368699999999989,-0.018893095435125084,-0.009446547717562542,-0.009209677717562544,134.93407390473,180.00588221047366,74.96092474742409
sem_quality,2021-09-23,0.0002368699999999989,-0.002493056111998941,-0.0012465280559994705,-0.0010096580559994716,134.7978366299833,180.04852020379286,74.86750597972627
sem_quality,2021-09-24,0.0002368699999999989,-0.011419536423360382,-0.005709768211680191,-0.005472898211680192,134.0601017909527,180.09116829677353,74.44013110628174
sem_quality,2021-09-27,0.0002368699999999989,0.0035415451612335613,0.0017707725806167807,0.0020076425806167795,134.32924655967003,180.13382649180795,74.57191643335184
sem_quality,2021-09-28,0.0002368699999999989,-0.0001650354592161359,-8.251772960806795e-05,0.00015435227039193092,134.34998058385654,180.17649479128906,74.56576438535085
sem_quality,2021-09-29,0.0002368699999999989,0.008275435879823528,0.004137717939911764,0.004374587939911763,134.93770638864606,180.21917319761025,74.87422342165942
sem_quality,2021-09-30,0.0002368699999999989,0.006857199245124616,0.003428599622562308,0.003665469622562307,135.43231645235184,180.26186171316556,75.13087636244047
sem_quality,2021-10-01,0.0002368699999999989,0.0,0.0,0.0002368699999999989,135.4643963051499,180.30456034034955,75.13087636244047
sem_quality,2021-10-04,0.0002368699999999989,0.0074535524746961,0.00372677623734805,0.003963646237348049,136.00132924985942,180.34726908155733,75.41080602022113
sem_quality,2021-10-05,0.0002368699999999989,-0.0006077941454886628,-0.0003038970727443314,-6.702707274433252e-05,135.9922134788705,180.3899879391847,75.38789432411176
sem_quality,2021-10-06,0.0002368699999999989,-0.002544271211373665,-0.0012721356056868325,-0.0010352656056868336,135.85142541761462,180.43271691562782,75.29201341081625
sem_quality,2021-10-07,0.0002368699999999989,0.01454907374884068,0.00727453687442034,0.007511406874420339,136.8718607483963,180.47545601328363,75.83959823230592
sem_quality,2021-10-08,0.0002368699999999989,-0.01448915810057989,-0.007244579050289945,-0.007007709050289946,135.91270257109974,180.5182052345495,75.29030237947842
sem_quality,2021-10-11,0.0002368699999999989,0.0006359324092443854,0.0003179662046221927,0.0005548362046221915,135.98811185915426,180.56096458182338,75.31423648190005
sem_quality,2021-10-13,0.0002368699999999989,-0.012226438300206874,-0.006113219150103437,-0.005876349150103438,135.18899823360653,180.60373405750389,74.85393308122998
sem_quality,2021-10-14,0.0002368699999999989,0.008674447874763569,0.0043372239373817845,0.004574093937381784,135.80736541082757,180.64651366399008,75.17851446800398
sem_quality,2021-10-15,0.0002368699999999989,-0.0009858699779515072,-0.0004929349889757536,-0.0002560649889757547,135.77258989930084,180.68930340368166,75.14146512368168
sem_quality,2021-10-18,0.0002368699999999989,-0.01629066800390478,-0.00814533400195239,-0.007908464001952392,134.69883725963035,180.73210327897888,74.5295577353563
sem_quality,2021-10-19,0.0002368699999999989,-0.010337416160558341,-0.005168708080279171,-0.004931838080279171,134.03452440466398,180.77491329228258,74.14442743388445
sem_quality,2021-10-20,0.0002368699999999989,-0.03423359271720777,-0.017116796358603886,-0.016879926358603886,131.77203150320275,180.8177334459941,72.87561291246907
sem_quality,2021-10-21,0.0002368699999999989,0.010893343217897691,0.0054466716089488455,0.005683541608948845,132.52096332714694,180.86056374251544,73.27244844587136
sem_quality,2021-10-22,0.0002368699999999989,0.021169726442141133,0.010584863221070566,0.010821733221070565,133.95506983847258,180.90340418424913,74.04784362268832
sem_quality,2021-10-25,0.0002368699999999989,-0.020883261339734727,-0.010441630669867363,-0.010204760669867365,132.58809041025557,180.94625477359824,73.27484648751151
sem_quality,2021-10-26,0.0002368699999999989,0.013274833413447512,0.006637416706723756,0.006874286706723755,133.4995389576327,180.98911551296646,73.76108700197967
sem_quality,2021-10-27,0.0002925599999999707,-0.0004105917504664165,-0.00020529587523320826,8.726412476676244e-05,133.51118867805658,181.0420656886009,73.74594858396104
sem_quality,2021-10-28,0.0002925599999999707,-0.023120217107265795,-0.011560108553632898,-0.011267548553632926,132.00684487717334,181.09503135533876,72.89368675066176
sem_quality,2021-10-29,0.0002925599999999707,0.01621630077605147,0.008108150388025735,0.008400710388025706,133.1157961502235,181.14801251771203,73.48454686313927
sem_quality,2021-11-01,0.0002925599999999707,-0.021623740080693964,-0.010811870040346982,-0.010519310040347011,131.71550981925168,181.2010091802542,72.69027386498956
sem_quality,2021-11-03,0.0002925599999999707,0.000802013489262815,0.0004010067446314075,0.0006935667446313782,131.80686331661445,181.2540213475,72.71941462965641
sem_quality,2021-11-04,0.0002925599999999707,0.0,0.0,0.0002925599999999707,131.84542473254638,181.30704902398537,72.71941462965643
sem_quality,2021-11-05,0.0002925599999999707,0.019906384516904595,0.009953192258452297,0.010245752258452269,133.19628029076645,181.36009221424783,73.4429932542251
sem_quality,2021-11-08,0.0002925599999999707,0.019768407534376604,0.009884203767188302,0.010176763767188273,134.5517873699538,181.413150922826,74.16870645016951
sem_quality,2021-11-09,0.0002925599999999707,0.00837453636595706,0.00418726818297853,0.0044798281829785,135.15455625908385,181.46622515425997,74.47917988275354
sem_quality,2021-11-10,0.0002925599999999707,0.040147243861968995,0.020073621930984498,0.020366181930984467,137.9071385406578,181.51931491309108,75.97380951260521
sem_quality,2021-11-11,0.0002925599999999707,0.0006331911733232949,0.00031659558666164746,0.0006091555866616182,137.99114544454036,181.57242020386204,75.99785545051918
sem_quality,2021-11-12,0.0002925599999999707,-0.00697433420837993,-0.003487167104189965,-0.0031946071041899942,137.55031795098793,181.62554103111685,75.73291573976495
sem_quality,2021-11-16,0.0002925599999999707,0.010052494273942161,0.0050262471369710805,0.005318807136971051,138.28192156379828,181.6786773994009,76.11345675959565
sem_quality,2021-11-17,0.0002925599999999707,-0.03730984610584963,-0.018654923052924814,-0.018362363052924845,135.74273871638775,181.73182931326085,74.69398136217556
sem_quality,2021-11-18,0.0002925599999999707,0.007962328177169199,0.0039811640885845994,0.00427372408858457,136.3228657286904,181.78499677724471,74.99126338557929
sem_quality,2021-11-19,0.0002925599999999707,0.03151255732213691,0.015756278661068455,0.016048838661068425,138.51068940658467,181.83817979590185,76.17250104573822
sem_quality,2021-11-22,0.0002925599999999707,0.012315763433278011,0.0061578817166390055,0.006450441716638976,139.4041445357333,181.8913783737829,76.64142510881453
sem_quality,2021-11-23,0.0002925599999999707,0.02258816922994764,0.01129408461497382,0.01158664461497379,141.0193708163233,181.94459251543992,77.50676668467423
sem_quality,2021-11-24,0.0002925599999999707,0.011097297665116844,0.005548648832558422,0.0058412088325583925,141.8430944106974,181.99782222542623,77.93669873423411
sem_quality,2021-11-25,0.0002925599999999707,-0.005947361752785863,-0.0029736808763929316,-0.0026811208763929608,141.4627959291007,182.05106750829648,77.70500764718335
sem_quality,2021-11-26,0.0002925599999999707,0.0002022156494230461,0.00010110782471152305,0.00039366782471149375,141.51848528025172,182.10432836860667,77.71286193362572
sem_quality,2021-11-29,0.0002925599999999707,0.003550574346613433,0.0017752871733067166,0.0020678471733066874,141.81112388000915,182.1576048109142,77.8507842300704
sem_quality,2021-11-30,0.0002925599999999707,0.006737760975248272,0.003368880487624136,0.0036614404876241066,142.33035687057887,182.21089683977766,78.11297751074312
sem_quality,2021-12-01,0.0002925599999999707,0.03279610275108477,0.016398051375542386,0.016690611375542355,144.70593754404794,182.26420445975705,79.39350349837794
sem_quality,2021-12-02,0.0002925599999999707,0.007603441699477609,0.0038017208497388047,0.0040942808497387755,145.29840429297803,182.31752767541377,79.69524715783653
sem_quality,2021-12-03,0.0002925599999999707,0.019763572750350122,0.009881786375175061,0.010174346375175032,146.77672058601502,182.3708664913105,80.48254823256462
sem_quality,2021-12-06,0.0002925599999999707,-0.024603969404583263,-0.012301984702291631,-0.01200942470229166,145.01401661208797,182.42422091201115,79.49274273290318
sem_quality,2021-12-07,0.0002925599999999707,0.0,0.0,0.0002925599999999707,145.056441912788,182.47759094208115,79.49274273290318
sem_quality,2021-12-08,0.00034748999999995527,-0.007485329231836799,-0.0037426646159183993,-0.0033951746159184442,144.56394996333023,182.54100008015763,79.19533140491677
sem_quality,2021-12-09,0.00034748999999995527,0.01742025481913064,0.00871012740956532,0.009057617409565276,145.87335491331365,182.60443125227548,79.88489321586269
sem_quality,2021-12-10,0.00034748999999995527,-0.005809770905420452,-0.002904885452710226,-0.002557395452710271,145.50029905878674,182.66788446609132,79.65291736095843
sem_quality,2021-12-13,0.00034748999999995527,-0.013534747889435957,-0.0067673739447179785,-0.006419883944718023,144.56620402490756,182.73135972926445,79.11406352970693
sem_quality,2021-12-14,0.00034748999999995527,0.0021799905514989105,0.0010899952757494552,0.0014374852757494106,144.77401581456436,182.79485704945677,79.20026753017153
sem_quality,2021-12-15,0.00034748999999995527,0.013748297226549081,0.006874148613274541,0.007221638613274496,145.81952143736962,182.85837643433288,79.7445128195894
sem_quality,2021-12-16,0.00034748999999995527,0.012860805734559354,0.006430402867279677,0.006777892867279632,146.8078705316301,182.92191789156004,80.25712403620265
sem_quality,2021-12-17,0.00034748999999995527,-0.003141862166407196,-0.001570931083203598,-0.0012234410832036426,146.62825975148408,182.98548142880819,80.13108942117402
sem_quality,2021-12-20,0.00034748999999995527,0.00822301851984919,0.004111509259924595,0.004458999259924551,147.2820750532,183.0490670537499,80.46043469314849
sem_quality,2021-12-21,0.00034748999999995527,0.0008816712320599464,0.0004408356160299732,0.0007883256160299286,147.39818128574646,183.1126747740604,80.49589219731435
sem_quality,2021-12-22,0.00034748999999995527,-0.0013694479018001838,-0.0006847239509000919,-0.0003372339509001366,147.34847361471597,183.17630459741764,80.4407938780927
sem_quality,2021-12-23,0.0006951007493000103,0.01820417739502939,0.009102088697514695,0.009797189446814705,148.79207452541831,183.3036305839973,81.17246453404842
sem_quality,2021-12-27,0.00034748999999995527,0.002912893969127895,0.0014564469845639474,0.0018039369845639028,149.0604860516647,183.3673267625889,81.29064685807288
sem_quality,2021-12-28,0.00034748999999995527,-0.010213822644186524,-0.005106911322093262,-0.004759421322093307,148.35104439606883,183.43104507496562,80.87564694157409
sem_quality,2021-12-29,0.00034748999999995527,0.00617840088334172,0.00308920044167086,0.003436690441670815,148.86088101235666,183.49478552881874,81.12540123870569
sem_quality,2021-12-30,0.0006951007493000103,-0.013591199000521963,-0.006795599500260981,-0.006100498750960971,147.95275539367384,183.62233289173247,80.57448844248692
sem_quality,2022-01-03,0.00034748999999995527,-0.007470956334270459,-0.0037354781671352297,-0.0033879881671352746,147.451493209105,183.686139816189,80.27360875276528
sem_quality,2022-01-04,0.00034748999999995527,-0.014670654978120375,-0.007335327489060187,-0.006987837489060232,146.42112613704052,183.74996891291374,79.68498008641035
sem_quality,2022-01-05,0.00034748999999995527,0.011215024379229457,0.005607512189614729,0.005955002189614684,147.29306426379244,183.8138201896113,80.13165936699087
sem_quality,2022-01-06,0.00034748999999995527,0.00165971558267952,0.00082985779133976,0.0011773477913397154,147.46647942768308,183.87769365398898,80.19813414952738
sem_quality,2022-01-07,0.00034748999999995527,-0.0032345749671986654,-0.0016172874835993327,-0.0012697974835993774,147.27922686319056,183.94158931375682,80.06847576595104
sem_quality,2022-01-10,0.00034748999999995527,0.0,0.0,0.00034748999999995527,147.33040492173325,184.00550717662745,80.06847576595104
sem_quality,2022-01-11,0.00034748999999995527,0.010945214593257323,0.005472607296628662,0.005820097296628617,148.18788221312943,184.06944725031627,80.50650687922615
sem_quality,2022-01-12,0.00034748999999995527,-0.015152697894445843,-0.007576348947222922,-0.007228858947222966,147.11665291492304,184.13340954254127,79.89677336688534
sem_quality,2022-01-13,0.00034748999999995527,0.009451419609802105,0.004725709804901053,0.005073199804901008,147.86300508978871,184.1973940610232,80.2742111763008
sem_quality,2022-01-14,0.00034748999999995527,-0.006638633761460455,-0.0033193168807302276,-0.0029718268807302725,147.42358183659732,184.26140081348547,80.00784819052991
sem_quality,2022-01-17,0.00034748999999995527,-0.01921565676151863,-0.009607828380759315,-0.00926033838075936,146.05838958348687,184.32542980765416,79.2394135393584
sem_quality,2022-01-18,0.00034748999999995527,0.016402126450422598,0.008201063225211299,0.008548553225211255,147.30697750082996,184.38948105125803,79.88903524267765
sem_quality,2022-01-19,0.00034748999999995527,0.04241254557912589,0.021206272789562945,0.0215537627895629,150.48199715113034,184.45355455202855,81.58259542170227
sem_quality,2022-01-20,0.00034748999999995527,0.017868227774362,0.008934113887181,0.009281603887180955,151.87871144083903,184.51765031769983,82.31121043398095
sem_quality,2022-01-21,0.00034748999999995527,0.0025124542607421196,0.0012562271303710598,0.0016037171303710151,152.12228193211538,184.58176835600872,82.4145760911296
sem_quality,2022-01-24,0.00034748999999995527,0.00637049202219217,0.003185246011096085,0.00353273601109604,152.65968979558707,184.64590867469474,82.67699560272396
sem_quality,2022-01-25,0.00034748999999995527,0.022941040962928837,0.011470520481464418,0.011818010481464374,154.46382360968843,184.71007128150012,83.62501434709746
sem_quality,2022-01-26,0.00034748999999995527,0.004504301311663758,0.002252150655831879,0.002599640655831834,154.8653740453994,184.77425618416973,83.81328505581465
sem_quality,2022-01-27,0.00034748999999995527,-0.013065325375242983,-0.006532662687621492,-0.006185172687621536,153.9075049635955,184.83846339045118,83.26595132880033
sem_quality,2022-01-28,0.00034748999999995527,0.016362715690443536,0.008181357845221768,0.008528847845221723,155.22015865566772,184.90269290809474,83.94694323506656
sem_quality,2022-01-31,0.00034748999999995527,-0.01087319795637475,-0.005436598978187375,-0.005089108978187419,154.43022635265748,184.96694474485338,83.49071590368821
sem_quality,2022-02-01,0.00034748999999995527,-0.006360264610625582,-0.003180132305312791,-0.002832642305312836,153.9927807602719,185.03121890848277,83.22529661139906
sem_quality,2022-02-02,0.0004016799999999529,-0.003809583455941503,-0.0019047917279707515,-0.0015031117279707986,153.7613124054883,185.10554224849395,83.06683340635595
sem_quality,2022-02-03,0.0004016799999999529,-0.012088183604024378,-0.006044091802012189,-0.005642411802012236,152.8937277616787,185.1798954427043,82.56497142746518
sem_quality,2022-02-04,0.0004016799999999529,0.003419262417119947,0.0017096312085599734,0.0021113112085599265,153.21653400282045,185.25427850310572,82.70607040271506
sem_quality,2022-02-07,0.0004016799999999529,-0.00032568816459140515,-0.00016284408229570258,0.00023883591770425033,153.2531276143265,185.32869144169484,82.6926076163121
sem_quality,2022-02-08,0.0004016799999999529,0.005253942006368362,0.002626971003184181,0.0030286510031841338,153.71727785301672,185.40313427047312,82.90975147635214
sem_quality,2022-02-09,0.0004016799999999529,0.0,0.0,0.0004016799999999529,153.7790230091847,185.4776070014469,82.90975147635211
sem_quality,2022-02-10,0.0004016799999999529,-0.018490780753980633,-0.009245390376990317,-0.008843710376990364,152.41904586763496,185.55210964662723,82.14352623524886
sem_quality,2022-02-11,0.0004016799999999529,0.004465202300695445,0.0022326011503477224,0.0026342811503476753,152.82056048711806,185.62664221803007,82.32684633039948
sem_quality,2022-02-14,0.0004016799999999529,0.026719431020477347,0.013359715510238674,0.013761395510238627,154.92358466207762,185.70120472767618,83.42626796054834
sem_quality,2022-02-15,0.0004016799999999529,-0.002708355308853383,-0.0013541776544266915,-0.0009524976544267386,154.77602031107162,185.7757971875912,83.31333933385474
sem_quality,2022-02-16,0.0004016799999999529,-0.01553784285558944,-0.00776892142779472,-0.007367241427794767,153.6357480022067,185.8504196098055,82.66634443159516
sem_quality,2022-02-17,0.0004016799999999529,-0.00558115322269951,-0.002790576611349755,-0.002388896611349802,153.26872808442204,185.92507200635438,82.43575028933363
sem_quality,2022-02-18,0.0004016799999999529,-0.026428665102404648,-0.013214332551202324,-0.012812652551202371,151.30494912451164,185.99975438927788,81.34685425866012
sem_quality,2022-02-21,0.0004016799999999529,-0.00028151465739289193,-0.00014075732869644596,0.00026092267130350694,151.34442801601867,186.07446677062094,81.33540869021274
sem_quality,2022-02-22,0.0004016799999999529,-0.021717907053670243,-0.010858953526835122,-0.010457273526835169,149.76177793549274,186.14920916243335,80.45254589548698
sem_quality,2022-02-23,0.0004016799999999529,0.013657746161586642,0.006828873080793321,0.007230553080793274,150.8446384203293,186.22398157676972,81.00172552595998
sem_quality,2022-02-24,0.0004016799999999529,-0.015825918650102674,-0.007912959325051337,-0.007511279325051384,149.71160220646783,186.29878402568946,80.36101952540041
sem_quality,2022-02-25,0.0004016799999999529,-0.013740966385864545,-0.006870483192932273,-0.00646880319293232,148.74314731609562,186.3736165212569,79.80912217751093
sem_quality,2022-03-02,0.0004016799999999529,-0.00791906873346159,-0.003959534366730795,-0.003557854366730842,148.21394085989576,186.44847907554117,79.49324209818072
sem_quality,2022-03-03,0.0004016799999999529,-0.0075008712643154386,-0.0037504356321577193,-0.0033487556321577664,147.7176085906769,186.52337170061622,79.19522751699692
sem_quality,2022-03-04,0.0004016799999999529,-0.0285982182303035,-0.01429910911515175,-0.013897429115151797,145.6647135962282,186.59829440856092,78.0632610056404
sem_quality,2022-03-07,0.0004016799999999529,0.015946279703802954,0.007973139851901477,0.00837481985190143,146.88462933137544,186.67324721145891,78.68542039395078
sem_quality,2022-03-08,0.0004016799999999529,0.03879673446995889,0.019398367234979445,0.019800047234979398,149.79295193022907,186.74823012139882,80.21117620919547
sem_quality,2022-03-09,0.0004016799999999529,-0.027816451132002346,-0.013908225566001173,-0.01350654556600122,147.76976659951762,186.82324315047398,79.09602900989074
sem_quality,2022-03-10,0.0004016799999999529,-0.03129224049067371,-0.015646120245336854,-0.015244440245336902,145.51709922252388,186.89828631078268,77.85897992694896
sem_quality,2022-03-11,0.0004016799999999529,-0.008526728450505965,-0.0042633642252529825,-0.0038616842252530295,144.9551581359517,186.97335961442798,77.52717201791464
sem_quality,2022-03-14,0.0004016799999999529,0.001060123350477756,0.000530061675238878,0.0009317416752388309,145.0902188978278,187.0484630735179,77.56824970050744
sem_quality,2022-03-15,0.0004016799999999529,0.0,0.0,0.0004016799999999529,145.14849873695468,187.12359670016528,77.56824970050742
sem_quality,2022-03-16,0.0004373900000000407,-0.007515740148052871,-0.0037578700740264355,-0.003320480074026395,144.66653603912377,187.20544269012598,77.27688573594773
sem_quality,2022-03-17,0.0004373900000000407,0.048055901489368405,0.024027950744684202,0.024465340744684243,148.20585213767407,187.28732447870422,79.13287914715553
sem_quality,2022-03-18,0.0004373900000000407,-0.011734358173424882,-0.005867179086712441,-0.0054297890867124,147.40112561915,187.36924208155799,78.66879535916003
sem_quality,2022-03-21,0.0004373900000000407,0.011769570642809368,0.005884785321404684,0.006322175321404725,148.3330213778867,187.45119551435207,79.1315419306193
sem_quality,2022-03-22,0.0004373900000000407,0.014692013279241873,0.0073460066396209365,0.007783396639620977,149.48755611802414,187.53318479275808,79.71258861903404
sem_quality,2022-03-23,0.0004373900000000407,0.026759406678229344,0.013379703339114672,0.013817093339114713,151.55303963394303,187.6152099324546,80.778653121197
sem_quality,2022-03-24,0.0004373900000000407,0.015297691684932105,0.007648845842466052,0.008086235842466092,152.77853325506572,187.697270949127,81.39624645713386
sem_quality,2022-03-25,0.0004373900000000407,0.005407701643345612,0.002703850821672806,0.003141240821672847,153.25844742040184,187.77936785846742,81.61623354484578
sem_quality,2022-03-28,0.0004373900000000407,0.012331734169342558,0.006165867084671279,0.00660325708467132,154.27045234911634,187.86150067617507,82.1192483791764
sem_quality,2022-03-29,0.0004373900000000407,-0.010889271135771325,-0.005444635567885663,-0.005007245567885622,153.49798231033552,187.94366941795585,81.67233447431593
sem_quality,2022-03-30,0.0004373900000000407,-0.02477686655719609,-0.012388433278598045,-0.011951043278598004,151.66352128056724,188.02587409952258,80.66098456231154
sem_quality,2022-03-31,0.0004373900000000407,0.00897271307634836,0.00448635653817418,0.004923746538174221,152.41027401843974,188.10811473659498,81.02270028693744
sem_quality,2022-04-01,0.0004373900000000407,0.004696914468052786,0.002348457234026393,0.002785847234026434,152.83486575875122,188.19039134489967,81.21289544408684
sem_quality,2022-04-04,0.0004373900000000407,-0.033326909148315764,-0.016663454574157882,-0.01622606457415784,150.35495735776698,188.27270394017,79.86019970560753
sem_quality,2022-04-05,0.0004373900000000407,-0.026881862851012402,-0.013440931425506201,-0.01300354142550616,148.39981044123505,188.35505253814642,78.78727352491939
sem_quality,2022-04-06,0.0004373900000000407,-0.0041736419712863,-0.00208682098564315,-0.0016494309856431094,148.15503519562972,188.43743715457612,78.62293047113427
sem_quality,2022-04-07,0.0004373900000000407,-0.016233814655556143,-0.008116907327778072,-0.007679517327778031,147.0172760356473,188.51985780521318,77.98503444000679
sem_quality,2022-04-08,0.0004373900000000407,-0.0032701090119276674,-0.0016350545059638337,-0.001197664505963793,146.84119866237592,188.6023145058186,77.85758040516819
sem_quality,2022-04-11,0.0004373900000000407,0.004070643334978009,0.0020353216674890047,0.0024727116674890456,147.20429460757646,188.68480727216033,78.01597634474508
sem_quality,2022-04-12,0.0004373900000000407,-0.004432670181012719,-0.0022163350905063596,-0.001778945090506319,146.94242625038285,188.7673361200131,77.84314239459356
sem_quality,2022-04-13,0.0004373900000000407,-0.01260882917571382,-0.00630441458785691,-0.005867024587856869,146.08031142257252,188.84990106515866,77.35260150979407
sem_quality,2022-04-14,0.0004373900000000407,0.0,0.0,0.0004373900000000407,146.14420548998567,188.93250212338558,77.35260150979407
sem_quality,2022-04-18,0.0004373900000000407,0.042514028918297427,0.021257014459148713,0.021694404459148754,149.31471699324635,189.01513931048933,78.99616799899381
sem_quality,2022-04-19,0.0004373900000000407,-0.02050347264164782,-0.01025173632082391,-0.009814346320823869,147.8492906498788,189.09781264227237,78.18667417881461
sem_quality,2022-04-20,0.0004373900000000407,-0.004468748654692326,-0.002234374327346163,-0.0017969843273461224,147.58360779177175,189.180522134544,78.01205225917033
sem_quality,2022-04-22,0.0004373900000000407,0.0002979373632153986,0.0001489686816076993,0.00058635868160774,147.67014472146346,189.26326780312044,78.02366853090379
sem_quality,2022-04-25,0.0004373900000000407,-0.015012583336243703,-0.007506291668121851,-0.00706890166812181,146.62627898911012,189.34604966382486,77.4382561714059
sem_quality,2022-04-26,0.0004373900000000407,0.0012053346437298235,0.0006026673218649118,0.0010400573218649525,146.77877872415056,189.42886773248736,77.4849052740116
sem_quality,2022-04-27,0.0004373900000000407,0.011254026232559292,0.005627013116279646,0.006064403116279687,147.66890440724902,189.51172202494487,77.92072322988642
sem_quality,2022-04-28,0.0004373900000000407,0.013145412316547525,0.006572706158273762,0.007010096158273803,148.70407762673076,189.5946125570414,78.4326493359571
sem_quality,2022-04-29,0.0004373900000000407,0.007314328992398162,0.003657164496199081,0.004094554496199122,149.31295457638046,189.67753934462775,78.71936502987404
sem_quality,2022-05-02,0.0004373900000000407,0.010450662405794987,0.005225331202897494,0.005662721202897535,150.1584722101274,189.7605024035617,79.13051994918675
sem_quality,2022-05-03,0.0004373900000000407,0.005524392532835192,0.002762196266417596,0.003199586266417637,150.63891719559717,189.843501749708,79.34899841565363
sem_quality,2022-05-04,0.00047278999999995685,0.0097253377336395,0.00486266886681975,0.005335458866819707,151.44264494203654,189.93325785890022,79.7346639810401
sem_quality,2022-05-05,0.00047278999999995685,-0.0072030800412646355,-0.0036015400206323178,-0.003128750020632361,150.96881876354954,190.02305640388332,79.44763210348212
sem_quality,2022-05-06,0.00047278999999995685,-0.0198558318051587,-0.00992791590257935,-0.009455125902579393,149.54138957477647,190.1128974047205,78.65925542990718
sem_quality,2022-05-09,0.00047278999999995685,0.003414684177440166,0.001707342088720083,0.00218013208872004,149.86740955678022,190.20278088148444,78.79349022250246
sem_quality,2022-05-10,0.00047278999999995685,0.001485890082656427,0.0007429450413282135,0.0012157350413281704,150.0496086181315,190.29270685425737,78.85200179166743
sem_quality,2022-05-11,0.00047278999999995685,0.003920298461079764,0.001960149230539882,0.002432939230539839,150.41467019746565,190.38267534313098,79.00649044161707
sem_quality,2022-05-12,0.00047278999999995685,0.013658655403748223,0.006829327701874111,0.007302117701874068,151.51301582333613,190.47268636820644,79.54579667682295
sem_quality,2022-05-13,0.00047278999999995685,0.017469808731053978,0.008734904365526989,0.009207694365526946,152.9081013654367,190.56273994959446,80.24029325243866
sem_quality,2022-05-16,0.00047278999999995685,-0.021415282665897657,-0.010707641332948829,-0.010234851332948871,151.34310968035797,190.6528361074152,79.38151499361392
sem_quality,2022-05-17,0.00047278999999995685,-0.020343527573018386,-0.010171763786509193,-0.009698973786509236,149.87523682679938,190.7429748617984,78.57444654797406
sem_quality,2022-05-18,0.00047278999999995685,0.0,0.0,0.00047278999999995685,149.9460963400187,190.83315623288328,78.57444654797406
sem_quality,2022-05-19,0.00047278999999995685,-0.004383185680996835,-0.0021915928404984174,-0.0017188028404984605,149.68836856370783,190.9233802408186,78.40232473094727
sem_quality,2022-05-20,0.00047278999999995685,0.011671454832889748,0.005835727416444874,0.0063085174164448305,150.63268024383117,191.01364690576264,78.85964311133561
sem_quality,2022-05-23,0.00047278999999995685,-0.02742918444973707,-0.013714592224868535,-0.013241802224868577,148.63803208344052,191.1039562478832,77.77862635697629
sem_quality,2022-05-24,0.00047278999999995685,0.004629096729137251,0.0023145483645686253,0.0027873383645685822,149.05233657270068,191.1943082873576,77.95856367684378
sem_quality,2022-05-25,0.00047278999999995685,0.0231240721454175,0.01156203607270875,0.012034826072708707,150.846155519084,191.28470304437275,78.85949744977353
sem_quality,2022-05-26,0.00047278999999995685,0.008637102799014853,0.004318551399507427,0.004791341399507383,151.5689109489791,191.37514053912508,79.19989530614718
sem_quality,2022-05-27,0.00047278999999995685,-0.0021511955406202654,-0.0010755977703101327,-0.0006028077703101758,151.47754403172158,191.46562079182056,79.114748331985
sem_quality,2022-05-30,0.00047278999999995685,-0.01166405941338516,-0.00583202970669258,-0.005359239706692624,150.6657395630745,191.5561438226747,78.65356681148644
sem_quality,2022-05-31,0.00047278999999995685,-0.008045235520938832,-0.004022617760469416,-0.003549827760469459,150.13090213822184,191.6467096519126,78.33732309357369
sem_quality,2022-06-01,0.00047278999999995685,0.011412621031666351,0.005706310515833176,0.006179100515833132,151.05857607306663,191.7373182997689,78.78412893878922
sem_quality,2022-06-02,0.00047278999999995685,0.0006079643152131064,0.0003039821576065532,0.0007767721576065101,151.17591416912785,191.8279697864878,78.80806659080669
sem_quality,2022-06-03,0.00047278999999995685,-0.014551454675528798,-0.007275727337764399,-0.0068029373377644425,150.147473898056,191.91866413232316,78.23495154933606
sem_quality,2022-06-06,0.00047278999999995685,-0.010599822358023838,-0.005299911179011919,-0.0048271211790119626,149.42269384682757,192.00940135753825,77.820509199229
sem_quality,2022-06-07,0.00047278999999995685,-0.016469229058038853,-0.008234614529019427,-0.00776182452901947,148.2629011165351,192.10018148240607,77.17999013452993
sem_quality,2022-06-08,0.00047278999999995685,-0.010853929756944736,-0.005426964878472368,-0.0049541748784724116,147.5283807764141,192.1910045272091,76.761334974722
sem_quality,2022-06-09,0.00047278999999995685,0.003046881915885029,0.0015234409579425144,0.0019962309579424713,147.8228814972951,192.2818705122395,76.87822107383005
sem_quality,2022-06-10,0.00047278999999995685,-0.02708928961702596,-0.01354464480851298,-0.013071854808513023,145.89056225298643,192.37277945779897,75.83742495387223
sem_quality,2022-06-13,0.00047278999999995685,-0.018331063652195577,-0.009165531826097788,-0.008692741826097831,144.62237326045698,192.46373138419878,75.14266309830593
sem_quality,2022-06-14,0.00047278999999995685,-0.003410540597402029,-0.0017052702987010145,-0.0012324802987010576,144.44412903466207,192.5547263117599,75.01458510075555
sem_quality,2022-06-15,0.0004903700000000007,-0.010208985044428482,-0.005104492522214241,-0.004614122522214241,143.7776461256816,192.6491493729014,74.63186138827862
sem_quality,2022-06-17,0.0004903700000000007,-0.005615484143201344,-0.002807742071600672,-0.002317372071600671,143.44445982402948,192.74361873627942,74.4224170763841
sem_quality,2022-06-20,0.0004903700000000007,0.0,0.0,0.0004903700000000007,143.5148006837934,192.83813442459913,74.42241707638411
sem_quality,2022-06-21,0.0004903700000000007,-0.007929310938585113,-0.003964655469292556,-0.0034742854692925555,143.01618929714928,192.93269646057695,74.1275024507692
sem_quality,2022-06-22,0.0004903700000000007,-0.0004732906883234229,-0.00023664534416171145,0.00025372465583828926,143.05247603055798,193.02730486694034,74.10996912025917
sem_quality,2022-06-23,0.0004903700000000007,0.008194061876584474,0.004097030938292237,0.0045874009382922375,143.70871509332562,193.12195966642795,74.41345113810367
sem_quality,2022-06-24,0.0004903700000000007,-0.013168240818450954,-0.006584120409225477,-0.006093750409225477,142.8329900519164,193.21666088178958,73.92374415335848
sem_quality,2022-06-27,0.0004903700000000007,-0.008231686792429822,-0.004115843396214911,-0.00362547339621491,142.31515284638135,193.3114085357862,73.61963472530162
sem_quality,2022-06-28,0.0004903700000000007,0.0007725455829895866,0.0003862727914947933,0.000876642791494794,142.4399123992446,193.40620265118991,73.64805804917046
sem_quality,2022-06-29,0.0004903700000000007,-0.015757244607046205,-0.007878622303523103,-0.007388252303523102,141.38753038834727,193.50104325078402,73.06809721180892
sem_quality,2022-06-30,0.0004903700000000007,0.011195836674268869,0.005597918337134434,0.006088288337134435,142.24833844062687,193.5959303573629,73.47692597568947
sem_quality,2022-07-01,0.0004903700000000007,0.008667007785500492,0.004333503892750246,0.004823873892750246,142.93452648671771,193.69086399373225,73.7951824570017
sem_quality,2022-07-04,0.0004903700000000007,0.014202334668720082,0.007101167334360041,0.007591537334360041,144.01961928091072,193.78584418270887,74.31895755250491
sem_quality,2022-07-05,0.0004903700000000007,0.017914980812069315,0.008957490406034658,0.009447860406034658,145.38029653960703,193.88087094712077,74.98434261689394
sem_quality,2022-07-06,0.0004903700000000007,0.010269027591197123,0.005134513795598561,0.005624883795598562,146.19804381381195,193.97594430980712,75.36916205460659
sem_quality,2022-07-07,0.0004903700000000007,-0.007837157687303493,-0.003918578843651746,-0.0034282088436517455,145.69684638708486,194.07106429361832,75.0739668056099
sem_quality,2022-07-08,0.0004903700000000007,-0.011527414011819328,-0.005763707005909664,-0.005273337005909664,144.9285378153875,194.166230921416,74.64147453840403
sem_quality,2022-07-11,0.0004903700000000007,-0.0012709943574802096,-0.0006354971787401048,-0.0001451271787401041,144.9075047455754,194.26144421607296,74.59406334094675
sem_quality,2022-07-12,0.0004903700000000007,-0.0029327143168467094,-0.0014663571584233547,-0.000975987158423354,144.76607688178456,194.35670420047322,74.48473541332673
sem_quality,2022-07-13,0.0004903700000000007,-0.026251024356458513,-0.013125512178229257,-0.012635142178229256,142.93693691779873,194.45201089751203,73.50756428697215
sem_quality,2022-07-14,0.0004903700000000007,0.0028266595008120394,0.0014133297504060197,0.0019036997504060203,143.20904592893297,194.54736433009586,73.61140379467942
sem_quality,2022-07-15,0.0004903700000000007,-0.007195182523954781,-0.0035975912619773905,-0.0031072212619773897,142.76406373651508,194.64276452114242,73.34670984957565
sem_quality,2022-07-18,0.0004903700000000007,0.00987062999817906,0.00493531499908953,0.005425684999089531,143.53865657553933,194.73821149358065,73.7085215452289
sem_quality,2022-07-19,0.0004903700000000007,0.01842278211305315,0.009211391056526574,0.009701761056526575,144.93123432401006,194.83370527035078,74.38714678392213
sem_quality,2022-07-20,0.0004903700000000007,0.0,0.0,0.0004903700000000007,145.00230425338555,194.92924587440422,74.38714678392213
sem_quality,2022-07-21,0.0004903700000000007,-0.0029844065660353247,-0.0014922032830176624,-0.0010018332830176615,144.85703611887024,195.02483332870366,74.27620044403352
sem_quality,2022-07-22,0.0004903700000000007,-0.01418499389742169,-0.007092496948710845,-0.006602126948710845,143.90067157699946,195.12046765622307,73.74965492115042
sem_quality,2022-07-25,0.0004903700000000007,0.005865429361632395,0.0029327146808161976,0.0034230846808161984,144.39325576143384,195.21614887994764,73.96583560831925
sem_quality,2022-07-26,0.0004903700000000007,0.012501044032285333,0.006250522016142667,0.006740892016142667,145.3665951063809,195.31187702287392,74.4279340929975
sem_quality,2022-07-27,0.0004903700000000007,0.008477831864745395,0.0042389159323726975,0.004729285932372698,146.05407529965444,195.40765210800964,74.74327321579224
sem_quality,2022-07-28,0.0004903700000000007,-0.006696871806097959,-0.0033484359030489796,-0.002858065903048979,145.63664312703918,195.50347415837385,74.49312282249345
sem_quality,2022-07-29,0.0004903700000000007,-0.002489774189402651,-0.0012448870947013254,-0.0007545170947013247,145.5267577901849,195.59934319699693,74.40043274767969
sem_quality,2022-08-01,0.0004903700000000007,-0.0054293175732123,-0.00271465878660615,-0.002224288786606149,145.20306425468104,195.69525924692044,74.19855995155693
sem_quality,2022-08-02,0.0004903700000000007,0.020575973415164685,0.010287986707582342,0.010778356707582343,146.768114676252,195.79122233119736,74.96153960772631
sem_quality,2022-08-03,0.0005078799999999844,0.02347521958534664,0.01173760979267332,0.012245489792673305,148.56536212640995,195.89066077719494,75.84096226791917
sem_quality,2022-08-04,0.0005078799999999844,-0.004845960027863971,-0.0024229800139319857,-0.0019151000139320013,148.28084459933186,195.99014972599048,75.65729441333661
sem_quality,2022-08-05,0.0005078799999999844,0.0017897397591129793,0.0008948698795564897,0.001402749879556474,148.48884553623412,196.08968920323332,75.72496347951052
sem_quality,2022-08-08,0.0005078799999999844,-0.024393005720333327,-0.012196502860166663,-0.011688622860166678,146.75321542181953,196.18927923458585,74.80185257541262
sem_quality,2022-08-09,0.0005078799999999844,0.02664462205198919,0.013322311025994595,0.01383019102599458,148.78284042478225,196.2889198457235,75.79788025820334
sem_quality,2022-08-10,0.0005078799999999844,0.014137581785625419,0.007068790892812709,0.007576670892812694,149.9101190411787,196.38861106233477,76.33340764022026
sem_quality,2022-08-11,0.0005078799999999844,0.016469963141423426,0.008234981570711713,0.008742861570711698,151.2207624600046,196.4883529101211,76.96169275192455
sem_quality,2022-08-12,0.0005078799999999844,0.017433978454607275,0.008716989227303637,0.009224869227303622,152.6157542181513,196.5881454147971,77.6322264479046
sem_quality,2022-08-15,0.0005078799999999844,0.0074712405837122076,0.0037356202918561038,0.004243500291856089,153.26337921571786,196.68798860209037,77.92208375559595
sem_quality,2022-08-16,0.0005078799999999844,-0.006539505537944976,-0.003269752768972488,-0.0027618727689725036,152.84008526218128,196.7878824977416,77.66742714147315
sem_quality,2022-08-17,0.0005078799999999844,-0.00392075030637958,-0.00196037515318979,-0.0014524951531898057,152.61808577912484,196.88782712750458,77.51524713627387
sem_quality,2022-08-18,0.0005078799999999844,-0.010750909503231477,-0.005375454751615738,-0.0048675747516157535,151.87520583814646,196.98782251714607,77.09877894859568
sem_quality,2022-08-19,0.0005078799999999844,0.0,0.0,0.0005078799999999844,151.95234021768752,197.0878686924461,77.09877894859568
sem_quality,2022-08-22,0.0005078799999999844,0.028703247116766983,0.014351623558383491,0.014859503558383476,154.21027655785696,197.18796567919762,78.20470992065486
sem_quality,2022-08-23,0.0005078799999999844,-0.0019397311382624665,-0.0009698655691312332,-0.0004619855691312488,154.13903363547547,197.28811350320677,78.12890036731486
sem_quality,2022-08-24,0.0005078799999999844,0.018916946927955952,0.009458473463977976,0.009966353463977961,155.67523772728262,197.3883121902928,78.86750537549733
sem_quality,2022-08-25,0.0005078799999999844,-0.00582088576356323,-0.002910442881781615,-0.0024025628817816304,155.30121817950652,197.48856176628803,78.63808252515057
sem_quality,2022-08-26,0.0005078799999999844,-0.013096353587918155,-0.0065481767939590775,-0.0060402967939590935,154.36315272923892,197.5888622570379,78.12340785101144
sem_quality,2022-08-29,0.0005078799999999844,-0.0007488810550973432,-0.0003744405275486716,0.00013343947245131283,154.38375086690502,197.689213688401,78.09417013021543
sem_quality,2022-08-30,0.0005078799999999844,-0.01542562171488305,-0.007712810857441525,-0.007204930857441541,153.27142661639647,197.78961608624908,77.49215032075304
sem_quality,2022-08-31,0.0005078799999999844,-0.011388668813427733,-0.005694334406713866,-0.005186454406713881,152.47649135039856,197.89006947646698,77.0511080994547
sem_quality,2022-09-01,0.0005078799999999844,0.02187750815204411,0.010938754076022055,0.01144663407602204,154.2218339520823,197.99057388495268,77.89352337636878
sem_quality,2022-09-02,0.0005078799999999844,0.022499284484499133,0.011249642242249567,0.011757522242249551,156.03510059501443,198.09112933761736,78.76935283107777
sem_quality,2022-09-05,0.0005078799999999844,-0.010203824054161158,-0.005101912027080579,-0.004594032027080594,155.31827034553217,198.19173586038536,78.36768252281968
sem_quality,2022-09-06,0.0005078799999999844,-0.016712045092465422,-0.008356022546232711,-0.007848142546232726,154.09931041982614,198.29239347919415,77.71317281315434
sem_quality,2022-09-08,0.0005078799999999844,0.03010678326556141,0.015053391632780706,0.01556127163278069,156.49729164769323,198.39310221999435,78.88242579833062
sem_quality,2022-09-09,0.0005078799999999844,0.013622913525325539,0.006811456762662769,0.007319336762662753,157.64274802770734,198.49386210874985,79.41945728343923
sem_quality,2022-09-12,0.0005078799999999844,-0.008756186693258838,-0.004378093346629419,-0.0038702133466294347,157.03263696029117,198.59467317143765,79.07192798909169
sem_quality,2022-09-13,0.0005078799999999844,-0.0050126983158309164,-0.0025063491579154582,-0.0019984691579154738,156.7188120785399,198.69553543404797,78.8738467304711
sem_quality,2022-09-14,0.0005078799999999844,0.0068515890015590965,0.0034257945007795483,0.003933674500779532,157.33529287340573,198.7964489225842,79.14391515850247
sem_quality,2022-09-15,0.0005078799999999844,-0.012429613427968897,-0.006214806713984449,-0.005706926713984465,156.43739188745394,198.89741366306302,78.65230070435337
sem_quality,2022-09-16,0.0005078799999999844,0.020923792968991717,0.010461896484495858,0.010969776484495843,158.1534751102768,198.9984296815142,79.47473523454056
sem_quality,2022-09-19,0.0005078799999999844,-0.010746828395885458,-0.005373414197942729,-0.004865534197942745,157.38397396860424,199.09949700398087,79.04790134424972
sem_quality,2022-09-20,0.0005078799999999844,-0.0053093526762591865,-0.0026546763381295932,-0.002146796338129609,157.04610262960813,199.20061565651926,78.83816127375933
sem_quality,2022-09-21,0.0005078799999999844,0.0,0.0,0.0005078799999999844,157.12586320421167,199.3017856651989,78.83816127375933
sem_quality,2022-09-22,0.0005078799999999844,-0.007986804661694852,-0.003993402330847426,-0.0034855223308474415,156.57819749925972,199.40300705610255,78.52348859273022
sem_quality,2022-09-23,0.0005078799999999844,0.012058966674136536,0.006029483337068268,0.006537363337068253,157.6018060669756,199.5042798553262,78.99670432196399
sem_quality,2022-09-26,0.0005078799999999844,-0.004926402834161198,-0.002463201417080599,-0.0019553214170806147,157.29364388020227,199.6056040889791,78.8022183034925
sem_quality,2022-09-27,0.0005078799999999844,-0.011414747763302147,-0.005707373881651073,-0.005199493881651088,156.47579654122455,199.70697978318384,78.35269288590005
sem_quality,2022-09-28,0.0005078799999999844,-0.016121636618968864,-0.008060818309484432,-0.007552938309484447,155.29394450302124,199.8084069640761,77.72142667197271
sem_quality,2022-09-29,0.0005078799999999844,0.005384534396156651,0.0026922671980783254,0.00320014719807831,155.7909079844011,199.90988565780503,77.93056730124671
sem_quality,2022-09-30,0.0005078799999999844,-0.011394550269288373,-0.005697275134644186,-0.0051893951346442015,154.98244740448504,200.01141589053293,77.48680079806424
sem_quality,2022-10-03,0.0005078799999999844,0.02071345752551394,0.01035672876275697,0.010864608762756954,156.66627106062933,200.1129976884354,78.28890320485321
sem_quality,2022-10-04,0.0005078799999999844,-0.006774232955897824,-0.003387116477948912,-0.0028792364779489277,156.2151918181273,200.2146310777014,78.02386417878805
sem_quality,2022-10-05,0.0005078799999999844,0.0014498805934311694,0.0007249402967155847,0.0012328202967155691,156.40777707725601,200.31631608453316,78.08039810958394
sem_quality,2022-10-06,0.0005078799999999844,-0.013320813978388635,-0.006660406989194317,-0.0061525269891943325,155.4454740074683,200.4180527351462,77.56061486780861
sem_quality,2022-10-07,0.0005078799999999844,0.011927204738742508,0.005963602369371254,0.006471482369371239,156.4514366519062,200.51984105576932,78.02292073849856
sem_quality,2022-10-10,0.0005078799999999844,-0.0072312233751710316,-0.0036156116875855158,-0.0031077316875855313,155.96522756465478,200.62168107264472,77.74096335489287
sem_quality,2022-10-11,0.0005078799999999844,-0.011593359371401896,-0.005796679685700948,-0.005288799685700963,155.14035871813056,200.7235728120279,77.29055264645734
sem_quality,2022-10-13,0.0005078799999999844,-0.014292777034341933,-0.007146388517170967,-0.006638508517170983,154.1104581254233,200.82551630018764,76.73848471280105
sem_quality,2022-10-14,0.0005078799999999844,-0.0016144852631347888,-0.0008072426315673944,-0.00029936263156741,154.0643232131268,200.9275115634062,76.67656958191567
sem_quality,2022-10-17,0.0005078799999999844,-0.003243030240587641,-0.0016215151202938205,-0.001113635120293836,153.8927517720124,201.02955862797901,76.55230047875845
sem_quality,2022-10-18,0.0005078799999999844,-0.011315554900766606,-0.005657777450383303,-0.005149897450383318,153.10021988202922,201.13165752021501,76.11940445856548
sem_quality,2022-10-19,0.0005078799999999844,-0.010742259094144177,-0.005371129547072089,-0.004863249547072105,152.3556553070313,201.2338082664364,75.71076481607417
sem_quality,2022-10-20,0.0005078799999999844,-0.004500862603482654,-0.002250431301741327,-0.0017425513017413426,152.09016776154837,201.33601089297875,75.54046943067364
sem_quality,2022-10-21,0.0005078799999999844,0.016069219787910243,0.008034609893955122,0.008542489893955106,153.38939648262132,201.43826542619107,76.1470995384562
sem_quality,2022-10-24,0.0005078799999999844,0.0,0.0,0.0005078799999999844,153.46729988930693,201.54057189243574,76.1470995384562
sem_quality,2022-10-25,0.0005078799999999844,0.004122160715011976,0.002061080357505988,0.0025689603575059726,153.86155129889602,201.64293031808845,76.30396516068375
sem_quality,2022-10-26,0.0005078799999999844,0.011921768123613369,0.005960884061806684,0.006468764061806669,154.8568453724321,201.74534072953838,76.75857336404839
sem_quality,2022-10-27,0.0005078799999999844,-0.0033203139722196664,-0.0016601569861098332,-0.0011522769861098488,154.67840739336788,201.84780315318812,76.63120676918042
sem_quality,2022-10-28,0.0005078799999999844,6.691673159318554e-05,3.345836579659277e-05,0.0005413383657965772,154.76214074965026,201.95031761545357,76.63376942260754
sem_quality,2022-10-31,0.0005078799999999844,-0.005328557066200428,-0.002664278533100214,-0.0021563985331002297,154.42841189635826,202.0528841427641,76.42969935892826
sem_quality,2022-11-01,0.0005078799999999844,-0.004602600955178485,-0.0023013004775892425,-0.001793420477589258,154.15145682014173,202.1555027615625,76.25390093979269
sem_quality,2022-11-03,0.0005078799999999844,-0.0009352606652704241,-0.00046763033263521204,4.02496673647724e-05,154.15766136500255,202.25817349830507,76.21826040384687
sem_quality,2022-11-04,0.0005078799999999844,-0.00036944815411737303,-0.00018472407705868651,0.0003231559229412979,154.20747832633944,202.36089637946137,76.20418820302811
sem_quality,2022-11-07,0.0005078799999999844,-0.0020792458749776623,-0.0010396229374888312,-0.0005317429374888467,154.12547958883144,202.46367143151457,76.12500479670793
sem_quality,2022-11-08,0.0005078799999999844,0.0008447580637821195,0.00042237903189105974,0.0009302590318910442,154.26885620826351,202.56649868096122,76.1571420806529
sem_quality,2022-11-09,0.0005078799999999844,0.00040290214244118744,0.00020145107122059372,0.0007093310712205782,154.37828390129368,202.66937815431132,76.17247623059806
sem_quality,2022-11-10,0.0005078799999999844,0.06172131711739153,0.030860658558695766,0.03136853855869575,159.2209050524767,202.77230987808835,78.52201572700147
sem_quality,2022-11-11,0.0005078799999999844,-0.015409884871917478,-0.007704942435958739,-0.007197062435958754,158.07498225770416,202.87529387882924,77.9173152311573
sem_quality,2022-11-14,0.0005078799999999844,0.003111419953808661,0.0015557099769043306,0.002063589976904315,158.40118420669052,202.9783301830844,78.03847044352678
sem_quality,2022-11-16,0.0005078799999999844,-0.01278890017279438,-0.00639445008639719,-0.005886570086397206,157.4687445340895,203.08141881741778,77.539710649581
sem_quality,2022-11-17,0.0005078799999999844,-0.003365010958380458,-0.001682505479190229,-0.0011746254791902447,157.28377773458365,203.18455980840676,77.40931588645056
sem_quality,2022-11-18,0.0005078799999999844,-0.01385708769028877,-0.006928543845144385,-0.006420663845144401,156.27391146945547,203.28775318264226,76.87325430226602
sem_quality,2022-11-21,0.0005078799999999844,0.0027791734536353656,0.0013895867268176828,0.0018974667268176672,156.57043601673843,203.3909989667287,76.98002213084695
sem_quality,2022-11-22,0.0005078799999999844,0.0071597882574690646,0.0035798941287345323,0.004087774128734517,157.21046059441235,203.4942971872839,77.2554625694131
sem_quality,2022-11-23,0.0005078799999999844,-0.005369545641570078,-0.002684772820785039,-0.0021768928207850547,156.86823027139206,203.59764787093943,77.04815449087646
sem_quality,2022-11-24,0.0005078799999999844,-0.009194570574908235,-0.004597285287454117,-0.0040894052874541325,156.22673250108667,203.70105104434012,76.694121949857
sem_quality,2022-11-25,0.0005078799999999844,0.0,0.0,0.0005078799999999844,156.30607693398932,203.80450673414452,76.69412194985699
sem_quality,2022-11-28,0.0005078799999999844,0.013187368445074206,0.006593684222537103,0.007101564222537087,157.4160945777089,203.90801496702466,77.19956206879151
sem_quality,2022-11-29,0.0005078799999999844,-0.008972045788631543,-0.004486022894315772,-0.003978142894315787,156.78987085961364,204.0115757696661,76.85341886513004
sem_quality,2022-11-30,0.0005078799999999844,-0.026399116258501967,-0.013199558129250983,-0.012691678129250998,154.7999442847366,204.11518916876804,75.83950264315888
sem_quality,2022-12-01,0.0005078799999999844,0.014878160334318546,0.007439080167159273,0.007946960167159258,156.03013327584588,204.21885519104305,76.40339239483177
sem_quality,2022-12-02,0.0005078799999999844,-0.0302419519464066,-0.0151209759732033,-0.014613095973203314,153.75004996357427,204.3225738632175,75.2486849869566
sem_quality,2022-12-05,0.0005078799999999844,0.008364299158464306,0.004182149579232153,0.004690029579232138,154.47114224571183,204.42634521203118,75.56322649387202
sem_quality,2022-12-06,0.0005078799999999844,0.007863525788120312,0.003931762894060156,0.004439642894060141,155.15693895472035,204.5301692642375,75.86017237108396
sem_quality,2022-12-07,0.0005078799999999844,-0.0250199430229956,-0.0125099715114978,-0.012002091511497816,153.29473117474194,204.6340460466034,74.91164551368473
sem_quality,2022-12-08,0.0005078799999999844,-0.009043390647973474,-0.004521695323986737,-0.004013815323986753,152.67943443366633,204.73797558590957,74.57308982211799
sem_quality,2022-12-09,0.0005078799999999844,6.874028242945945e-05,3.437014121472973e-05,0.0005422501412147142,152.76222487854855,204.84195790895012,74.57565160866584
sem_quality,2022-12-12,0.0005078799999999844,-0.021625982948977752,-0.010812991474488876,-0.010305111474488891,151.18799312208418,204.94599304253293,73.76967506298489
sem_quality,2022-12-13,0.0005078799999999844,0.010375173404276006,0.005187586702138003,0.005695466702137988,152.04907930267407,205.0500810134794,74.15216738816055
sem_quality,2022-12-14,0.0005078799999999844,-0.0011929988303743808,-0.0005964994151871904,-8.861941518720597e-05,152.03560480218653,205.1542218486245,74.10795811668348
sem_quality,2022-12-15,0.0005078799999999844,-0.010109247563129227,-0.005054623781564614,-0.00454674378156463,151.34433786147576,205.25841557481698,73.73356041828674
sem_quality,2022-12-16,0.0005078799999999844,0.017301419043174057,0.008650709521587028,0.009158589521587013,152.7304385283654,205.36266221891913,74.37108424585618
sem_quality,2022-12-19,0.0005078799999999844,0.009546143809692561,0.004773071904846281,0.005280951904846265,153.5370006286398,205.46696180780688,74.72588258362325
sem_quality,2022-12-20,0.0005078799999999844,-0.002197478033286006,-0.001098739016643003,-0.0005908590166430186,153.44628190743,205.57131436836983,74.64382001881094
sem_quality,2022-12-21,0.0005078799999999844,0.002966099475522557,0.0014830497377612785,0.001990929737761263,153.7517826732284,205.6757199275112,74.7544643224864
sem_quality,2022-12-22,0.0005078799999999844,0.0314069770700298,0.0157034885350149,0.016211368535014883,156.24430948505963,205.78017851214798,75.92777429524678
sem_quality,2022-12-23,0.0005078799999999844,-0.0068821974034566375,-0.0034410987017283188,-0.0029332187017283343,155.78601075443942,205.8846901492107,75.66663195866418
sem_quality,2022-12-26,0.0005078799999999844,-0.02398422997592775,-0.011992114987963876,-0.01148423498796389,153.99692759909794,205.9892548656437,74.7596896253362
sem_quality,2022-12-27,0.0005078799999999844,0.0,0.0,0.0005078799999999844,154.075139558687,206.09387268840487,74.7596896253362
sem_quality,2022-12-28,0.0005078799999999844,-0.001999741358132125,-0.0009998706790660624,-0.000491990679066078,153.9993360261483,206.19854364446587,74.68497754847333
sem_quality,2022-12-29,0.0010160179420943688,-0.030232451294863523,-0.015116225647431761,-0.014100207705337393,151.82791340169558,206.40804506444238,73.55716844965688
sem_quality,2023-01-02,0.0005078799999999844,-0.008806195791569216,-0.004403097895784608,-0.0038952178957846234,151.2365105963337,206.5128755823697,73.2334534444132
sem_quality,2023-01-03,0.0005078799999999844,0.013486822146102494,0.006743411073051247,0.007251291073051232,152.3331705555403,206.61775934162048,73.72704603948087
sem_quality,2023-01-04,0.0005078799999999844,-0.0037740489147169137,-0.0018870244573584568,-0.0013791444573584724,152.12308110769678,206.72269636923488,73.58799192324012
sem_quality,2023-01-05,0.0005078799999999844,0.015491548530707002,0.007745774265353501,0.008253654265353485,153.37865242494004,206.82768669226687,74.15769855471422
sem_quality,2023-01-06,0.0005078799999999844,-0.00372757494299363,-0.001863787471496815,-0.0013559074714968305,153.17068516414895,206.93273033778414,74.0195545258223
sem_quality,2023-01-09,0.0005078799999999844,0.02094548390410536,0.01047274195205268,0.010980621952052665,154.85259455207336,207.0378273328681,74.79434871730315
sem_quality,2023-01-10,0.0005078799999999844,-0.010525921457714306,-0.005262960728857153,-0.004755080728857169,154.11625796390527,207.1429777046139,74.40090881751985
sem_quality,2023-01-11,0.0005078799999999844,-0.011691657688569512,-0.005845828844284756,-0.005337948844284771,153.29359326282136,207.24818148013054,73.96619462135934
sem_quality,2023-01-12,0.0005078799999999844,-0.02839382605225391,-0.014196913026126955,-0.01368903302612697,151.1951522019529,207.35343868654067,72.91663603925899
sem_quality,2023-01-13,0.0005078799999999844,-0.011518132029734628,-0.005759066014867314,-0.005251186014867329,150.4011983331943,207.45874935098078,72.49691748538599
sem_quality,2023-01-16,0.0005078799999999844,-0.005398069883879605,-0.0026990349419398025,-0.002191154941939818,150.07164600419281,207.56411350060117,72.30134509921348
sem_quality,2023-01-17,0.0005078799999999844,-0.0011103078280069907,-0.0005551539140034954,-4.727391400351092e-05,150.06455153010526,207.66953116256585,72.26122709962357
sem_quality,2023-01-18,0.0005078799999999844,-0.0034665034920383824,-0.0017332517460191912,-0.0012253717460192068,149.88066666858123,207.77500236405268,72.1360437796882
sem_quality,2023-01-19,0.0005078799999999844,-0.0033884105468008634,-0.0016942052734004317,-0.0011863252734004473,149.70285944571816,207.88052713225335,72.01389255207987
sem_quality,2023-01-20,0.0005078799999999844,0.020399448062886925,0.010199724031443463,0.010707604031443448,151.3058183870378,207.98610549437328,72.7480415229618
sem_quality,2023-01-23,0.0005078799999999844,0.0024292357644943308,0.0012146178822471654,0.0017224978822471498,151.56644233878114,208.0917374776318,72.83635774105319
sem_quality,2023-01-24,0.0005078799999999844,-0.0031151356589743853,-0.0015575678294871926,-0.0010496878294872082,151.40734488889944,208.19742310926193,72.7229677619213
sem_quality,2023-01-25,0.0005078799999999844,-0.003408347132740852,-0.001704173566370426,-0.0011962935663704416,151.22621725630762,208.30316241651067,72.59909811351046
sem_quality,2023-01-26,0.0005078799999999844,-0.006225775359019673,-0.0031128876795098364,-0.002605007679509852,150.83227179901172,208.40895542663878,72.3732199944285
sem_quality,2023-01-27,0.0005078799999999844,0.0,0.0,0.0005078799999999844,150.90887649321297,208.5148021669209,72.37321999442847
sem_quality,2023-01-30,0.0005078799999999844,0.0035489463010889843,0.0017744731505444922,0.0022823531505444766,151.2533038429224,208.62070266464542,72.50157913908467
sem_quality,2023-01-31,0.0005078799999999844,0.010085571229341322,0.005042785614670661,0.005550665614670646,152.09286035566865,208.72665694711478,72.86700346770012
sem_quality,2023-02-01,0.0005078799999999844,0.02074065294703483,0.010370326473517415,0.0108782064735174,153.74735789376547,208.83266504164507,73.62227449575737
sem_quality,2023-02-02,0.0005078799999999844,-0.031789483007894345,-0.015894741503947173,-0.015386861503947188,151.38166859125627,208.93872697556642,72.45266149676458
sem_quality,2023-02-03,0.0005078799999999844,-0.010824981433615063,-0.005412490716807532,-0.0049046107168075476,150.6392004371554,209.04484277622277,72.0607112027207
sem_quality,2023-02-06,0.0005078799999999844,-0.023015424867002837,-0.011507712433501419,-0.010999832433501434,148.98219447443003,209.15101247097195,71.23187820814745
sem_quality,2023-02-07,0.0005078799999999844,0.010151395693073956,0.005075697846536978,0.005583577846536963,149.81404815502592,209.2572360871857,71.59324616741418
sem_quality,2023-02-08,0.0005078799999999844,-0.0008042417367157724,-0.0004021208683578862,0.00010575913164209824,149.82989235866657,209.36351365224968,71.56447164310217
sem_quality,2023-02-09,0.0005078799999999844,0.0007401229263002494,0.0003700614631501247,0.0008779414631501091,149.96143423358757,209.4698451935634,71.59094145270109
sem_quality,2023-02-10,0.0005078799999999844,0.01094986147060149,0.005474930735300745,0.00598281073530073,150.8586251122014,209.5762307385403,71.98269793314832
sem_quality,2023-02-13,0.0005078799999999844,-0.017175279300584857,-0.008587639650292429,-0.008079759650292444,149.63972368012125,209.68267031460778,71.36485025472152
sem_quality,2023-02-14,0.0005078799999999844,0.0157732723669518,0.0078866361834759,0.008394516183475885,150.89587676224488,209.7891639492072,71.92739316067765
sem_quality,2023-02-15,0.0005078799999999844,-0.0016938678900232929,-0.0008469339450116464,-0.000339053945011662,150.84471491994267,209.8957116697937,71.86650633303572
sem_quality,2023-02-16,0.0005078799999999844,0.0008444663446643872,0.0004222331723321936,0.000930113172332178,150.98501757626642,210.00231350383655,71.89683535248675
sem_quality,2023-02-17,0.0005078799999999844,-0.005117820590324784,-0.002558910295162392,-0.0020510302951624077,150.67534273110186,210.10896947881886,71.71295119140142
sem_quality,2023-02-22,0.0005078799999999844,0.012029816834277784,0.006014908417138892,0.006522788417138877,151.6581661114167,210.21567962223776,72.14407906391654
sem_quality,2023-02-23,0.0005078799999999844,0.006940323074931299,0.0034701615374656495,0.003978041537465634,152.2614685957038,210.3224439616043,72.39430358820864
sem_quality,2023-02-24,0.0005078799999999844,-0.003466385825290778,-0.001733192912645389,-0.0012253129126454047,152.07490065213514,210.42926252444354,72.26889398734174
sem_quality,2023-02-27,0.0005078799999999844,0.0005741806247126034,0.0002870903123563017,0.0007949703123562861,152.1957956834081,210.53613533829446,72.28963115469764
sem_quality,2023-02-28,0.0005078799999999844,-0.041830990427423484,-0.020915495213711742,-0.020407615213711757,149.0898424479564,210.64306243071007,70.77842523154483
sem_quality,2023-03-01,0.0005078799999999844,-0.006885556521827235,-0.0034427782609136176,-0.002934898260913633,148.652278928636,210.75004382925738,70.5348745023603
sem_quality,2023-03-02,0.0005078799999999844,0.0,0.0,0.0005078799999999844,148.7277764480583,210.85707956151737,70.53487450236031
sem_quality,2023-03-03,0.0005078799999999844,0.02030326011452075,0.010151630057260375,0.01065951005726036,150.31314167690036,210.96416965508507,71.2505549746453
sem_quality,2023-03-06,0.0005078799999999844,0.011899763613876901,0.005949881806938451,0.006457761806938436,151.28382814230235,211.0713141375695,71.67427215794015
sem_quality,2023-03-07,0.0005078799999999844,0.04339627174770694,0.02169813587385347,0.022206015873853454,154.64323923148763,211.17851303659364,73.22868080082114
sem_quality,2023-03-08,0.0005078799999999844,0.014290320131741936,0.007145160065870968,0.007653040065870953,155.8267301372423,211.2857663797947,73.75164584306994
sem_quality,2023-03-09,0.0005078799999999844,-0.01139747539784271,-0.005698737698921355,-0.0051908576989213705,155.01785575541166,211.39307419482364,73.33156790772834
sem_quality,2023-03-10,0.0005078799999999844,0.0055038862227216505,0.0027519431113608253,0.0032598231113608097,155.5231865442767,211.50043650934572,73.5332697705352
sem_quality,2023-03-13,0.0005078799999999844,0.00037211207068802744,0.00018605603534401372,0.0006939360353439982,155.63110968775132,211.60785335104006,73.54694413423876
sem_quality,2023-03-14,0.0005078799999999844,0.014092812471393166,0.007046406235696583,0.007554286235696567,156.80679163751168,211.71532474759996,74.06492270904413
sem_quality,2023-03-15,0.0005078799999999844,0.033757458201395335,0.016878729100697668,0.017386609100697652,159.53313002804762,211.82285072673278,75.31440988576686
sem_quality,2023-03-16,0.0005078799999999844,-0.0031461238468915576,-0.0015730619234457788,-0.0010651819234457943,159.36319822175102,211.93043131615988,75.19599579543697
sem_quality,2023-03-17,0.0005078799999999844,-0.04713737812166279,-0.023568689060831396,-0.02306080906083141,155.68815393623578,212.03806654361674,73.42462439602106
sem_quality,2023-03-20,0.0005078799999999844,0.009261804220143721,0.004630902110071861,0.0051387821100718455,156.48820143643343,212.1457564368529,73.76447404123002
sem_quality,2023-03-21,0.0005078799999999844,-0.012663662805759859,-0.0063318314028799295,-0.0058239514028799455,155.57682175614354,212.25350102363208,73.29764692023703
sem_quality,2023-03-22,0.0005078799999999844,-0.032599704210304295,-0.016299852105152147,-0.015791972105152163,153.1199569267623,212.36130033173194,72.10351259272379
sem_quality,2023-03-23,0.0005078799999999844,-0.007714781507015128,-0.003857390753507564,-0.0033495107535075797,152.60707998445952,212.46915438894445,71.8255223556348
sem_quality,2023-03-24,0.0005078799999999844,0.002792187311372012,0.001396093655686006,0.0019039736556859905,152.8976398444211,212.5770632230755,71.92574660981762
sem_quality,2023-03-27,0.0005078799999999844,0.002977996801015719,0.0014889984005078596,0.001996878400507844,153.202957838915,212.68502686194526,72.03278956649811
sem_quality,2023-03-28,0.0005078799999999844,-0.004916466715966035,-0.0024582333579830176,-0.0019503533579830331,152.90415793564097,212.7930453333879,71.85580604670722
sem_quality,2023-03-29,0.0005078799999999844,0.023455469403195876,0.011727734701597938,0.012235614701597923,154.77503429841371,212.9011186652518,72.69808410061445
sem_quality,2023-03-30,0.0005078799999999844,-0.007655360377845967,-0.0038276801889229836,-0.003319800188922999,154.2612121103093,213.0092468853995,72.41996033782651
sem_quality,2023-03-31,0.0005078799999999844,-0.017874937329798973,-0.008937468664899487,-0.008429588664899502,152.9608535452706,213.11743002170766,71.77303777062737
sem_quality,2023-04-03,0.0005078799999999844,0.0,0.0,0.0005078799999999844,153.03853930356917,213.2256681020671,71.77303777062737
sem_quality,2023-04-04,0.0005078799999999844,0.0018240551398571309,0.0009120275699285654,0.0014199075699285499,153.25583988401712,213.3339611543828,71.83846353141631
sem_quality,2023-04-05,0.0005078799999999844,0.016452334274926973,0.008226167137463486,0.008734047137463471,154.5943836136557,213.4423092065739,72.42911875734818
sem_quality,2023-04-06,0.0005078799999999844,-0.0023749097975492143,-0.0011874548987746072,-0.0006795748987746227,154.48932515106034,213.5507122865737,72.34315610417814
sem_quality,2023-04-10,0.0005078799999999844,0.047973814642734265,0.023986907321367133,0.024494787321367117,158.27350831405707,213.65917042232985,74.07756381399656
sem_quality,2023-04-11,0.0005078799999999844,0.006599501307482719,0.0032997506537413594,0.003807630653741344,158.87615537598884,213.76768364180396,74.32187722172583
sem_quality,2023-04-12,0.0005078799999999844,-0.01635742702466293,-0.008178713512331464,-0.0076708335123314795,157.65744283902035,213.87625197297194,73.71432844210487
sem_quality,2023-04-13,0.0005078799999999844,-0.005035886936443261,-0.0025179434682216307,-0.0020100634682216462,157.3405413726764,213.984875443824,73.52881414928876
sem_quality,2023-04-14,0.0005078799999999844,0.006579918317496047,0.0032899591587480237,0.003797839158748008,157.93809544196017,214.09355408236445,73.77059814757403
sem_quality,2023-04-17,0.0005078799999999844,0.000867622764158164,0.000433811382079082,0.0009416913820790664,158.08682438533984,214.2022879166118,73.80258442752138
sem_quality,2023-04-18,0.0005078799999999844,-0.0201071273386929,-0.01005356366934645,-0.009545683669346465,156.57777756746586,214.31107697459888,73.06098209101164
sem_quality,2023-04-19,0.0005078799999999844,0.005633434484084125,0.0028167172420420624,0.003324597242042047,157.09833561493173,214.41992128437275,73.26666975433747
sem_quality,2023-04-20,0.0005078799999999844,-0.004862989758197383,-0.0024314948790986916,-0.0019236148790987072,156.7961389190612,214.52882087399465,73.08861265366147
sem_quality,2023-04-24,0.0005078799999999844,-0.009459337958744108,-0.004729668979372054,-0.00422178897937207,156.13417870776462,214.63777577154013,72.74310318699604
sem_quality,2023-04-25,0.0005078799999999844,0.004355884137357364,0.002177942068678682,0.0026858220686786665,156.55352733061295,214.74678600509898,72.90145302891553
sem_quality,2023-04-26,0.0005078799999999844,-0.0017009260665614492,-0.0008504630332807246,-0.0003425830332807402,156.49989474834925,214.85585160277526,72.83948451061305
sem_quality,2023-04-27,0.0005078799999999844,0.022503461562489037,0.011251730781244518,0.011759610781244503,158.34027259789556,214.96497259268725,73.65863874851676
sem_quality,2023-04-28,0.0005078799999999844,-0.014374961622031689,-0.007187480811015844,-0.0066796008110158595,157.28262278463419,215.07414900296763,73.12948744131215
sem_quality,2023-05-02,0.0005078799999999844,0.005639288525570597,0.0028196442627852984,0.003327524262785283,157.80598452806456,215.18338086176328,73.33558190975783
sem_quality,2023-05-03,0.0005078799999999844,0.024643150846446183,0.012321575423223092,0.012829455423223076,159.83054937208522,215.29266819723537,74.23873312102769
sem_quality,2023-05-04,0.0005078799999999844,0.029667041935077042,0.014833520967538521,0.015341400967538506,162.28257391686435,215.40201103755936,75.33939592075923
sem_quality,2023-05-05,0.0005078799999999844,0.002425744381381848,0.001212872190690924,0.0017207521906909085,162.56182201144276,215.51140941092513,75.4307265939127
sem_quality,2023-05-08,0.0005078799999999844,0.0,0.0,0.0005078799999999844,162.64438390960595,215.62086334553675,75.4307265939127
sem_quality,2023-05-09,0.0005078799999999844,-0.005037547429958313,-0.0025187737149791564,-0.002010893714979172,162.31732334022544,215.73037286961267,75.2408301070939
sem_quality,2023-05-10,0.0005078799999999844,-0.001807554019458136,-0.000903777009729068,-0.0003958970097290835,162.2530623972878,215.8399380113857,75.17286369343233
sem_quality,2023-05-11,0.0005078799999999844,0.003978376009924447,0.0019891880049622236,0.002497068004962208,162.65821932810724,215.94955879910293,75.32232074594215
sem_quality,2023-05-12,0.0005078799999999844,0.0012058497840760352,0.0006029248920380176,0.001110804892038002,162.8389008738671,216.0592352610258,75.36771139504309
sem_quality,2023-05-15,0.0005078799999999844,0.0017458727451512366,0.0008729363725756183,0.0013808163725756027,163.06375149428592,216.16896742543017,75.43346921455621
sem_quality,2023-05-16,0.0005078799999999844,0.018463449396303355,0.009231724698151677,0.009739604698151662,164.65192797443794,216.2787553206062,76.12949673691345
sem_quality,2023-05-17,0.0005078799999999844,0.017819398057573606,0.008909699028786803,0.009417579028786788,166.2025505183793,216.38859897485844,76.80744332453942
sem_quality,2023-05-18,0.0005078799999999844,0.013122181448746642,0.006561090724373321,0.007068970724373305,167.3774314823099,216.49849841650578,77.31112811706647
sem_quality,2023-05-19,0.0005078799999999844,0.005147740130824058,0.002573870065412029,0.0030817500654120133,167.89324689272902,216.60845367388157,77.51001590432084
sem_quality,2023-05-22,0.0005078799999999844,-0.016887812334512135,-0.008443906167256068,-0.007936026167256083,166.56084169208273,216.71846477533347,76.85586083527868
sem_quality,2023-05-23,0.0005078799999999844,-0.012773636857706234,-0.006386818428853117,-0.005878938428853132,165.58164075911702,216.82853174922357,76.3652455806061
sem_quality,2023-05-24,0.0005078799999999844,0.010134488282737416,0.005067244141368708,0.005575124141368692,166.50477896188062,216.9386546239284,76.75201049371452
sem_quality,2023-05-25,0.0005078799999999844,0.018637824935999164,0.009318912467999582,0.009826792467999567,168.14098686966915,217.0488334278388,77.46689268688016
sem_quality,2023-05-26,0.0005078799999999844,-0.002904251504148802,-0.001452125752074401,-0.0009442457520744167,167.98222045706785,217.15906818936014,77.35445812034399
sem_quality,2023-05-29,0.0005078799999999844,-0.017874408912035327,-0.008937204456017664,-0.008429324456017679,166.56624381799296,217.2693589369121,76.66347644830964
sem_quality,2023-05-30,0.0005078799999999844,0.009312783406877079,0.004656391703438539,0.005164271703438524,167.42643715769026,217.379705698929,77.02027041548025
sem_quality,2023-05-31,0.0005078799999999844,0.01593706753795166,0.00796853376897583,0.008476413768975816,168.84561291490428,217.49010850385937,77.6336974938371
sem_quality,2023-06-01,0.0005078799999999844,0.0037661187611830182,0.0018830593805915091,0.0023909393805914936,169.24931254006262,217.60056738016632,77.77981214744258
sem_quality,2023-06-02,0.0005078799999999844,0.0058908282401209655,0.0029454141200604828,0.003453294120060467,169.8337801958815,217.71108235632738,78.00878961132297
sem_quality,2023-06-05,0.0005078799999999844,0.00733713681787207,0.003668568408936035,0.00417644840893602,170.54308221696414,217.8216534608345,78.29482492089736
sem_quality,2023-06-06,0.0005078799999999844,0.0017849375652404338,0.0008924687826202169,0.0014003487826202013,170.78190201453097,217.9322807221942,78.36466513753075
sem_quality,2023-06-07,0.0005078799999999844,0.0,0.0,0.0005078799999999844,170.8686387269261,218.0429641689274,78.36466513753075
sem_quality,2023-06-09,0.0005078799999999844,-0.0022483259789247796,-0.0011241629894623898,-0.0006162829894624054,170.7633352914461,218.1537038295695,78.27661520010375
sem_quality,2023-06-12,0.0005078799999999844,-0.0005290779158600711,-0.00026453895793003557,0.00024334104206994887,170.80488901940328,218.26449973267046,78.25591849732983
sem_quality,2023-06-13,0.0005078799999999844,0.0008427398966819113,0.0004213699483409557,0.0009292499483409401,170.96360945370094,218.37535190679472,78.28887645097892
sem_quality,2023-06-14,0.0005078799999999844,0.0019912752094027415,0.0009956376047013707,0.0015035176047013552,171.22065625027784,218.48626038052114,78.36678423259917
sem_quality,2023-06-15,0.0005078799999999844,-0.004821887643753491,-0.0024109438218767455,-0.001903063821876761,170.89481241380994,218.5972251824432,78.17794222739087
sem_quality,2023-06-16,0.0005078799999999844,0.01379881932495584,0.00689940966247792,0.007407289662477905,172.16067979117386,218.7082463411689,78.71705007529336
sem_quality,2023-06-19,0.0005078799999999844,0.0016483380261484906,0.0008241690130742453,0.0013320490130742297,172.39000625477988,218.8193238853206,78.781893296191
sem_quality,2023-06-20,0.0005078799999999844,-0.007171354909531395,-0.0035856774547656975,-0.003077797454765713,171.85942473230187,218.93045784353552,78.49955023394953
sem_quality,2023-06-21,0.0005078799999999844,-0.0021722948608766113,-0.0010861474304383056,-0.0005782674304383212,171.7600440243653,219.04164824446508,78.41433143009847
sem_quality,2023-06-22,0.0005078799999999844,-0.00408500374087295,-0.002042501870436475,-0.0015346218704364906,171.49645730433838,219.15289511677548,78.25425131297334
sem_quality,2023-06-23,0.0005078799999999844,0.00012394575749082558,6.197287874541279e-05,0.0005698528787453972,171.5941850542279,219.2641984891474,78.25909849241579
sem_quality,2023-06-26,0.0005078799999999844,0.006758333042276151,0.0033791665211380757,0.00388704652113806,172.26117963429044,219.37555839027607,78.52341477706115
sem_quality,2023-06-27,0.0005078799999999844,-0.003886042565754977,-0.0019430212828774884,-0.001435141282877504,172.0139605039601,219.48697484887134,78.37091956021584
sem_quality,2023-06-28,0.0005078799999999844,-0.0010979623508473972,-0.0005489811754236986,-4.110117542371417e-05,172.0068905279941,219.59844789365758,78.32791724069467
sem_quality,2023-06-29,0.0005078799999999844,-0.013857147361013539,-0.006928573680506769,-0.0064206936805067845,170.90248697297739,219.70997755337382,77.78549198179236
sem_quality,2023-06-30,0.0005078799999999844,0.011705235963219244,0.005852617981609622,0.006360497981609606,171.98951189642108,219.82156385677362,78.24050965649671
sem_quality,2023-07-03,0.0005078799999999844,0.005419470930241699,0.0027097354651208494,0.003217615465120834,172.54290800973763,219.93320683262522,78.45241311879164
sem_quality,2023-07-04,0.0005078799999999844,0.0013279052145218073,0.0006639526072609037,0.001171832607260888,172.74509941549505,220.04490650971138,78.50447536165586
sem_quality,2023-07-05,0.0005078799999999844,-0.007368636997406438,-0.003684318498703219,-0.0031764384987032347,172.19638523124937,220.15666291682953,78.21538669320286
sem_quality,2023-07-06,0.0005078799999999844,0.0005486376356855869,0.00027431881784279345,0.0007821988178427779,172.331077040214,220.26847608279172,78.23683175410011
sem_quality,2023-07-07,0.0005078799999999844,-0.006714990083288176,-0.003357495041644088,-0.0028496150416441038,171.8399998109375,220.38034603642464,77.974285321494
sem_quality,2023-07-10,0.0005078799999999844,0.0,0.0,0.0005078799999999844,171.9272739100415,220.49227280656964,77.97428532149397
sem_quality,2023-07-11,0.0005078799999999844,0.008665397210167633,0.004332698605083817,0.004840578605083801,172.75950139376084,220.60425642208264,78.31195290412697
sem_quality,2023-07-12,0.0005078799999999844,-0.014851581860580462,-0.007425790930290231,-0.006917910930290247,171.56436655075743,220.71629691183432,77.73071991113065
sem_quality,2023-07-13,0.0005078799999999844,0.007943672569603787,0.003971836284801893,0.004479716284801878,172.33292623748656,220.8283943047099,78.03929688484403
sem_quality,2023-07-14,0.0005078799999999844,-0.005684979839453106,-0.002842489919726553,-0.0023346099197265684,171.93059607839703,220.94054862960934,77.8175835738627
sem_quality,2023-07-17,0.0005078799999999844,-0.004888413792925511,-0.0024442068964627556,-0.0019363268964627711,171.59768224088558,221.05275991544735,77.62747785032029
sem_quality,2023-07-18,0.0005078799999999844,0.0019568996469767246,0.0009784498234883623,0.0014863298234883467,171.85273299364167,221.1650281911532,77.70339388608453
sem_quality,2023-07-19,0.0005078799999999844,0.0029836557672915653,0.0014918278836457827,0.001999707883645767,172.19638825863515,221.27735348567094,77.81925513212808
sem_quality,2023-07-20,0.0005078799999999844,0.001953289012817022,0.000976644506408511,0.0014845245064084955,172.45201801692014,221.38973582795924,77.89521829997197
sem_quality,2023-07-21,0.0005078799999999844,0.014171813102135687,0.007085906551067844,0.0075937865510678285,173.76158183204154,221.50217524699153,78.44689635137189
sem_quality,2023-07-24,0.0005078799999999844,-0.016552045407016113,-0.008276022703508057,-0.007768142703508072,172.41177706798294,221.61467177175598,77.79799761883646
sem_quality,2023-07-25,0.0005078799999999844,0.015877825162753566,0.007938912581376783,0.008446792581376768,173.86810358746277,221.7272254312554,78.41531559748357
sem_quality,2023-07-26,0.0005078799999999844,0.01819783237448422,0.00909891618724211,0.009606796187242094,175.5384190220898,221.83983625450745,79.12844779632005
sem_quality,2023-07-27,0.0005078799999999844,-0.018017903536406026,-0.009008951768203013,-0.008501071768203028,174.04615432390614,221.9525042705444,78.41594529240191
sem_quality,2023-07-28,0.0005078799999999844,0.0004244295730993306,0.0002122147865496653,0.0007200947865496497,174.1714840522538,222.06522950841335,78.43257786814166
sem_quality,2023-07-31,0.0005078799999999844,0.006759137957391673,0.0033795689786958365,0.003887448978695821,174.84856681005064,222.17801199717607,78.69751162066974
sem_quality,2023-08-01,0.0005078799999999844,-0.00022743015505957698,-0.00011371507752978849,0.00039416492247019595,174.91748598183133,222.2908517659092,78.68856706979288
sem_quality,2023-08-02,0.0004903700000000007,0.015027265881193222,0.007513632940596611,0.008004002940596612,176.31752605399166,222.39985653088965,79.2795142965852
sem_quality,2023-08-03,0.0004903700000000007,0.014666321275994923,0.007333160637997461,0.007823530637997463,177.69695162109096,222.5089147485367,79.86059876383428
sem_quality,2023-08-04,0.0004903700000000007,-0.0022566158844234034,-0.0011283079422117017,-0.000637937942211701,177.58359199343653,222.618026445062,79.77053558026257
sem_quality,2023-08-07,0.0004903700000000007,-0.008867960469382596,-0.004433980234691298,-0.003943610234691298,176.88327152253797,222.72719164668987,79.41700796152735
sem_quality,2023-08-08,0.0004903700000000007,-0.0014584207701528549,-0.0007292103850764274,-0.00023884038507642673,176.84102465385396,222.83641037965768,79.35912463881506
sem_quality,2023-08-09,0.0004903700000000007,0.0,0.0,0.0004903700000000007,176.9277421871135,222.94568267021555,79.35912463881508
sem_quality,2023-08-10,0.0004903700000000007,-0.013237664668889416,-0.006618832334444708,-0.0061284623344447075,175.84344718320142,223.05500854462656,78.83411734644841
sem_quality,2023-08-11,0.0004903700000000007,0.02427082113596124,0.01213541056798062,0.01262578056798062,178.0636079616538,223.16438802916662,79.7903328278263
sem_quality,2023-08-14,0.0004903700000000007,0.002418589044784989,0.0012092945223924946,0.0016996645223924952,178.36625635883541,223.2738211501245,79.88677554763834
sem_quality,2023-08-15,0.0004903700000000007,-0.0028776973880317394,-0.0014388486940158697,-0.000948478694015869,178.19707976494772,223.3833079338019,79.7718869029172
sem_quality,2023-08-16,0.0004903700000000007,0.016359356324724194,0.008179678162362097,0.008670048162362097,179.74205702890208,223.49284840651342,80.42407545048933
sem_quality,2023-08-17,0.0004903700000000007,0.00818591712360318,0.00409295856180159,0.004583328561801591,180.56587393263962,223.60244259458653,80.75308652152047
sem_quality,2023-08-18,0.0004903700000000007,0.0024099702687185205,0.0012049851343592603,0.001695355134359261,180.87199721410138,223.71209052436166,80.85034509764456
sem_quality,2023-08-21,0.0004903700000000007,-0.013012664696828474,-0.006506332348414237,-0.006015962348414236,179.78387808897887,223.82179222219213,80.32456370937464
sem_quality,2023-08-22,0.0004903700000000007,-0.005090021915422441,-0.0025450109577112206,-0.0020546409577112197,179.41448676952106,223.93154771444412,80.12023701024435
sem_quality,2023-08-23,0.0004903700000000007,-0.002596310856792303,-0.0012981554283961515,-0.0008077854283961508,179.2695583614655,224.04135702749687,80.01627946730547
sem_quality,2023-08-24,0.0004903700000000007,0.014415076483361008,0.007207538241680504,0.0076979082416805044,180.64955897225866,224.15122018774247,80.59271719375515
sem_quality,2023-08-25,0.0004903700000000007,-0.002348298233372579,-0.0011741491166862895,-0.0006837791166862888,180.52603457639486,224.26113722158595,80.4981357059749
sem_quality,2023-08-28,0.0004903700000000007,-0.0017891223852706806,-0.0008945611926353403,-0.00040419119263533957,180.45306754317772,224.3711081554453,80.42616049217844
sem_quality,2023-08-29,0.0004903700000000007,0.005488527942204484,0.002744263971102242,0.0032346339711022427,181.0367671656425,224.48113301575154,80.6467629299338
sem_quality,2023-08-30,0.0004903700000000007,0.006161195291956457,0.0030805976459782284,0.0035709676459782292,181.6832436039235,224.5912118289485,80.89508139004823
sem_quality,2023-08-31,0.0004903700000000007,-0.0050433993622209065,-0.0025216996811104533,-0.0020313296811104524,181.31418503863043,224.70134462149306,80.69118827217174
sem_quality,2023-09-01,0.0004903700000000007,0.01673458860662238,0.00836729430331119,0.00885766430331119,182.92020522313106,224.81153141985516,81.36602427279925
sem_quality,2023-09-04,0.0004903700000000007,0.001577455335076713,0.0007887276675383565,0.0012790976675383574,183.1541780309776,224.9217722505175,81.43016845295918
sem_quality,2023-09-05,0.0004903700000000007,-0.009509025413925686,-0.004754512706962843,-0.004264142706962843,182.37318247847702,225.03206713997602,81.04319744129444
sem_quality,2023-09-06,0.0004903700000000007,-0.008401472096656759,-0.0042007360483283795,-0.0037103660483283787,181.69651121408327,225.14241611473946,80.70292322060058
sem_quality,2023-09-08,0.0004903700000000007,-0.0023629185634254837,-0.0011814592817127418,-0.0006910892817127411,181.57094270265864,225.25281920132966,80.60762273539919
sem_quality,2023-09-11,0.0004903700000000007,0.0,0.0,0.0004903700000000007,181.65997964583175,225.36327642628146,80.60762273539919
sem_quality,2023-09-12,0.0004903700000000007,0.021123395917434607,0.010561697958717304,0.011052067958717304,183.6676980862567,225.47378781614262,81.45855882636978
sem_quality,2023-09-13,0.0004903700000000007,-0.008044249560439698,-0.004022124780219849,-0.003531754780219848,183.0190288155686,225.58435339747405,81.13108292271211
sem_quality,2023-09-14,0.0004903700000000007,-0.018727815741552013,-0.009363907870776006,-0.008873537870776006,181.395002532301,225.69497319684956,80.37175129022017
sem_quality,2023-09-15,0.0004903700000000007,-0.017963298053409786,-0.008981649026704893,-0.008491279026704893,179.85472695174937,225.80564724085613,79.65023423878628
sem_quality,2023-09-18,0.0004903700000000007,-0.022146710357821092,-0.011073355178910546,-0.010582985178910546,177.951327042062,225.91637555609364,78.76867119704556
sem_quality,2023-09-19,0.0004903700000000007,-0.00813833531102152,-0.00406916765551076,-0.003578797655510759,177.31447525004884,226.02715816917512,78.44830536573566
sem_quality,2023-09-20,0.00047278999999995685,-0.015414584826773539,-0.007707292413386769,-0.007234502413386813,176.03169325092395,226.13402154928588,77.84396706205389
sem_quality,2023-09-21,0.00047278999999995685,-0.007267668651465747,-0.0036338343257328737,-0.0031610443257329168,175.47524926582395,226.24093545333412,77.56122865838246
sem_quality,2023-09-22,0.00047278999999995685,0.00410844755257723,0.002054223776288615,0.002527013776288572,175.91867763811632,226.3478999052071,77.72048148526662
sem_quality,2023-09-25,0.00047278999999995685,0.000584348253514104,0.000292174126757052,0.0007649641267570089,176.05324911573604,226.45491492880328,77.74317866807468
sem_quality,2023-09-26,0.00047278999999995685,-0.013521572159102158,-0.006760786079551079,-0.006287996079551122,174.94622697550406,226.56198054803244,77.21782205131035
sem_quality,2023-09-27,0.00047278999999995685,0.005566130117773108,0.002783065058886554,0.003255855058886511,175.5158265336354,226.66909678681571,77.43262271817741
sem_quality,2023-09-28,0.00047278999999995685,-0.0003490478992210222,-0.0001745239496105111,0.00029826605038944576,175.5681769459964,226.77626366908555,77.41911525722439
sem_quality,2023-09-29,0.00047278999999995685,0.005004818563817702,0.002502409281908851,0.002975199281908808,176.09052725997213,226.88348121878562,77.61275801748062
sem_quality,2023-10-02,0.00047278999999995685,-0.007743628507607615,-0.0038718142538038073,-0.0033990242538038504,175.4919912869504,226.99074945987104,77.31239784199887
sem_quality,2023-10-03,0.00047278999999995685,0.02739496069476723,0.013697480347383615,0.014170270347383572,177.97876024728717,227.09806841630814,78.37088245111042
sem_quality,2023-10-04,0.00047278999999995685,0.003253893330255487,0.0016269466651277435,0.0020997366651277004,178.35246877579237,227.2054381120747,78.49832744224001
sem_quality,2023-10-05,0.00047278999999995685,-0.007152643702417472,-0.003576321851208736,-0.003103531851208779,177.79894620820497,227.31285857115964,78.21772482463659
sem_quality,2023-10-06,0.00047278999999995685,-0.0138661143529955,-0.00693305717649775,-0.006460267176497793,176.65031751200019,227.42032981756347,77.67569313337512
sem_quality,2023-10-09,0.00047278999999995685,0.008817696198418795,0.004408848099209398,0.004881638099209354,177.5126604322042,227.5278518752979,78.01799163009471
sem_quality,2023-10-10,0.00047278999999995685,-0.015303096131501003,-0.007651548065750502,-0.007178758065750545,176.23833998935368,227.635424768386,77.4213153197365
sem_quality,2023-10-11,0.00047278999999995685,0.0,0.0,0.00047278999999995685,176.32166371411722,227.74304852086226,77.4213153197365
sem_quality,2023-10-13,0.00047278999999995685,0.00559690507822381,0.002798452539111905,0.003271242539111862,176.89845464102584,227.8507231567724,77.6378728099586
sem_quality,2023-10-16,0.00047278999999995685,-0.010720037774009697,-0.005360018887004848,-0.004887228887004892,176.03391140343768,227.95844870017365,77.22192899942452
sem_quality,2023-10-17,0.00047278999999995685,-0.015588211933762874,-0.007794105966881437,-0.00732131596688148,174.74511151716712,228.0662251751346,76.62033752826768
sem_quality,2023-10-18,0.00047278999999995685,0.00867034222148407,0.004335171110742035,0.0048079611107419915,175.5852792176339,228.1740526057351,76.95234283322739
sem_quality,2023-10-19,0.00047278999999995685,0.0030106809287204954,0.0015053404643602477,0.0019781304643602046,175.93260980754752,228.28193101606655,77.06812756685737
sem_quality,2023-10-20,0.00047278999999995685,0.024187484686436344,0.012093742343218172,0.01256653234321813,178.14347263892083,228.3898604302316,77.99972919259258
sem_quality,2023-10-23,0.00047278999999995685,0.003764383793801165,0.0018821918969005825,0.0023549818969005394,178.5629972920365,228.49784087234437,78.14647027312388
sem_quality,2023-10-24,0.00047278999999995685,-0.003108720207312222,-0.001554360103656111,-0.001081570103656154,178.3698688925462,228.60587236653038,78.02505991909109
sem_quality,2023-10-25,0.00047278999999995685,0.012781649126846362,0.006390824563423181,0.006863614563423138,179.59413092235295,228.71395493692654,78.52346874587536
sem_quality,2023-10-26,0.00047278999999995685,-0.023902696152667845,-0.011951348076333922,-0.011478558076333965,177.53264926039202,228.82208860768114,77.5854509241782
sem_quality,2023-10-27,0.00047278999999995685,-0.016421904022174548,-0.008210952011087274,-0.0077381620110873175,176.15887285815754,228.93027340295396,76.94870155861373
sem_quality,2023-10-30,0.00047278999999995685,0.007782228034021807,0.0038911140170109033,0.00436390401701086,176.92761327105538,229.0385093469161,77.24797623576467
sem_quality,2023-10-31,0.00047278999999995685,0.011116795908082011,0.0055583979540410056,0.006031187954040962,177.99469696095295,229.14679646375018,77.67714832055736
sem_quality,2023-11-01,0.00045513000000005176,0.06321372346447704,0.03160686173223852,0.03206199173223857,183.70156146329737,229.25108804522472,80.13116231189196
sem_quality,2023-11-03,0.00045513000000005176,-0.022822195651367522,-0.011411097825683761,-0.01095596782568371,181.68893306637761,229.35542709292673,79.2171937543748
sem_quality,2023-11-06,0.00045513000000005176,0.034126685199631544,0.017063342599815772,0.017518472599815822,184.87184566199073,229.45981362845953,80.56828894724657
sem_quality,2023-11-07,0.00045513000000005176,-0.004293265769505736,-0.002146632884752868,-0.0016915028847528163,184.5591344017439,229.56424767343626,80.39541708789349
sem_quality,2023-11-08,0.00045513000000005176,-0.018997659114698796,-0.009498829557349398,-0.009043699557349346,182.89003703965008,229.66872924947984,79.63210213131978
sem_quality,2023-11-09,0.00045513000000005176,-0.002069682644250272,-0.001034841322125136,-0.0005797113221250841,182.7840136144743,229.77325837822318,79.54973303011562
sem_quality,2023-11-10,0.00045513000000005176,0.003550062309668543,0.0017750311548342715,0.0022301611548343233,183.19165142136202,229.87783508130883,79.69087204800164
sem_quality,2023-11-13,0.00045513000000005176,0.02024777780383425,0.010123888901917125,0.010579018901917177,185.12963936442205,229.98245938038937,80.4972865596758
sem_quality,2023-11-14,0.00045513000000005176,0.0,0.0,0.00045513000000005176,185.21389741718596,230.08713129712714,80.4972865596758
sem_quality,2023-11-16,0.00045513000000005176,-0.007797600029409472,-0.003898800014704736,-0.0034436700147046843,184.57608187234382,230.19185085319438,80.183586511956
sem_quality,2023-11-17,0.00045513000000005176,-0.0015474523817492584,-0.0007737261908746292,-0.00031859619087457747,184.51727663573274,230.29661807027318,80.12157459447744
sem_quality,2023-11-20,0.00045513000000005176,-0.019788924389613532,-0.009894462194806766,-0.009439332194806714,182.77555676588702,230.40143297005554,79.32917534833288
sem_quality,2023-11-21,0.00045513000000005176,0.010043430902433629,0.005021715451216814,0.005476845451216866,183.77659024255388,230.50629557424318,79.72736266691759
sem_quality,2023-11-22,0.00045513000000005176,0.008404512147332927,0.004202256073666463,0.004657386073666515,184.63250877461547,230.6112059045479,80.06224504590492
sem_quality,2023-11-23,0.00045513000000005176,-0.014333699046945739,-0.0071668495234728695,-0.006711719523472818,183.39330716080514,230.71616398269123,79.48871201523775
sem_quality,2023-11-24,0.00045513000000005176,0.0017874147841538492,0.0008937073920769246,0.0013488373920769764,183.64067491096029,230.82116983040467,79.55971934718546
sem_quality,2023-11-27,0.00045513000000005176,0.004846577057760805,0.0024232885288804026,0.0028784185288804544,184.16926963228008,230.92622346942954,79.75242779504458
sem_quality,2023-11-28,0.00045513000000005176,0.00027979223399164166,0.00013989611699582083,0.0005950261169958726,184.27885515765934,231.03132492151718,79.76357977441373
sem_quality,2023-11-29,0.00045513000000005176,-0.013544031991840594,-0.006772015995920297,-0.006316885995920245,183.1147866381697,231.13647420842872,79.22366526757904
sem_quality,2023-11-30,0.00045513000000005176,0.014784795261077444,0.007392397630538722,0.007847527630538774,184.55178498587296,231.2416713519352,79.80905167606959
sem_quality,2023-12-01,0.00045513000000005176,-0.002465501291202876,-0.001232750645601438,-0.0007776206456013863,184.40827370768537,231.34691637381758,79.71071177353093
sem_quality,2023-12-04,0.00045513000000005176,0.013948967289508618,0.006974483644754309,0.007429613644754361,185.77835593422955,231.4522092958668,80.26639991876159
sem_quality,2023-12-05,0.00045513000000005176,0.009999021458743807,0.0049995107293719036,0.005454640729371955,186.79171012114415,231.55755013988363,80.66751008909168
sem_quality,2023-12-06,0.00045513000000005176,0.010361303207577825,0.005180651603788913,0.0056357816037889644,187.84442740478516,231.6629389276788,81.08523023763718
sem_quality,2023-12-07,0.00045513000000005176,-0.013970161364045015,-0.006985080682022507,-0.0065299506820224555,186.61781255793917,231.76837568107294,80.51910102469562
sem_quality,2023-12-08,0.00045513000000005176,-0.00932604258380107,-0.004663021291900535,-0.004207891291900483,185.8325450895631,231.87386042189667,80.14380954862227
sem_quality,2023-12-11,0.00045513000000005176,0.00917194483864055,0.004585972419320275,0.005041102419320327,186.7693459822026,231.97939317199047,80.51117964763837
sem_quality,2023-12-12,0.00045513000000005176,0.0218035606222878,0.0109017803111439,0.011356910311143952,188.89046869339347,232.0849739532048,81.38849554796226
sem_quality,2023-12-13,0.0004373900000000407,0.001832055174136685,0.0009160275870683425,0.0013534175870683833,189.1461163757527,232.1864855999622,81.46301706018997
sem_quality,2023-12-14,0.0004373900000000407,-0.011043614156275685,-0.005521807078137843,-0.005084417078137802,188.18441863138838,232.2880416468988,81.01339065807255
sem_quality,2023-12-15,0.0004373900000000407,0.0,0.0,0.0004373900000000407,188.2667286142536,232.38964211343475,81.01339065807255
sem_quality,2023-12-18,0.0004373900000000407,-0.002812461569569667,-0.0014062307847848335,-0.0009688407847847928,188.0843281291541,232.49128701899875,80.89951694137432
sem_quality,2023-12-19,0.0004373900000000407,-0.004621357555560257,-0.0023106787777801285,-0.0018732887777800878,187.73199186799346,232.59297638302803,80.71266587123479
sem_quality,2023-12-20,0.0004373900000000407,0.0074594107334785085,0.0037297053667392542,0.004167095366739295,188.5142889814953,232.69471022496822,81.01356872240049
sem_quality,2023-12-21,0.0004373900000000407,-0.0014404186130240748,-0.0007202093065120374,-0.0002828193065119967,188.46097350101795,232.79648856427352,80.95524750536998
sem_quality,2023-12-22,0.0004373900000000407,0.0032598132952743704,0.0016299066476371852,0.0020672966476372257,188.85057823974705,232.89831142040666,81.08713931328224
sem_quality,2023-12-26,0.0004373900000000407,0.00041929995544756626,0.00020964997772378313,0.0006470399777238239,188.97277211368444,233.00017881283884,81.1041317978901
sem_quality,2023-12-27,0.0004373900000000407,-0.0038935526793429003,-0.0019467763396714501,-0.0015093863396714094,188.6875391928862,233.10209076104985,80.94630922307235
sem_quality,2023-12-28,0.0008749713100121814,-0.028994228303294872,-0.014497114151647436,-0.013622142841635255,186.11721058156405,233.30604840276962,79.77384720873556
sem_quality,2024-01-02,0.0004373900000000407,0.01686625523116899,0.008433127615584495,0.008870517615584536,187.76816657659128,233.40809413528052,80.44629612020357
sem_quality,2024-01-03,0.0004373900000000407,-0.007736331950088002,-0.003868165975044001,-0.00343077597504396,187.12397606182228,233.5101845015744,80.13525254208372
sem_quality,2024-01-04,0.0004373900000000407,0.006196644349934935,0.0030983221749674673,0.0035357121749675082,187.7855925822124,233.61231952117353,80.38342882220832
sem_quality,2024-01-05,0.0004373900000000407,0.020054748558523915,0.010027374279261958,0.010464764279261999,189.75072454362675,233.71449921360892,81.189111151465
sem_quality,2024-01-08,0.0004373900000000407,-0.0049563531674675365,-0.0024781765837337683,-0.0020407865837337273,189.36348381072438,233.81672359841997,80.9879981621657
sem_quality,2024-01-09,0.0004373900000000407,-0.010909323342694436,-0.005454661671347218,-0.005017271671347177,188.41339576781323,233.91899269515469,80.5464291706126
sem_quality,2024-01-10,0.0004373900000000407,-0.0053089460741706975,-0.0026544730370853488,-0.002217083037085308,187.99566762409677,234.02130652336965,80.33271432288294
sem_quality,2024-01-11,0.0004373900000000407,0.006301979437089526,0.003150989718544763,0.0035883797185448036,188.67026746497336,234.12366510262993,80.5857312127197
sem_quality,2024-01-12,0.0004373900000000407,-0.0032078033930481127,-0.0016039016965240563,-0.0011665116965240156,188.45018139118915,234.22606845250922,80.45653613034904
sem_quality,2024-01-15,0.0004373900000000407,0.0008824692651813182,0.0004412346325906591,0.0008786246325906998,188.61575836257563,234.3285165925897,80.49202081985968
sem_quality,2024-01-16,0.0004373900000000407,-0.008675766488864136,-0.004337883244432068,-0.0039004932444320272,187.880063871289,234.4310095424621,80.14300848593948
sem_quality,2024-01-17,0.0004373900000000407,-0.002260554842977944,-0.001130277421488972,-0.0006928874214889313,187.74988413828405,234.5335473217259,80.0524642560983
sem_quality,2024-01-18,0.0004373900000000407,0.0007314253662789689,0.00036571268313948446,0.0008031026831395252,187.9006665739946,234.63612994998897,80.08172765807393
sem_quality,2024-01-19,0.0004373900000000407,0.0,0.0,0.0004373900000000407,187.98285244654744,234.73875744686782,80.08172765807393
sem_quality,2024-01-22,0.0004373900000000407,-0.005789074667005819,-0.0028945373335029093,-0.0024571473335028684,187.52095088191413,234.84142983198754,79.8500294501154
sem_quality,2024-01-23,0.0004373900000000407,-0.012047207771037117,-0.006023603885518558,-0.0055862138855185175,186.47341874227197,234.94414712498178,79.36925478849015
sem_quality,2024-01-24,0.0004373900000000407,0.006020176741877131,0.0030100883709385656,0.0034474783709386066,187.11628182014093,235.04690934549282,79.60805880884858
sem_quality,2024-01-25,0.0004373900000000407,-0.004916828148087453,-0.0024584140740437264,-0.002021024074043686,186.73811530993686,235.14971651317148,79.41243480065054
sem_quality,2024-01-26,0.0004373900000000407,-0.01858335036828428,-0.00929167518414214,-0.008854285184142099,185.08468278223347,235.25256864767718,78.67488284874926
sem_quality,2024-01-29,0.0004373900000000407,0.011519448939344258,0.005759724469672129,0.00619711446967217,186.23167374801795,235.35546576867802,79.12783038192028
sem_quality,2024-01-30,0.0004373900000000407,-0.000928470448930371,-0.0004642352244651855,-2.6845224465144773e-05,186.22667431693364,235.4584078958506,79.09111251584889
sem_quality,2024-01-31,0.0004195699999999557,-0.013560436732384013,-0.006780218366192007,-0.006360648366192051,185.04215192519825,235.55719918005144,78.55508240432029
sem_quality,2024-02-01,0.0004195699999999557,0.001932863702787408,0.000966431851393704,0.0013860018513936598,185.29862069035244,235.65603191411145,78.63096869843223
sem_quality,2024-02-02,0.0004195699999999557,-0.016250555562127733,-0.008125277781063867,-0.007705707781063911,183.87076366707836,235.75490611542165,77.99233818576752
sem_quality,2024-02-05,0.0004195699999999557,0.000912980051479495,0.0004564900257397475,0.0008760600257397032,184.03184549302935,235.8538218013805,78.02792597866319
sem_quality,2024-02-06,0.0004195699999999557,0.00030467062325388074,0.00015233531162694037,0.0005719053116268961,184.1370942829753,235.95277898939372,78.03980740199395
sem_quality,2024-02-07,0.0004195699999999557,-0.00950133909916129,-0.004750669549580645,-0.004331099549580689,183.3395781968652,236.05177769687432,77.66922155201921
sem_quality,2024-02-08,0.0004195699999999557,-0.010062578387453234,-0.005031289193726617,-0.004611719193726661,182.49406754512498,236.1508179412426,77.27860912619488
sem_quality,2024-02-09,0.0004195699999999557,-0.005167812815074455,-0.0025839064075372275,-0.002164336407537272,182.09908899057748,236.24989973992624,77.07901217779977
sem_quality,2024-02-14,0.0004195699999999557,-0.0005913679874616311,-0.00029568399373081555,0.00012388600626914013,182.12164851945778,236.34902311036012,77.0562307060683
sem_quality,2024-02-15,0.0004195699999999557,0.0011460838963190667,0.0005730419481595334,0.000992611948159489,182.3024246437967,236.44818806998654,77.10036863967713
sem_quality,2024-02-16,0.0004195699999999557,-0.008162635376253696,-0.004081317688126848,-0.0036617476881268926,181.63487916181737,236.54739463625506,76.78582951256848
sem_quality,2024-02-19,0.0004195699999999557,0.00016356667592704738,8.178333796352369e-05,0.0005013533379634794,181.72594241477574,236.6466428266226,76.79210668030305
sem_quality,2024-02-20,0.0004195699999999557,0.020652791632558103,0.010326395816279052,0.010745965816279008,183.678763179896,236.7459326585534,77.58475979598202
sem_quality,2024-02-21,0.0004195699999999557,0.0016403347536219168,0.0008201673768109584,0.0012397373768109142,183.9064766079365,236.84526414951895,77.6483655978181
sem_quality,2024-02-22,0.0004195699999999557,0.0,0.0,0.0004195699999999557,183.9836382483269,236.94463731699815,77.64836559781811
sem_quality,2024-02-23,0.0004195699999999557,-0.0058078033106694444,-0.0029039016553347222,-0.0024843316553347667,183.52656187176294,237.04405217847727,77.4229769467409
sem_quality,2024-02-26,0.0004195699999999557,0.022510426973101655,0.011255213486550827,0.011674783486550783,185.6691947456468,237.1435087514498,78.29402361598973
sem_quality,2024-02-27,0.0004195699999999557,0.006148754013053777,0.0030743770065268885,0.003493947006526844,186.31791307283262,237.24300705341665,78.53462801155698
sem_quality,2024-02-28,0.0004195699999999557,0.0038807354013959223,0.0019403677006979612,0.0023599377006979167,186.75761174020857,237.34254710188605,78.68695015733421
sem_quality,2024-02-29,0.0004195699999999557,0.018860291683355603,0.009430145841677801,0.009849715841677757,188.59712114712,237.4421289143736,79.42866837044402
sem_quality,2024-03-01,0.0004195699999999557,-0.024235594530729314,-0.012117797265364657,-0.011698227265364701,186.39086916234746,237.54175250840223,78.46657153704147
sem_quality,2024-03-04,0.0004195699999999557,0.002345239371292737,0.0011726196856463684,0.0015921896856463242,186.6876387817264,237.6414179015022,78.55854439443921
sem_quality,2024-03-05,0.0004195699999999557,-0.025553177982338332,-0.012776588991169166,-0.01235701899116921,184.38073608388405,237.74112511121115,77.55525511105155
sem_quality,2024-03-06,0.0004195699999999557,-0.014918159426007261,-0.0074590797130036305,-0.0070395097130036745,183.08278610133078,237.84087415507406,76.97700689661922
sem_quality,2024-03-07,0.0004195699999999557,0.0238869787612628,0.0119434893806314,0.012363059380631355,185.34624945747296,237.9406650506433,77.89599538104335
sem_quality,2024-03-08,0.0004195699999999557,0.018034261544131385,0.009017130772065693,0.009436700772065649,187.0953065528278,238.0404978154786,78.59809917632508
sem_quality,2024-03-11,0.0004195699999999557,0.007518110059830348,0.003759055029915174,0.0041786250299151294,187.8771076837691,238.14037246714705,78.89342984448717
sem_quality,2024-03-12,0.0004195699999999557,0.0022731586998983493,0.0011365793499491746,0.0015561493499491304,188.16947252276154,238.24028902322308,78.98306088120101
sem_quality,2024-03-13,0.0004195699999999557,-0.00988760078130545,-0.004943800390652725,-0.004524230390652769,187.31815047658097,238.34024750128856,78.59274815747108
sem_quality,2024-03-14,0.0004195699999999557,-0.012463920081095156,-0.006231960040547578,-0.005812390040547622,186.22938432433708,238.4402479189327,78.10316670516683
sem_quality,2024-03-15,0.0004195699999999557,-0.0011337698247917787,-0.0005668849123958893,-0.00014731491239593366,186.20194995889977,238.54029029375207,78.05890976723477
sem_quality,2024-03-18,0.0004195699999999557,-0.0062632038441694324,-0.0031316019220847162,-0.0027120319220847607,185.6969643266568,238.6403746433506,77.81456285600538
sem_quality,2024-03-19,0.0004195699999999557,0.03039322997117235,0.015196614985586176,0.015616184985586132,188.59684247284366,238.74050098533974,78.99658486702462
sem_quality,2024-03-20,0.0004016799999999529,0.005311678112761462,0.002655839056380731,0.003057519056380684,189.17348091267758,238.83639826977551,79.2063028429186
sem_quality,2024-03-21,0.0004016799999999529,-0.014980121260701399,-0.007490060630350699,-0.0070883806303507465,187.83254727480013,238.9323340742325,78.61328103731809
sem_quality,2024-03-22,0.0004016799999999529,0.0005422339187362568,0.0002711169593681284,0.0006727969593680813,187.95892044147698,239.02830841418344,78.63458587331236
sem_quality,2024-03-25,0.0004016799999999529,0.0,0.0,0.0004016799999999529,188.0344197806399,239.12432130510726,78.63458587331235
sem_quality,2024-03-26,0.0004016799999999529,-0.01823792610666914,-0.00911896305333457,-0.008717283053334617,186.39527051964254,239.2203727624891,77.9178079053935
sem_quality,2024-03-27,0.0004016799999999529,-0.005757222889066798,-0.002878611444533399,-0.002476931444533446,185.9335822129801,239.31646280182034,77.69360287050249
sem_quality,2024-03-28,0.0004016799999999529,-0.004653686326918372,-0.002326843163459186,-0.0019251631634592333,185.57562972965366,239.41259143859855,77.51289462870531
sem_quality,2024-04-01,0.0004016799999999529,-0.0039052502496639825,-0.0019526251248319912,-0.0015509451248320383,185.2878121114368,239.5087586883276,77.36160177446854
sem_quality,2024-04-02,0.0004016799999999529,-0.017010154604348432,-0.008505077302174216,-0.008103397302174263,183.78635135464722,239.6049645665175,76.70389955698339
sem_quality,2024-04-03,0.0004016799999999529,-0.0004448321990432138,-0.0002224160995216069,0.000179263900478346,183.81929761284573,239.70120908868458,76.68684622480829
sem_quality,2024-04-04,0.0004016799999999529,0.0029640015304151597,0.0014820007652075798,0.0018836807652075327,184.16555448803302,239.7974922703513,76.80045055700666
sem_quality,2024-04-05,0.0004016799999999529,-0.0012615003398636932,-0.0006307501699318466,-0.0002290701699318937,184.12336765317085,239.89381412704645,76.75202811009547
sem_quality,2024-04-08,0.0004016799999999529,-0.001521333111391068,-0.000760666555695534,-0.00035898655569558107,184.05726983959397,239.990174674305,76.69366885097752
sem_quality,2024-04-09,0.0004016799999999529,-0.007949070505105765,-0.003974535252552883,-0.0035728552525529297,183.39965985627705,240.08657392766816,76.38896955209607
sem_quality,2024-04-10,0.0004016799999999529,-0.011056354864001361,-0.0055281774320006805,-0.0051264974320007275,182.45946197099403,240.1830119026834,75.9668473326175
sem_quality,2024-04-11,0.0004016799999999529,0.0005826957027815216,0.0002913478513907608,0.0006930278513907137,182.58591145988973,240.27948861490444,75.98897122364026
sem_quality,2024-04-12,0.0004016799999999529,-0.01980523362487329,-0.009902616812436645,-0.009500936812436692,180.85117425226815,240.3760040798913,75.23678369832643
sem_quality,2024-04-15,0.0004016799999999529,-0.0012865101955524634,-0.0006432550977762317,-0.00024157509777627878,180.8074851121652,240.47255831321007,75.18840668575062
sem_quality,2024-04-16,0.0004016799999999529,0.0010911870752820518,0.0005455935376410259,0.0009472735376409788,180.9787592582194,240.56915133043333,75.22941252331906
sem_quality,2024-04-17,0.0004016799999999529,-0.009414576100173582,-0.004707288050086791,-0.004305608050086838,180.19953565546248,240.6657831471397,74.87542819715713
sem_quality,2024-04-18,0.0004016799999999529,-0.004948141715259008,-0.002474070857629504,-0.002072390857629551,179.82609178522102,240.76245377891422,74.69025546248609
sem_quality,2024-04-19,0.0004016799999999529,0.012102176430646372,0.006051088215323186,0.006452768215323139,180.98646787457847,240.85916324134814,75.14203131778903
sem_quality,2024-04-22,0.0004016799999999529,0.013841511881498542,0.006920755940749271,0.007322435940749224,182.31172969173255,240.95591155003893,75.66186217177417
sem_quality,2024-04-23,0.0004016799999999529,-0.010768987343935934,-0.005384493671967967,-0.004982813671968014,181.40330431246443,241.05269872059037,75.25462493275509
sem_quality,2024-04-24,0.0004016799999999529,-0.010356341147130178,-0.005178170573565089,-0.004776490573565136,180.53683313940238,241.14952476861245,74.86510011273333
sem_quality,2024-04-25,0.0004016799999999529,0.0,0.0,0.0004016799999999529,180.60935117453784,241.24638970972148,74.86510011273336
sem_quality,2024-04-26,0.0004016799999999529,0.0031287051886667284,0.0015643525943333642,0.0019660325943333173,180.96443504578838,241.3432935595401,74.98216850228901
sem_quality,2024-04-29,0.0004016799999999529,-0.0009673651836173483,-0.00048368259180867415,-8.200259180872124e-05,180.94959549308942,241.44023633369707,74.94591549479645
sem_quality,2024-04-30,0.0004016799999999529,-0.004127302865454529,-0.0020636514327272643,-0.0016619714327273114,180.64886243461635,241.5372180478276,74.79131534869524
sem_quality,2024-05-02,0.0004016799999999529,0.007164641093577458,0.003582320546788729,0.003984000546788682,181.3685676013326,241.63423871757303,75.0591342368992
sem_quality,2024-05-03,0.0004016799999999529,0.0007935281835374369,0.00039676409176871846,0.0007984440917686714,181.51338026256644,241.73129835858109,75.08890304858737
sem_quality,2024-05-06,0.0004016799999999529,0.024411036931857064,0.012205518465928532,0.012607198465928485,183.80175547175816,241.82839698650577,76.00503404983263
sem_quality,2024-05-07,0.0004016799999999529,-0.0052736376993559,-0.00263681884967795,-0.002235138849677997,183.3909330274642,241.92553461700732,75.80470301235074
sem_quality,2024-05-08,0.0003927000000000135,-0.006029486519289772,-0.003014743259644886,-0.0026220432596448726,182.91007406763958,242.0205387744514,75.57626100407155
sem_quality,2024-05-09,0.0003927000000000135,0.006788842692229655,0.0033944213461148277,0.0037871213461148413,183.6027767135606,242.1155802400281,75.8326979748849
sem_quality,2024-05-10,0.0003927000000000135,-0.022551678913249447,-0.011275839456624723,-0.01088313945662471,181.6046020899634,242.21065902838833,74.97795630401154
sem_quality,2024-05-13,0.0003927000000000135,0.015709001307297313,0.007854500653648656,0.00824720065364867,183.10233168302537,242.30577515418878,75.56663953490587
sem_quality,2024-05-14,0.0003927000000000135,0.013602697933555993,0.006801348966777997,0.00719404896677801,184.4195788230843,242.4009286320918,76.08039286969495
sem_quality,2024-05-15,0.0003927000000000135,-0.006975376552478801,-0.0034876882762394004,-0.0030949882762393867,183.84880238871784,242.49611947676559,75.81515233538946
sem_quality,2024-05-16,0.0003927000000000135,-0.0009283245975119861,-0.00046416229875599304,-7.146229875597954e-05,183.8356641306756,242.5913477028841,75.77997561389947
sem_quality,2024-05-17,0.0003927000000000135,0.010882613475035233,0.005441306737517616,0.0058340067375176295,184.90816263380998,242.68661332512698,76.19215584260049
sem_quality,2024-05-20,0.0003927000000000135,0.01901548895929988,0.00950774447964994,0.009900444479649953,186.73883563180013,242.78191635817973,76.91628702539015
sem_quality,2024-05-21,0.0003927000000000135,-0.007027429448589738,-0.003513714724294869,-0.0031210147242948555,186.15602097619558,242.87725681673356,76.64613122531362
sem_quality,2024-05-22,0.0003927000000000135,-0.001679345949009058,-0.000839672974504529,-0.0004469729745045155,186.07281426577796,242.97263471548547,76.58179880366541
sem_quality,2024-05-23,0.0003927000000000135,0.0018259692780085565,0.0009129846390042782,0.0013056846390042919,186.31576668110108,243.06805006913822,76.65168936357759
sem_quality,2024-05-24,0.0003927000000000135,-0.00932435057988536,-0.00466217528994268,-0.004269475289942667,185.5202961191294,243.16350289240037,76.29446603309624
sem_quality,2024-05-27,0.0003927000000000135,-0.006081663097406619,-0.0030408315487033097,-0.002648131548703296,185.02901397005155,243.25899319998618,76.06255848388592
sem_quality,2024-05-28,0.0003927000000000135,0.0,0.0,0.0003927000000000135,185.10167486383756,243.35452100661578,76.06255848388591
sem_quality,2024-05-29,0.0003927000000000135,-0.008898863310056815,-0.004449431655028408,-0.004056731655028394,184.35076704001867,243.45008632701507,75.72425617972011
sem_quality,2024-05-31,0.0003927000000000135,0.0038247598770306044,0.0019123799385153022,0.0023050799385153156,184.77571029477252,243.54568917591567,75.86901288214017
sem_quality,2024-06-03,0.0003927000000000135,-0.007678889423953996,-0.003839444711976998,-0.0034467447119769846,184.13883559241222,243.64132956805503,75.57783234842252
sem_quality,2024-06-04,0.0003927000000000135,-0.008350726912355739,-0.004175363456177869,-0.003782663456177856,183.44230034815365,243.7370075181764,75.26239130283639
sem_quality,2024-06-05,0.0003927000000000135,0.006762612231068589,0.0033813061155342945,0.003774006115534308,184.13461271151525,243.83272304102874,75.51677658971624
sem_quality,2024-06-06,0.0003927000000000135,-0.004940130224026841,-0.0024700651120134207,-0.002077365112013407,183.75209789115425,243.92847615136694,75.33031845659917
sem_quality,2024-06-07,0.0003927000000000135,-0.009776198895311648,-0.004888099447655824,-0.004495399447655811,182.92605881178878,244.02426686395154,74.96224091261126
sem_quality,2024-06-10,0.0003927000000000135,0.006584581605621441,0.0032922908028107205,0.003684990802810734,183.60013965610463,244.120095193549,75.20894152959364
sem_quality,2024-06-11,0.0003927000000000135,-0.01818921358311827,-0.009094606791559136,-0.008701906791559123,182.00246835389999,244.21596115493145,74.52521427886401
sem_quality,2024-06-12,0.0003927000000000135,-0.01375184300482059,-0.006875921502410295,-0.006483221502410282,180.8225060375762,244.31186476287698,74.01298590761363
sem_quality,2024-06-13,0.0003927000000000135,0.013362120419733767,0.006681060209866883,0.0070737602098668965,182.10160108583324,244.40780603216936,74.5072770146567
sem_quality,2024-06-14,0.0003927000000000135,-0.021196024585007977,-0.010598012292503988,-0.010205312292503975,180.24319737778734,244.50378497759817,73.71795794257397
sem_quality,2024-06-17,0.0003927000000000135,-0.005086392155004846,-0.002543196077502423,-0.0021504960775024094,179.8555850888299,244.59980161395887,73.53055231528278
sem_quality,2024-06-18,0.0003927000000000135,7.513251147314888e-05,3.756625573657444e-05,0.00043026625573658794,179.93297087799937,244.69585595605264,73.53331349849886
sem_quality,2024-06-19,0.0003927000000000135,-0.01247388697486966,-0.00623694348743483,-0.005844243487434817,178.88139878477082,244.79194801868655,73.0748704083664
sem_quality,2024-06-20,0.0003927000000000135,-0.002497933659543112,-0.001248966829771556,-0.0008562668297715424,178.7282285765283,244.88807781667344,72.98363814604592
sem_quality,2024-06-21,0.0003927000000000135,0.015917764010015947,0.007958882005007974,0.008351582005007987,180.22089203409496,244.98424536483205,73.5642782929608
sem_quality,2024-06-24,0.0003927000000000135,-0.013627515644621724,-0.006813757822310862,-0.006421057822310849,179.06368326555562,245.08045067798682,73.06322587958223
sem_quality,2024-06-25,0.0003927000000000135,-0.011255010712376598,-0.005627505356188299,-0.005234805356188286,178.12631973729827,245.17669377096803,72.65222358520549
sem_quality,2024-06-26,0.0003927000000000135,0.025061427757683347,0.012530713878841674,0.012923413878841687,180.42831988997827,245.27297465861184,73.56225044406587
sem_quality,2024-06-27,0.0003927000000000135,-0.02266159568975335,-0.011330797844876676,-0.010938097844876662,178.45477727303498,245.36929335576025,72.72905864968763
sem_quality,2024-06-28,0.0003927000000000135,0.0,0.0,0.0003927000000000135,178.52485646407007,245.46564987726103,72.72905864968763
sem_quality,2024-07-01,0.0003927000000000135,0.005458954538486455,0.0027294772692432277,0.0031221772692432413,179.0822427129171,245.5620442379678,72.92749303690157
sem_quality,2024-07-02,0.0003927000000000135,0.03261788947726469,0.016308944738632345,0.01670164473863236,182.07321070970573,245.65847645274005,74.11639660833487
sem_quality,2024-07-03,0.0003927000000000135,0.03842397778229062,0.01921198889114531,0.019604688891145323,185.6426993610815,245.754946536443,75.53976104141309
sem_quality,2024-07-04,0.0003927000000000135,0.01081250520613526,0.00540625260306763,0.005798952603067643,186.71923257578194,245.85145450394782,75.94798776054573
sem_quality,2024-07-05,0.0003927000000000135,0.004346075870528726,0.002173037935264363,0.0025657379352643766,187.1983051940451,245.9480003701315,76.1129608341304
sem_quality,2024-07-08,0.0003927000000000135,0.004861313216695876,0.002430656608347938,0.0028233566083479514,187.72683276608626,246.0445841498768,76.29789268262593
sem_quality,2024-07-09,0.0003927000000000135,0.00268655380169528,0.00134327690084764,0.0017359769008476536,188.05272221143747,246.14120585807245,76.40034164774126
sem_quality,2024-07-10,0.0003927000000000135,0.010501208926914042,0.005250604463457021,0.005643304463457034,189.11396097805851,246.2378655096129,76.80133215363487
sem_quality,2024-07-11,0.0003927000000000135,-0.016776098405994956,-0.008388049202997478,-0.007995349202997465,187.6019288208769,246.3345631193985,76.15737168395088
sem_quality,2024-07-12,0.0003927000000000135,0.0006066516601880628,0.0003033258300940314,0.0006960258300940449,187.73250460911171,246.43129870233545,76.18046311393016
sem_quality,2024-07-15,0.0003927000000000135,-0.004458135051772762,-0.002229067525886381,-0.0018363675258863672,187.38775873409423,246.52807227333585,76.0107183762544
sem_quality,2024-07-16,0.0003927000000000135,-0.006876152244108057,-0.0034380761220540283,-0.0030453761220540147,186.8170925280802,246.62488384731756,75.74949032464072
sem_quality,2024-07-17,0.0003927000000000135,-0.022492126894048118,-0.011246063447024059,-0.010853363447024046,184.78949872475664,246.72173343920437,74.89794115372949
sem_quality,2024-07-18,0.0003927000000000135,0.0026178932717256286,0.0013089466358628143,0.001701646635862828,185.10394515360437,246.81862106392592,74.99594007765829
sem_quality,2024-07-19,0.0003927000000000135,0.018556673549857624,0.009278336774928812,0.009671036774928825,186.8940922143693,246.9155467364177,75.69150451829536
sem_quality,2024-07-22,0.0003927000000000135,-0.007969089404096779,-0.0039845447020483895,-0.003591844702048376,186.22279765940496,247.01251047162108,75.39002672530623
sem_quality,2024-07-23,0.0003927000000000135,-0.014210069302081933,-0.0071050346510409665,-0.006712334651040953,184.97280792186197,247.10951228448326,74.8545882397733
sem_quality,2024-07-24,0.0003927000000000135,-0.007213709611066206,-0.003606854805533103,-0.0032141548055330893,184.37827668238697,247.20655218995736,74.58470459177305
sem_quality,2024-07-25,0.0003927000000000135,0.017122020211765558,0.008561010105882779,0.008953710105882792,186.02914632162327,247.3036302030023,75.22297435299227
sem_quality,2024-07-26,0.0003927000000000135,-0.007502232162376169,-0.0037511160811880846,-0.003358416081188071,185.40438304504707,247.400746338583,74.9409150089264
sem_quality,2024-07-29,0.0003927000000000135,-0.011638217426445347,-0.0058191087132226735,-0.00542640871322266,184.39830308542176,247.4979006116701,74.5049968624772
sem_quality,2024-07-30,0.0003927000000000135,0.0,0.0,0.0003927000000000135,184.4707162990434,247.59509303724033,74.5049968624772
sem_quality,2024-07-31,0.0003927000000000135,-0.0043033974359162255,-0.0021516987179581127,-0.0017589987179580991,184.14623254557256,247.69232363027604,74.34474748617681
sem_quality,2024-08-01,0.0003927000000000135,0.03797746093495241,0.018988730467476206,0.01938143046747622,187.7152499475023,247.7895924057656,75.7559056960354
sem_quality,2024-08-02,0.0003927000000000135,-0.005360127220267489,-0.0026800636101337446,-0.002287363610133731,187.28587691570522,247.8868993787033,75.55295474876375
sem_quality,2024-08-05,0.0003927000000000135,0.005426711725597815,0.0027133558627989076,0.003106055862798921,187.86759731171867,247.98424456408927,75.75787632877862
sem_quality,2024-08-06,0.0003927000000000135,0.027961341582074403,0.013980670791037202,0.014373370791037215,190.56788794750125,248.08162797692955,76.81660649422342
sem_quality,2024-08-07,0.0003927000000000135,0.007525308937628851,0.0037626544688144255,0.004155354468814439,191.35976507229643,248.17904963223606,77.10552738269517
sem_quality,2024-08-08,0.0003927000000000135,0.002995869055020226,0.001497934527510113,0.0018906345275101267,191.72155645131835,248.27650954502664,77.22098107575833
sem_quality,2024-08-09,0.0003927000000000135,0.013560167188598692,0.006780083594299346,0.007172783594299359,193.09673368610592,248.37400773032496,77.74434025953431
sem_quality,2024-08-12,0.0003927000000000135,-0.03881643856465185,-0.019408219282325924,-0.01901551928232591,189.4248990233436,248.47154420316065,76.23605336008293
sem_quality,2024-08-13,0.0003927000000000135,-0.006512452614127142,-0.003256226307063571,-0.0028635263070635572,188.8824758417774,248.5691189785692,75.98790896388951
sem_quality,2024-08-14,0.0003927000000000135,-0.0008418725178925492,-0.0004209362589462746,-2.8236258946261086e-05,188.8771425072791,248.66673207159207,75.95593545376254
sem_quality,2024-08-15,0.0003927000000000135,-0.01565178017051314,-0.00782589008525657,-0.007433190085256556,187.47318280426242,248.76438349727655,75.36174598978107
sem_quality,2024-08-16,0.0003927000000000135,0.01997507471083897,0.009987537355419485,0.010380237355419498,189.41919893954662,248.8620732706759,76.11412878230104
sem_quality,2024-08-19,0.0003927000000000135,-0.011301553945105432,-0.005650776972552716,-0.005258076972552703,188.4232182114432,248.95980140684927,75.68419365161792
sem_quality,2024-08-20,0.0003927000000000135,-0.002658488271137486,-0.001329244135568743,-0.0009365441355687294,188.2467515514223,249.05756792086171,75.58363037225108
sem_quality,2024-08-21,0.0003927000000000135,-0.02134481822578272,-0.01067240911289136,-0.010279709112891347,186.31162970402696,249.15537282778422,74.77728759748852
sem_quality,2024-08-22,0.0003927000000000135,0.034203761275293586,0.017101880637646793,0.017494580637646806,189.57107353361542,249.25321614269365,76.05561784409991
sem_quality,2024-08-23,0.0003927000000000135,-0.0022791522361896343,-0.0011395761180948171,-0.0007468761180948036,189.4294874261116,249.35109788067285,75.96898070076404
sem_quality,2024-08-26,0.0003927000000000135,0.017815894722761315,0.008907947361380657,0.00930064736138067,191.19130428850892,249.44901805681056,76.64544273530322
sem_quality,2024-08-27,0.0003927000000000135,-0.018574255490198293,-0.009287127745099147,-0.008894427745099133,189.4907670470235,249.54697668620148,75.93390613796255
sem_quality,2024-08-28,0.0003927000000000135,-0.011082578972145152,-0.005541289486072576,-0.005148589486072563,188.51515687609736,249.6449737839461,75.51329955444918
sem_quality,2024-08-29,0.0003927000000000135,0.0,0.0,0.0003927000000000135,188.5891867782026,249.74300936515107,75.51329955444918
sem_quality,2024-08-30,0.0003927000000000135,-0.006944103630345836,-0.003472051815172918,-0.0030793518151729046,188.00845432357517,249.84108344492873,75.25121638572183
sem_quality,2024-09-02,0.0003927000000000135,-0.002036564292291052,-0.001018282146145526,-0.0006255821461455124,187.89083959122593,249.9391960383975,75.17461949519944
sem_quality,2024-09-03,0.0003927000000000135,0.007528324039325889,0.0037641620196629446,0.004156862019662958,188.6718758861653,250.03734716068178,75.45747786426438
sem_quality,2024-09-04,0.0003927000000000135,0.00038680020762167557,0.00019340010381083779,0.0005861001038108513,188.78245649220835,250.13553682691176,75.47206561970506
sem_quality,2024-09-05,0.0003927000000000135,-0.001131021243332685,-0.0005655106216663425,-0.000172810621666329,188.74983287854224,250.23376505222367,75.42940211891478
sem_quality,2024-09-06,0.0003927000000000135,-0.014185776038242047,-0.007092888019121024,-0.0067001880191210105,187.48517350967836,250.33203185175967,74.89459983319368
sem_quality,2024-09-09,0.0003927000000000135,-0.0034848313178070887,-0.0017424156589035443,-0.0013497156589035307,187.2321218351801,250.43033724066785,74.76415353593794
sem_quality,2024-09-10,0.0003927000000000135,0.021774510073630456,0.010887255036815228,0.011279955036815241,189.34409175092844,250.52868123410224,75.57781042003694
sem_quality,2024-09-11,0.0003927000000000135,-0.0035089584347658244,-0.0017544792173829122,-0.0013617792173828986,189.0862469018478,250.62706384722287,75.44526277382036
sem_quality,2024-09-12,0.0003927000000000135,0.022163338740127735,0.011081669370063867,0.01147436937006388,191.25589234159867,250.72548509519567,76.28099403974927
sem_quality,2024-09-13,0.0003927000000000135,-0.001618677177683475,-0.0008093385888417375,-0.00041663858884172396,191.1762077565058,250.82394499319253,76.21928112234038
sem_quality,2024-09-16,0.0003927000000000135,0.008043956107090864,0.004021978053545432,0.004414678053545445,192.02018916524847,250.9224435563913,76.52571306244857
sem_quality,2024-09-17,0.0003927000000000135,-0.0009085536221134036,-0.0004542768110567018,-6.157681105668832e-05,192.00836517434118,251.0209807999759,76.49096285196238
sem_quality,2024-09-18,0.0004016799999999529,-0.02132095282624806,-0.01066047641312403,-0.010258796413124077,190.03859044640083,251.12181090754362,75.67586015711237
sem_quality,2024-09-19,0.0004016799999999529,-0.025436408282310585,-0.012718204141155293,-0.01231652414115534,187.69797555941662,251.22268151654893,74.71378556519878
sem_quality,2024-09-20,0.0004016799999999529,-0.008036368018105648,-0.004018184009052824,-0.003616504009052871,187.01916507831487,251.32359264326053,74.41369236822024
sem_quality,2024-09-23,0.0004016799999999529,0.00488449981759163,0.002442249908795815,0.002843929908795768,187.55103447539906,251.42454430395347,74.5953562308793
sem_quality,2024-09-24,0.0004016799999999529,-0.01356203542702332,-0.00678101771351166,-0.006379337713511707,186.35458308796203,251.52553651490948,74.08972690012158
sem_quality,2024-09-25,0.0004016799999999529,-0.0038682216105179364,-0.0019341108052589682,-0.0015324308052590153,186.0690075841368,251.62656929241675,73.94648669549078
sem_quality,2024-09-26,0.0004016799999999529,0.0006518248718901259,0.00032591243594506296,0.0007275924359450159,186.20438998661885,251.72764265277016,73.97057709846621
sem_quality,2024-09-27,0.0004016799999999529,-0.0035948176811891035,-0.0017974088405945518,-0.0013957288405945989,185.9444991492692,251.82875661227092,73.83767511331494
sem_quality,2024-09-30,0.0004016799999999529,0.0,0.0,0.0004016799999999529,186.01918933568749,251.9299111872269,73.83767511331494
sem_quality,2024-10-01,0.0004016799999999529,-0.001962913800122753,-0.0009814569000613765,-0.0005797769000614236,185.91133970674252,252.03110639395257,73.765235715048
sem_quality,2024-10-02,0.0004016799999999529,-0.0014362716441100182,-0.0007181358220550091,-0.0003164558220550562,185.85250698090624,252.13234224876885,73.71228352669371
sem_quality,2024-10-03,0.0004016799999999529,0.004199753033144938,0.002099876516572469,0.002501556516572422,186.31742753086567,252.23361876800334,73.86700807009976
sem_quality,2024-10-04,0.0004016799999999529,0.004513516476524384,0.002256758238262192,0.0026584382382621448,186.81274090466835,252.33493596799005,74.03364111593588
sem_quality,2024-10-07,0.0004016799999999529,0.006857843208632765,0.0034289216043163827,0.0038306016043163356,187.5283460896845,252.43629386506967,74.28739473964893
sem_quality,2024-10-08,0.0004016799999999529,-0.010256214647106039,-0.005128107323553019,-0.004726427323553066,186.6420069907855,252.53769247558938,73.90659396669135
sem_quality,2024-10-09,0.0004016799999999529,-0.006210998323920939,-0.0031054991619604696,-0.0027038191619605167,186.13736075585706,252.63913181590297,73.67716925638207
sem_quality,2024-10-10,0.0004016799999999529,0.014367902157508194,0.007183951078754097,0.00758563107875405,187.54933010452396,252.74061190237077,74.20624991482214
sem_quality,2024-10-11,0.0004016799999999529,-0.006794519102317875,-0.0033972595511589376,-0.0029955795511589847,186.98751116642927,252.84213275135974,73.95425324556543
sem_quality,2024-10-14,0.0004016799999999529,-0.0051848379236973515,-0.0025924189618486758,-0.002190738961848723,186.57787034033782,252.9436943792433,73.76260981647484
sem_quality,2024-10-15,0.0004016799999999529,0.004756096983465029,0.0023780484917325143,0.0027797284917324672,187.09650616244963,253.04529680240157,73.93795044867001
sem_quality,2024-10-16,0.0004016799999999529,-0.018389180121137924,-0.009194590060568962,-0.00879291006056901,185.4513834111165,253.14694003722113,73.25839426850229
sem_quality,2024-10-17,0.0004016799999999529,-0.009271915067547458,-0.004635957533773729,-0.004234277533773776,184.66613078473154,253.24862410009524,72.91890782859424
sem_quality,2024-10-18,0.0004016799999999529,0.021029797687409528,0.010514898843704764,0.010916578843704717,186.68205316120495,253.35034900742377,73.68533490977535
sem_quality,2024-10-21,0.0004016799999999529,-0.008866352020106908,-0.004433176010053454,-0.004031496010053501,185.92944520873695,253.45211477561307,73.35880601088869
sem_quality,2024-10-22,0.0004016799999999529,0.01402489200771525,0.007012446003857625,0.0074141260038575775,187.30794954334186,253.5539214210761,73.87302412581512
sem_quality,2024-10-23,0.0004016799999999529,0.008948610312836055,0.0044743051564180274,0.00487598515641798,188.2212603249943,253.6557689602325,74.2034218644178
sem_quality,2024-10-24,0.0004016799999999529,-0.014463707305946294,-0.007231853652973147,-0.006830173652973194,186.9356764317931,253.75765740950845,73.66700904324652
sem_quality,2024-10-25,0.0004016799999999529,0.001229507030585714,0.000614753515292857,0.00101643351529281,187.12568411852232,253.8595867853367,73.7122779124176
sem_quality,2024-10-28,0.0004016799999999529,-0.0045040946770584876,-0.0022520473385292438,-0.0018503673385292909,186.77943286442945,253.9615571041566,73.54634102665628
sem_quality,2024-10-29,0.0004016799999999529,0.016869153304621232,0.008434576652310616,0.008836256652310569,188.42986387059258,254.06356838241416,74.16642420253253
sem_quality,2024-10-30,0.0004016799999999529,0.0,0.0,0.0004016799999999529,188.5055523783121,254.16562063656204,74.1664242025325
sem_quality,2024-10-31,0.0004016799999999529,-0.004802631057660666,-0.002401315528830333,-0.00199963552883038,188.12860997839462,254.26771388305932,73.9883987256507
sem_quality,2024-11-01,0.0004016799999999529,0.010421025770883406,0.005210512885441703,0.005612192885441656,189.18442402486338,254.36984813837188,74.37376143808955
sem_quality,2024-11-04,0.0004016799999999529,-0.007235410341725069,-0.0036177051708625343,-0.0032160251708625814,188.57600215526426,254.47202341897207,74.10480713032482
sem_quality,2024-11-05,0.0004016799999999529,-0.003015817317549194,-0.001507908658774597,-0.0011062286587746441,188.36739397732296,254.574239741339,73.99310871701485
sem_quality,2024-11-06,0.0004195699999999557,-0.014593440938620363,-0.0072967204693101815,-0.0068771504693102255,187.07196306542906,254.68105145510725,73.45342811983966
sem_quality,2024-11-07,0.0004195699999999557,-0.004104002152969431,-0.0020520010764847156,-0.0016324310764847599,186.76658097938204,254.7879079838663,73.30276482006694
sem_quality,2024-11-08,0.0004195699999999557,-0.0012196731046492787,-0.0006098365523246394,-0.00019026655232468368,186.73104554592962,254.8948093464191,73.25808086274117
sem_quality,2024-11-11,0.0004195699999999557,-0.007991259356068548,-0.003995629678034274,-0.0035760596780343187,186.06328418331563,255.00175556157657,72.96549146242485
sem_quality,2024-11-12,0.0004195699999999557,-0.005742119767542233,-0.0028710598837711166,-0.002451489883771161,185.60715192439898,255.10874664815753,72.7560910251289
sem_quality,2024-11-13,0.0004195699999999557,-0.0018125164726072985,-0.0009062582363036492,-0.00048668823630369356,185.51681910698355,255.21578262498875,72.69018287148013
sem_quality,2024-11-14,0.0004195699999999557,-0.010028482911569454,-0.005014241455784727,-0.004594671455784771,184.6644302736647,255.3228635109047,72.32584960640541
sem_quality,2024-11-18,0.0004195699999999557,-0.002260667238050877,-0.0011303336190254384,-0.0007107636190254827,184.5331775148981,255.429989324748,72.24413155351417
sem_quality,2024-11-19,0.0004195699999999557,-0.002424644128436416,-0.001212322064218208,-0.0007927520642182523,184.38688845750644,255.537160085369,72.15658513067417
sem_quality,2024-11-21,0.0004195699999999557,0.008277537779119798,0.004138768889559899,0.004558338889559855,185.22738638188721,255.64437581162602,72.4550993127945
sem_quality,2024-11-22,0.0004195699999999557,0.01005445704740739,0.005027228523703695,0.005446798523703651,186.23628263658156,255.7516365223853,72.81919489116574
sem_quality,2024-11-25,0.0004195699999999557,0.006062684233056464,0.003031342116528232,0.0034509121165281877,186.87896768086932,255.858942236521,73.0398422065369
sem_quality,2024-11-26,0.0004195699999999557,-0.023200133379721266,-0.011600066689860633,-0.011180496689860677,184.7895680013088,255.96629297291517,72.19293050466693
sem_quality,2024-11-27,0.0004195699999999557,-0.029283256311775554,-0.014641628155887777,-0.014222058155887821,182.16148001859278,256.0736887504578,71.13635176947366
sem_quality,2024-11-28,0.0004195699999999557,-0.0063378186015255675,-0.0031689093007627837,-0.0027493393007628282,181.66065630249255,256.1811295880469,70.9110216644812
sem_quality,2024-11-29,0.0004195699999999557,-0.0066568772329040045,-0.0033284386164520023,-0.0029088686164520467,181.13222932053014,256.2886155045881,70.67509766827216
sem_quality,2024-12-02,0.0004195699999999557,-0.005827616881909154,-0.002913808440954577,-0.0024942384409546215,180.68044235126305,256.3961465189954,70.46925033948477
sem_quality,2024-12-03,0.0004195699999999557,0.0,0.0,0.0004195699999999557,180.75625044446036,256.50372265019035,70.46925033948477
sem_quality,2024-12-04,0.0004195699999999557,0.007026594336567443,0.0035132971682837215,0.003932867168283677,181.46714076729546,256.6113439171027,70.71672592382265
sem_quality,2024-12-05,0.0004195699999999557,-0.00858516038354919,-0.004292580191774595,-0.0038730101917746397,180.76431668163153,256.71901033867005,70.4132960169809
sem_quality,2024-12-06,0.0004195699999999557,-0.02352762592002691,-0.011763812960013454,-0.011344242960013498,178.7136823546943,256.8267219338378,69.58531456891525
sem_quality,2024-12-09,0.0004195699999999557,0.030410687274340563,0.015205343637170281,0.015624913637170237,181.50606820726708,256.93447872155957,70.64293944136847
sem_quality,2024-12-10,0.0004195699999999557,0.021523238096115286,0.010761619048057643,0.011181189048057599,183.53552186926214,257.04228072079684,71.40285300713667
sem_quality,2024-12-11,0.00045513000000005176,-0.028276994576134282,-0.014138497288067141,-0.01368336728806709,181.02413791311795,257.1592683740213,70.39378322146656
sem_quality,2024-12-12,0.00045513000000005176,-0.009613172476677019,-0.004806586238338509,-0.0043514562383384576,180.23641929890607,257.27630927183634,70.05558335667415
sem_quality,2024-12-13,0.00045513000000005176,-0.025144397534707073,-0.012572198767353536,-0.012117068767353485,178.0524822118797,257.3934034384752,69.17523131257697
sem_quality,2024-12-16,0.00045513000000005176,0.00041155095562952007,0.00020577547781476004,0.0006609054778148118,178.17015807271204,257.5105508981822,69.18945940322236
sem_quality,2024-12-17,0.00045513000000005176,-0.019506520534478565,-0.009753260267239282,-0.00929813026723923,176.51350873321735,257.6277516752125,68.51494359029509
sem_quality,2024-12-18,0.00045513000000005176,0.03304498532963897,0.016522492664819484,0.016977622664819534,179.51028847973325,257.74500579383243,69.64646625328666
sem_quality,2024-12-19,0.00045513000000005176,0.03527269989224969,0.017636349946124844,0.018091479946124894,182.75789526388743,257.8623132783194,70.87421691848034
sem_quality,2024-12-20,0.00045513000000005176,-0.017673606487305905,-0.008836803243652953,-0.008381673243652901,181.2260783030878,257.9796741529617,70.24820032745485
sem_quality,2024-12-23,0.0009104671433170035,-0.012117316018551065,-0.006058658009275532,-0.005148190865958529,180.29309186209434,258.21455616992165,69.82297765717358
sem_quality,2024-12-26,0.00045513000000005176,0.0019348266205735888,0.0009674133102867944,0.0014225433102868462,180.5495665938137,258.33207736087127,69.89049460613401
sem_quality,2024-12-27,0.00045513000000005176,0.002158038428049317,0.0010790192140246585,0.0015341492140247103,180.82655656949606,258.4496520392405,69.96587348550236
sem_quality,2024-12-30,0.0009104671433170035,-0.014867248695549153,-0.007433624347774576,-0.006523157204457572,179.6469965142525,258.684961955624,69.44624656808229
sem_quality,2025-01-02,0.00045513000000005176,0.009510017006144818,0.004755008503072409,0.005210138503072461,180.58298224775274,258.8026972423589,69.77631383750365
sem_quality,2025-01-03,0.00045513000000005176,0.01606140640682309,0.008030703203411545,0.008485833203411597,182.1153793144818,258.9204861139548,70.33641178718091
sem_quality,2025-01-06,0.00045513000000005176,0.009983938558415121,0.0049919692792075605,0.005447099279207612,183.10737986587839,259.03832859479985,70.68736926275636
sem_quality,2025-01-07,0.00045513000000005176,-0.004135883174974639,-0.0020679415874873194,-0.0016128115874872676,182.81206216187624,259.15622470929316,70.54125841157955
sem_quality,2025-01-08,0.00045513000000005176,0.0,0.0,0.00045513000000005176,182.89526541572798,259.27417448184514,70.54125841157953
sem_quality,2025-01-09,0.00045513000000005176,-0.009439638493460292,-0.004719819246730146,-0.004264689246730094,182.11527394403169,259.39217793687703,70.2084678853922
sem_quality,2025-01-10,0.00045513000000005176,-0.010844763004048158,-0.005422381502024079,-0.004967251502024027,181.21066157599168,259.51023509882145,69.82794397569202
sem_quality,2025-01-13,0.00045513000000005176,0.008367694907367284,0.004183847453683642,0.004638977453683694,182.0512937494098,259.6283459921219,70.1199605357937
sem_quality,2025-01-14,0.00045513000000005176,0.024836987865597595,0.012418493932798797,0.01287362393279885,184.3949536416192,259.74651064123333,70.99034870051014
sem_quality,2025-01-15,0.00045513000000005176,-0.013604609174511461,-0.0068023045872557305,-0.006347174587255679,183.22456667784692,259.8647290706215,70.50767040726538
sem_quality,2025-01-16,0.00045513000000005176,-0.005039625550592332,-0.002519812775296166,-0.002064682775296114,182.84626607101606,259.9830013047634,70.3300851030163
sem_quality,2025-01-17,0.00045513000000005176,0.016041958839347087,0.008020979419673543,0.008476109419673595,184.39609102921278,260.1013273681472,70.89394463882095
sem_quality,2025-01-20,0.00045513000000005176,0.009992857086382359,0.004996428543191179,0.005451558543191231,185.40133711459413,260.2197072852723,71.24800002612535
sem_quality,2025-01-21,0.00045513000000005176,0.011320365534272977,0.005660182767136489,0.00611531276713654,186.53512427849518,260.33814108064905,71.65109326823888
sem_quality,2025-01-22,0.00045513000000005176,-0.006538935820088955,-0.0032694679100444776,-0.0028143379100444258,186.01015140668335,260.45662877879903,71.41693888876152
sem_quality,2025-01-23,0.00045513000000005176,-0.006856883717494784,-0.003428441858747392,-0.0029733118587473403,185.45708521765846,260.5751704042552,71.17220145340063
sem_quality,2025-01-24,0.00045513000000005176,0.0239894654671912,0.0119947327335956,0.012449862733595652,187.76600047159107,260.6937659815612,72.02550462402377
sem_quality,2025-01-27,0.00045513000000005176,-0.011941874012007008,-0.005970937006003504,-0.005515807006003452,186.73031945070062,260.8124155352724,71.59564051713907
sem_quality,2025-01-28,0.00045513000000005176,0.006292971350252455,0.0031464856751262276,0.0036016156751262794,187.4028502962556,260.93111908995496,71.82081269181589
sem_quality,2025-01-29,0.0004903700000000007,0.028444158632153514,0.014222079316076757,0.014712449316076757,190.16000523292757,261.05907188282316,72.8417533477945
sem_quality,2025-01-30,0.0004903700000000007,-0.011362622567294617,-0.005681311283647308,-0.005190941283647308,189.1728958112654,261.18708741990235,72.42811950620592
sem_quality,2025-01-31,0.0004903700000000007,0.0023975926872522126,0.0011987963436261063,0.001689166343626107,189.49244029999605,261.31516573196046,72.51490351477138
sem_quality,2025-02-03,0.0004903700000000007,0.004268980976498536,0.002134490488249268,0.002624860488249269,189.98983151936147,261.44330684978047,72.66961002314946
sem_quality,2025-02-04,0.0004903700000000007,-0.016123173955224175,-0.008061586977612088,-0.007571216977612087,188.55137728138843,261.5715108041604,72.08406477514194
sem_quality,2025-02-05,0.0004903700000000007,0.005018062774390385,0.0025090313871951927,0.0029994013871951935,189.1169185439638,261.6997776259135,72.2648373107511
sem_quality,2025-02-06,0.0004903700000000007,-0.004281656554975515,-0.0021408282774877576,-0.0016504582774877568,188.80478896033992,261.8281073458679,72.11020652986421
sem_quality,2025-02-07,0.0004903700000000007,0.0,0.0,0.0004903700000000007,188.8973731647024,261.95649999486716,72.1102065298642
sem_quality,2025-02-10,0.0004903700000000007,0.027439560595846187,0.013719780297923093,0.014210150297923094,191.58163322825567,262.08495560376963,73.09905781768578
sem_quality,2025-02-11,0.0004903700000000007,6.591285845768471e-05,3.295642922884236e-05,0.0005233264292288431,191.68189296027884,262.2134742034491,73.10146572084797
sem_quality,2025-02-12,0.0004903699999998897,-0.0009813840706013415,-0.0004906920353006707,-3.220353007810442e-07,191.6818312319428,262.3420558247942,73.06561299495112
sem_quality,2025-02-13,0.0004903699999998897,0.02016086543393406,0.01008043271696703,0.010570802716966919,193.7080620543226,262.470700498709,73.8017849940075
sem_quality,2025-02-14,0.0004903699999998897,0.02071435365231362,0.01035717682615681,0.0108475468261567,195.80931932806092,262.59940825611255,74.56578848688363
sem_quality,2025-02-17,0.0004903699999998897,-0.002385350281627174,-0.001192675140813587,-0.0007023051408136973,195.67180143647758,262.72817912793903,74.47689931318428
sem_quality,2025-02-18,0.0004903699999998897,-0.02371857610013761,-0.011859288050068806,-0.011368918050068916,193.4472247612369,262.857013145138,73.59408921474122
sem_quality,2025-02-19,0.0004903699999998897,-0.0007271506506681589,-0.00036357532533407943,0.00012679467466581026,193.47175283916553,262.98591033867393,73.56734533420901
sem_quality,2025-02-20,0.0004903699999998897,-0.0037876630611095767,-0.0018938315305547884,-0.0014034615305548986,193.20022267680673,263.1148707395267,73.42808946289749
sem_quality,2025-02-21,0.0004903699999998897,-0.012468016421603787,-0.006234008210801893,-0.005743638210802004,192.09055049550477,263.24389437869115,72.97056250777528
sem_quality,2025-02-24,0.0004903699999998897,-0.011099174848957376,-0.005549587424478688,-0.005059217424478799,191.11872263536017,263.37298128717765,72.56580447292252
sem_quality,2025-02-25,0.0004903699999998897,-0.01803587740723427,-0.009017938703617135,-0.008527568703617245,189.4889445975396,263.50213149601143,71.91173123410117
sem_quality,2025-02-26,0.0004903699999998897,0.019910759722731253,0.009955379861365627,0.010445749861365516,191.46829871429964,263.63134503623303,72.62728894698942
sem_quality,2025-02-27,0.0004903699999998897,-0.023131938160836425,-0.011565969080418213,-0.011075599080418323,189.34767260113026,263.7606219388984,71.78769567998428
sem_quality,2025-02-28,0.0004903699999998897,-0.0013554461447196995,-0.0006777230723598497,-0.00018735307235996006,189.31219773292423,263.88996223507854,71.73906734818549
sem_quality,2025-03-05,0.0004903699999998897,0.018051817520822373,0.009025908760411186,0.009516278760411076,191.1137453792968,264.0193659558597,72.38626026063874
sem_quality,2025-03-06,0.0004903699999998897,0.016994112663662714,0.008497056331831357,0.008987426331831246,192.83136608689358,264.14883313234344,73.00102892761275
sem_quality,2025-03-07,0.0004903699999998897,-0.00012474781836424587,-6.237390918212293e-05,0.00042799609081776676,192.9138971577658,264.2783637956465,72.99647779980076
sem_quality,2025-03-10,0.0004903699999998897,-0.0022844464421369155,-0.0011422232210684577,-0.0006518532210685681,192.78814561251465,264.40795797690095,72.91314039396534
sem_quality,2025-03-11,0.0004903699999998897,-0.004804096855766123,-0.0024020484278830614,-0.0019116784278831716,192.4195966733956,264.537615707254,72.7380853414561
sem_quality,2025-03-12,0.0004903699999998897,-0.012852656416562682,-0.006426328208281341,-0.005935958208281452,191.27740198908796,264.6673370178683,72.2708756374325
sem_quality,2025-03-13,0.0004903699999998897,0.0,0.0,0.0004903699999998897,191.37119868870133,264.7971219399217,72.27087563743251
sem_quality,2025-03-14,0.0004903699999998897,0.009681831703897643,0.004840915851948822,0.005331285851948711,192.39145325274086,264.9269705046073,72.62056138953773
sem_quality,2025-03-17,0.0004903699999998897,-0.0026804311437473674,-0.0013402155718736837,-0.000849845571873794,192.22795022812767,265.05688274313366,72.52328188527576
sem_quality,2025-03-18,0.0004903699999998897,0.015606699816682373,0.007803349908341186,0.008293719908341076,193.8222350058743,265.18685868672435,73.08892905392574
sem_quality,2025-03-19,0.0005253100000000541,0.0043015175121577185,0.0021507587560788593,0.002676068756078913,194.3409166332069,265.32616399546106,73.24604317444225
sem_quality,2025-03-20,0.0005253100000000541,0.00972248419668493,0.004861242098342465,0.005386552098342519,195.3877441054913,265.4655424826695,73.60192297584041
sem_quality,2025-03-21,0.0005253100000000541,-0.006380246444758106,-0.003190123222379053,-0.002664813222378999,194.86707226150816,265.6049941867911,73.36724704975414
sem_quality,2025-03-24,0.0005253100000000541,0.013830968416766908,0.006915484208383454,0.007440794208383508,196.31703804419627,265.7445191462873,73.87435070152002
sem_quality,2025-03-25,0.0005253100000000541,0.016668407891332383,0.008334203945666191,0.008859513945666246,198.0563115805207,265.88411739964005,74.48971135151709
sem_quality,2025-03-26,0.0005253100000000541,0.009340658090959547,0.004670329045479774,0.0051956390454798275,199.0853406861722,266.02378898535125,74.83742015911778
sem_quality,2025-03-27,0.0005253100000000541,-0.011992356547241307,-0.0059961782736206535,-0.0054708682736205995,197.99617101206928,266.1635339419432,74.38891724936937
sem_quality,2025-03-28,0.0005253100000000541,-0.009909505895453643,-0.004954752947726821,-0.004429442947726767,197.11915826870296,266.30335230795816,74.02053205877435
sem_quality,2025-03-31,0.0005253100000000541,0.00032701456908657,0.000163507284543285,0.0006888172845433391,197.2549373520331,266.4432441219591,74.03262860053736
sem_quality,2025-04-01,0.0005253100000000541,0.02608946055404196,0.01304473027702098,0.013570040277021035,199.93169479674145,266.5832094225288,74.99785722807992
sem_quality,2025-04-02,0.0005253100000000541,0.012374516752535036,0.006187258376267518,0.006712568376267572,201.27374996864768,266.7232482482706,75.4616447162111
sem_quality,2025-04-03,0.0005253100000000541,-0.02817703959293108,-0.01408851979646554,-0.013563209796465485,198.54383187130156,266.8633606378079,74.39906002711594
sem_quality,2025-04-04,0.0005253100000000541,0.0005236203195815199,0.00026181015979075996,0.000787120159790814,198.70010972396958,267.0035466297845,74.41852823006823
sem_quality,2025-04-07,0.0005253100000000541,-0.010187281390943806,-0.005093640695471903,-0.004568330695471849,197.79238191352394,267.1438062628646,74.0396660062932
sem_quality,2025-04-08,0.0005253100000000541,0.017440693755432578,0.008720346877716289,0.009245656877716344,199.62110240972265,267.2841395757326,74.68497858742636
sem_quality,2025-04-09,0.0005253100000000541,-0.00527105703176812,-0.00263552851588406,-0.002110218515884006,199.19985826325646,267.4245466070931,74.48824754143678
sem_quality,2025-04-10,0.0005253100000000541,0.01794304280369987,0.008971521401849935,0.00949683140184999,201.09162573245501,267.5650273956712,75.1561695823138
sem_quality,2025-04-11,0.0005253100000000541,0.0008181832368791379,0.00040909161843956897,0.000934401618439623,201.27952607299403,267.70558198021246,75.18689919878909
sem_quality,2025-04-14,0.0005253100000000541,0.0,0.0,0.0005253100000000541,201.38526022083542,267.8462103994825,75.18689919878906
sem_quality,2025-04-15,0.0005253100000000541,0.007183999440613072,0.003591999720306536,0.00411730972030659,202.21442571026915,267.9869126922674,75.45682872300351
sem_quality,2025-04-16,0.0005253100000000541,0.006626701724072067,0.0033133508620360333,0.0038386608620360873,202.99065831198226,268.12768889737384,75.70671240510231
sem_quality,2025-04-17,0.0005253100000000541,-0.007851804342397338,-0.003925902171198669,-0.003400592171198615,202.3003698685001,268.2685390536285,75.40965130766192
sem_quality,2025-04-22,0.0005253100000000541,-0.014229135328325192,-0.007114567664162596,-0.006589257664162542,200.9673606058812,268.40946319987876,74.87342592545819
sem_quality,2025-04-23,0.0005253100000000541,0.021642919780519805,0.010821459890259903,0.011346769890259957,203.24769100212902,268.55046137499227,75.6832402973692
sem_quality,2025-04-24,0.0005253100000000541,0.005205713589942774,0.002602856794971387,0.003128166794971441,203.8834836802765,268.69153361785715,75.8801295057726
sem_quality,2025-04-25,0.0005253100000000541,-0.006762880712811921,-0.0033814403564059606,-0.0028561303564059067,203.3011658733675,268.832679967382,75.62368008905555
sem_quality,2025-04-28,0.0005253100000000541,0.008010026414062215,0.0040050132070311075,0.0045303232070311615,204.22218586314008,268.97390046249564,75.92639490745526
sem_quality,2025-04-29,0.0005253100000000541,-0.007773609014444178,-0.003886804507222089,-0.0033614945072220352,203.53569410710827,269.11519514214757,75.6314387969063
sem_quality,2025-04-30,0.0005253100000000541,0.009956942899592234,0.004978471449796117,0.005503781449796171,204.65591008470633,269.25656404530775,76.00777006508518
sem_quality,2025-05-02,0.0005253100000000541,-0.006338940004199973,-0.0031694700020999866,-0.0026441600020999326,204.11476711306702,269.3980072109664,75.7669922009572
sem_quality,2025-05-05,0.0005253100000000541,-0.003565669078905977,-0.0017828345394529884,-0.0012575245394529345,203.85808778455763,269.5395246781344,75.63198311193543
sem_quality,2025-05-06,0.0005253100000000541,-0.018629515271073722,-0.009314757635536861,-0.008789447635536806,202.0662877968946,269.681116485843,74.92785940297831
sem_quality,2025-05-07,0.0005426600000000696,0.025786370641629294,0.012893185320814647,0.013435845320814717,204.7812191842849,269.82746164051525,75.8933942228275
sem_quality,2025-05-08,0.0005426600000000696,-0.00705887801879601,-0.003529439009398005,-0.0029867790093979353,204.1695829373064,269.97388621084906,75.62567839537279
sem_quality,2025-05-09,0.0005426600000000696,0.02506323317452945,0.012531616587264725,0.013074276587264795,206.83895253533527,270.12039023994026,76.57287639470908
sem_quality,2025-05-12,0.0005426600000000696,0.009361198851898695,0.0046805994259493475,0.005223259425949417,207.91932604381893,270.2669737709079,76.9310889683702
sem_quality,2025-05-13,0.0005426600000000696,-0.004935144069178157,-0.0024675720345890785,-0.0019249120345890087,207.51909963089355,270.4136368468944,76.74135892354751
sem_quality,2025-05-14,0.0005426600000000696,0.008725111344338263,0.004362555672169132,0.0049052156721692015,208.53702557067746,270.5603795110658,77.07596579644375
sem_quality,2025-05-15,0.0005426600000000696,0.002046154408937423,0.0010230772044687116,0.001565737204468781,208.86353975012275,270.7072018066113,77.15477769199927
sem_quality,2025-05-16,0.0005426600000000696,-0.001811663698423509,-0.0009058318492117545,-0.00036317184921168483,208.7876863921588,270.85410377674367,77.08492634258027
sem_quality,2025-05-19,0.0005426600000000696,0.0,0.0,0.0005426600000000696,208.9009871180564,271.00108546469914,77.08492634258029
sem_quality,2025-05-20,0.0005426600000000696,-0.005267424349857063,-0.0026337121749285316,-0.002091052174928462,208.46416425459847,271.14814691373743,76.88201694438239
sem_quality,2025-05-21,0.0005426600000000696,-0.001713663205909201,-0.0008568316029546005,-0.00031417160295453084,208.398670733956,271.2952881671416,76.81617773087316
sem_quality,2025-05-22,0.0005426600000000696,-0.008432583813351083,-0.0042162919066755416,-0.003673631906675472,207.63309072783903,271.4425092682184,76.49247396349116
sem_quality,2025-05-23,0.0005426600000000696,0.0023823187344957737,0.0011911593672478868,0.0017338193672479566,207.99308900182453,271.5898102602979,76.58353927287595
sem_quality,2025-05-26,0.0005426600000000696,0.014441322933463278,0.007220661466731639,0.007763321466731709,209.60780621460424,271.73719118673375,77.13622316444895
sem_quality,2025-05-27,0.0005426600000000696,0.0033321069455506296,0.0016660534727753148,0.0022087134727753845,210.0707698001893,271.88465209090316,77.26466653584892
sem_quality,2025-05-28,0.0005426600000000696,0.006290712024152148,0.003145356012076074,0.0036880160120761436,210.84551416288159,272.0321930162068,77.5075596109024
sem_quality,2025-05-29,0.0005426600000000696,0.00023659895296948563,0.00011829947648474282,0.0006609594764848125,210.98487450354187,272.17981400606897,77.51672374162082
sem_quality,2025-05-30,0.0005426600000000696,-0.005388581214478244,-0.002694290607239122,-0.0021516306072390523,210.5309129898955,272.3275151039375,77.30798443541173
sem_quality,2025-06-02,0.0005426600000000696,0.01063841783023913,0.005319208915119565,0.005861868915119635,211.76501760442275,272.47529635328385,77.71897872526915
sem_quality,2025-06-03,0.0005426600000000696,-0.005841425744398629,-0.0029207128721993143,-0.0023780528721992445,211.26142919607722,272.6231577976029,77.4921070178928
sem_quality,2025-06-04,0.0005426600000000696,-0.003588561255721842,-0.001794280627860921,-0.0012516206278608511,210.99701003342406,272.7710994804134,77.35313984338539
sem_quality,2025-06-05,0.0005426600000000696,-0.009911594781108007,-0.004955797390554004,-0.004413137390553934,210.0658512391505,272.9191214452575,76.9700012687773
sem_quality,2025-06-06,0.0005426600000000696,0.0011354975939235346,0.0005677487969617673,0.001110408796961837,210.2991102083077,273.06722373570096,77.0136771932226
sem_quality,2025-06-09,0.0005426600000000696,0.0005918920070037692,0.0002959460035018846,0.0008386060035019542,210.4754683046595,273.2154063953334,77.03645672166404
sem_quality,2025-06-10,0.0005426600000000696,0.00212591542887101,0.001062957714435505,0.0016056177144355747,210.8134114450236,273.36366946776786,77.11829880520406
sem_quality,2025-06-11,0.0005426600000000696,0.0013770406088019216,0.0006885203044009608,0.0012311803044010305,211.0729607650983,273.51201299664126,77.17136752150272
sem_quality,2025-06-12,0.0005426600000000696,0.0010323111559469769,0.0005161555779734884,0.0010588155779735582,211.2964481040454,273.66043702561404,77.21117834956483
sem_quality,2025-06-13,0.0005426600000000696,-0.008896448750572486,-0.004448224375286243,-0.003905564375286173,210.47121622370574,273.8089415983703,76.86791198091335
sem_quality,2025-06-16,0.0005426600000000696,-0.005634438441353288,-0.002817219220676644,-0.0022745592206765745,209.9924869781571,273.9575267586181,76.65147567315422
sem_quality,2025-06-17,0.0005426600000000696,0.009591648756094981,0.004795824378047491,0.00533848437804756,211.11352858939733,274.10619255008896,77.01888331137187
sem_quality,2025-06-18,0.0005513099999999501,0.0,0.0,0.0005513099999999501,211.2299175888439,274.25731003510367,77.01888331137188
sem_quality,2025-06-20,0.0005513099999999501,-0.011404785253939639,-0.0057023926269698195,-0.00515108262696987,210.14185483005576,274.4085108326991,76.57993339651723
sem_quality,2025-06-23,0.0005513099999999501,-0.0008841346550909988,-0.0004420673275454994,0.00010924267245445069,210.1648112878719,274.55979498880623,76.54609856349883
sem_quality,2025-06-24,0.0005513099999999501,0.0078620418063447,0.00393102090317235,0.0044823309031723,211.10683951626692,274.71116254938147,76.84683707685844
sem_quality,2025-06-25,0.0005513099999999501,-0.017363049839496436,-0.008681524919748218,-0.008130214919748267,209.39049553997086,274.86261356040654,76.18005694832452
sem_quality,2025-06-26,0.0005513099999999501,-0.0126446333940451,-0.00632231669702255,-0.0057710066970226,208.1821015879168,275.01414806788847,75.69868788587783
sem_quality,2025-06-27,0.0005513099999999501,-0.01317589615930495,-0.006587948079652475,-0.0060366380796525254,206.92538158596906,275.16576611785973,75.20026364665517
sem_quality,2025-06-30,0.0005513099999999501,-0.003970817263798951,-0.0019854086318994756,-0.0014340986318995255,206.62863017933137,275.31746775637816,75.05104266111154
sem_quality,2025-07-01,0.0005513099999999501,-0.003979528099419906,-0.001989764049709953,-0.0014384540497100029,206.33140438946387,275.4692530295269,74.90179107842125
sem_quality,2025-07-02,0.0005513099999999501,0.0055272098332657844,0.0027636049166328922,0.003314914916632842,207.01537543964434,275.6211219834145,75.1086759787958
sem_quality,2025-07-03,0.0005513099999999501,0.005663461324528043,0.0028317306622640216,0.0033830406622639714,207.7157168724705,275.7730746641752,75.3212463274081
sem_quality,2025-07-04,0.0005513099999999501,0.0036640392969051563,0.0018320196484525781,0.0023833296484525282,208.21077189894223,275.92511111796824,75.45916029727515
sem_quality,2025-07-07,0.0005513099999999501,-0.002139991794639279,-0.0010699958973196394,-0.0005186858973196893,208.1027759078882,276.0772313909787,75.37846379413102
sem_quality,2025-07-08,0.0005513099999999501,0.006868421678808429,0.0034342108394042146,0.0039855208394041644,208.93217385800696,276.22943552941683,75.63718669502798
sem_quality,2025-07-09,0.0005513099999999501,0.010158520483857616,0.005079260241928808,0.005630570241928758,210.10858113871333,276.3817235795185,76.02115596412165
sem_quality,2025-07-10,0.0005513099999999501,0.013711286176602777,0.006855643088301389,0.0074069530883013384,211.66484554265733,276.5340955875451,76.54204270650183
sem_quality,2025-07-11,0.0005513099999999501,0.007415380048686202,0.003707690024343101,0.004259000024343051,212.5663261249761,276.68655159978346,76.82568050233434
sem_quality,2025-07-14,0.0005513099999999501,-0.007310870666557593,-0.0036554353332787963,-0.0031041253332788465,211.90649360704953,276.83909166254585,76.5450039351212
sem_quality,2025-07-15,0.0005513099999999501,0.005367193432843939,0.0026835967164219694,0.0032349067164219193,212.5919913464724,276.9917158221703,76.75030667088876
sem_quality,2025-07-16,0.0005513099999999501,0.0071672740544803295,0.0035836370272401647,0.004134947027240115,213.47104796910554,277.14442412502024,77.02520036008679
sem_quality,2025-07-17,0.0005513099999999501,-0.0018168843932397545,-0.0009084421966198773,-0.0003571321966199272,213.39481058482957,277.29721661748454,76.95526597340331
sem_quality,2025-07-18,0.0005513099999999501,-0.0001755809158433541,-8.779045792167706e-05,0.000463519542078273,213.49372324971375,277.4500933459779,76.94851375792796
sem_quality,2025-07-21,0.0005513099999999501,0.0,0.0,0.0005513099999999501,213.61142447427852,277.6030543569404,76.94851375792797
sem_quality,2025-07-22,0.0005513099999999501,0.001563910870689125,0.0007819554353445625,0.0013332654353445125,213.8962252031248,277.7560996968379,77.0086509122881
sem_quality,2025-07-23,0.0005513099999999501,0.0030940161382663296,0.0015470080691331648,0.002098318069133115,214.3450475173879,277.9092294121618,77.1277182736155
sem_quality,2025-07-24,0.0005513099999999501,0.010731302477285608,0.005365651238642804,0.005916961238642754,215.61331885524334,278.06244354942896,77.54133068204713
sem_quality,2025-07-25,0.0005513099999999501,-0.00320322220818727,-0.001601611104093635,-0.0010503011040936849,215.38685994839236,278.21574215518217,77.4172080558456
sem_quality,2025-07-28,0.0005513099999999501,0.0020809971737007302,0.0010404985868503651,0.0015918085868503152,215.72971460155293,278.3691252759897,77.49771616649915
sem_quality,2025-07-29,0.0005513099999999501,0.00058968093413439,0.000294840467067195,0.0008461504670671451,215.91225440032332,278.52259295844556,77.52055303913409
sem_quality,2025-07-30,0.0005513099999999501,-0.003742519161380825,-0.0018712595806904125,-0.0013199495806904625,215.6272611106617,278.67614524916945,77.3755718911159
sem_quality,2025-07-31,0.0005513099999999501,-0.0069340119568818415,-0.0034670059784409207,-0.002915695978440971,214.99855757259908,278.82978219480674,77.10745813457925
sem_quality,2025-08-01,0.0005513099999999501,0.008917753408395762,0.004458876704197881,0.005010186704197831,216.07574048717103,278.98350384202854,77.45108134046579
sem_quality,2025-08-04,0.0005513099999999501,0.008494593379448783,0.0042472966897243915,0.004798606689724341,217.11260298095988,279.1373102375316,77.77985780410657
sem_quality,2025-08-05,0.0005513099999999501,0.017195318615112892,0.008597659307556446,0.009148969307556397,219.09895952191638,279.2912014280387,78.44821405101398
sem_quality,2025-08-06,0.0005513099999999501,0.01992716612854752,0.00996358306427376,0.01051489306427371,221.40276165178298,279.4451774602979,79.22940866755116
sem_quality,2025-08-07,0.0005513099999999501,-0.004796849073567321,-0.0023984245367836606,-0.0018471145367837105,220.99380539225194,279.5992383810835,79.03948761514346
sem_quality,2025-08-08,0.0005513099999999501,-0.008515154153933047,-0.004257577076966524,-0.003706267076966574,220.1747433271131,279.75338423719535,78.70315632730036
sem_quality,2025-08-11,0.0005513099999999501,-0.00018703530538494162,-9.351765269247081e-05,0.00045779234730747927,220.27553763967865,279.90761507545915,78.69580024834104
sem_quality,2025-08-12,0.0005513099999999501,-0.012958980685236054,-0.006479490342618027,-0.005928180342618077,218.9697045274835,280.06193094272635,78.1861725334828
sem_quality,2025-08-13,0.0005513099999999501,0.0023706726766496433,0.0011853363383248217,0.0017366463383247717,219.34997746305518,280.21633188587435,78.27879837938617
sem_quality,2025-08-14,0.0005513099999999501,-0.004524831630087832,-0.002262415815043916,-0.0017111058150439658,218.9746464410884,280.3708179518063,78.10179677070691
sem_quality,2025-08-15,0.0005513099999999501,0.009842464091606235,0.004921232045803118,0.0054725420458030674,220.17299440070212,280.5253891874513,78.4859420526743
sem_quality,2025-08-18,0.0005513099999999501,-0.018281476419495055,-0.009140738209747527,-0.008589428209747577,218.28183427157214,280.68004563976416,77.76891790580784
sem_quality,2025-08-19,0.0005513099999999501,0.00034073889045975036,0.00017036944522987518,0.0007216794452298253,218.439363784633,280.8347873557258,77.78216005267959
sem_quality,2025-08-20,0.0005513099999999501,0.0,0.0,0.0005513099999999501,218.5597915902811,280.98961438234284,77.78216005267959
sem_quality,2025-08-21,0.0005513099999999501,0.014717198692990967,0.007358599346495484,0.007909909346495434,220.28857972854917,281.1445267666479,78.35421242661798
sem_quality,2025-08-22,0.0005513099999999501,0.001524146360773906,0.000762073180386953,0.0013133831803869031,220.57790304399595,281.2995245556996,78.4138911689912
sem_quality,2025-08-25,0.0005513099999999501,-0.0016426405732948568,-0.0008213202866474284,-0.0002700102866474783,220.51834474116694,281.45460779658237,78.34952373582873
sem_quality,2025-08-26,0.0005513099999999501,0.008247184725332904,0.004123592362666452,0.004674902362666402,221.54924647200872,281.6097765364066,78.67242721360802
sem_quality,2025-08-27,0.0005513099999999501,0.009269225722154661,0.004634612861077331,0.005185922861077281,222.69818377414236,281.76503082230886,79.03684255076487
sem_quality,2025-08-28,0.0005513099999999501,0.0005558517599886515,0.0002779258799943258,0.0008292358799942758,222.88285309853742,281.9203707014515,79.05879683116844
sem_quality,2025-08-29,0.0005513099999999501,0.0008441520540251601,0.00042207602701258007,0.0009733860270125301,223.09980415340425,282.07579622102287,79.09214726760624
sem_quality,2025-09-01,0.0005513099999999501,-0.009246094565814184,-0.004623047282907092,-0.004071737282907142,222.19140036302355,282.2313074282374,78.72670200470932
sem_quality,2025-09-02,0.0005513099999999501,-0.005236186311277277,-0.0026180931556386384,-0.0020667831556386886,221.7321789194255,282.3869043703357,78.52070173503347
sem_quality,2025-09-03,0.0005513099999999501,0.0014801033063146325,0.0007400516531573162,0.0012913616531572663,222.0185153525531,282.54258709458406,78.57877909153217
sem_quality,2025-09-04,0.0005513099999999501,-0.005208344003553402,-0.002604172001776701,-0.0020528620017767505,221.56274197869493,282.69835564827514,78.3742591889557
sem_quality,2025-09-05,0.0005513099999999501,-0.004705218545337953,-0.0023526092726689767,-0.0018012992726690266,221.16364117271817,282.85421007872753,78.18997677678587
sem_quality,2025-09-08,0.0005513099999999501,0.00430267179103927,0.002151335895519635,0.0027026458955195847,221.76136817977175,283.010150433286,78.35809699413858
sem_quality,2025-09-09,0.0005513099999999501,0.0011414468720891413,0.0005707234360445707,0.0011220334360445207,222.0101918496924,283.1661767593214,78.4027931550565
sem_quality,2025-09-10,0.0005513099999999501,-0.0016380081162004163,-0.0008190040581002082,-0.0002676940581002581,221.95076104049653,283.32228910423055,78.33861633062119
sem_quality,2025-09-11,0.0005513099999999501,-0.007544399753685695,-0.0037721998768428474,-0.003220889876842897,221.2358820811036,283.47848751543654,78.04327023900055
sem_quality,2025-09-12,0.0005513099999999501,0.005935375413518342,0.002967687706759171,0.003518997706759121,222.01441064279982,283.6347720403886,78.27475067520484
sem_quality,2025-09-15,0.0005513099999999501,0.005089114578854997,0.0025445572894274987,0.0030958672894274486,222.70173779449038,283.79114272656216,78.4738155161761
sem_quality,2025-09-16,0.0005513099999999501,-0.00143540891513851,-0.000717704457569255,-0.00016639445756930498,222.66468145963034,283.9475996214587,78.41752554220322
sem_quality,2025-09-17,0.0005513099999999501,-0.0035899664523459662,-0.0017949832261729831,-0.001243673226173033,222.38775935688463,284.10414277260594,78.27684495782997
sem_quality,2025-09-18,0.0005513099999999501,-0.011826013604840525,-0.005913006802420262,-0.0053616968024203125,221.1953836186434,284.2607722275579,77.81424847518916
sem_quality,2025-09-19,0.0005513099999999501,0.0,0.0,0.0005513099999999501,221.31733084558616,284.41748803389464,77.81424847518915
sem_quality,2025-09-22,0.0005513099999999501,-0.014966785862489923,-0.0074833929312449615,-0.006932082931245012,219.78314075404276,284.5742902392226,77.2322547371675
sem_quality,2025-09-23,0.0005513099999999501,0.0035316111499558715,0.0017658055749779358,0.002317115574977886,220.2924036926015,284.73117889117435,77.36855673849415
sem_quality,2025-09-24,0.0005513099999999501,-0.005423133133167965,-0.0027115665665839823,-0.0021602565665840325,219.81651558095598,284.8881540374088,77.15888234232854
sem_quality,2025-09-25,0.0005513099999999501,-0.00457088754128159,-0.002285443770640795,-0.0017341337706408449,219.43532433794246,285.0452157256112,76.9826372210275
sem_quality,2025-09-26,0.0005513099999999501,-0.006899123352569628,-0.003449561676284814,-0.002898251676284864,218.7993455413439,285.2023640034928,76.7172271891352
sem_quality,2025-09-29,0.0005513099999999501,-0.009936054714772316,-0.004968027357386158,-0.004416717357386208,217.83297067410672,285.35959891879156,76.33630391248842
sem_quality,2025-09-30,0.0005513099999999501,-0.000649163377500585,-0.0003245816887502925,0.0002267283112496576,217.88235957568216,285.5169205192714,76.3115401985347
sem_quality,2025-10-01,0.0005513099999999501,-0.012783268287991305,-0.006391634143995652,-0.0058403241439957026,216.60985597050154,285.6743288527229,75.8240535089077
sem_quality,2025-10-02,0.0005513099999999501,-0.004749184110240186,-0.002374592055120093,-0.001823282055120143,216.21491510714836,285.83182396696265,75.6441015231877
sem_quality,2025-10-03,0.0005513099999999501,-0.005413139882248509,-0.0027065699411242543,-0.002155259941124304,215.74891576194432,285.98940590983386,75.43947828262043
sem_quality,2025-10-06,0.0005513099999999501,-0.008982256224341845,-0.004491128112170922,-0.0039398181121709725,214.89890427594415,286.14707472920594,75.10085660645414
sem_quality,2025-10-07,0.0005513099999999501,-0.007537719547383656,-0.003768859773691828,-0.003217549773691878,214.20745635512444,286.30483047297486,74.81796796835536
sem_quality,2025-10-08,0.0005513099999999501,-0.002393447355151429,-0.0011967236775757145,-0.0006454136775757644,214.06920393295414,286.4626731890629,74.72848086971189
sem_quality,2025-10-09,0.0005513099999999501,-0.013782491435203804,-0.006891245717601902,-0.006339935717601952,212.712018940901,286.6206029254187,74.21379229889158
sem_quality,2025-10-10,0.0005513099999999501,0.006385305624384857,0.0031926528121924286,0.0037439628121923784,213.5084048295221,286.7786197300175,74.45060061678437
sem_quality,2025-10-13,0.0005513099999999501,-0.0036662629862479574,-0.0018331314931239787,-0.0012818214931240286,213.23472516724902,286.9367236508608,74.3141980761964
sem_quality,2025-10-14,0.0005513099999999501,-0.0019442510912325208,-0.0009721255456162604,-0.0004208155456163103,213.14499268003343,287.0949147359768,74.24199515203867
sem_quality,2025-10-15,0.0005513099999999501,-0.0020912095183148365,-0.0010456047591574182,-0.0004942947591574682,213.03963622721102,287.2531930334198,74.16441014197027
sem_quality,2025-10-16,0.0005513099999999501,0.014416473263720076,0.007208236631860038,0.007759546631859988,214.69272721895058,287.411558591271,74.6987101949737
sem_quality,2025-10-17,0.0005513099999999501,-0.0022472985343411356,-0.0011236492671705678,-0.0005723392671706177,214.56985014078725,287.5700114576379,74.61482129279521
sem_quality,2025-10-20,0.0005513099999999501,0.007072473287053108,0.003536236643526554,0.004087546643526504,215.44691441153216,287.7285516806546,74.878531571887
sem_quality,2025-10-21,0.0005513099999999501,0.0,0.0,0.0005513099999999501,215.56569244991636,287.8871793084816,74.878531571887
sem_quality,2025-10-22,0.0005513099999999501,0.006932475744837297,0.0034662378724186487,0.004017547872418599,216.43173793898498,288.04589438930617,75.13793536194908
sem_quality,2025-10-23,0.0005513099999999501,-0.007287822285633553,-0.0036439111428167763,-0.0030926011428168265,215.76240089889302,288.2046969713419,74.86429026531366
sem_quality,2025-10-24,0.0005513099999999501,0.0012303146117200276,0.0006151573058600138,0.001166467305859964,216.01408068537546,288.3635871028291,74.9103182047551
sem_quality,2025-10-27,0.0005513099999999501,-0.006141046675169348,-0.003070523337584674,-0.0025192133375847242,215.46989513220674,288.52256483203473,74.68043106356133
sem_quality,2025-10-28,0.0005513099999999501,-0.011601269909898728,-0.005800634954949364,-0.005249324954949414,214.33882363464895,288.6816302072523,74.24747583722919
sem_quality,2025-10-29,0.0005513099999999501,0.0035634929798856736,0.0017817464899428368,0.002333056489942787,214.83888821817646,288.84078327680174,74.37969312397695
sem_quality,2025-10-30,0.0005513099999999501,-0.002735260632551159,-0.0013676303162755794,-0.0008163203162756293,214.66351086899792,289.0000240890301,74.27802525126023
sem_quality,2025-10-31,0.0005513099999999501,-0.007655905506882776,-0.003827952753441388,-0.0032766427534414383,213.9601352316807,289.15935269231056,73.99384914910637
sem_quality,2025-11-03,0.0005513099999999501,0.010308794911190005,0.0051543974555950025,0.005705707455594952,215.18092917047218,289.3187691350433,74.37503270658313
sem_quality,2025-11-04,0.0005513099999999501,0.015930342917831887,0.007965171458915943,0.008516481458915894,217.01351356406477,289.4782734656551,74.96711617281777
sem_quality,2025-11-05,0.0005513099999999501,-0.01700293977219755,-0.008501469886098775,-0.007950159886098825,215.2882214337864,289.6378657325994,74.33013666539914
sem_quality,2025-11-06,0.0005513099999999501,0.005612246945367531,0.0028061234726837656,0.003357433472683716,216.01103731470275,289.79754598435636,74.53860127799815
sem_quality,2025-11-07,0.0005513099999999501,-0.005111131193799004,-0.002555565596899502,-0.0020042555968995523,215.57809598417265,289.95731426943297,74.3482179531619
sem_quality,2025-11-10,0.0005513099999999501,0.02274165370023724,0.01137082685011862,0.011922136850118571,218.14824754638397,290.1171706363628,75.19315284506695
sem_quality,2025-11-11,0.0005513099999999501,-0.007487881861996355,-0.0037439409309981777,-0.0031926309309982274,217.45178070372435,290.27711513370633,74.91178924096809
sem_quality,2025-11-12,0.0005513099999999501,-0.017974648506991764,-0.008987324253495882,-0.008436014253495931,215.61735438225966,290.43714781005065,74.23890366919454
sem_quality,2025-11-13,0.0005513099999999501,-0.0022530637173280854,-0.0011265318586640427,-0.0005752218586640926,215.49332656691166,290.5972687140098,74.15531726108156
sem_quality,2025-11-14,0.0005513099999999501,-0.0034344700587292387,-0.0017172350293646194,-0.0011659250293646693,215.24207750380623,290.7574778942245,74.02804531896157
sem_quality,2025-11-17,0.0005513099999999501,0.0068913973350147786,0.0034456986675073893,0.003997008667507339,216.10240195320128,290.9177753993623,74.2829831063238
sem_quality,2025-11-18,0.0005513099999999501,-0.008057544692867643,-0.004028772346433822,-0.0034774623464338718,215.3509139874351,291.0781612781177,73.983878777382
sem_quality,2025-11-19,0.0005513099999999501,0.0007148318378332281,0.00035741591891661406,0.0009087259189165641,215.54660894463788,291.2386355792119,74.01030722313382
sem_quality,2025-11-21,0.0005513099999999501,0.0,0.0,0.0005513099999999501,215.66544194561513,291.39919835139307,74.01030722313382
sem_quality,2025-11-24,0.0005513099999999501,-0.018514836423940584,-0.009257418211970292,-0.008706108211970341,213.78783527045417,291.5598496434361,73.32554037598338
sem_quality,2025-11-25,0.0005513099999999501,0.0031483683172124875,0.0015741841586062438,0.0021254941586061936,214.24224006550259,291.720589504143,73.44090467857085
sem_quality,2025-11-26,0.0005513099999999501,-0.013911857660022977,-0.0069559288300114885,-0.006404618830011539,212.87010018059522,291.8814179823425,72.93033645378306
sem_quality,2025-11-27,0.0005513099999999501,-0.010300267329979493,-0.005150133664989747,-0.004598823664989797,211.89114812631598,292.0423351268903,72.55494243129195
sem_quality,2025-11-28,0.0005513099999999501,-0.017317149394937368,-0.008658574697468684,-0.008107264697468733,210.17329050140538,292.20334098666905,71.9270661970268
sem_quality,2025-12-01,0.0005513099999999501,0.00017150568049578187,8.575284024789093e-05,0.000637062840247841,210.30718409479644,292.3644356105884,71.93323074866493
sem_quality,2025-12-02,0.0005513099999999501,0.0024270253397517387,0.0012135126698758693,0.0017648226698758194,210.6783389809247,292.5256190475848,72.0204745371905
sem_quality,2025-12-03,0.0005513099999999501,-0.010200515223921807,-0.005100257611960903,-0.0045489476119609535,209.71997425392553,292.6868913466219,71.65335396096005
sem_quality,2025-12-04,0.0005513099999999501,0.006069486400741675,0.0030347432003708374,0.0035860532003707873,210.47204123878052,292.8482525566901,71.87068367363297
sem_quality,2025-12-05,0.0005513099999999501,-6.774267861987468e-05,-3.387133930993734e-05,0.0005174386606900127,210.58094760991182,293.0097027268071,71.8682506586653
sem_quality,2025-12-08,0.0005513099999999501,-0.0024719128412809595,-0.0012359564206404798,-0.0006846464206405297,210.43677411787561,293.1712419060174,71.7794735765167
sem_quality,2025-12-09,0.0005513099999999501,0.004814247855992817,0.0024071239279964086,0.0029584339279963585,211.05933741012404,293.3328701433926,71.9521604608955
sem_quality,2025-12-10,0.0005513099999999501,-0.013613925956180082,-0.006806962978090041,-0.006255652978090091,209.7390234375007,293.4945874880313,71.46265463789987
sem_quality,2025-12-11,0.0005513099999999501,-0.0011059960705496492,-0.0005529980352748246,-1.6880352748745078e-06,209.7386693906306,293.65639398905927,71.42315770534348
sem_quality,2025-12-12,0.0005513099999999501,-0.009481415994518672,-0.004740707997259336,-0.004189397997259386,208.85999062913766,293.81828969562935,71.08474793910847
sem_quality,2025-12-15,0.0005513099999999501,0.0033114273520118594,0.0016557136760059297,0.0022070236760058795,209.3209495734265,293.98027465692144,71.20237907720394
sem_quality,2025-12-16,0.0005513099999999501,0.008486875865448617,0.0042434379327243085,0.004794747932724258,210.32459076366953,294.1423489221425,71.50435547087477
sem_quality,2025-12-17,0.0005513099999999501,0.006028447684928132,0.003014223842464066,0.003565533842464016,211.0745102099398,294.30451254052673,71.71976684553015
sem_quality,2025-12-18,0.0005513099999999501,-0.0076686270489827665,-0.0038343135244913833,-0.0032830035244914334,210.38155184899026,294.46676556133536,71.44492229808841
sem_quality,2025-12-19,0.0005513099999999501,0.003781075593061138,0.001890537796530569,0.002441847796530519,210.89527157780336,294.62910803385694,71.57991720002376
sem_quality,2025-12-22,0.0005513099999999501,-0.0008005925686785549,-0.00040029628433927746,0.00015101371566067262,210.9271196563796,294.7915400074071,71.55127981321301
sem_quality,2025-12-23,0.0011029239427160003,0.0,0.0,0.0011029239427160003,211.15975622681677,295.11667265499136,71.55127981321301
sem_quality,2025-12-26,0.0005513099999999501,0.013614893134947853,0.006807446567473926,0.007358756567473876,212.71362946973707,295.27937342779273,72.03809294242959
sem_quality,2025-12-29,0.0005513099999999501,-0.007325485996477512,-0.003662742998238756,-0.0031114329982388058,212.05178526382977,295.4421638991572,71.77438130875898
sem_quality,2025-12-30,0.0011029239427160003,-0.014463529719758667,-0.0072317648598793334,-0.006128840917163333,210.75215360574728,295.76801413540943,71.25589770814774
sem_quality,2026-01-02,0.0005513099999999501,-0.03380189894110335,-0.016900949470551676,-0.016349639470551725,207.30643187665098,295.9310739992824,70.05226895407195
sem_quality,2026-01-05,0.0005513099999999501,-0.0070836004591941955,-0.0035418002295970977,-0.002990490229597148,206.68648401759117,296.09422375968893,69.80429452259042
sem_quality,2026-01-06,0.0005513099999999501,-0.003089723369555506,-0.001544861684777753,-0.0009935516847778029,206.4811303131747,296.25746346618985,69.69651596194781
sem_quality,2026-01-07,0.0005513099999999501,0.003693184960344683,0.0018465924801723415,0.0023979024801722916,206.97625192766145,296.42079316837334,69.82514610913091
sem_quality,2026-01-08,0.0005513099999999501,-0.002789200724742263,-0.0013946003623711315,-0.0008432903623711815,206.80171084917114,296.58421291585495,69.72782159104459
sem_quality,2026-01-09,0.0005513099999999501,0.001866418856892134,0.000933209428446067,0.001484519428446017,207.10871200676263,296.7477227582775,69.79285639723936
sem_quality,2026-01-12,0.0005513099999999501,-0.0003409517754231284,-0.0001704758877115642,0.00038083411228838587,207.18758606924692,296.9113227453114,69.78096495396072
sem_quality,2026-01-13,0.0005513099999999501,0.001011749630987692,0.000505874815493846,0.001057184815493796,207.40662163919814,297.07501292665404,69.8162459359736
sem_quality,2026-01-14,0.0005513099999999501,-0.011190972649772968,-0.005595486324886484,-0.005044176324886534,206.360426068701,297.2387933520306,69.4258053403887
sem_quality,2026-01-15,0.0005513099999999501,-0.007972964647080194,-0.003986482323540097,-0.003435172323540147,205.65154244439583,297.40266407119344,69.14919309369944
sem_quality,2026-01-16,0.0005513099999999501,-0.00020950859945714025,-0.00010475429972857012,0.00044655570027137996,205.74337731294398,297.5666251339225,69.1419534097103
sem_quality,2026-01-19,0.0005513099999999501,0.005854619821702796,0.002927309910851398,0.003478619910851348,206.4590803217906,297.73067659002504,69.34424181156335
sem_quality,2026-01-20,0.0005513099999999501,0.004089162000630073,0.0020445810003150364,0.0025958910003149862,206.99502559033124,297.8948184893358,69.48594360923447
sem_quality,2026-01-21,0.0005513099999999501,-0.005563295497642713,-0.0027816477488213564,-0.0022303377488214066,206.53335677093887,298.05905088171716,69.29276469208793
sem_quality,2026-01-22,0.0005513099999999501,0.007333098490376375,0.0036665492451881873,0.004217859245188137,207.40448539923491,298.2233738170587,69.54669003458613
sem_quality,2026-01-23,0.0005513099999999501,-0.0006680982650370083,-0.00033404913251850414,0.00021726086748144593,207.4495462776523,298.38778734527773,69.5234708240935
sem_quality,2026-01-26,0.0005513099999999501,-0.002298475396730299,-0.0011492376983651496,-0.0005979276983651995,207.32550644791962,298.55229151631903,69.44361585534409
sem_quality,2026-01-27,0.0005513099999999501,0.015451327988318801,0.0077256639941594004,0.00827697399415935,209.04153427311493,298.7168863801548,69.9798182842209
sem_quality,2026-01-28,0.0005513099999999501,0.0,0.0,0.0005513099999999501,209.15678096137503,298.881571986785,69.97981828422091
sem_quality,2026-01-29,0.0005513099999999501,0.009618168394760346,0.004809084197380173,0.005360394197380123,210.27794375638308,299.04634838623696,70.31617168747235
sem_quality,2026-01-30,0.0005513099999999501,-0.015174145909571269,-0.0075870729547856345,-0.007035762954785685,208.7984779894934,299.21121562856575,69.78297172145153
sem_quality,2026-02-02,0.0005513099999999501,0.005948826848329036,0.002974413424164518,0.003525723424164468,209.53464367427088,299.3761737638539,69.99042076058817
sem_quality,2026-02-03,0.0005513099999999501,-0.005005806358652394,-0.002502903179326197,-0.001951593179326247,209.1257172928436,299.5412228422116,69.81533803879947
sem_quality,2026-02-04,0.0005513099999999501,-0.01389968790463425,-0.006949843952317125,-0.006398533952317175,207.7876192904427,299.70636291377673,69.3303996853152
sem_quality,2026-02-05,0.0005513099999999501,0.005524219655698159,0.0027621098278490797,0.0033134198278490295,208.4761069081812,299.87159402871464,69.52179234696644
sem_quality,2026-02-06,0.0005513099999999501,-0.008356895722051033,-0.004178447861025517,-0.0036271378610255667,207.71993532769534,300.0369162372186,69.23145922599254
sem_quality,2026-02-09,0.0005513099999999501,-0.006587696226053291,-0.0032938481130266456,-0.0027425381130266957,207.15025548822368,300.2023295895093,69.00354696496753
sem_quality,2026-02-10,0.0005513099999999501,-0.0026730610174952978,-0.0013365305087476489,-0.0007852205087476988,206.98759685922198,300.3678341358352,68.91137243597665
sem_quality,2026-02-11,0.0005513099999999501,0.0010252731562446667,0.0005126365781223333,0.0010639465781222834,207.20782060461414,300.5334299264726,68.94667946101997
sem_quality,2026-02-12,0.0005513099999999501,0.01233357904515205,0.006166789522576025,0.006718099522575975,208.59986336529198,300.6991170117253,69.37162484489701
sem_quality,2026-02-13,0.0005513099999999501,0.01030656698557474,0.00515328349278737,0.00570459349278732,209.78984078844195,300.864895441925,69.72891951395407
sem_quality,2026-02-18,0.0005513099999999501,0.0038104522607913163,0.0019052261303956581,0.002456536130395608,210.30519711212872,301.03076526743104,69.8616956726323
sem_quality,2026-02-19,0.0005513099999999501,-0.00594208826243193,-0.002971044131215965,-0.0024197341312160153,209.7963144487044,301.19672653863057,69.65424785976104
sem_quality,2026-02-20,0.0005513099999999501,0.006287600441791403,0.0031438002208957014,0.0036951102208956513,210.57153495453008,301.36277930593855,69.87310624075486
sem_quality,2026-02-23,0.0005513099999999501,0.013552387860869227,0.006776193930434614,0.0073275039304345636,212.11449870454703,301.52892361979764,70.346319072198
sem_quality,2026-02-24,0.0005513099999999501,-0.0016145466402218527,-0.0008072733201109263,-0.00025596332011097625,212.06020517321497,301.69515953067844,70.28956165657382
sem_quality,2026-02-25,0.0005513099999999501,0.011809673634659689,0.0059048368173298445,0.006456146817329794,213.42929699192635,301.8614870890793,70.70438135387023
sem_quality,2026-02-26,0.0005513099999999501,0.0023614980881287804,0.0011807490440643902,0.0017320590440643403,213.79896913604952,302.02790634552633,70.7878194842893
sem_quality,2026-02-27,0.0005513099999999501,0.0028252919108358683,0.0014126459554179341,0.0019639559554178844,214.21886089474648,302.19441735057364,70.88776251158626
sem_quality,2026-03-02,0.0005513099999999501,0.00480479232683631,0.002402396163418155,0.002953706163418105,214.85160046449172,302.3610201548031,71.05796916364807
sem_quality,2026-03-03,0.0005513099999999501,0.0,0.0,0.0005513099999999501,214.9700503003438,302.5277148088246,71.05796916364808
sem_quality,2026-03-04,0.0005513099999999501,-0.0013780493820766127,-0.0006890246910383063,-0.00013771469103835625,214.94044576628414,302.6945013632758,71.00903544604714
sem_quality,2026-03-05,0.0005513099999999501,-0.006547101507439942,-0.003273550753719971,-0.002722240753720021,214.35532612519643,302.8613798688224,70.77671184686527
sem_quality,2026-03-06,0.0005513099999999501,-0.006737612895099091,-0.0033688064475495454,-0.0028174964475495955,213.75138075532533,303.0283503761578,70.5384101817502
sem_quality,2026-03-09,0.0005513099999999501,0.007578533362298096,0.003789266681149048,0.004340576681148998,214.67918501419533,303.1954129360036,70.8055517513744
sem_quality,2026-03-10,0.0005513099999999501,-0.009982210788883433,-0.004991105394441716,-0.004439795394441766,213.72605335728682,303.3625675991093,70.45234850455371
sem_quality,2026-03-11,0.0005513099999999501,-0.003523054963435558,-0.001761527481717779,-0.001210217481717829,213.46739835121528,303.52981441625235,70.32831313844906
sem_quality,2026-03-12,0.0005513099999999501,-0.006581787612814452,-0.003290893806407226,-0.0027395838064072763,212.8825865234964,303.69715343823816,70.09699765486593
sem_quality,2026-03-13,0.0005513099999999501,-0.007262034749699544,-0.003631017374849772,-0.0030797073748498223,212.2269704518029,303.86458471590015,69.84261448244312
sem_quality,2026-03-16,0.0005513099999999501,-0.0031113478907245176,-0.0015556739453622588,-0.0010043639453623087,212.01381733444765,304.0321083000998,69.73402201493008
sem_quality,2026-03-17,0.0005513099999999501,-0.01446600815559291,-0.007233004077796455,-0.0066816940777965055,210.59720586675303,304.1997242417267,69.22991346941717
sem_quality,2026-03-18,0.0005426600000000696,-0.022735527126443018,-0.011367763563221509,-0.010825103563221439,208.31746930312036,304.3648012640837,68.44335101757467
sem_quality,2026-03-19,0.0005426600000000696,0.005160870280462398,0.002580435140231199,0.0031230951402312686,208.96806457912624,304.5299678671377,68.61986885648514
sem_quality,2026-03-20,0.0005426600000000696,0.016410591325964285,0.008205295662982143,0.008747955662982212,210.7961079430436,304.69522409950054,69.18260979181169
sem_quality,2026-03-23,0.0005426600000000696,-0.004239593554149573,-0.0021197967770747866,-0.0015771367770747169,210.4636536487424,304.8605700098104,69.03603625813916
sem_quality,2026-03-24,0.0005426600000000696,0.0033329600920333283,0.0016664800460166641,0.002209140046016734,210.92859733424882,305.0260056467319,69.15102103737912
sem_quality,2026-03-25,0.0005426600000000696,-0.014497015717604644,-0.007248507858802322,-0.006705847858802252,209.51414225145476,305.1915310589562,68.6500511742514
sem_quality,2026-03-26,0.0005426600000000696,-0.014862362862054798,-0.007431181431027399,-0.006888521431027329,208.07089959245232,305.3571462952006,68.14017687711232
sem_quality,2026-03-27,0.0005426600000000696,-0.005953057324581151,-0.0029765286622905757,-0.002433868662290506,207.56448235039966,305.5228514042092,67.93746569083639
sem_quality,2026-03-30,0.0005426600000000696,0.023247089007626807,0.011623544503813404,0.012166204503813473,210.08975429040282,305.68864643475223,68.7267115546097
sem_quality,2026-03-31,0.0005426600000000696,-0.0018979078018418558,-0.0009489539009209279,-0.00040629390092085827,210.00439610458866,305.8545314356265,68.66152844584829
sem_quality,2026-04-01,0.0005426600000000696,-0.013991461209071807,-0.0069957306045359035,-0.006453070604535834,208.64922290926287,306.0205064556554,68.18145140855052
sem_quality,2026-04-02,0.0005426600000000696,0.0,0.0,0.0005426600000000696,208.7624484965668,306.1865715436886,68.18145140855052
sem_quality,2026-04-06,0.0005426600000000696,-0.017774320609343947,-0.008887160304671973,-0.008344500304671904,207.02043018148314,306.35272674860255,67.57584056086012
sem_quality,2026-04-07,0.0005426600000000696,0.03451584179245985,0.017257920896229927,0.017800580896229996,210.70551409610096,306.5189721193,68.74142655486018
sem_quality,2026-04-08,0.0005426600000000696,0.002372212922481,0.0011861064612405,0.0017287664612405697,211.06977472206876,306.6853077047102,68.82291698345583
sem_quality,2026-04-09,0.0005426600000000696,-0.023899481152994968,-0.011949740576497484,-0.011407080576497414,208.66208479455096,306.8517335537893,68.00094703000065
sem_quality,2026-04-10,0.0005426600000000696,0.005878301572068256,0.002939150786034128,0.003481810786034198,209.388606692025,307.01824971551963,68.20070366697831
sem_quality,2026-04-13,0.0005426600000000696,0.01810301803471746,0.00905150901735873,0.0095941690173588,211.39751637493757,307.18485623891024,68.8176881384169
sem_quality,2026-04-14,0.0005426600000000696,0.008620283301647103,0.004310141650823551,0.004852801650823621,212.42338659138187,307.35155317299683,69.11414124913063
sem_quality,2026-04-15,0.0005426600000000696,-0.019260238957890724,-0.009630119478945362,-0.009087459478945292,210.49299767335236,307.5183405668417,68.44892479757641
sem_quality,2026-04-16,0.0005426600000000696,0.02714659447279319,0.013573297236396595,0.014115957236396665,213.46430782707037,307.68521846953377,69.37749849956055
sem_quality,2026-04-17,0.0005426600000000696,-0.0050876205108323636,-0.0025438102554161818,-0.002001150255416112,213.03713367294,307.8521869301884,69.20111102580876
sem_quality,2026-04-20,0.0005426600000000696,-0.012105019737303296,-0.006052509868651648,-0.0055098498686515784,211.86333104995424,308.01924599794796,68.78249778306571
sem_quality,2026-04-22,0.0005426600000000696,-0.02337458391620382,-0.01168729195810191,-0.01114463195810184,209.50219219998502,308.1863957219812,67.97905264740483
sem_quality,2026-04-23,0.0005426600000000696,0.008306033750665298,0.004153016875332649,0.004695676875332719,210.48594679923002,308.3536361514837,68.26121768054176
sem_quality,2026-04-24,0.0005426600000000696,-0.016317313135867227,-0.008158656567933614,-0.007615996567933544,208.88288655080888,308.5209673356777,67.70459990278056
sem_quality,2026-04-27,0.0005426600000000696,-0.007031270517159914,-0.003515635258579957,-0.002972975258579887,208.26188289715256,308.6883893238121,67.46670432061092
sem_quality,2026-04-28,0.0005426600000000696,-0.016476210084561987,-0.008238105042280994,-0.007695445042280924,206.6592150229156,308.85590216516255,66.91120796921126
sem_quality,2026-04-29,0.0005339999999999275,0.004959046652537408,0.002479523326268704,0.0030135233262686316,207.2819873879755,309.02083121691874,67.07702732262501
sem_quality,2026-04-30,0.0005339999999999275,-0.0012034085793964275,-0.0006017042896982138,-6.770428969828622e-05,207.2679535082522,309.1858483407886,67.0366883285676
sem_quality,2026-05-04,0.0005339999999999275,0.021461012819591903,0.010730506409795951,0.011264506409795878,209.60272469909117,309.3509535838026,67.75564202109697
sem_quality,2026-05-05,0.0005339999999999275,0.021642614132102795,0.010821307066051397,0.011355307066051324,211.98282799993032,309.5161469930164,68.48845530657024
sem_quality,2026-05-06,0.0005339999999999275,0.01986471974892116,0.00993235987446058,0.010466359874460507,214.2015165649835,309.68142861551064,69.16834423123527
sem_quality,2026-05-07,0.0005339999999999275,0.0,0.0,0.0005339999999999275,214.3159001748292,309.84679849839137,69.16834423123525
sem_quality,2026-05-08,0.0005339999999999275,-0.017778716865130745,-0.008889358432565372,-0.008355358432565445,212.52521401107057,310.01225668878953,68.55381018835561
sem_quality,2026-05-11,0.0005339999999999275,-0.007250988633508277,-0.0036254943167541385,-0.0030914943167542107,211.86819351978835,310.17780323386137,68.3054013894245
sem_quality,2026-05-12,0.0005339999999999275,-0.014294486347109118,-0.007147243173554559,-0.006613243173554631,210.46705763530028,310.3434381807882,67.81746663278709
sem_quality,2026-05-13,0.0005339999999999275,0.010598288080952069,0.005299144040476034,0.005833144040475962,211.69474229826216,310.50916157677676,68.17664935336163
sem_quality,2026-05-14,0.0005339999999999275,0.004545135286797555,0.0022725676433987775,0.0028065676433987052,212.28887791227407,310.6749734690588,68.33150270902547
sem_quality,2026-05-15,0.0005339999999999275,-0.009051197919799156,-0.004525598959899578,-0.00399159895989965,211.44150584800116,310.8408739048913,68.0224267779843
sem_quality,2026-05-18,0.0005339999999999275,-0.008166077108016367,-0.004083038554008184,-0.003549038554008256,210.69109179182902,311.00686293155644,67.74483681995018
sem_quality,2026-05-19,0.0005339999999999275,0.03018015575543294,0.01509007787771647,0.015624077877716396,213.98294581812567,311.1729405963619,68.76656607995157
sem_quality,2026-05-20,0.0005339999999999275,-0.000614680085868615,-0.0003073400429343075,0.00022665995706562005,214.0314471834376,311.33910694664036,68.74544264049679
sem_quality,2026-05-21,0.0005339999999999275,-0.009148731028197084,-0.004574365514098542,-0.004040365514098614,213.16668190530504,311.5053620297499,68.43114369406806
sem_quality,2026-05-22,0.0005339999999999275,0.03345006647129348,0.01672503323564674,0.017259033235646665,216.84573275304118,311.67170589307375,69.57504600287174
sem_quality,2026-05-25,0.0005339999999999275,-0.014104983342797443,-0.0070524916713987215,-0.006518491671398794,215.4322256501121,311.83813858402067,69.08463045230329
sem_quality,2026-05-26,0.0005339999999999275,0.004054807170693342,0.002027403585346671,0.0025614035853465987,215.98403452529146,312.00466015002456,69.22461812635667
sem_quality,2026-05-27,0.0005339999999999275,-0.0036775183066234856,-0.0018387591533117428,-0.0013047591533118152,215.70222737927537,312.1712706385447,69.09739866133664
sem_quality,2026-05-28,0.0005339999999999275,0.0031047607434282216,0.0015523803717141108,0.0020863803717140385,216.1522642726145,312.33797009706564,69.20460685757821
sem_quality,2026-05-29,0.0005339999999999275,-0.010009415846351297,-0.0050047079231756485,-0.004470707923175721,215.18591063211855,312.50475857309755,68.85844286488991
sem_quality,2026-06-01,0.0005339999999999275,-0.009573669352035335,-0.004786834676017667,-0.00425283467601774,214.27076052959185,312.67163611417556,68.52900480277286
sem_quality,2026-06-02,0.0005339999999999275,-0.014084444543283465,-0.0070422222716417324,-0.006508222271641805,212.8762387937515,312.83860276786055,68.04666588787786
sem_quality,2026-06-03,0.0005339999999999275,0.006539894329393077,0.0032699471646965386,0.003803947164696466,213.68600875874222,313.0056585817386,68.26905613367371
sem_quality,2026-06-05,0.0005339999999999275,0.0015133423739356424,0.0007566711869678212,0.0012906711869677488,213.96180713330529,313.17280360342124,68.32068579117445
sem_quality,2026-06-08,0.0005339999999999275,0.0006985380213052617,0.00034926901065263083,0.0008832690106525584,214.15079296700935,313.3400378805454,68.3445353538414
sem_quality,2026-06-09,0.0005339999999999275,0.0,0.0,0.0005339999999999275,214.26514949045378,313.50736146077367,68.3445353538414
sem_quality,2026-06-10,0.0005339999999999275,0.024733001319265244,0.012366500659632622,0.012900500659632549,217.02927719279162,313.6747743917938,69.18926700867326
sem_quality,2026-06-11,0.0005339999999999275,8.240100635535197e-05,4.1200503177675984e-05,0.0005752005031776035,217.1541125422372,313.842276721319,69.19211611986312
sem_quality,2026-06-12,0.0005339999999999275,0.011871872478264425,0.0059359362391322125,0.00646993623913214,218.55908580445077,314.00986849708823,69.60261690198358
sem_quality,2026-06-15,0.0005339999999999275,0.0009733084271845447,0.00048665421359227233,0.0010206542135921999,218.78215905629594,314.1775497668657,69.63647123056451
sem_quality,2026-06-16,0.0005339999999999275,-0.018974871112690223,-0.009487435556345111,-0.008953435556345184,216.82330709430735,314.3453205784412,68.97615230769806
sem_quality,2026-06-17,0.0005253100000000541,0.005765700929037878,0.002882850464518939,0.003408160464518993,217.56227571733245,314.51044931879426,69.17489583845492
sem_quality,2026-06-18,0.0005253100000000541,0.003493530835317763,0.0017467654176588816,0.002272075417658936,218.05659361579976,314.67566480292595,69.2956647131781
sem_quality,2026-06-19,0.0005253100000000541,0.004127189584557786,0.002063594792278893,0.002588904792278947,218.6211213759997,314.8409670764036,69.43858780707725
sem_quality,2026-06-22,0.0005253100000000541,0.007463124831894893,0.0037315624159474465,0.0042568724159475005,219.55176359712868,315.0063561848185,69.69756618762152
sem_quality,2026-06-23,0.0005253100000000541,0.007458054370736165,0.0037290271853680826,0.004254337185368137,220.4858108291131,315.17183217378596,69.95733384813941
sem_quality,2026-06-24,0.0005253100000000541,-0.005072257982189086,-0.002536128991094543,-0.002010818991094489,220.04245377343102,315.3373950889452,69.78000617762605
sem_quality,2026-06-25,0.0005253100000000541,0.004771224580536063,0.0023856122902680315,0.0029109222902680854,220.68298025692542,315.50304497595937,69.94638681656494
sem_quality,2026-06-26,0.0005253100000000541,-0.005035683974678573,-0.0025178419873392865,-0.0019925319873392326,220.2432623597021,315.66878188051567,69.77036533282114
sem_quality,2026-06-29,0.0005253100000000541,-0.006138905218497451,-0.0030694526092487255,-0.0025441426092486716,219.68293209153288,315.83460584832534,69.55632094256075
sem_quality,2026-06-30,0.0005253100000000541,-0.01736749898826202,-0.00868374949413101,-0.008158439494130955,217.8906621821708,316.0005169251235,68.9526284014909
sem_quality,2026-07-01,0.0005253100000000541,0.0070020683223601665,0.0035010341611800833,0.004026344161180137,218.76796497762365,316.16651515666945,69.19390716288153
sem_quality,2026-07-02,0.0005253100000000541,0.00028022197561161644,0.00014011098780580822,0.0006654209878058623,218.91353777297934,316.3326005887464,69.20359689944875
sem_quality,2026-07-03,0.0005253100000000541,-0.007404125939464897,-0.0037020629697324483,-0.0031767529697323943,218.2181035417444,316.49877326716165,68.94753533769403
sem_quality,2026-07-06,0.0005253100000000541,-0.013392860610790962,-0.006696430305395481,-0.006171120305395427,216.87145337197308,316.6650332377467,68.48607538210564
sem_quality,2026-07-07,0.0005253100000000541,-0.0048908908337050114,-0.0024454454168525057,-0.0019201354168524518,216.45503081344927,316.8313805463568,68.31868435512463
sem_quality,2026-07-08,0.0005253100000000541,0.020415957279638984,0.010207978639819492,0.010733288639819547,218.77830513671105,316.99781523887157,69.01571386914833
sem_quality,2026-07-09,0.0005253100000000541,0.0,0.0,0.0005253100000000541,218.89323156818242,317.1643373611947,69.01571386914831
sem_quality,2026-07-10,0.0005253100000000541,0.0011012032101955036,0.0005506016050977518,0.0010759116050978058,219.128741336304,317.33094695925394,69.05369408059676
sem_quality,2026-07-13,0.0005253100000000541,0.007361403633080438,0.003680701816540219,0.004206011816540273,220.0503994117081,317.4976440790011,69.30772669196696
sem_quality,2026-07-14,0.0005253100000000541,-0.021323842792814584,-0.010661921396407292,-0.010136611396407237,217.81983402524742,317.66442876641224,68.56916113368695
sem_quality,2026-07-15,0.0005253100000000541,-0.0177405695744985,-0.00887028478724925,-0.008344974787249194,216.00213300214395,317.8313010674875,67.96125248729942
sem_quality,2026-07-16,0.0005253100000000541,-0.011540808127959185,-0.005770404063979592,-0.005245094063979538,214.86918149652746,317.9982610282513,67.56929449920428
sem_quality,2026-07-17,0.0005253100000000541,0.005866451849409482,0.002933225924704741,0.003458535924704795,215.61231427984512,318.165308694752,67.76738644586287
sem_quality,2026-07-20,0.0005253100000000541,-0.0010378698733747947,-0.0005189349366873973,6.375063312656745e-06,215.61368882199963,318.3324441130625,67.73223804527443
sem_quality,2026-07-21,0.0005253100000000541,0.006387592585809159,0.0031937962929045795,0.0037191062929046335,216.41557904893395,318.49966732927953,67.94844743909688
sem_quality,2026-07-22,0.0005253100000000541,-0.01171492497034577,-0.005857462485172885,-0.005332152485172831,215.26161818127804,318.6669783895243,67.55065092378409
sem_quality,2026-07-23,0.0005253100000000541,0.0013394077684191937,0.0006697038842095968,0.0011950138842096508,215.5188588037421,318.8343773399421,67.59586610510173
sem_quality,2026-07-24,0.0005253100000000541,-0.00022529756556284065,-0.00011264878278142033,0.00041266121721863374,215.60779507834962,319.00186422670254,67.58825551098515
sem_quality,2026-07-27,0.0005253100000000541,-0.014135741327097263,-0.007067870663548631,-0.006542560663548577,214.19716799951556,319.16943909599945,67.11080127414378
sem_quality,2026-07-28,0.0005253100000000541,0.004861622891803806,0.002430811445901903,0.0029561214459019568,214.8303608414904,319.33710199405095,67.27384932725185
sem_quality,2026-07-29,0.0005253100000000541,0.0035195626958242077,0.0017597813479121038,0.002285091347912158,215.32126784031814,319.50485296709945,67.39217443513778
sem_quality,2026-07-30,0.0005253100000000541,-0.003728554640274097,-0.0018642773201370485,-0.0013389673201369945,215.03295969934953,319.6726920614116,67.26660269687346
sem_quality,2026-07-31,0.0005253100000000541,-0.0007600086654898546,-0.0003800043327449273,0.00014530566725512678,215.0642052070405,319.84061932327836,67.24105451711395
sem_quality,2026-08-03,0.0005253100000000541,0.014084979566027157,0.007042489783013578,0.007567799783013632,216.69176805254034,320.0086347990151,67.71435032952657
sem_quality,2026-08-04,0.0005253100000000541,-0.0052635978713244476,-0.0026317989356622238,-0.00210648893566217,216.23530924068862,320.1767385349614,67.5362333410355
sem_quality,2026-08-05,0.0005165999999998995,-0.005692740805300049,-0.0028463704026500244,-0.002329770402650125,215.73153061721175,320.34214183808854,67.34409946170915
sem_quality,2026-08-06,0.0005165999999998995,0.007107014866371423,0.0035535074331857117,0.004070107433185611,216.6095811235494,320.50763058856205,67.58328365717216
sem_quality,2026-08-07,0.0005165999999998995,-0.01879509558434537,-0.009397547792172684,-0.008880947792172784,214.68588274230675,320.673204830524,66.94849445115577
sem_quality,2026-08-10,0.0005165999999998995,0.0,0.0,0.0005165999999998995,214.79678946933137,320.83886460813943,66.94849445115577
sem_quality,2026-08-11,0.0005165999999998995,0.0,0.0,0.0005165999999998995,214.9077534907712,321.004609965596,66.94849445115575
