signal_index,signal_date,entry_date,exit_date,n_long,n_short,long_return,short_underlying_return,pure_spread_return,overlay_excess_return,long_quality_mean,short_quality_mean,raw_dispersion_z,sma21_z,sma21_high_cross,bucket
0,2014-05-15,2014-05-16,2014-06-17,11,11,0.07773422036284258,0.02068925712954303,0.05561098794189499,0.027566798874020824,53.62349074203618,42.75122712234915,,,False,
1,2014-05-16,2014-05-19,2014-06-18,11,11,0.08338998668630501,0.037780972068356414,0.04377617139629118,0.021784382667250617,53.62349074203618,40.183315257527426,,,False,
2,2014-05-19,2014-05-20,2014-06-20,11,11,0.09698915589653578,0.03803448065163175,0.0566416747345912,0.02804246861258617,57.05866810864553,40.183315257527426,,,False,
3,2014-05-20,2014-05-21,2014-06-23,11,11,0.09996976366868306,0.03908526625626611,0.058433330251841796,0.02891363886272501,57.05866810864553,40.183315257527426,,,False,
4,2014-05-21,2014-05-22,2014-06-24,11,11,0.07524530704071712,0.03515890845320931,0.038605856870606636,0.01924238264632593,54.65250796622002,39.498061352331554,,,False,
5,2014-05-22,2014-05-23,2014-06-25,11,11,0.07757240630046969,0.030433499245983535,0.04536071213534375,0.022609432623005483,55.059766247620786,38.68341091262834,,,False,
6,2014-05-23,2014-05-26,2014-06-26,11,11,0.07045832464744173,0.024599819102242175,0.04425347887837502,0.022033600081007416,55.05976624762077,37.1502533496389,,,False,
7,2014-05-26,2014-05-27,2014-06-27,11,11,0.059528814782739026,0.03468063023116607,0.023687020985901728,0.011896929982794353,55.827646421123525,37.15025334963891,,,False,
8,2014-05-27,2014-05-28,2014-06-30,11,11,0.06008103062096054,0.028198384036178654,0.030604165246872327,0.015331769886489412,54.65250796622002,38.73608729186433,,,False,
9,2014-05-28,2014-05-29,2014-07-01,11,11,0.05612751527587348,0.03609961180358511,0.018713421642096963,0.009477059836287821,54.65250796622002,37.15025334963891,,,False,
10,2014-05-29,2014-05-30,2014-07-02,11,11,0.06440801682666233,0.044342591662625906,0.018588745013878034,0.009400900848903779,55.528469034977654,36.764187296428425,,,False,
11,2014-05-30,2014-06-02,2014-07-03,11,11,0.06521455971794916,0.04103203092650514,0.022801448968571083,0.011485595898152559,53.948851782033465,38.387694685479374,,,False,
12,2014-06-02,2014-06-03,2014-07-04,11,11,0.04820848266938404,0.025917194790735065,0.021146435704563878,0.01065291458034856,54.32994469164859,38.214506723366135,,,False,
13,2014-06-03,2014-06-04,2014-07-07,11,11,0.03761404347670815,0.032116672413921875,0.004938396510069574,0.002589348969940558,56.6925559409578,38.214506723366135,,,False,
14,2014-06-04,2014-06-05,2014-07-08,11,11,0.02679688707574738,0.02639080065545559,0.00025595228976690816,0.00024407202046189912,56.6925559409578,41.37541041709277,,,False,
15,2014-06-05,2014-06-06,2014-07-10,11,11,-0.02659538314278915,0.02675259379541789,-0.052543426579844524,-0.026418134321864246,56.6925559409578,40.91356144588354,,,False,
16,2014-06-06,2014-06-09,2014-07-11,11,11,-0.019364273445675786,0.009387016449417675,-0.028926926604886244,-0.014343910747644321,56.122208238776416,40.535936439375256,,,False,
17,2014-06-09,2014-06-10,2014-07-14,11,11,-0.034960666064217556,0.020419820077044425,-0.054914405289740426,-0.027600277676215743,56.48448252071612,38.76287593783677,,,False,
18,2014-06-10,2014-06-11,2014-07-15,11,11,-0.050747069108017163,0.010743715516736347,-0.06147239497901013,-0.030964228920760596,56.6925559409578,38.76287593783677,,,False,
19,2014-06-11,2014-06-13,2014-07-16,11,11,-0.04132109025254286,0.008465982530973295,-0.04993019779234659,-0.025026738304769956,54.143992650902526,38.23001367505557,,,False,
20,2014-06-13,2014-06-16,2014-07-17,11,11,-0.05327167556160233,0.006900048407779583,-0.060112718837953764,-0.03031046116954505,57.57313975723445,40.89221912749139,,,False,
21,2014-06-16,2014-06-17,2014-07-18,11,11,-0.0573701013020211,0.019436087011539354,-0.07594864057702679,-0.03844473384793995,56.87046142698962,40.2235211499381,,,False,
22,2014-06-17,2014-06-18,2014-07-21,11,11,-0.06577236111605868,0.02197839100904237,-0.08656622664785249,-0.04396907238904801,54.76597051325666,37.56131569750228,,,False,
23,2014-06-18,2014-06-20,2014-07-22,11,11,-0.05694960456673165,0.02426396498976548,-0.07985013633236132,-0.0404690375345956,56.085884185786405,36.66438612391657,,,False,
24,2014-06-20,2014-06-23,2014-07-23,11,11,-0.04658317173818163,0.027417319122867153,-0.07251929123742007,-0.03669213465524061,57.93541403917414,38.23001367505556,,,False,
25,2014-06-23,2014-06-24,2014-07-24,11,11,-0.03689945225862058,0.022302065904738818,-0.058294034207873116,-0.02933295349317849,58.71999128037737,38.23001367505556,,,False,
26,2014-06-24,2014-06-25,2014-07-25,11,11,-0.03625842003220878,0.013938534841669058,-0.049709417920204384,-0.02491199690625985,56.355257315030556,38.403201637168806,,,False,
27,2014-06-25,2014-06-26,2014-07-28,11,11,-0.044369476555414365,0.01460109926758754,-0.05827321721639302,-0.029322512877003926,56.355257315030556,38.403201637168806,,,False,
28,2014-06-26,2014-06-27,2014-07-29,11,11,-0.060844210722461024,-0.007111058855500686,-0.05416486127185737,-0.02724791448024259,56.71753159697027,38.6106345875683,,,False,
29,2014-06-27,2014-06-30,2014-07-30,11,11,-0.05656346751773534,-0.008492211824459073,-0.04845783918596453,-0.024315764422850855,54.25076640129759,38.403201637168806,,,False,
30,2014-06-30,2014-07-01,2014-07-31,11,11,-0.020374075158840495,-0.004767708088555395,-0.015654715087295358,-0.007725883008643197,62.88372756032653,34.15070534742538,,,False,
31,2014-07-01,2014-07-02,2014-08-01,11,11,-0.014857757021427128,-0.0019000714820464628,-0.013112047554546636,-0.006371655522600959,60.10134033275513,34.15070534742539,,,False,
32,2014-07-02,2014-07-03,2014-08-04,11,11,-0.00893648417604214,0.0020388076644186777,-0.010976650993554568,-0.005295161684895475,60.10134033275513,35.42169575075296,,,False,
33,2014-07-03,2014-07-04,2014-08-05,11,11,-0.04202550315376747,-0.0015471824322702559,-0.040376976983093726,-0.02016207456849629,55.64184343574454,36.7861203762725,,,False,
34,2014-07-04,2014-07-07,2014-08-06,11,11,-0.04230853028594842,0.0016037119957029702,-0.04379955717813544,-0.021919629802993352,56.63233505291141,37.566189404770796,,,False,
35,2014-07-07,2014-07-08,2014-08-07,11,11,-0.02140958232398624,0.0016720473582247947,-0.022958601325077495,-0.011354079748299684,56.76035811781534,36.91194049213301,,,False,
36,2014-07-08,2014-07-10,2014-08-08,11,11,-0.012701885796677557,-0.004771272265922714,-0.007842290880428336,-0.003805300679605699,56.63233505291141,36.91194049213302,,,False,
37,2014-07-10,2014-07-11,2014-08-11,11,11,-0.02623147874930857,-0.0048651972208134725,-0.02139966771421909,-0.010664611903241864,56.632335052911394,36.91194049213301,,,False,
38,2014-07-11,2014-07-14,2014-08-12,11,11,-0.037201656126572946,0.00572500488817228,-0.042855320933244866,-0.021529657427207367,56.994609334851106,36.91194049213302,,,False,
39,2014-07-14,2014-07-15,2014-08-13,11,11,-0.013869022137737599,0.012883622957918303,-0.026628455098186985,-0.013252559731194213,57.12263239975505,36.91194049213301,,,False,
40,2014-07-15,2014-07-16,2014-08-14,11,11,-0.027945270355332334,0.014911997383275607,-0.04238255474063162,-0.021249163113926148,56.61021367341578,36.91194049213301,,,False,
41,2014-07-16,2014-07-17,2014-08-15,11,11,-0.00445798401485376,0.016126729650434515,-0.02045324225443952,-0.010058798754674827,56.61021367341577,36.91194049213301,,,False,
42,2014-07-17,2014-07-18,2014-08-18,11,11,-0.01573113620508514,0.00870350592551744,-0.024524566217431352,-0.01216916957396376,56.994609334851106,36.91194049213301,,,False,
43,2014-07-18,2014-07-21,2014-08-19,11,11,0.0013773488341419847,0.0035328007765743725,-0.0023989256906305927,-0.0010092005657340928,56.994609334851106,36.91194049213301,,,False,
44,2014-07-21,2014-07-22,2014-08-20,11,11,0.0015771075511606706,-0.006057624859334984,0.0073206016572121835,0.003878478288267147,56.994609334851106,36.91194049213301,,,False,
45,2014-07-22,2014-07-23,2014-08-21,11,11,0.02350171848741423,-0.005999902559732421,0.029372212841762932,0.014814070328627691,56.994609334851106,37.61315484681281,,,False,
46,2014-07-23,2014-07-24,2014-08-22,11,11,0.014637228904200975,-0.021765246484118376,0.03709974868983731,0.018597157768596773,56.994609334851106,37.61315484681281,,,False,
47,2014-07-24,2014-07-25,2014-08-25,11,11,0.019746408380665808,-0.016244949746128102,0.0364762257290139,0.01829075215561401,56.994609334851106,37.61315484681281,,,False,
48,2014-07-25,2014-07-28,2014-08-26,11,11,0.041038377383949366,-0.007596542401948897,0.04890381200651356,0.024353659237764575,56.994609334851106,37.44125180031868,,,False,
49,2014-07-28,2014-07-29,2014-08-27,11,11,0.07674901738244465,-0.019639336485300734,0.09790848737215174,0.04812932701749734,56.994609334851106,37.525650883892276,,,False,
50,2014-07-29,2014-07-30,2014-08-28,11,11,0.09571836468599736,-0.02542671863239507,0.12376923989716762,0.060426355392512475,54.10770022419296,37.613154846812805,,,False,
51,2014-07-30,2014-07-31,2014-08-29,11,11,0.12632820342604234,-0.009624251327747415,0.1370715193732951,0.06665440184320598,59.74384972249034,38.70294427799279,,,False,
52,2014-07-31,2014-08-01,2014-09-01,11,11,0.12611545329854826,-0.03652547053707392,0.1682032512201079,0.08120072195736462,60.8412300163983,36.61709860349511,,,False,
53,2014-08-01,2014-08-04,2014-09-02,11,11,0.12031824706352491,-0.03491958356495106,0.1601520194754859,0.0774947868164978,58.72957843223285,36.6170986034951,,,False,
54,2014-08-04,2014-08-05,2014-09-03,11,11,0.1464560993300303,-0.012006915030058544,0.1601082262581325,0.07742417642146054,57.158309144908024,37.7779889497006,,,False,
55,2014-08-05,2014-08-06,2014-09-04,11,11,0.14037608826162234,-0.028354321588164193,0.17314451289185062,0.08354097723143977,58.116625531533984,36.6170986034951,,,False,
56,2014-08-06,2014-08-07,2014-09-05,11,11,0.14865954073774038,-0.023700195545948138,0.17586509975470882,0.08475570398833573,58.72957843223285,36.61709860349511,,,False,
57,2014-08-07,2014-08-08,2014-09-08,11,11,0.10462907815419607,-0.03546375637315291,0.1449515816952056,0.0703903705220677,58.72957843223285,36.6170986034951,,,False,
58,2014-08-08,2014-08-11,2014-09-09,11,11,0.08623511508322305,-0.04199975298206071,0.13366359100780129,0.0651591039860528,58.116625531533984,36.6170986034951,,,False,
59,2014-08-11,2014-08-12,2014-09-10,11,11,0.0714089610189835,-0.05069821948150652,0.12850810054731446,0.06269613714497214,57.158309144908024,38.10639602540019,,,False,
60,2014-08-12,2014-08-13,2014-09-11,11,11,0.08100024290881584,-0.049573374371830375,0.13714481166807313,0.06683898412564786,57.158309144908024,36.61709860349511,,,False,
61,2014-08-13,2014-08-14,2014-09-12,11,11,0.06367889862118718,-0.044093696370689744,0.11286555036564085,0.05535960357780011,57.158309144908024,36.65555301409146,,,False,
62,2014-08-14,2014-08-15,2014-09-15,11,11,0.05291631868266545,-0.0368056633104189,0.09305282682883348,0.04597417940394653,57.15830914490803,37.2459468295332,,,False,
63,2014-08-15,2014-08-18,2014-09-16,11,11,0.045942059277000395,-0.031043009322140946,0.07971300376025509,0.039399249571670174,58.72997177299199,38.73524425143828,,,False,
64,2014-08-18,2014-08-19,2014-09-17,11,11,0.01808652729528928,-0.036930104503297284,0.057468079904115045,0.028541825370874276,57.36949769560929,40.30316790957482,,,False,
65,2014-08-19,2014-08-20,2014-09-18,11,11,-0.0005921383996995318,-0.0496621166604498,0.051693373385799414,0.025731652551738777,58.51697781063842,42.03816549796529,,,False,
66,2014-08-20,2014-08-21,2014-09-19,11,11,0.0038947738604124616,-0.05111593189189562,0.0577440930812288,0.028690901042417657,62.221118675353324,39.25930272860595,,,False,
67,2014-08-21,2014-08-22,2014-09-22,11,11,0.00015443507039038427,-0.0544581411654175,0.057531988396267025,0.02854807122449235,58.76393949937433,39.299510795340424,,,False,
68,2014-08-22,2014-08-25,2014-09-23,11,11,-0.018317133690951566,-0.07752535348687713,0.06362742467525619,0.031536972722760064,58.420896462286684,38.098027798913584,,,False,
69,2014-08-25,2014-08-26,2014-09-24,11,11,-0.041470032134580934,-0.07310990585604944,0.03365568438242412,0.01688979261016719,59.124209999393884,38.09802779891358,,,False,
70,2014-08-26,2014-08-27,2014-09-25,11,11,-0.07309797713280321,-0.06941878048967118,-0.004108615138051319,-0.001914264530316154,58.38023384471014,37.674639286777555,,,False,
71,2014-08-27,2014-08-28,2014-09-26,11,11,-0.03852545375304892,-0.052480775492612056,0.014057001945249059,0.007113668092980386,59.812498950270246,40.26249628533934,,,False,
72,2014-08-28,2014-08-29,2014-09-29,11,11,-0.07134107058097518,-0.07872257628298558,0.00746370310751316,0.0038522245146069443,59.23652081305063,39.21331110570639,,,False,
73,2014-08-29,2014-09-01,2014-09-30,10,10,-0.07483551159803714,-0.09235569286362776,0.01820377512509423,0.009201698108634653,62.746047147209836,40.905380771271,,,False,
74,2014-09-01,2014-09-02,2014-10-01,10,10,-0.0902100631209872,-0.1310768256332091,0.04509952881901409,0.022495886926774906,64.14541366537041,36.946370940116736,,,False,
75,2014-09-02,2014-09-03,2014-10-02,10,10,-0.10247900148532858,-0.11927827867455919,0.017154173907679322,0.008733180366843118,63.660911066719414,38.66375680720262,,,False,
76,2014-09-03,2014-09-04,2014-10-03,10,10,-0.0657177918481341,-0.0843882704153755,0.01872292093170861,0.009472581765404013,62.72459498423184,38.66375680720262,,,False,
77,2014-09-04,2014-09-05,2014-10-06,10,10,-0.043472435192603395,-0.04697920137388771,0.002515671869753639,0.0013839798612805083,65.73666169483411,37.16348020775328,,,False,
78,2014-09-05,2014-09-08,2014-10-07,10,10,-0.0184268412387184,-0.02688445496716552,0.008818103770879483,0.004612590367047323,64.10863076500627,38.75695615610373,,,False,
79,2014-09-08,2014-09-09,2014-10-08,10,10,-0.02236400485574607,-0.020200819609843833,-0.0024534667033972468,-0.000947546566696509,61.00884596967569,34.86464184458851,,,False,
80,2014-09-09,2014-09-10,2014-10-09,10,10,-0.02261945105828171,-0.011344966214708643,-0.011346064907208964,-0.005417107031803187,61.00884596967569,36.87227067045162,,,False,
81,2014-09-10,2014-09-11,2014-10-10,10,10,-0.04390673684887416,-0.03606193339576813,-0.007584068769927277,-0.003549322196792313,60.3945900961106,36.773139191818025,,,False,
82,2014-09-11,2014-09-12,2014-10-13,10,10,0.012213909539355592,0.019941791059014925,-0.00790335392880104,-0.0037869890778547597,62.23057424485752,39.325328942690575,,,False,
83,2014-09-12,2014-09-15,2014-10-14,10,10,-0.00010968156063298847,0.01575806360407953,-0.014827319171550772,-0.007093428475192874,61.025187854828275,39.42446042132418,,,False,
84,2014-09-15,2014-09-16,2014-10-15,10,10,-0.03494183353711407,-0.01751114654889243,-0.016890152096687993,-0.008110768401812997,60.395117436152034,40.881783555785816,,,False,
85,2014-09-16,2014-09-17,2014-10-16,10,10,-0.04758352147251196,-0.04057167296489221,-0.008268918681412342,-0.0039041771755491416,63.132056813637995,37.99828409153996,,,False,
86,2014-09-17,2014-09-18,2014-10-17,10,10,-0.026237552562346767,-0.01917303512202114,-0.0075261206903639594,-0.003484063206392611,61.88773052139665,40.657878819103004,,,False,
87,2014-09-18,2014-09-19,2014-10-20,10,10,-0.016809683780040562,-0.026774326968879526,0.009729028070778745,0.005178700545121388,59.98449698072456,40.657878819103004,,,False,
88,2014-09-19,2014-09-22,2014-10-21,10,10,-0.025079263249914694,-0.02925808692147375,0.003648913530095551,0.0021170499852187856,62.828591616065104,40.657878819103004,,,False,
89,2014-09-22,2014-09-23,2014-10-22,10,10,-0.027244356544381218,-0.0415675050719873,0.013975269514567292,0.007293262175854386,61.55217671349074,37.32320514208927,,,False,
90,2014-09-23,2014-09-24,2014-10-23,10,10,-0.08484968119914747,-0.07239345465935111,-0.015541570506463367,-0.007436757457025477,61.83053047403695,38.49537857879429,,,False,
91,2014-09-24,2014-09-25,2014-10-24,10,10,-0.06410122403503804,-0.0489680402967672,-0.01796131239504248,-0.008659020114493095,61.830530474036934,38.49537857879429,,,False,
92,2014-09-25,2014-09-26,2014-10-27,10,10,-0.0953282600661275,-0.08862543176683865,-0.00948017476304021,-0.0044276714795475364,60.5751957897124,38.49537857879429,,,False,
93,2014-09-26,2014-09-29,2014-10-28,10,10,-0.04749456557508823,-0.019565835077780928,-0.03171194119954857,-0.015660595831443365,62.203327350416814,43.323716434661975,,,False,
94,2014-09-29,2014-09-30,2014-10-29,10,10,-0.061532011532044725,-0.03586733476222026,-0.02576159127586628,-0.012583703218927997,60.88236567035973,42.10777299451781,,,False,
95,2014-09-30,2014-10-01,2014-10-30,10,10,-0.006238007507267665,-0.00942081840193732,0.001990857982438101,0.0012453035941483533,63.32444229149735,40.99448326164184,,,False,
96,2014-10-01,2014-10-02,2014-10-31,10,10,0.03439629454536865,0.02753420873706353,0.005521565886480047,0.0030080117093290015,63.32444229149735,40.99448326164185,,,False,
97,2014-10-02,2014-10-03,2014-11-03,10,10,-0.002589004574506336,-0.01327961229112887,0.009660627625637684,0.005061497334930807,60.7288371119144,37.77329744901339,,,False,
98,2014-10-03,2014-10-06,2014-11-04,10,10,-0.07382866271203516,-0.023804437869841332,-0.05294537808901086,-0.02656604285026515,59.33319976278799,39.68273994142085,,,False,
99,2014-10-06,2014-10-07,2014-11-05,10,10,-0.08214589741230309,-0.06111902549557062,-0.027487779960395173,-0.013390822850139499,60.07945348704683,41.0488138742709,,,False,
100,2014-10-07,2014-10-08,2014-11-06,10,10,-0.10266149609676802,-0.07499623735081634,-0.03539073819605577,-0.017307672483301333,60.36486640146362,38.532262904659184,,,False,
101,2014-10-08,2014-10-09,2014-11-07,10,10,-0.10987259405757806,-0.05672203680422371,-0.05937768110971779,-0.02967569360222855,59.33319976278799,36.60646132482901,,,False,
102,2014-10-09,2014-10-10,2014-11-10,10,10,-0.0950342722041482,-0.04697215019882691,-0.054851571248999746,-0.027338165398626893,59.61861267720478,38.53226290465919,,,False,
103,2014-10-10,2014-10-13,2014-11-11,10,10,-0.12877797623403556,-0.07331913760876284,-0.06144096472668558,-0.03086973381769619,58.635428427116906,34.17474756899604,,,False,
104,2014-10-13,2014-10-14,2014-11-12,10,10,-0.07591927735074241,-0.0896369229707725,0.011141239411286998,0.005935193653650396,62.053328678776325,34.251273315559864,,,False,
105,2014-10-14,2014-10-15,2014-11-13,10,10,-0.07897699631808396,-0.09571867318250114,0.014749454145338363,0.00779362682722418,60.537852442495435,37.03405750447929,,,False,
106,2014-10-15,2014-10-16,2014-11-14,10,10,-0.08178319578012783,-0.05391596755001021,-0.02998351455471121,-0.014650078094607707,60.75224863570552,34.17474756899603,,,False,
107,2014-10-16,2014-10-17,2014-11-17,10,10,-0.10581787084504454,-0.09687044314288998,-0.010970873204785047,-0.005087223608176685,60.752248635705506,34.445307347274515,,,False,
108,2014-10-17,2014-10-20,2014-11-18,10,10,-0.07695487184896593,-0.06290194874436104,-0.016027946717110032,-0.007612655193361461,60.75224863570552,35.65011499666524,,,False,
109,2014-10-20,2014-10-21,2014-11-19,10,10,-0.031111439349398532,-0.012048873362133715,-0.0200584195654995,-0.00973771730245565,61.95248116269319,35.41099089728295,,,False,
110,2014-10-21,2014-10-22,2014-11-21,10,10,0.006818506462014954,0.032098299010229925,-0.024898094159165805,-0.012212921201224811,61.95248116269319,35.595784384036186,,,False,
111,2014-10-22,2014-10-23,2014-11-24,10,10,0.051082552631310355,0.07143113977209384,-0.01978199129695756,-0.00960420260870428,64.42486054797304,35.12839859055253,,,False,
112,2014-10-23,2014-10-24,2014-11-25,10,10,0.008747824852905869,0.03370546141323075,-0.025003296634574835,-0.012319447146872326,61.47911839852644,36.81262456187885,,,False,
113,2014-10-24,2014-10-27,2014-11-26,10,10,0.052721171999499716,0.04907759025650063,0.0029078975708930655,0.001864592786374912,61.29953351050337,36.799049590943476,,,False,
114,2014-10-27,2014-10-28,2014-11-27,10,10,0.03752572059048184,0.04818666985956989,-0.010097376387486114,-0.004482805528082751,58.45589011112649,38.20278655207826,,,False,
115,2014-10-28,2014-10-29,2014-11-28,10,10,0.038179582359954646,0.052912075037991196,-0.013602973601926052,-0.006327726444213685,57.80650648625893,38.65365128530691,,,False,
116,2014-10-29,2014-10-30,2014-12-01,10,10,-0.015409099255796206,0.005070202009401023,-0.020248230424103154,-0.009685763051282936,57.80650648625893,38.20278655207825,,,False,
117,2014-10-30,2014-10-31,2014-12-02,10,10,-0.0425212315975271,-0.03377504506955728,-0.008374725692152604,-0.0037475071360292323,61.17628931625087,48.075742185063504,,,False,
118,2014-10-31,2014-11-03,2014-12-03,10,10,-0.03135923727386249,-0.04294685136608068,0.012545433615773345,0.006650013445003098,60.771627196845216,47.76979568530341,,,False,
119,2014-11-03,2014-11-04,2014-12-04,10,10,-0.01930353735230847,-0.05032722090811503,0.033198020190672105,0.016872304344182538,61.17628931625087,47.76979568530341,,,False,
120,2014-11-04,2014-11-05,2014-12-05,10,10,-0.036253887195308594,-0.035456414442349274,-0.0008500946848784477,-0.0001437505163578303,61.605575688929186,48.74709149160945,,,False,
121,2014-11-05,2014-11-06,2014-12-08,10,10,-0.002052118874801423,-0.03218302996439274,0.03111836610986768,0.01587205204598371,60.771627196845216,47.46193574596616,,,False,
122,2014-11-06,2014-11-07,2014-12-09,10,10,-0.03424523293933435,-0.06872131569425531,0.03692879746087661,0.01862228668912362,58.62790921244651,47.46193574596616,,,False,
123,2014-11-07,2014-11-10,2014-12-10,10,10,-0.028785123473555357,-0.04601805824263464,0.017892583473996117,0.0093614799914081,57.699641352928964,47.46193574596616,,,False,
124,2014-11-10,2014-11-11,2014-12-11,10,10,-0.027341903916708477,-0.04850853738252437,0.02228596753386487,0.01150165786257382,60.771627196845216,46.25648655409272,,,False,
125,2014-11-11,2014-11-12,2014-12-12,10,10,-0.0622249916594406,-0.06798113543262053,0.006506101720508051,0.0035533409743623654,58.10430347233461,47.46193574596616,,,False,
126,2014-11-12,2014-11-13,2014-12-15,10,10,-0.10072459231412248,-0.08333025091827288,-0.019434361107842663,-0.009528833623495157,57.69256210133032,48.506074737074535,,,False,
127,2014-11-13,2014-11-14,2014-12-16,10,10,-0.0899416296695254,-0.09519855762773018,0.005631077662958283,0.0031161466298000626,58.48786469680251,47.339041117522726,,,False,
128,2014-11-14,2014-11-17,2014-12-17,10,10,-0.08095286889592952,-0.03631727834274802,-0.046412671138513995,-0.023199495294770965,59.32181318888647,48.38259954546157,,,False,
129,2014-11-17,2014-11-18,2014-12-18,10,10,-0.09743617766271301,-0.04229630956916985,-0.05784303403686198,-0.029133219619399485,57.69256210133032,48.38259954546156,,,False,
130,2014-11-18,2014-11-19,2014-12-19,10,10,-0.10367970740977644,-0.03776006546419973,-0.0683271520703706,-0.03450706397081799,58.27607869843298,49.42167955001897,,,False,
131,2014-11-19,2014-11-21,2014-12-22,10,10,-0.12605843965768676,-0.04544121207574825,-0.08519763262553229,-0.043300480244484255,58.27607869843298,49.52487069379239,,,False,
132,2014-11-21,2014-11-24,2014-12-23,10,10,-0.10516868387333146,-0.03751889587146941,-0.07167474127611927,-0.03624639714370606,56.67660113081121,51.03950433834059,,,False,
133,2014-11-24,2014-11-25,2014-12-26,10,10,-0.10329484651685866,-0.03458719709391277,-0.07212009876347282,-0.036535385787083076,58.27607869843298,49.652824308786776,,,False,
134,2014-11-25,2014-11-26,2014-12-29,10,10,-0.09353959049517543,-0.027752584670567966,-0.06807397193874609,-0.03442720295454387,58.27607869843298,53.45803943929013,,,False,
135,2014-11-26,2014-11-27,2014-12-30,10,10,-0.09587903048530215,-0.028153760581009837,-0.07127335812095807,-0.036006828552619045,57.810808558605984,48.48131226585356,,,False,
136,2014-11-27,2014-11-28,2015-01-02,10,10,-0.1711215974525379,-0.04230620951402304,-0.13555456577870634,-0.06974112993084577,57.5202087024302,47.23432797838529,,,False,
137,2014-11-28,2014-12-01,2015-01-05,10,10,-0.15108201881867614,-0.02979796878121954,-0.12569794337246004,-0.0645516706198794,57.5202087024302,46.93318994654673,,,False,
138,2014-12-01,2014-12-02,2015-01-06,10,10,-0.17327194698048162,-0.05198654217856784,-0.12895561655738172,-0.06609566419214415,62.346825719185766,44.07629084377091,,,False,
139,2014-12-02,2014-12-03,2015-01-07,10,10,-0.1390375428549155,-0.034363087422367614,-0.10962737702080341,-0.055884149370383294,58.052236146803054,46.84643451665106,,,False,
140,2014-12-03,2014-12-04,2015-01-08,10,10,-0.1372326010293764,-0.026559030951338897,-0.11466505698067818,-0.05846681554351152,61.73654098637864,46.84643451665106,,,False,
141,2014-12-04,2014-12-05,2015-01-09,10,10,-0.15533699089039604,-0.05497863014413935,-0.10766661128079573,-0.05465365363320628,61.73654098637864,48.15590362545084,,,False,
142,2014-12-05,2014-12-08,2015-01-12,10,10,-0.14727666527116023,-0.04574858162972171,-0.1082424671966545,-0.05481519738402425,61.14744585291959,48.15590362545084,,,False,
143,2014-12-08,2014-12-09,2015-01-13,10,10,-0.12934217228847264,-0.03554315111833592,-0.09838023959099167,-0.04976606000286873,61.14744585291959,44.07629084377092,,,False,
144,2014-12-09,2014-12-10,2015-01-14,10,10,-0.12889425043154754,-0.042709560259576965,-0.09104710233897878,-0.04583125232510475,61.14744585291959,51.615482582468324,,,False,
145,2014-12-10,2014-12-11,2015-01-15,10,10,-0.143162220312015,-0.036354931137744455,-0.11200522419821075,-0.05699383985981963,60.73383988647068,44.830319301973894,,,False,
146,2014-12-11,2014-12-12,2015-01-16,10,10,-0.07423837534576173,-0.02067375872239806,-0.05626417464022954,-0.02794439191523652,61.14744585291959,48.280844949199114,,,False,
147,2014-12-12,2014-12-15,2015-01-19,10,10,-0.0838748384045452,-0.02142061669311604,-0.06473966102184017,-0.03212106144825052,59.96165827143208,46.57551560289217,,,False,
148,2014-12-15,2014-12-16,2015-01-20,10,10,-0.07637447811378292,-0.025037620621461056,-0.05392367310735547,-0.026718012683361964,62.026849068276725,49.095137311127814,,,False,
149,2014-12-16,2014-12-17,2015-01-21,10,10,-0.07444810347540898,-0.010798831201008116,-0.06463555127974639,-0.032028997475777046,61.26686935700017,51.23273928412276,,,False,
150,2014-12-17,2014-12-18,2015-01-22,10,10,-0.06257216214622244,-0.03334150361913177,-0.031082247972460977,-0.014960751406086652,61.266869357000154,51.19402898738315,,,False,
151,2014-12-18,2014-12-19,2015-01-23,10,10,-0.06694895871459736,-0.025037571731511214,-0.043215869025972735,-0.02106234000305835,58.814820722574474,47.62148647134981,,,False,
152,2014-12-19,2014-12-22,2015-01-26,10,10,-0.11328173550756092,-0.043230047596881024,-0.07353035143581083,-0.03669731615960431,58.814820722574474,50.697651034300364,,,False,
153,2014-12-22,2014-12-23,2015-01-27,10,10,-0.11984976564829364,-0.037406194288920815,-0.08603039376937556,-0.04328508958433328,61.266869357000154,50.697651034300364,,,False,
154,2014-12-23,2014-12-26,2015-01-28,10,10,-0.12791639722638934,-0.05481762003224511,-0.07713714676573438,-0.038710319966905785,61.266869357000154,48.325601826250846,,,False,
155,2014-12-26,2014-12-29,2015-01-29,10,10,-0.13014135516382913,-0.07162006063137219,-0.06309564397603826,-0.0315317921661665,61.26686935700017,48.776516889950344,,,False,
156,2014-12-29,2014-12-30,2015-01-30,10,10,-0.17062136209113807,-0.07660628123671623,-0.101675381780968,-0.05147492371037929,61.266869357000154,48.43395323041939,,,False,
157,2014-12-30,2015-01-02,2015-02-02,10,10,-0.13506735362848094,-0.05783525595802362,-0.0816180553837192,-0.04105504161538261,61.28773176733322,44.38826945184448,,,False,
158,2015-01-02,2015-01-05,2015-02-03,9,9,-0.07436140372878158,-0.04595587065222032,-0.03001974367117384,-0.01472716003146207,60.225628589651755,45.143803367841414,,,False,
159,2015-01-05,2015-01-06,2015-02-04,9,9,-0.06667022636623855,-0.03666511856803888,-0.03129232438403878,-0.015376851849204513,60.225628589651755,45.14380336784141,,,False,
160,2015-01-06,2015-01-07,2015-02-05,9,9,-0.07118685070928589,-0.041451104127223595,-0.03177445744297394,-0.01539785101973995,61.71987837565656,48.991175565983866,,,False,
161,2015-01-07,2015-01-08,2015-02-06,9,9,-0.1067169961167275,-0.0683129747614033,-0.04125072449072784,-0.02033283834981211,61.71987837565656,45.14380336784141,,,False,
162,2015-01-08,2015-01-09,2015-02-09,9,9,-0.07396330461612029,-0.02569884425848673,-0.0501136937619262,-0.02484525029424731,62.681606531031015,46.79351759944067,,,False,
163,2015-01-09,2015-01-12,2015-02-10,10,10,-0.06404514890893898,-0.04529832925175006,-0.020338813038823622,-0.009899981509096325,62.064618071165,45.705545382413575,,,False,
164,2015-01-12,2015-01-13,2015-02-11,10,10,-0.08071208066922426,-0.040425198178645726,-0.042778685544930334,-0.021255017472537947,62.064618071165,45.705545382413575,,,False,
165,2015-01-13,2015-01-14,2015-02-12,10,10,-0.055241307764434235,-0.014953187328701113,-0.041348912573545435,-0.020470111100969485,58.73444542667845,45.705545382413575,,,False,
166,2015-01-14,2015-01-15,2015-02-13,10,10,-0.03288894122080855,0.008960835807379884,-0.042552584403015785,-0.021076526900186833,58.73444542667845,48.3964555392175,,,False,
167,2015-01-15,2015-01-16,2015-02-18,10,10,-0.015107936642257725,0.004225310657808859,-0.019878875680385318,-0.009534547099696441,58.73444542667845,47.30652584134858,,,False,
168,2015-01-16,2015-01-19,2015-02-19,10,10,0.025551994272204687,0.013226560984267633,0.011563105647240914,0.006262307260104932,58.73444542667844,48.3964555392175,,,False,
169,2015-01-19,2015-01-20,2015-02-20,10,10,0.01915275151006929,0.012925098778754493,0.004842809231895971,0.003052497451625319,58.73444542667845,49.918587774256665,,,False,
170,2015-01-20,2015-01-21,2015-02-23,10,10,-0.006790062190204797,-0.013471058021689632,0.005208044308084754,0.003172768111071681,58.84790913986602,51.17078151216001,,,False,
171,2015-01-21,2015-01-22,2015-02-24,10,10,0.001790897792611741,-0.0014981001930749898,0.0021044215782778644,0.0015549183780016026,58.73444542667845,49.193797773942336,,,False,
172,2015-01-22,2015-01-23,2015-02-25,10,10,0.01389867175140574,0.02502871133987202,-0.011608489450406661,-0.005342832807059519,58.73444542667845,50.12349115045832,,,False,
173,2015-01-23,2015-01-26,2015-02-26,10,10,0.026553749337295155,0.046750218528725594,-0.019788086145255186,-0.00948220657788264,58.73444542667845,50.12349115045832,,,False,
174,2015-01-26,2015-01-27,2015-02-27,10,10,0.01295785028130945,0.0549075356274199,-0.04053386367276471,-0.01990358255305519,58.73444542667845,50.16185331805077,,,False,
175,2015-01-27,2015-01-28,2015-03-02,10,10,0.015148339142745233,0.03414828008242884,-0.017978855493551094,-0.008666909066678863,58.73444542667845,51.92924839931827,,,False,
176,2015-01-28,2015-01-29,2015-03-03,10,10,-0.006227924279932279,0.051570447708390955,-0.05533754782008882,-0.02757687879636583,58.73444542667845,50.264921705128806,,,False,
177,2015-01-29,2015-01-30,2015-03-04,10,10,-0.005681044369270063,0.032942438940648223,-0.03662124238449508,-0.018128310716410273,61.933808688797015,54.397339839375135,,,False,
178,2015-01-30,2015-02-02,2015-03-05,10,10,-0.023456329515665484,0.032330868851198416,-0.05379669583142711,-0.026848496144617793,61.933808688797015,53.743558866738226,,,False,
179,2015-02-02,2015-02-03,2015-03-06,10,10,-0.025049208678090188,-0.008410557385389369,-0.017386486633233895,-0.008132444439324362,61.933808688797015,49.127442253228665,,,False,
180,2015-02-03,2015-02-04,2015-03-09,10,10,-0.06878023248198384,-0.021585254580714947,-0.048571871508479324,-0.023981081443291936,58.09155417539763,49.127442253228665,,,False,
181,2015-02-04,2015-02-05,2015-03-10,10,10,-0.0912466480721402,-0.02870635357729708,-0.06523530806051644,-0.03247263177184803,59.57154143605574,48.189192577745295,,,False,
182,2015-02-05,2015-02-06,2015-03-11,10,10,-0.038189918342510676,-0.00468663936408259,-0.03456717246999162,-0.016797760479422046,58.09155417539763,49.71651363279981,,,False,
183,2015-02-06,2015-02-09,2015-03-12,10,10,-0.02452308827919279,-0.018125088141677497,-0.007093690240862934,-0.0029321399325913577,58.09155417539763,49.7165136327998,,,False,
184,2015-02-09,2015-02-10,2015-03-13,10,10,-0.030562943254735103,0.01938132282248489,-0.04865206570631994,-0.024226332486069476,64.30116355615186,49.17350811374288,,,False,
185,2015-02-10,2015-02-11,2015-03-16,10,10,-0.018634785172133163,0.0007159313372826486,-0.018981798312528216,-0.009142609600412249,61.31934913111513,48.7707375110594,,,False,
186,2015-02-11,2015-02-12,2015-03-17,10,10,-0.05804209591006814,-0.01008372433954509,-0.048930339656468994,-0.024127467242160194,62.75409130689036,49.26519301294996,,,False,
187,2015-02-12,2015-02-13,2015-03-18,10,10,-0.04331432465721314,0.0007104302740904952,-0.04436088219956118,-0.02182962753072246,60.07460257102336,47.25546718318017,,,False,
188,2015-02-13,2015-02-18,2015-03-19,10,10,-0.07416875433471162,-0.015768038260121884,-0.05951178221161695,-0.0297627475826327,61.40324203419673,46.787568094102554,,,False,
189,2015-02-18,2015-02-19,2015-03-20,10,10,-0.06550953366464285,-0.013832047131515294,-0.05213465322807932,-0.026046183687572316,61.40324203419673,48.797293923872346,,,False,
190,2015-02-19,2015-02-20,2015-03-23,10,10,-0.05562306887082459,-0.010513772718687848,-0.04535422918751608,-0.022581516150701912,61.40324203419673,48.797293923872346,,,False,
191,2015-02-20,2015-02-23,2015-03-24,10,10,-0.054282295882663874,-0.0022040916383506267,-0.05193394789181768,-0.025950793634322785,61.40324203419673,49.17350811374288,,,False,
192,2015-02-23,2015-02-24,2015-03-25,10,10,-0.012971398944396443,0.008834698214165378,-0.021592444610843732,-0.01044160689011371,57.77217391910149,49.7983962994208,,,False,
193,2015-02-24,2015-02-25,2015-03-26,10,10,-0.0459147720030201,-0.028979073184996696,-0.01744995858220803,-0.008373824772906687,60.753988344138236,49.173508113742876,,,False,
194,2015-02-25,2015-02-26,2015-03-27,10,10,-0.04881807863312001,-0.020783585647705563,-0.029289181921070072,-0.01430671858274873,55.91967938664311,49.7983962994208,,,False,
195,2015-02-26,2015-02-27,2015-03-30,10,10,0.001251284630711278,-0.008525531131557882,0.009652530625511628,0.005123337587977833,59.57154143605574,49.7983962994208,,,False,
196,2015-02-27,2015-03-02,2015-03-31,10,10,-7.034490716979874e-05,-0.0019985436362662343,0.0018735746508111795,0.0012243557572974592,59.57154143605574,49.7983962994208,,,False,
197,2015-03-02,2015-03-03,2015-04-01,10,10,0.03254887466527722,-0.06211493847563263,0.10052470419980694,0.04958386427703741,59.57154143605574,47.5937804346196,,,False,
198,2015-03-03,2015-03-04,2015-04-02,10,10,0.08227488175390979,-0.047218509712692425,0.13554241005038717,0.06619813529680452,57.856066822183095,49.07641401259217,,,False,
199,2015-03-04,2015-03-05,2015-04-06,10,10,0.109485823777159,-0.04332704540697191,0.15925067759589387,0.07729067458458812,57.85606682218308,48.04737189181276,,,False,
200,2015-03-05,2015-03-06,2015-04-07,10,10,0.0948100624258889,-0.015981696990394402,0.11245370486601815,0.05525725133361379,57.712335318282086,45.606471685044504,,,False,
201,2015-03-06,2015-03-09,2015-04-08,10,10,0.12596812051274223,-0.033245784518725716,0.16400442301387444,0.07942410218572403,57.856066822183095,48.04737189181276,,,False,
202,2015-03-09,2015-03-10,2015-04-09,10,10,0.09579788403517298,-0.024368623731410962,0.12281106201142461,0.06008253746073066,58.8947822263646,48.04737189181276,,,False,
203,2015-03-10,2015-03-11,2015-04-10,10,10,0.11127821373220809,-0.02622415893496466,0.14076617400952224,0.06853944000960825,57.85606682218308,48.04737189181276,,,False,
204,2015-03-11,2015-03-12,2015-04-13,10,10,0.10221602834358119,-0.04318033627534723,0.15149623534882498,0.07352439106428209,57.856066822183095,45.36006852658042,,,False,
205,2015-03-12,2015-03-13,2015-04-14,10,10,0.08168666103403949,-0.022025525772870758,0.10535717324325684,0.051821885432204534,58.8947822263646,49.54340388281297,,,False,
206,2015-03-13,2015-03-16,2015-04-15,10,10,0.09411411481419064,-0.022165450911268758,0.11799843375855965,0.057882763842026785,58.8947822263646,48.04737189181276,,,False,
207,2015-03-16,2015-03-17,2015-04-16,10,10,0.09963439078623801,-0.037470230142073783,0.1414111577950915,0.06899687320783228,58.8947822263646,46.15120158006613,,,False,
208,2015-03-17,2015-03-18,2015-04-17,10,10,0.06966556345238374,-0.047381831089384714,0.12176636941844267,0.059700226781943505,58.8947822263646,46.15120158006613,,,False,
209,2015-03-18,2015-03-19,2015-04-20,10,10,0.07261474678690782,-0.0007123592815981606,0.07253718798861679,0.03611242895285356,58.8947822263646,46.15979083820987,,,False,
210,2015-03-19,2015-03-20,2015-04-22,10,10,0.04369454764888616,0.005825020389399171,0.03593113507022319,0.01832551364558452,58.8947822263646,46.73945198270747,,,False,
211,2015-03-20,2015-03-23,2015-04-23,10,10,0.052720278436763954,0.032124746994357876,0.018240472994791163,0.009595141184992403,59.71506484445795,48.75306493911704,,,False,
212,2015-03-23,2015-03-24,2015-04-24,10,10,0.08070778315949415,0.044453841631921724,0.03398414568431018,0.017323430863456092,59.71506484445795,49.722173357378,,,False,
213,2015-03-24,2015-03-25,2015-04-27,10,10,0.06997311619452941,0.014115225353474025,0.05463081501399034,0.02738527051036021,59.71506484445795,47.35791473684988,,,False,
214,2015-03-25,2015-03-26,2015-04-28,10,10,0.09286901824196522,0.029948622113661182,0.06057987834412592,0.030279194292931532,59.71506484445795,47.35791473684988,,,False,
215,2015-03-26,2015-03-27,2015-04-29,10,10,0.0892197287190922,8.557387249182888e-05,0.08857488641150606,0.043861303996096945,59.71506484445795,48.96455976043877,,,False,
216,2015-03-27,2015-03-30,2015-04-30,10,10,0.08811571035794173,0.027636993421824078,0.058774868632194825,0.029351500281639454,59.71506484445795,51.276346537862594,,,False,
217,2015-03-30,2015-03-31,2015-05-04,10,10,0.11018279866787559,0.04872621975059193,0.0585360389515486,0.02923345202407103,59.378896675805684,50.771791823344316,,,False,
218,2015-03-31,2015-04-01,2015-05-05,9,9,0.13159990488336698,0.029070684785414757,0.09896924685448197,0.04885434911451394,61.0580163606193,47.47655484844857,,,False,
219,2015-04-01,2015-04-02,2015-05-06,9,9,0.09140123073890087,0.039230390540086924,0.049402449493126506,0.024856054066259393,63.61469722364039,48.24598531414071,,,False,
220,2015-04-02,2015-04-06,2015-05-07,9,9,0.05594869199430495,0.01062306192126177,0.04378110903822597,0.022117844998793018,63.614697223640405,47.47655484844857,,,False,
221,2015-04-06,2015-04-07,2015-05-08,9,9,0.06018999687117473,0.01183642252686409,0.04588684742987455,0.02334228936256102,59.463858387535716,51.10830866487422,,,False,
222,2015-04-07,2015-04-08,2015-05-11,9,9,0.06334744047574593,-0.012140789850324149,0.07447645391916946,0.037190699894856745,59.463858387535716,51.10830866487422,,,False,
223,2015-04-08,2015-04-09,2015-05-12,9,9,0.060595145720839926,0.006614625922656861,0.052516065063841086,0.02646737373991696,59.4638583875357,52.731734184505996,,,False,
224,2015-04-09,2015-04-10,2015-05-13,9,9,0.02420711946474265,0.020576093492669017,0.001770636586406723,0.0014915171083875372,56.734354630951586,49.09998036808033,,,False,
225,2015-04-10,2015-04-13,2015-05-14,9,9,0.012020603626980103,0.03161317069809431,-0.021364443186342306,-0.010084865347112322,56.734354630951586,49.560275898271314,,,False,
226,2015-04-13,2015-04-14,2015-05-15,9,9,0.006518497597747955,0.03733711334013755,-0.032139297789796,-0.015408689590628591,56.08657247576408,49.560275898271314,,,False,
227,2015-04-14,2015-04-15,2015-05-18,9,9,0.016680653630247278,0.03153765024180993,-0.016598999976863493,-0.007728786081175665,56.734354630951586,47.469039358955854,,,False,
228,2015-04-15,2015-04-16,2015-05-19,9,9,-0.010745585044333558,-0.02167436486427867,0.00982898088565253,0.005323262971766291,57.57740551336422,50.960715745043245,,,False,
229,2015-04-16,2015-04-17,2015-05-20,9,9,-0.0023017875526431136,0.029296971179437588,-0.03285514196868161,-0.016008883348574875,57.57740551336422,45.091614199273614,,,False,
230,2015-04-17,2015-04-20,2015-05-21,9,9,0.0301782905697511,0.05149392290905623,-0.022351730516764635,-0.01059664598487643,61.0469644645616,44.14964762859117,,,False,
231,2015-04-20,2015-04-22,2015-05-22,9,9,0.03881934287410021,0.03748425282641374,-0.0012182915080175348,8.333950892683855e-05,62.51336618378817,44.21280393247428,,,False,
232,2015-04-22,2015-04-23,2015-05-25,9,9,0.006275697648887341,-0.0050755705993228055,0.008813520891417456,0.005150834339681756,66.66420501989286,45.23929619413603,,,False,
233,2015-04-23,2015-04-24,2015-05-26,9,9,-0.04693141464613021,-0.023097330570301028,-0.026749646280905585,-0.012807915605675383,66.66420501989286,45.23929619413603,,,False,
234,2015-04-24,2015-04-27,2015-05-27,9,9,-0.05212820012911008,0.03301009556757497,-0.08419102463573064,-0.04240505529186543,63.80343861946551,44.22043492880585,,,False,
235,2015-04-27,2015-04-28,2015-05-28,9,9,-0.05257853341363122,0.01742753975728986,-0.07050841330491495,-0.03540694865863328,61.547134659771714,42.89851334834369,,,False,
236,2015-04-28,2015-04-29,2015-05-29,9,9,-0.09217797420871467,0.005784434963033183,-0.09866224348261005,-0.050016432368979936,62.23456194613066,42.63160110873841,,,False,
237,2015-04-29,2015-04-30,2015-06-01,9,9,-0.062479170005706346,0.01969587273901005,-0.08196858322996502,-0.041276312225812725,60.4581574289908,43.94284238936239,,,False,
238,2015-04-30,2015-05-04,2015-06-02,9,9,-0.08188233356567466,0.025029441688086115,-0.10598955133509982,-0.05377334296968616,59.29154423436579,47.1730462226397,,,False,
239,2015-05-04,2015-05-05,2015-06-03,9,9,-0.09998166616152489,-0.02611910145098604,-0.07745926829022556,-0.03886177906842065,62.11919812612754,44.20788179625987,,,False,
240,2015-05-05,2015-05-06,2015-06-05,9,9,-0.0921423950283959,-0.057270941504188516,-0.03897780061941396,-0.01899864039256955,60.76728594725046,41.44043020279893,,,False,
241,2015-05-06,2015-05-07,2015-06-08,9,9,-0.08687776651782934,-0.040279221816586365,-0.05045327914039265,-0.024854563397722358,60.76728594725046,44.651087780184056,,,False,
242,2015-05-07,2015-05-08,2015-06-09,9,9,-0.06455365116489689,-0.06016707623213559,-0.004947600320753555,-0.0022054371738620057,60.76728594725046,47.59382584815484,,,False,
243,2015-05-08,2015-05-11,2015-06-10,9,9,-0.054852135796756275,-0.05301106714617518,-0.002128801845612832,-0.0008739924444031858,59.78857059742207,44.743590458737394,,,False,
244,2015-05-11,2015-05-12,2015-06-11,9,9,-0.061871519414811664,-0.041216098893545224,-0.021630142645954,-0.010690942058965414,59.78857059742207,44.743590458737394,,,False,
245,2015-05-12,2015-05-13,2015-06-12,9,9,-0.062416766516509944,-0.03786705152457511,-0.02584087547068754,-0.01277675989768227,59.78857059742207,44.160975108342306,,,False,
246,2015-05-13,2015-05-14,2015-06-15,9,9,-0.06373988969569405,-0.020674961173157775,-0.04393639154533814,-0.022038564834032826,59.78857059742207,50.990366610199075,,,False,
247,2015-05-14,2015-05-15,2015-06-16,9,9,-0.08614236102161976,-0.047270059805569316,-0.040461499045960615,-0.02027524822940803,59.78857059742207,47.31830120086769,,,False,
248,2015-05-15,2015-05-18,2015-06-17,9,9,-0.07708856466917388,-0.02793998576949382,-0.05048352259137348,-0.025382595645125596,59.78857059742207,50.99036661019908,,,False,
249,2015-05-18,2015-05-19,2015-06-18,9,9,-0.06632581471162939,-0.01996526749571113,-0.04713988498754041,-0.023663804666908723,60.695854541235995,46.04033821155466,,,False,
250,2015-05-19,2015-05-20,2015-06-19,9,9,-0.059641775263448354,-0.03313976302422435,-0.0276490932138317,-0.013692585291317064,60.695854541235995,50.16853659028513,,,False,
251,2015-05-20,2015-05-21,2015-06-22,9,9,-0.0738074656783895,-0.032971862710297194,-0.04244843470255547,-0.02129171345578749,60.695854541235995,49.88676259519877,,,False,
252,2015-05-21,2015-05-22,2015-06-23,9,9,-0.08261453995719471,-0.02127429718000159,-0.06275590353435136,-0.03167503440910363,59.78857059742207,46.04033821155466,-0.8926040915234079,,False,
253,2015-05-22,2015-05-25,2015-06-24,9,9,-0.07806106773997763,-0.02741488626720252,-0.052103481542474954,-0.026205649427608745,59.78857059742207,46.04033821155467,-0.1740822660644988,,False,
254,2015-05-25,2015-05-26,2015-06-25,9,9,-0.07262411904118722,-0.017994655332337187,-0.05573014748999931,-0.02805918126894393,59.78857059742207,46.04033821155466,-0.1473968728283607,,False,
255,2015-05-26,2015-05-27,2015-06-26,9,9,-0.07177645402402379,-0.004029615347337764,-0.06833591199386324,-0.03455372960491059,59.78857059742207,46.04033821155466,-0.9325535305057492,,False,
256,2015-05-27,2015-05-28,2015-06-29,9,9,-0.09219892810193109,0.015192658821526988,-0.10613128810361398,-0.05427485849025847,59.78857059742207,45.601365189597715,-1.4164249649734724,,False,
257,2015-05-28,2015-05-29,2015-06-30,9,9,-0.06206570946248162,0.027956486612669203,-0.08803938636862713,-0.04480080290546671,62.1994498166595,44.664896001518024,-1.510509613213266,,False,
258,2015-05-29,2015-06-01,2015-07-01,9,9,-0.07238833843144074,0.02401697271099289,-0.09472483267701305,-0.048309509295295976,58.637943144704145,44.664896001518024,-1.5824438726097387,,False,
259,2015-06-01,2015-06-02,2015-07-02,9,9,-0.08403901855880253,0.014072277085835338,-0.0974161480934876,-0.049735089754232464,62.1994498166595,45.32633652210374,-0.1117438055083304,,False,
260,2015-06-02,2015-06-03,2015-07-03,9,9,-0.09088199450899624,0.03923281482590574,-0.12587419453975468,-0.06482815509297098,64.44045694686719,43.71857536755486,0.0551220013106707,,False,
261,2015-06-03,2015-06-05,2015-07-06,9,9,-0.0925107926291042,0.03885912186690076,-0.12723562338668973,-0.06553466578549634,64.44045694686719,44.17518005357856,-0.7566880872561571,,False,
262,2015-06-05,2015-06-08,2015-07-07,9,9,-0.10001675883439955,0.03371373438177668,-0.13011754233546471,-0.06707392582296448,64.44045694686719,44.17518005357856,-1.143610960232618,,False,
263,2015-06-08,2015-06-09,2015-07-08,9,9,-0.12227303813153054,0.03480346245366656,-0.15253932708105747,-0.07915234918045644,57.27665918095507,43.71857536755487,-1.1577921911642983,,False,
264,2015-06-09,2015-06-10,2015-07-10,9,9,-0.11071674856853905,0.0434355314919353,-0.14849706787266576,-0.07696763110777906,57.27665918095507,43.71857536755488,-0.9067039303098008,,False,
265,2015-06-10,2015-06-11,2015-07-13,9,9,-0.07830365612731725,0.044542935702788417,-0.1183753154321529,-0.060772898648821745,57.372036059804344,43.71857536755487,-0.571350493688577,,False,
266,2015-06-11,2015-06-12,2015-07-14,9,9,-0.05482745649172833,0.04918220880013179,-0.09980170983686222,-0.05096745476165979,58.39038854674196,43.71857536755486,0.0600535798885984,,False,
267,2015-06-12,2015-06-15,2015-07-15,9,9,-0.053687860951479115,0.05079154103308155,-0.10011829004574019,-0.05113316226255037,58.39038854674196,43.71857536755486,0.2567821820668892,,False,
268,2015-06-15,2015-06-16,2015-07-16,9,9,-0.05295110534905183,0.04221896295486174,-0.09180331110664151,-0.04679453541447155,58.39038854674196,45.37384307248169,0.0087168433237697,,False,
269,2015-06-16,2015-06-17,2015-07-17,9,9,-0.07328908143092933,0.028570918298904964,-0.09948625892305371,-0.0508589348219372,62.12074544674019,44.17518005357856,-0.2058994756530221,,False,
270,2015-06-17,2015-06-18,2015-07-20,9,9,-0.08394791613936628,0.021513655450573096,-0.10365348146679193,-0.0530497639960141,62.12074544674019,44.17518005357855,0.104766173653228,,False,
271,2015-06-18,2015-06-19,2015-07-21,9,9,-0.08621807019720777,0.023572301779624123,-0.10779829407310772,-0.05517703232194254,57.372036059804344,44.17518005357855,0.4339648426715463,,False,
272,2015-06-19,2015-06-22,2015-07-22,9,9,-0.0568548433613622,0.0048265949154308275,-0.061679567885463776,-0.031161147627446126,61.09689531383648,44.17518005357855,0.5961910398110395,-0.6076927144361336,False,-1.5 to -0.5
273,2015-06-22,2015-06-23,2015-07-23,9,9,-0.08101606561447912,-0.029198923592195447,-0.05384045857103758,-0.027047398543193053,57.37203605980434,44.228028840708944,0.5653348533032265,-0.5135396069137619,False,-1.5 to -0.5
274,2015-06-23,2015-06-24,2015-07-24,9,9,-0.11286646926816035,-0.03395752513554235,-0.08211056999368713,-0.041626165234408194,59.629743225982665,44.038252330813215,0.563262402244606,-0.4666034688980718,False,-0.5 to +0.5
275,2015-06-24,2015-06-25,2015-07-27,9,9,-0.11086764262224628,-0.025741125725687323,-0.08767538984610913,-0.044570742669827045,62.33624999307719,42.703839311698715,0.7789361395882812,-0.4074538101441426,False,-0.5 to +0.5
276,2015-06-25,2015-06-26,2015-07-28,9,9,-0.08518741474799794,-0.0511172441906688,-0.03621297301752789,-0.0179521338689169,59.983165948049596,45.236915349716355,0.6435402468305719,-0.3055072159031269,False,-0.5 to +0.5
277,2015-06-26,2015-06-29,2015-07-29,9,9,-0.04902555177456041,-0.03788897387171952,-0.011795769592932501,-0.005665448829686182,61.0015184349872,45.236915349716355,0.4851981182026487,-0.1818081205252319,False,-0.5 to +0.5
278,2015-06-29,2015-06-30,2015-07-30,9,9,-0.0719015376684664,-0.04606655304085247,-0.027392220200832502,-0.013421158232084519,57.27665918095507,45.236915349716355,0.3189551652111029,-0.0621185378634568,False,-0.5 to +0.5
279,2015-06-30,2015-07-01,2015-07-31,9,9,-0.029035062379991063,-0.029680606944628967,0.0007260382070330669,0.0006510013156831533,60.398605899645496,45.39715472731919,-1.8572273477294228,-0.0780686671127583,False,-0.5 to +0.5
280,2015-07-01,2015-07-02,2015-08-03,9,9,-0.07092578022307944,-0.03754715846765538,-0.03461205844294486,-0.01705274005378369,59.380253412707866,45.39715472731919,-0.5224087771436058,-0.1050487919743406,False,-0.5 to +0.5
281,2015-07-02,2015-07-03,2015-08-04,9,9,-0.03435799662665379,-0.04622212630441582,0.012519102470679153,0.006709319877191402,57.98351752066921,45.80514683095598,-0.1177845632274205,-0.1167837402105239,False,-0.5 to +0.5
282,2015-07-03,2015-07-06,2015-08-05,9,9,-0.030268483140013024,-0.04298798343831745,0.013398516419405083,0.007148652227542255,57.98351752066921,45.80514683095598,-0.0296643776219282,-0.0687756643700681,False,-0.5 to +0.5
283,2015-07-06,2015-07-07,2015-08-06,9,9,-0.044038116526237826,-0.012434413699633457,-0.03141351394453228,-0.015361459740451206,59.626941519573606,44.94148562442493,-1.2623830388842845,-0.0753326438255093,False,-0.5 to +0.5
284,2015-07-07,2015-07-08,2015-08-07,9,9,-0.0593234331635782,-0.02858265318833128,-0.031173987114204483,-0.01523846861766287,60.7406708853605,44.94148562442493,-1.169470530935278,-0.074901816601134,False,-0.5 to +0.5
285,2015-07-08,2015-07-10,2015-08-10,9,9,-0.04542149362636687,-0.017746153143869764,-0.02788194156556603,-0.013548816178489105,59.626941519573606,48.24488866468271,-0.7631519062753839,-0.0645822206861031,False,-0.5 to +0.5
286,2015-07-10,2015-07-13,2015-08-11,9,9,-0.061967616615617345,-0.036508845200583354,-0.02594603441394769,-0.012591989631876813,59.62694151957362,44.94148562442493,-0.0228041834199773,-0.0280209118639007,False,-0.5 to +0.5
287,2015-07-13,2015-07-14,2015-08-12,9,9,-0.0756311962712467,-0.03685626830786293,-0.03979647480430183,-0.019577707038946637,62.33344828666812,44.94148562442493,0.118937439945963,-0.0244067013514649,False,-0.5 to +0.5
288,2015-07-14,2015-07-15,2015-08-13,9,9,-0.08079908851835274,-0.04062117121952369,-0.041428947885157164,-0.02038811199368303,59.722318398422885,44.94148562442493,-0.0015283594119322,-0.0419026140110241,False,-0.5 to +0.5
289,2015-07-15,2015-07-16,2015-08-14,9,9,-0.07543011489797094,-0.0502580412243265,-0.026107581033822862,-0.012582620320143106,59.722318398422885,44.94148562442493,0.1251458865532284,-0.0344623841127154,False,-0.5 to +0.5
290,2015-07-16,2015-07-17,2015-08-17,9,9,-0.04660064372445589,-0.04829617294031701,0.002397756245909893,0.0016904174726209255,59.722318398422885,45.534082450084526,-0.7783895862907496,-0.0720241990804482,False,-0.5 to +0.5
291,2015-07-17,2015-07-20,2015-08-18,9,9,-0.034151677967188175,-0.05218330316539558,0.01966494181977333,0.010233241255130976,59.722318398422885,47.48327563628746,0.210702976216299,-0.065429217544478,False,-0.5 to +0.5
292,2015-07-20,2015-07-21,2015-08-19,9,9,-0.05822749706017533,-0.05892620919485697,0.001334570998231122,0.0011232583193753662,59.722318398422885,43.38458874455069,0.3574038008364568,-0.0712507636394796,False,-0.5 to +0.5
293,2015-07-21,2015-07-22,2015-08-20,9,9,-0.05472016800384278,-0.04861915246882375,-0.006068123501251071,-0.0024921630018799493,59.722318398422885,44.94148562442493,0.1179859756005276,-0.1037489675549927,False,-0.5 to +0.5
294,2015-07-22,2015-07-23,2015-08-21,9,9,-0.04115650828588557,-0.06700299758401858,0.028514613766640575,0.014932095520511654,58.19571430337399,45.534082450084526,-0.3515871008386628,-0.1651938217644926,False,-0.5 to +0.5
295,2015-07-23,2015-07-24,2015-08-24,9,9,-0.0529297285744718,-0.0777934134324224,0.026496669654794507,0.013697777818850565,59.722318398422885,44.94148562442493,0.5627100408950548,-0.1663797820038367,False,-0.5 to +0.5
296,2015-07-24,2015-07-27,2015-08-25,9,9,-0.03933536681638518,-0.07857572277732935,0.041716623197620616,0.02119141441945832,59.722318398422885,43.003620273732295,0.5307344083568122,-0.1841829777050666,False,-0.5 to +0.5
297,2015-07-27,2015-07-28,2015-08-26,9,9,-0.018588444264533918,-0.046677756423985556,0.028855282015137748,0.014921221700718888,58.19571430337399,45.43294686575403,1.2884171071023085,-0.1429642266798056,False,-0.5 to +0.5
298,2015-07-28,2015-07-29,2015-08-27,9,9,-0.02907230122627706,-0.05471176592938488,0.02633727054501258,0.013607509965799968,59.722318398422885,41.231006847180566,0.3687500439017867,-0.1516671967870836,False,-0.5 to +0.5
299,2015-07-29,2015-07-30,2015-08-28,9,9,0.003163263832374116,-0.05327533514737539,0.05916589186685584,0.029745353675384324,58.19291259696493,43.00362027373228,1.1011338936676849,-0.1007268506664161,False,-0.5 to +0.5
300,2015-07-30,2015-07-31,2015-08-31,9,9,-0.04216184304111026,-0.07136820228753321,0.029512494465364105,0.015189249248666421,58.650583787356204,46.185644051806065,1.4970583937896242,0.1233260768594838,False,-0.5 to +0.5
301,2015-07-31,2015-08-03,2015-09-01,9,9,-0.060587132980070665,-0.11262795331458818,0.056750332088136325,0.028332261010764335,61.95414461284036,43.62500260170103,1.0625733485104774,0.2294803473953788,False,-0.5 to +0.5
302,2015-08-03,2015-08-04,2015-09-02,9,9,-0.016685234482446513,-0.10147682744781064,0.09234459603880892,0.04546845512122681,61.201967195108104,46.59607256057069,1.6679814864026044,0.3488787472218335,False,-0.5 to +0.5
303,2015-08-04,2015-08-05,2015-09-03,9,9,-0.034834128730629514,-0.08620492254207435,0.053908151953881656,0.026934025036573772,61.95414461284037,46.59607256057069,1.0083646384837703,0.4187398233583477,False,-0.5 to +0.5
304,2015-08-05,2015-08-06,2015-09-04,9,9,-0.03252150439652539,-0.0772546739051157,0.04651540804989915,0.023326200561150645,61.95414461284037,46.279617665894904,1.0173225867340472,0.5729185617421058,False,+0.5 to +1.5
305,2015-08-06,2015-08-07,2015-09-08,9,9,-0.025536960701646273,-0.05342557858540115,0.027724046928053525,0.014094921191932328,61.95414461284036,46.279617665894904,0.6936244230283888,0.6993720607497671,False,+0.5 to +1.5
306,2015-08-07,2015-08-10,2015-09-09,9,9,-0.0592895696124398,-0.0253118506879661,-0.0359193405086193,-0.01780192239753094,61.79770875727018,46.80857738759725,0.5532186658372913,0.7888180761721134,False,+0.5 to +1.5
307,2015-08-10,2015-08-11,2015-09-10,9,9,-0.026459828298921583,-0.02416013672018324,-0.0030639764812034906,-0.0012493923044950524,63.36974708108255,48.29817514337108,0.7592493332085006,0.8416045695855254,False,+0.5 to +1.5
308,2015-08-11,2015-08-12,2015-09-11,9,9,-0.030675212774604253,-0.042653963589876,0.011215828763363318,0.005982349950041434,62.511821965473274,47.889619325861055,0.2003498606417769,0.8471279777287295,False,+0.5 to +1.5
309,2015-08-12,2015-08-13,2015-09-14,9,9,-0.05143489592423461,-0.0056600296174557085,-0.04715906643879145,-0.02354241827034904,63.25231653595242,46.80857738759725,0.855469872099773,0.904758354429456,False,+0.5 to +1.5
310,2015-08-13,2015-08-14,2015-09-15,9,9,-0.05705633786395499,-0.008322328232513517,-0.050084905942620175,-0.025006290514318814,63.25231653595242,45.869189157130286,0.5283963485445934,0.93172938815721,False,+0.5 to +1.5
311,2015-08-14,2015-08-17,2015-09-16,9,9,-0.05156351623808029,0.0030636880298861658,-0.05584105529813211,-0.02786644849316989,62.06766483344812,46.80857738759725,0.702456313693498,1.0314187389777687,False,+0.5 to +1.5
312,2015-08-17,2015-08-18,2015-09-17,9,9,-0.006282999913457137,0.01690976053360108,-0.023956241798953594,-0.011565925108940665,63.09441296338355,46.80857738759725,0.0174456199615169,1.0179658365596846,False,+0.5 to +1.5
313,2015-08-18,2015-08-19,2015-09-18,9,9,-0.004945919503792186,0.014935346054740228,-0.020711924415259576,-0.009957855681260746,62.91559623968674,46.80857738759725,-0.274808692673092,0.9751634712116232,False,+0.5 to +1.5
314,2015-08-19,2015-08-20,2015-09-21,9,9,-0.025063877207171435,0.0006985232206231784,-0.02644270548513083,-0.012844324101922324,63.09441296338353,43.8375074287276,0.153614970933475,0.9773111867185236,False,+0.5 to +1.5
315,2015-08-20,2015-08-21,2015-09-22,9,9,-0.026082765390730688,0.006117745520975062,-0.032488763397289,-0.01591151547810832,66.68370542281946,46.26649341496839,0.654594212388195,1.0444461426519502,False,+0.5 to +1.5
316,2015-08-21,2015-08-24,2015-09-23,9,9,-0.01727429955873056,0.036627939597092776,-0.052427061360116475,-0.02607850111604188,62.98949326553773,46.26649341496839,0.38743400231074,1.0320480254145157,False,+0.5 to +1.5
317,2015-08-24,2015-08-25,2015-09-24,9,9,-0.03063364765269958,0.03995635846678933,-0.06862480960044616,-0.03435164400685188,62.473356072869564,46.26649341496839,0.300261650778717,1.0160655026536358,False,+0.5 to +1.5
318,2015-08-25,2015-08-26,2015-09-25,9,9,0.01053939300141511,0.02045945946586663,-0.009847891374028717,-0.004477910858666874,61.615356756815686,46.26649341496839,0.0694446829841933,0.9340632271841036,False,+0.5 to +1.5
319,2015-08-26,2015-08-27,2015-09-28,9,9,-0.03472889379603323,0.005798022449903865,-0.040449511552219077,-0.020089249299662576,65.30956891409741,46.26649341496839,0.0939500882025379,0.9155479519236986,False,+0.5 to +1.5
320,2015-08-27,2015-08-28,2015-09-29,9,9,-0.036138716500847295,0.014824274536415995,-0.05055577760433012,-0.0251643649050073,64.41288286392336,50.23708484427231,0.7487542299928622,0.8913646564208926,False,+0.5 to +1.5
321,2015-08-28,2015-08-31,2015-09-30,9,9,0.004778761494825007,0.03712555007760353,-0.03185726098872234,-0.01564340822236216,62.05207066823196,53.29686266259026,0.1627406342698515,0.8018330173017709,False,+0.5 to +1.5
322,2015-08-31,2015-09-01,2015-10-01,9,9,-0.011366842411178354,0.06387947369085356,-0.0717749292008792,-0.035971900785269594,63.89674567125522,53.29686266259026,0.3622485941095834,0.7546133737852645,False,+0.5 to +1.5
323,2015-09-01,2015-09-02,2015-10-02,9,9,0.020463788084183,0.06109885228045834,-0.03896070680571714,-0.019003705868884096,67.73339750972579,49.39111569332562,0.3456161875461356,0.6655243104201872,False,+0.5 to +1.5
324,2015-09-02,2015-09-03,2015-10-05,9,9,0.04068316432344768,0.04689202266872694,-0.0060843837835929575,-0.0022880371215190476,64.03918535244405,53.29686266259026,0.0797766672264575,0.6030867749460005,False,+0.5 to +1.5
325,2015-09-03,2015-09-04,2015-10-06,9,9,0.06433593925329868,0.03120518555897301,0.03179252348593409,0.01647939998253346,64.47589926386031,51.95177568574597,0.871863177549823,0.5922783422376834,False,+0.5 to +1.5
326,2015-09-04,2015-09-08,2015-10-07,9,9,0.0620119910852308,0.05659645070285727,0.005875973944284592,0.003460722735472837,66.31000791134016,54.72865081353167,0.8429529692976325,0.6014395139718406,False,+0.5 to +1.5
327,2015-09-08,2015-09-09,2015-10-08,9,9,0.09190084475129276,0.03823788634081543,0.052224774574887584,0.026420257000569877,63.05250966547471,53.83452119183891,0.0996768464354036,0.5710005653221427,False,+0.5 to +1.5
328,2015-09-09,2015-09-10,2015-10-09,9,9,0.128566577725102,0.04488132028410425,0.08077746169586514,0.04036914309773618,64.03918535244405,53.83452119183891,-0.3081261007061451,0.4996661164931236,False,-0.5 to +0.5
329,2015-09-10,2015-09-11,2015-10-13,9,9,0.08410182258277696,0.047944422427118126,0.034779569555762356,0.018228425306067154,62.72071545190423,52.424571212640025,0.2527711223916662,0.5032285067073969,False,+0.5 to +1.5
330,2015-09-11,2015-09-14,2015-10-14,9,9,0.07869601853274695,-0.003343887918344452,0.08254956785797873,0.041352944385098955,62.54189872820744,55.23434008717484,0.6519299542981282,0.4887722820942123,False,-0.5 to +0.5
331,2015-09-14,2015-09-15,2015-10-15,9,9,0.09669892551392625,0.0015794684374346758,0.09578113042790429,0.04775605931825403,62.01576782616863,57.5384196880665,0.132480181305664,0.462131644050698,False,-0.5 to +0.5
332,2015-09-15,2015-09-16,2015-10-16,9,9,0.03882274090368577,0.005425937959119227,0.03390349269853638,0.01746425499646364,62.72071545190423,51.85578531178477,1.5474833117976243,0.5171347087178589,False,+0.5 to +1.5
333,2015-09-16,2015-09-17,2015-10-19,9,9,0.03464698267374123,-0.006218879210825562,0.04167552593931765,0.021429081023531703,61.77894281542826,53.83452119183891,1.1235801262026852,0.590837663546324,False,+0.5 to +1.5
334,2015-09-17,2015-09-18,2015-10-20,9,9,0.0726381747282107,-0.0026945938900366775,0.07579790676352949,0.03789493962864486,62.194584549865425,53.83452119183891,-0.0033871709810627,0.6096709981349115,False,+0.5 to +1.5
335,2015-09-18,2015-09-21,2015-10-21,9,9,0.05538680320631969,0.014796854839530313,0.0404394092652923,0.02079981667799624,61.98031457793143,56.65566190274217,0.550973596846269,0.6362376158080967,False,+0.5 to +1.5
336,2015-09-21,2015-09-22,2015-10-22,9,9,0.06122458187062544,0.021656098394212238,0.038935596989207955,0.019898588525140714,64.51031015925491,54.71675220184093,0.0326426558515578,0.5944929792696059,False,+0.5 to +1.5
337,2015-09-22,2015-09-23,2015-10-23,9,9,0.0973280600314878,0.024531232241602637,0.07131133383567123,0.03571843337963536,61.66545545126011,54.71675220184093,-0.1984721271210733,0.5555282680380585,False,+0.5 to +1.5
338,2015-09-23,2015-09-24,2015-10-26,9,9,0.0959961663335811,0.010635788920006774,0.08420787835352081,0.04209441100463551,61.66545545126011,55.599509987165256,-0.4340925328603036,0.5068683175898273,False,+0.5 to +1.5
339,2015-09-24,2015-09-25,2015-10-27,9,9,0.15026389797854434,0.017818624981979007,0.129279551127735,0.06383955911049291,63.383080613478874,56.1284697088676,-0.0413342179180765,0.4998645947292976,False,-0.5 to +0.5
340,2015-09-25,2015-09-28,2015-10-28,9,9,0.10973747763382788,0.03429888300883245,0.07216002984873865,0.03649530053181721,66.23537705252753,54.077600362865,-0.2079619977179645,0.4801674933510656,False,-0.5 to +0.5
341,2015-09-28,2015-09-29,2015-10-29,9,9,0.08019251935312076,0.02661126671299831,0.051346593720660895,0.02636350496467045,67.33463383662931,53.64027360690312,0.0662253212421463,0.4343400280594197,False,-0.5 to +0.5
342,2015-09-29,2015-09-30,2015-10-30,9,9,0.05988422380968263,0.02982158879988708,0.028312654444730627,0.014989482723513095,65.7950523867117,53.362259130271475,0.5393630258657314,0.4594534162638477,False,-0.5 to +0.5
343,2015-09-30,2015-10-01,2015-11-03,8,8,0.1364569813198435,0.07872843851805213,0.053460236303515894,0.02734707636766382,66.53962317630072,55.341172279769616,0.924064842180978,0.4965701668254638,False,-0.5 to +0.5
344,2015-10-01,2015-10-02,2015-11-04,8,8,0.14153182692696445,0.08386834337849557,0.053324586847925064,0.02697702519369183,64.91509996506247,55.34117227976962,0.686873149272807,0.5191592698495631,False,+0.5 to +1.5
345,2015-10-02,2015-10-05,2015-11-05,8,8,0.1405723654747295,0.08097945586404703,0.05544590336534693,0.02788392216635948,64.91509996506247,57.73012131889611,0.0363861081577433,0.5166112407692716,False,+0.5 to +1.5
346,2015-10-05,2015-10-06,2015-11-06,8,8,0.07226550431921484,0.05083609743221603,0.020206474130108117,0.010692390481241156,65.40879988834921,56.21216482523447,-0.594265291506755,0.4187026763245622,False,-0.5 to +0.5
347,2015-10-06,2015-10-07,2015-11-09,8,8,0.05204429728762254,0.053119926642421,-0.0012420719345917722,1.46070617790935e-06,67.3277259135041,55.49810005695994,-0.8988952472053854,0.3024387830846698,False,-0.5 to +0.5
348,2015-10-07,2015-10-08,2015-11-10,8,8,0.02735257703765145,0.05992277992437282,-0.031030441963480003,-0.014995637734083321,67.3277259135041,53.238673076604286,-1.3527714427015116,0.2061665995562292,False,-0.5 to +0.5
349,2015-10-08,2015-10-09,2015-11-11,8,8,0.03054856384662653,0.06403584851382166,-0.03156834010271288,-0.015333831701297644,65.97666202778149,53.23867307660428,-1.6244977816994293,0.1190861645967394,False,-0.5 to +0.5
350,2015-10-09,2015-10-13,2015-11-12,8,8,-0.00040298426225362014,0.06837362782366503,-0.06498771364810847,-0.03266473827093941,66.62685847576877,55.498100056959935,-1.6974558929069077,-0.0113776791776181,False,-0.5 to +0.5
351,2015-10-13,2015-10-14,2015-11-13,8,8,0.024595237700978743,0.082193002700789,-0.05364371108563596,-0.026743928513297655,65.09362029156557,55.49810005695994,-1.6236866332691162,-0.1645839511530925,False,-0.5 to +0.5
352,2015-10-14,2015-10-15,2015-11-16,8,8,0.016169772936672513,0.04958872714011618,-0.03160163318378083,-0.015510217553506877,65.09362029156557,55.93531189194715,-1.0723069569895065,-0.246084185335768,False,-0.5 to +0.5
353,2015-10-15,2015-10-16,2015-11-17,8,8,0.04071037342888814,0.07167693055487355,-0.02861596587223381,-0.014009327980229483,65.09362029156557,56.95470225219448,-1.3154770600397043,-0.4401112071915961,False,-0.5 to +0.5
354,2015-10-16,2015-10-19,2015-11-18,8,8,0.03353936041380351,0.06556745991878701,-0.02990793527199791,-0.014686632014104346,65.09362029156557,56.36056264001694,-2.4250407486407424,-0.6810640377731229,False,-1.5 to -0.5
355,2015-10-19,2015-10-20,2015-11-19,8,8,0.03985736601445061,0.08838310130329094,-0.04466255041448197,-0.022187756486275825,65.09362029156557,56.36056264001694,-2.109501156244966,-0.8251259439140207,False,-1.5 to -0.5
356,2015-10-20,2015-10-21,2015-11-23,8,8,0.06475547451945247,0.09147633386671919,-0.025133157369748062,-0.012196460731778134,70.3859679359812,54.49126820200939,-2.341173610251301,-1.0233557426328963,False,-1.5 to -0.5
357,2015-10-21,2015-10-22,2015-11-24,8,8,0.06872415843380467,0.10410488651985693,-0.03336887216495125,-0.016256433804299832,70.27730833315867,57.34483479454258,-2.125269147666879,-1.1719574932426118,False,-1.5 to -0.5
358,2015-10-22,2015-10-23,2015-11-25,8,8,0.036028509389272705,0.06249792586418957,-0.025597914712685865,-0.012421543700725068,70.05617363515069,55.45648031620973,-2.403568662012159,-1.3241978487991222,False,-1.5 to -0.5
359,2015-10-23,2015-10-26,2015-11-26,8,8,0.027680481926719288,0.08309826519648836,-0.05133364100714888,-0.025492817231208192,66.03727455408537,54.49126820200939,-2.920251190909485,-1.4965823480986398,False,-1.5 to -0.5
360,2015-10-26,2015-10-27,2015-11-27,8,8,0.0013550678856833274,0.07626457030508293,-0.07018591177267834,-0.035170105312678716,70.05617363515069,57.548412854214206,-1.9762468712471584,-1.629731186670707,False,< -1.5
361,2015-10-27,2015-10-28,2015-11-30,8,8,-0.051913153180519006,0.0605559772950524,-0.1056087242989092,-0.05356032043252188,65.51180461797148,58.14255246639174,-1.7075317520397288,-1.731794140249382,False,< -1.5
362,2015-10-28,2015-10-29,2015-12-01,8,8,-0.0567337776915629,0.05129064813454823,-0.10230055318317188,-0.05187699482473191,63.34307623987088,58.14255246639174,-1.8481220424016125,-1.8610024143189117,False,< -1.5
363,2015-10-29,2015-10-30,2015-12-02,8,8,-0.045890069437573504,0.020155840146242977,-0.06431002581035505,-0.03215295852246994,64.20941428280814,55.280379838878765,-1.6070152064108454,-2.0030790184530987,False,< -1.5
364,2015-10-30,2015-11-03,2015-12-03,8,8,-0.04938415120504846,0.008352924360151193,-0.05672833434357231,-0.02809722397047202,65.99738503673404,55.280379838878765,-1.2644279456904282,-2.1440841200357728,False,< -1.5
365,2015-11-03,2015-11-04,2015-12-04,8,8,-0.10341595992904375,-0.0035294298329553767,-0.10049925590201383,-0.05094037246155038,66.33584849351266,53.38628984502169,-2.065535389305661,-2.3223209313182998,False,< -1.5
366,2015-11-04,2015-11-05,2015-12-07,8,8,-0.09520489388487981,-0.009428330775184214,-0.08655979310841572,-0.04364327832313165,65.63603487138184,53.38628984502169,-2.005489259443133,-2.4497535824654157,False,< -1.5
367,2015-11-05,2015-11-06,2015-12-08,8,8,-0.08237554128806882,-0.010224352541261049,-0.07343892847322278,-0.036867765044212845,70.63332996929731,53.38628984502169,-2.079667812935211,-2.5381648709846703,False,< -1.5
368,2015-11-06,2015-11-09,2015-12-09,8,8,-0.05362834712140753,0.018746295841065488,-0.07148518870852569,-0.03585105695154271,70.63332996929731,53.38628984502169,-1.6815956747125291,-2.5771501104983034,False,< -1.5
369,2015-11-09,2015-11-10,2015-12-10,8,8,-0.04264711660321709,-0.01381210354748426,-0.028447099335545182,-0.013853286084215728,65.63603487138184,50.74832642386727,-2.4205318859737672,-2.636980840195603,False,< -1.5
370,2015-11-10,2015-11-11,2015-12-11,8,8,-0.0730615607916737,-0.030822097999928747,-0.042886283357516354,-0.021192804260901112,65.63603487138184,53.50114178309347,-2.189971349474691,-2.6625124679449126,False,< -1.5
371,2015-11-11,2015-11-12,2015-12-14,8,8,-0.07709627776728016,-0.03468090572423908,-0.04335773933159846,-0.021453510651874962,65.63603487138184,52.38728507820416,-1.1676759673241843,-2.6128966520388044,False,< -1.5
372,2015-11-12,2015-11-13,2015-12-15,8,8,-0.03791682901164449,-0.0658781100650043,0.03020011829865503,0.015495840419462364,70.7007371919227,53.38628984502169,-1.618666045556884,-2.5999633637798505,False,< -1.5
373,2015-11-13,2015-11-16,2015-12-16,8,8,-0.06588104090280548,-0.05733631043810601,-0.008389100051331592,-0.003720326342556744,65.63603487138184,52.38728507820416,-1.3542818724876422,-2.603779040226843,False,< -1.5
374,2015-11-16,2015-11-17,2015-12-17,8,8,-0.04801664541232693,-0.04740772724271879,0.00021348531316348635,0.0006026919901272302,65.63603487138184,52.38728507820416,-0.3915783996900212,-2.5278568902551357,False,< -1.5
375,2015-11-17,2015-11-18,2015-12-18,8,8,-0.06935537671116361,-0.07850037037946077,0.01000174833091146,0.005483992656370405,69.7211293736371,52.38728507820416,-0.341796722960599,-2.382992307173524,False,< -1.5
376,2015-11-18,2015-11-19,2015-12-21,8,8,-0.08704490659373948,-0.09864041315150855,0.01328447176649573,0.007165508050543378,65.63603487138184,52.38728507820416,-0.9919613244095784,-2.303644033048267,False,< -1.5
377,2015-11-19,2015-11-23,2015-12-22,8,8,-0.06332449117869327,-0.09072289091945264,0.030059226379122526,0.015366886949847069,69.37665679424018,52.38728507820416,0.0545205469384944,-2.1429567181372757,False,< -1.5
378,2015-11-23,2015-11-24,2015-12-23,8,8,-0.035489889177587663,-0.0653408333147946,0.03186415257245273,0.01625204063715896,64.51736027891013,52.38728507820416,0.0250766276276993,-2.0003807897619934,False,< -1.5
379,2015-11-24,2015-11-25,2015-12-28,8,8,0.029751733759167735,-0.04700988871308089,0.08053988741108342,0.04010003393924735,64.51736027891013,51.00564760954282,-0.5572782872534362,-1.8807901565319445,False,< -1.5
380,2015-11-25,2015-11-26,2015-12-29,8,8,0.03621857559887698,-0.052009961129970146,0.09342948264994032,0.04637493457734862,64.51736027891013,49.346558965717996,-0.8385172121360449,-1.748679875313509,False,< -1.5
381,2015-11-26,2015-11-27,2015-12-30,8,8,0.05477364270046038,-0.031081530157259906,0.0879084828486306,0.04378405152524628,64.51736027891013,52.14843511370858,-0.7846834519841347,-1.6717217227822323,False,< -1.5
382,2015-11-27,2015-11-30,2016-01-04,8,8,0.06469789837580005,-0.05106350915925203,0.12211807444129533,0.05991285062469989,60.76961511856554,48.37660575519775,-0.4915058712983876,-1.5931356268835386,False,< -1.5
383,2015-11-30,2015-12-01,2016-01-05,8,8,0.10552613964899216,-0.05106664185772035,0.16478009999600568,0.07985591875671622,62.58810333316808,48.37660575519775,-0.9358167223921494,-1.5348528417758704,False,< -1.5
384,2015-12-01,2015-12-02,2016-01-06,8,8,0.05701715265813631,-0.06492258637274852,0.12996268775514472,0.06365304269025167,60.76961511856555,50.11947282623194,-0.710632551734976,-1.4774213120998174,False,-1.5 to -0.5
385,2015-12-02,2015-12-03,2016-01-07,8,8,-0.005421417919611112,-0.09259892958435717,0.0954648459618081,0.04720470279825279,60.76961511856555,50.11947282623194,0.227487766669098,-1.3818745017328833,False,-1.5 to -0.5
386,2015-12-03,2015-12-04,2016-01-08,8,8,0.013617804989487586,-0.07180117808624838,0.09161132836190772,0.04529626191137996,59.68145798677048,49.05219403396999,0.5195005318686703,-1.2186977884087813,False,-1.5 to -0.5
387,2015-12-04,2015-12-07,2016-01-11,8,8,0.006878398047188687,-0.08271316841855646,0.09723066557966585,0.047985578705273514,59.68145798677048,49.05219403396999,-0.4261618046327385,-1.1197385592435014,False,-1.5 to -0.5
388,2015-12-07,2015-12-08,2016-01-12,8,8,-0.003881949244538171,-0.059389825629927735,0.05711868040525059,0.02893785837162057,59.68145798677048,51.85407018196058,0.4111405020382513,-0.9630111875008904,False,-1.5 to -0.5
389,2015-12-08,2015-12-09,2016-01-13,8,8,-0.01673181862351137,-0.07797367597717879,0.06534953309971035,0.03282494747864789,64.85470962082081,50.11947282623194,-0.277859150534823,-0.8748615671289488,False,-1.5 to -0.5
390,2015-12-09,2015-12-10,2016-01-14,8,8,-0.014860049001304044,-0.06293368482494546,0.05033795575615535,0.02550097588273745,67.29851546164133,50.11947282623194,-0.702247307349641,-0.7667600396249001,False,-1.5 to -0.5
391,2015-12-10,2015-12-11,2016-01-15,8,8,-0.02579903137476139,-0.07122672777253483,0.048307565767212686,0.02450637781809139,64.44772890419625,50.11947282623194,-1.284358339279866,-0.7091755698753566,False,-1.5 to -0.5
392,2015-12-11,2015-12-14,2016-01-18,8,8,-0.027384554965925338,-0.06554335210934925,0.040054002193049956,0.020460893505698928,67.29851546164133,50.11947282623194,-1.0108049588493018,-0.6990142140511559,False,-1.5 to -0.5
393,2015-12-14,2015-12-15,2016-01-19,8,8,-0.05187354840304739,-0.05311732171849257,0.0009222464722948168,0.0010206948915279803,67.29851546164133,50.11947282623194,-0.666436828720212,-0.6381164050801406,False,-1.5 to -0.5
394,2015-12-15,2015-12-16,2016-01-20,8,8,-0.054409295213786575,-0.06879275000175666,0.015013331127756498,0.00804157749833924,67.29851546164133,50.11947282623194,-0.4677568017228927,-0.5813307457780821,False,-1.5 to -0.5
395,2015-12-16,2015-12-17,2016-01-21,8,8,-0.08696392604134633,-0.08402979997314769,-0.003858566319669499,-0.0012559822070879018,64.88522708149745,50.11947282623194,-0.6589785102140112,-0.5984404665443444,False,-1.5 to -0.5
396,2015-12-17,2015-12-18,2016-01-22,8,8,-0.07697669091335785,-0.044007368558424464,-0.03456142991681287,-0.01679987512843013,64.88522708149745,50.11947282623194,-0.2955950015913799,-0.5957364682183145,False,-1.5 to -0.5
397,2015-12-18,2015-12-21,2016-01-26,8,8,-0.1018175513564642,-0.027487111043274216,-0.07638892975827705,-0.03823908927013685,64.44772890419625,53.39520028875035,-0.8103832843240377,-0.583829627190996,False,-1.5 to -0.5
398,2015-12-21,2015-12-22,2016-01-27,8,8,-0.10683497622881123,-0.013652665404676833,-0.0954963524184605,-0.04805363995786998,60.79761232935697,50.11947282623194,-1.6325325702404223,-0.6913477012562587,False,-1.5 to -0.5
399,2015-12-22,2015-12-23,2016-01-28,8,8,-0.11112876172815848,-0.02580617413627867,-0.08874249776558157,-0.04447447989582725,60.79761232935697,50.11947282623194,-1.3562391704761445,-0.7796564051899444,False,-1.5 to -0.5
400,2015-12-23,2015-12-28,2016-01-29,8,8,-0.08404795399812132,-0.002361585249486731,-0.0825052926348769,-0.04126550957234295,59.27447727014592,50.11947282623194,-0.7775674500941776,-0.7937566066528722,False,-1.5 to -0.5
401,2015-12-28,2015-12-29,2016-02-01,8,8,-0.05208663581690638,0.025225668178326326,-0.07637927217646404,-0.038270047338003925,65.11330433613406,50.11947282623194,-0.6289834728989847,-0.780327385770154,False,-1.5 to -0.5
402,2015-12-29,2015-12-30,2016-02-02,8,8,-0.09731851904357769,-0.00900709396998543,-0.0893220829082373,-0.0450579763916079,64.02514720433899,50.11947282623194,0.1162494012279446,-0.722934358224321,False,-1.5 to -0.5
403,2015-12-30,2016-01-04,2016-02-03,8,8,-0.04470072478029873,0.025646681490647777,-0.07031897212080365,-0.03521285074324616,69.2680302131032,50.11947282623194,-0.654363990237778,-0.7334432784149476,False,-1.5 to -0.5
404,2016-01-04,2016-01-05,2016-02-04,8,8,-0.013726952123135168,0.06182314475448872,-0.07117349895682662,-0.035741945986300136,64.64656934947254,53.741678344855735,-2.6573844952864474,-0.8427742771259501,False,-1.5 to -0.5
405,2016-01-05,2016-01-06,2016-02-05,8,8,-0.03195980191153225,0.06158485577836213,-0.08823302843838546,-0.04436584597714493,66.24526637913726,51.75996130932597,-2.5521892410572318,-0.9610022529538604,False,-1.5 to -0.5
406,2016-01-06,2016-01-07,2016-02-10,8,8,0.007954548510037624,0.07597896527484595,-0.06231411543823425,-0.030754994586178072,63.177094697695246,53.741678344855735,-2.8564247973539456,-1.160015287022483,False,-1.5 to -0.5
407,2016-01-07,2016-01-08,2016-02-11,8,8,-0.024101850700653075,0.05333996349952108,-0.07221890884463039,-0.03583579956628297,63.17709469769524,53.741678344855735,-2.850600352232435,-1.3782476872173544,False,-1.5 to -0.5
408,2016-01-08,2016-01-11,2016-02-12,8,8,-0.03853515179023461,0.04373242900738176,-0.0775329853767767,-0.038613218900635446,65.67688361116447,53.74167834485573,-1.4914144653583843,-1.4471196377908708,False,-1.5 to -0.5
409,2016-01-11,2016-01-12,2016-02-15,8,8,-0.007386433679494512,0.043630868798126825,-0.04792368400095208,-0.02375437714774697,66.31204784681799,53.74167834485573,-2.006731031872652,-1.6028457768693245,False,< -1.5
410,2016-01-12,2016-01-13,2016-02-16,8,8,0.030689733746730154,0.0470054339077717,-0.014530189431565262,-0.00663640141801495,64.98691659846918,53.74167834485573,-1.6513264994653298,-1.6903478601364963,False,< -1.5
411,2016-01-13,2016-01-14,2016-02-17,8,8,0.04159806169608589,0.04671308109759123,-0.0037615683168356834,-0.0012213133081533907,64.98691659846918,53.741678344855735,-0.7262417628089048,-1.6894597211996505,False,< -1.5
412,2016-01-14,2016-01-15,2016-02-18,8,8,0.054317684844680275,0.07221357119834343,-0.01565301403257421,-0.00718685562022718,64.98691659846918,53.74167834485573,-0.7787499076996482,-1.6552337273677284,False,< -1.5
413,2016-01-15,2016-01-18,2016-02-19,8,8,0.0767648292633104,0.07910705637302916,-0.001185500692976211,7.793166635801608e-05,64.98691659846918,53.74167834485573,-0.6745423573493221,-1.6317807172168992,False,< -1.5
414,2016-01-18,2016-01-19,2016-02-22,8,8,0.11852342533188152,0.06941715799859399,0.04779025875254043,0.02436747145993923,66.24526637913726,58.2794614122528,-1.2742510027679967,-1.669295270977485,False,< -1.5
415,2016-01-19,2016-01-20,2016-02-23,8,8,0.14005791308775495,0.0703783887087772,0.06842906429338463,0.03471686041451944,63.78922668901372,58.2794614122528,-1.5014850009539435,-1.7337276880285266,False,< -1.5
416,2016-01-20,2016-01-21,2016-02-24,8,8,0.11904191121268365,0.055938496653761126,0.06303070886101787,0.03209493848000401,63.78922668901372,58.27946141225281,-0.863968329913906,-1.7441858335775875,False,< -1.5
417,2016-01-21,2016-01-22,2016-02-25,8,8,0.0978401193416734,0.08960511784968683,0.008533160154218896,0.00512216179670044,63.63717834216955,53.74167834485574,-0.6143443967490879,-1.7610308033516149,False,< -1.5
418,2016-01-22,2016-01-26,2016-02-26,8,8,0.1053324051371684,0.10482880215144887,0.0010263276311642073,0.0017279870594621464,65.62218013261455,53.741678344855735,-0.7782399279984036,-1.7562436222086626,False,< -1.5
419,2016-01-26,2016-01-27,2016-02-29,8,8,0.1541960463665886,0.09297098011750214,0.058005562599648244,0.029529720577016687,64.48904031114455,55.05286399267749,-0.8879016781851704,-1.7076420702643365,False,< -1.5
420,2016-01-27,2016-01-28,2016-03-01,8,8,0.14279997372671357,0.08323964944046358,0.056745994265121974,0.02888231066242833,64.40335246184237,49.906718924011955,-1.4423541886843636,-1.7121061540935432,False,< -1.5
421,2016-01-28,2016-01-29,2016-03-02,8,8,0.09198356081907108,0.05283116817839815,0.03731177400814058,0.0194394937154312,62.5816532309917,52.54089173697828,-1.5193852635698966,-1.7572738756162518,False,< -1.5
422,2016-01-29,2016-02-01,2016-03-03,8,8,0.12743969616124484,0.0099770447651658,0.11515437218518121,0.05743728600717462,63.8900669512594,54.27762136748674,-2.0197202169680386,-1.8432450974565704,False,< -1.5
423,2016-02-01,2016-02-02,2016-03-04,8,8,0.19313804673356783,0.011649642311185725,0.17744856802509892,0.08674230598037633,63.8900669512594,54.27762136748673,-1.7592868819185203,-1.9576227758333613,False,< -1.5
424,2016-02-02,2016-02-03,2016-03-07,8,8,0.17931028610323899,0.01733921245787189,0.1573339751059834,0.07760494564572562,63.662600551918,54.27762136748674,-1.481228518545711,-2.0055701446608376,False,< -1.5
425,2016-02-03,2016-02-04,2016-03-08,8,8,0.14493431820180358,0.017655003529217537,0.12352094453946053,0.061293776564297624,66.71031320224019,54.27762136748674,-1.2604763855111043,-1.9168399090119843,False,< -1.5
426,2016-02-04,2016-02-05,2016-03-09,8,8,0.15955980871650852,0.04667309992446268,0.10687133338694767,0.05331441209295869,66.71031320224019,53.89538147044421,-1.70353346553945,-1.8630384632096544,False,< -1.5
427,2016-02-05,2016-02-10,2016-03-10,8,8,0.1837292063173861,0.044457116830199955,0.1325527896061327,0.06539563375138902,66.50046678647271,53.89538147044421,-1.610975090408212,-1.7846637818122837,False,< -1.5
428,2016-02-10,2016-02-11,2016-03-11,8,8,0.25269666906876487,0.066103269990307,0.17479222816172857,0.08491704308376122,67.37953011327072,52.24878587853611,-1.509214834550811,-1.699900140011007,False,< -1.5
429,2016-02-11,2016-02-12,2016-03-14,8,8,0.22207062637185493,0.05235554963747622,0.16033955719313858,0.07853207619397536,65.09387233254037,53.89538147044421,-0.916146282297504,-1.6615293609059654,False,< -1.5
430,2016-02-12,2016-02-15,2016-03-15,8,8,0.18549094757154622,0.02639540339785178,0.15298598625145973,0.07569475433864471,64.86305255452342,54.277621367486745,-0.814062741429624,-1.5849837556680602,False,< -1.5
431,2016-02-15,2016-02-16,2016-03-16,8,8,0.16394423666422303,0.03010507020705909,0.12866066037487106,0.06395207342648947,60.965212361291876,51.485464515263075,-1.3221792831409998,-1.5629840873008465,False,< -1.5
432,2016-02-16,2016-02-17,2016-03-17,8,8,0.24227640409121665,0.037856508812183054,0.19714837812487448,0.09680681518679712,58.65858121831205,49.79577158958433,-1.5226328356775083,-1.6112704140058502,False,< -1.5
433,2016-02-17,2016-02-18,2016-03-18,8,8,0.2295014461421476,-0.0024864104074241076,0.23158609412203135,0.1119387389467975,64.86305255452342,51.518551995032254,-0.924122671676696,-1.6181912111427783,False,< -1.5
434,2016-02-18,2016-02-19,2016-03-21,8,8,0.19495683562817934,-0.0025920244267893205,0.1972923639014595,0.09590179732820571,64.31168500151114,51.518551995032254,-0.826734681135456,-1.6253718380211215,False,< -1.5
435,2016-02-19,2016-02-22,2016-03-22,8,8,0.19267253154642974,0.028061369806848518,0.16088690498737915,0.07916859082401634,61.47547409061729,51.53493567835673,-0.5007764113042833,-1.5749669632632362,False,< -1.5
436,2016-02-22,2016-02-23,2016-03-23,8,8,0.15585142320867176,0.018282654765950243,0.1362251429436499,0.06727510971345024,64.00222121745173,48.02151613383866,-1.563801110173738,-1.577629933988114,False,< -1.5
437,2016-02-23,2016-02-24,2016-03-24,8,8,0.14007980404417195,-0.005500585904443534,0.14577674096305207,0.07223389148865253,64.00222121745173,48.675858991343254,-0.928247196376823,-1.5797459727264345,False,< -1.5
438,2016-02-24,2016-02-25,2016-03-28,8,8,0.17311314329081182,0.04206321084526776,0.12702616606834596,0.06314899235795518,66.82377308490364,49.33822613789719,-0.3402395664164585,-1.5604116273847592,False,< -1.5
439,2016-02-25,2016-02-26,2016-03-29,8,8,0.16440888513942872,0.052466915516609966,0.10770139820964217,0.05415844845951411,64.84070467913786,49.33822613789719,-0.5359034945442117,-1.5434245571486271,False,< -1.5
440,2016-02-26,2016-02-29,2016-03-30,8,8,0.17335393304224125,0.032983034102511424,0.13732198807140789,0.06885156784942242,63.316260867187275,49.33822613789719,-0.4276936226585119,-1.5131380858774932,False,< -1.5
441,2016-02-29,2016-03-01,2016-03-31,8,8,0.09469735198299262,0.01631867992338942,0.07631817480284929,0.03972696084322841,65.66649787452039,54.35901622275259,-0.3332771824788241,-1.4433432729031224,False,-1.5 to -0.5
442,2016-03-01,2016-03-02,2016-04-01,8,8,0.1148802180931719,0.02100351049464903,0.0912658349004626,0.0468185809949739,59.81415423598914,54.359016222752594,-0.3408961941843195,-1.3697320726120994,False,-1.5 to -0.5
443,2016-03-02,2016-03-03,2016-04-04,8,8,-0.03365043354762993,-0.0013135928361878509,-0.030992605050960607,-0.014882605256256065,63.21286556618871,50.226318862123534,-0.716614266569848,-1.289095081169062,False,-1.5 to -0.5
444,2016-03-03,2016-03-04,2016-04-05,8,8,-0.027084494285779418,0.012260966845610424,-0.037825310125872695,-0.018787791117075413,66.39803746066524,50.195117092320466,-1.8062903401505808,-1.2917389269420534,False,-1.5 to -0.5
445,2016-03-04,2016-03-07,2016-04-06,8,8,-0.04402954971310278,-0.02810599604478349,-0.01697254012384,-0.008289176613298673,65.8621433739437,55.2956487768852,-2.734128276364989,-1.3688748121048522,False,-1.5 to -0.5
446,2016-03-07,2016-03-08,2016-04-07,8,8,-0.03688619187746614,-0.011014659825495723,-0.025918787047236762,-0.01271026269296559,67.56711294109958,45.354759330271335,-3.573162293933972,-1.5124318670080148,False,< -1.5
447,2016-03-08,2016-03-09,2016-04-08,8,8,-0.04376605448327669,0.011299803024519809,-0.055500214343844355,-0.027753603734993096,67.56711294109958,45.356224729610446,-2.1433212916915747,-1.540475723530961,False,< -1.5
448,2016-03-09,2016-03-10,2016-04-11,8,8,-0.05946098796742067,-0.02855435621377601,-0.032908148443539356,-0.01614465321590234,67.56711294109957,44.868154327390855,-2.2097799476029687,-1.5784659331019386,False,< -1.5
449,2016-03-10,2016-03-11,2016-04-12,8,8,-0.011046347701348854,0.028695514133419923,-0.04010381753666207,-0.019858013667333457,69.55018134686534,47.32116861634264,-2.3792452860477398,-1.6335049000539543,False,< -1.5
450,2016-03-11,2016-03-14,2016-04-13,8,8,-0.00873582050928231,0.07517331757177582,-0.07882241955785345,-0.03979879519439356,66.44227894529519,49.914524779940365,-1.507784354342181,-1.66975230440989,False,< -1.5
451,2016-03-14,2016-03-15,2016-04-14,8,8,0.014267273897733189,0.09603487853056496,-0.07538634368147372,-0.0380057263416603,66.44227894529519,49.91452477994037,-1.044610741503644,-1.682639843877083,False,< -1.5
452,2016-03-15,2016-03-16,2016-04-15,8,8,0.005762489401656293,0.10116957807361425,-0.08784646628000517,-0.04462423470766574,68.82835591842027,49.91452477994037,-2.6189797874359337,-1.7640362936287777,False,< -1.5
453,2016-03-16,2016-03-17,2016-04-18,8,8,-0.0435886646910527,0.03849759321858045,-0.07971332212322918,-0.04040443856140977,68.82835591842027,51.943360268891,-2.644148974205166,-1.834844844631845,False,< -1.5
454,2016-03-17,2016-03-18,2016-04-19,8,8,-0.037930391863991546,0.06327696293886131,-0.0958567846527567,-0.04882567478145934,68.82835591842029,47.04978545700195,-3.3878510083596938,-1.989668594902364,False,< -1.5
455,2016-03-18,2016-03-21,2016-04-20,8,8,-0.04439499434701308,0.0535222281664318,-0.09378574609348321,-0.0478246945151408,67.99536861049825,49.42787672724851,-2.7178488340073668,-2.107482397181707,False,< -1.5
456,2016-03-21,2016-03-22,2016-04-22,8,8,-0.06204880899209163,0.028686402828970406,-0.08836766199503372,-0.04480827417327367,66.44227894529519,47.82435901987499,-3.2947980660071905,-2.281448859797073,False,< -1.5
457,2016-03-22,2016-03-23,2016-04-25,8,8,-0.026325450211623445,0.024775364496982748,-0.04977489229010563,-0.024904325448175092,67.30961547574891,46.209589112901476,-3.0733450941280145,-2.3758688158989902,False,< -1.5
458,2016-03-23,2016-03-24,2016-04-26,8,8,0.010069281575570002,0.044655297565717685,-0.03306012397034221,-0.016350479592036844,66.44227894529519,48.82609914210481,-2.036485339310768,-2.4403348525347446,False,< -1.5
459,2016-03-24,2016-03-28,2016-04-27,8,8,-0.0027964797400271742,0.04074309106237394,-0.04190415174289824,-0.02083529795250924,66.44227894529519,48.82609914210481,-0.9835492530197996,-2.470262148667319,False,< -1.5
460,2016-03-28,2016-03-29,2016-04-28,8,8,-0.021980568532846287,0.03688532039316891,-0.0581830878520881,-0.0290396026935516,66.44227894529519,46.523291745225244,-1.3084342789108596,-2.5088379292685867,False,< -1.5
461,2016-03-29,2016-03-30,2016-04-29,8,8,-0.02929217736766355,0.03346799217860816,-0.06130768904823068,-0.030749285954693756,66.44227894529519,50.956699135608396,-1.0780394024641315,-2.538016233082285,False,< -1.5
462,2016-03-30,2016-03-31,2016-05-02,8,8,-0.016133522744542626,0.04856990205211907,-0.06319053766838263,-0.03160866410442634,66.44227894529519,46.523291745225244,-1.0013123018557435,-2.567020252849641,False,< -1.5
463,2016-03-31,2016-04-01,2016-05-03,8,8,-0.018864947096485115,0.027271866446497105,-0.04525627992763218,-0.022636588893049585,69.55567750062944,48.723635385588594,-1.948357322166866,-2.65492741269635,False,< -1.5
464,2016-04-01,2016-04-04,2016-05-04,8,8,0.017363184070193376,0.04612037186291833,-0.02818761022071389,-0.013972075438111497,69.55567750062944,48.723635385588594,-1.5833986637763862,-2.69595941027964,False,< -1.5
465,2016-04-04,2016-04-05,2016-05-05,8,8,0.015056190780922851,0.056363121963378414,-0.03971904729577469,-0.019875298291173377,70.8481265609841,48.61562488711418,-1.3048402135093309,-2.656141825867504,False,< -1.5
466,2016-04-05,2016-04-06,2016-05-06,8,8,0.018222144889657156,0.08940302355039718,-0.06532441920635378,-0.033075290475913406,70.8481265609841,45.997649458571736,-1.5074969766157338,-2.5771489948987933,False,< -1.5
467,2016-04-06,2016-04-07,2016-05-09,8,8,0.0107795669767596,0.08677239661812208,-0.06987530297648455,-0.03540048922997155,70.8481265609841,47.15958286714785,-0.6872120645386035,-2.400476481063581,False,< -1.5
468,2016-04-07,2016-04-08,2016-05-10,8,8,0.032473419440244906,0.10676386479137932,-0.06724448616762764,-0.03403242731383517,71.48493382544498,47.04074484246253,-1.520482225705388,-2.3590074125479106,False,< -1.5
469,2016-04-08,2016-04-11,2016-05-11,8,8,0.0030200032025003275,0.10350120718388599,-0.0914277487740188,-0.0465969559621753,69.55567750062944,46.91969870885197,-1.583769580141697,-2.318180642172023,False,< -1.5
470,2016-04-11,2016-04-12,2016-05-12,8,8,0.030477488329551272,0.0829953543415441,-0.0485723085674055,-0.024287571870611334,71.48493382544498,46.91969870885196,-1.3485607229722707,-2.2536630535541637,False,< -1.5
471,2016-04-12,2016-04-13,2016-05-13,8,8,-0.023996836021215127,0.03915144384908096,-0.06064591542778281,-0.030560580865102615,69.55567750062944,50.63100900935108,-0.911171209018664,-2.21295178743174,False,< -1.5
472,2016-04-13,2016-04-14,2016-05-16,8,8,-0.013289547871657901,0.015967158138866167,-0.029064505740296027,-0.014408205950612435,69.55567750062944,50.56142297385942,-0.4797304114310496,-2.17303747395166,False,< -1.5
473,2016-04-14,2016-04-15,2016-05-17,8,8,-0.052374819199136495,0.0029686328697224387,-0.05497150920349672,-0.02764076307829448,69.55567750062944,48.14490724063012,-0.9541849298360676,-2.0730515449821323,False,< -1.5
474,2016-04-15,2016-04-18,2016-05-18,8,8,-0.04995895310951758,-0.03054854913161814,-0.020157890596942053,-0.009880592770186275,69.55567750062944,49.867687646078046,-1.1041696396403755,-1.9814527756002636,False,< -1.5
475,2016-04-18,2016-04-19,2016-05-19,8,8,-0.05205016480120921,-0.03158318943639784,-0.021207085508582805,-0.010414777555006501,69.55567750062944,48.98811644963642,-1.55714796951446,-1.875030496726251,False,< -1.5
476,2016-04-19,2016-04-20,2016-05-20,8,8,-0.048853845450179595,-0.02240046958621715,-0.02715019708008787,-0.013415804146527696,69.55567750062944,48.98811644963642,-1.1891221692696023,-1.784529635759844,False,< -1.5
477,2016-04-20,2016-04-22,2016-05-23,8,8,-0.049954519570733415,-0.009398725279921059,-0.04104279913096703,-0.020486450938975585,69.55567750062944,47.069172590076896,-0.4874665196042417,-1.6184500059861076,False,< -1.5
478,2016-04-22,2016-04-25,2016-05-24,8,8,-0.0464346773158619,0.024742979435383856,-0.06934885294862804,-0.03506832791821415,69.44459378962797,48.07237811164582,-0.1392662397197067,-1.4440800204047564,False,-1.5 to -0.5
479,2016-04-25,2016-04-26,2016-05-25,8,8,-0.03468952318729222,-0.023452888998274638,-0.011561351716977445,-0.0055102856002804766,69.18524522314175,49.68714801861934,-0.4208988204234697,-1.347415958792262,False,-1.5 to -0.5
480,2016-04-26,2016-04-27,2016-05-27,8,8,-0.050147213689967926,-0.0672000579656295,0.017660464878080373,0.009030739125297418,69.18524522314175,47.21572555079155,-0.7078761436244437,-1.330320182343573,False,-1.5 to -0.5
481,2016-04-27,2016-04-28,2016-05-30,8,8,-0.041644806358575835,-0.05327149576487209,0.012048758087203406,0.006241507535606804,69.18524522314175,48.02035403634109,-0.9960569935339314,-1.3112855010676083,False,-1.5 to -0.5
482,2016-04-28,2016-04-29,2016-05-31,8,8,-0.05128402544139353,-0.038307346908703195,-0.013653264700878368,-0.0066122566946512605,71.4363838234566,46.688341994894216,-0.7205829525549187,-1.2894996184770258,False,-1.5 to -0.5
483,2016-04-29,2016-05-02,2016-06-01,8,8,-0.0511753201250496,-0.03650682669205607,-0.015657821009235892,-0.007674009076317869,67.87670277640956,46.68834199489421,-0.6181229053068849,-1.266231417918528,False,-1.5 to -0.5
484,2016-05-02,2016-05-03,2016-06-02,8,8,0.030425195537439532,-0.010334874168107602,0.04113937978316099,0.020796044984444317,71.4363838234566,44.809586668942195,-0.8920924951815489,-1.2034411706503605,False,-1.5 to -0.5
485,2016-05-03,2016-05-04,2016-06-03,8,8,0.02231266664710072,-0.001126272894045718,0.023693984852652717,0.012236757063117483,71.30742330499706,46.68834199489421,-0.3092866482228206,-1.1275566127672558,False,-1.5 to -0.5
486,2016-05-04,2016-05-05,2016-06-06,8,8,0.028041326275172477,-0.001811092269184227,0.02977906855979347,0.01531797242603477,71.30742330499706,47.99551214447047,-0.6032528588967058,-1.0857164038422784,False,-1.5 to -0.5
487,2016-05-05,2016-05-06,2016-06-07,8,8,0.039487620658551,-0.004184587611145351,0.04371405102993621,0.022164648417406313,71.30742330499706,47.99551214447047,-0.2996892505079724,-1.013924239399907,False,-1.5 to -0.5
488,2016-05-06,2016-05-09,2016-06-08,8,8,0.0569081490405182,0.016976228321947756,0.03924274366734507,0.01998097213158866,71.30742330499706,50.32357447429249,-0.3350010900792821,-0.9929571294343232,False,-1.5 to -0.5
489,2016-05-09,2016-05-10,2016-06-09,8,8,0.005499687885491809,-0.019128510679578777,0.025035595038209915,0.012984566900050403,71.30742330499706,51.934365935658136,-0.5628364918264478,-0.9360830206147656,False,-1.5 to -0.5
490,2016-05-10,2016-05-11,2016-06-10,8,8,-0.02869709257215716,-0.044524549874288506,0.01667243362810967,0.008691024580706024,67.74774225795002,50.32357447429249,-0.0095095206739665,-0.8426945573448422,False,-1.5 to -0.5
491,2016-05-11,2016-05-12,2016-06-13,8,8,0.0001977802154872024,-0.0448784600721582,0.04696160722806752,0.023729337494641383,68.20199447026937,51.9898639611211,-0.2914210589483223,-0.7799191367508755,False,-1.5 to -0.5
492,2016-05-12,2016-05-13,2016-06-14,8,8,-0.033930522505103866,-0.046186651001485855,0.012728866957881215,0.006782233572505629,67.74774225795002,54.64425117039697,-6.633889758190756e-05,-0.7259685243161991,False,-1.5 to -0.5
493,2016-05-13,2016-05-16,2016-06-15,8,8,-0.01475274049241413,-0.043229961732706455,0.02950211908952198,0.015222246537275256,71.30742330499706,54.37628730581061,-0.0688655509284815,-0.7018274416462664,False,-1.5 to -0.5
494,2016-05-16,2016-05-17,2016-06-16,8,8,0.02250535848938265,-0.042733336069832754,0.06726249297151525,0.03364365514475285,70.6458312374549,53.36958509553681,-0.0771409592320507,-0.6499141683500983,False,-1.5 to -0.5
495,2016-05-17,2016-05-18,2016-06-17,8,8,0.03649029591870124,-0.010864013531763797,0.04741676076580933,0.02399887274647942,71.30742330499706,54.64425117039697,-0.5199672883421118,-0.6151535120752276,False,-1.5 to -0.5
496,2016-05-18,2016-05-19,2016-06-20,8,8,0.04991244601848596,0.0026232308364424525,0.04683670608220134,0.023723528627478962,71.30742330499706,54.37628730581061,-0.4568644430917138,-0.5495792311528797,False,-1.5 to -0.5
497,2016-05-19,2016-05-20,2016-06-21,8,8,0.05071303690444172,-0.00020995985728504554,0.05059793334171864,0.025457700993634664,67.74774225795002,54.37628730581061,-0.0676504112909969,-0.4828708613506124,False,-0.5 to +0.5
498,2016-05-20,2016-05-23,2016-06-22,8,8,0.08868893193940942,0.028314753739110337,0.058508600819933275,0.02938466882404193,71.30742330499706,57.65311847096898,0.197296562100439,-0.4424746593732197,False,-0.5 to +0.5
499,2016-05-23,2016-05-24,2016-06-23,8,8,0.09817104362161608,0.04741718676166225,0.048222629744488314,0.02440365582653668,71.30742330499706,59.58979316162978,-0.2830959911866974,-0.4512317461575789,False,-0.5 to +0.5
500,2016-05-24,2016-05-25,2016-06-24,8,8,0.071309476566226,0.03462502143988111,0.035357880821132205,0.018069110723610716,71.30742330499706,57.22686196372904,-0.1119408364281546,-0.4330404286851795,False,-0.5 to +0.5
501,2016-05-25,2016-05-27,2016-06-27,8,8,0.040578218123095824,0.028061470674614765,0.01212260362873273,0.00651527546297994,70.82382203046636,54.85805803828582,0.1465054800466563,-0.3824281268282149,False,-0.5 to +0.5
502,2016-05-27,2016-05-30,2016-06-28,8,8,0.05436857679006418,0.0463181180646695,0.007242597056797266,0.004173333591640413,70.82382203046636,59.366960355584936,0.4339380901493737,-0.2975786053869473,False,-0.5 to +0.5
503,2016-05-30,2016-05-31,2016-06-29,8,8,0.08408927327284788,0.06432127430451551,0.01867746960818382,0.009804356445450803,73.38097361753469,56.78034270011513,0.0481255595585801,-0.2518652600894283,False,-0.5 to +0.5
504,2016-05-31,2016-06-01,2016-06-30,8,8,0.06767277683945014,0.08807217085280167,-0.019371242555147196,-0.009277487862559112,70.47331993283429,58.49157051222819,0.2998883997850384,-0.1974101606185017,False,-0.5 to +0.5
505,2016-06-01,2016-06-02,2016-07-01,8,8,0.008529410390872207,0.08495215336632815,-0.07090832700989033,-0.03584859764624168,69.7692833842913,56.78034270011513,-0.0151914568097568,-0.145016267616535,False,-0.5 to +0.5
506,2016-06-02,2016-06-03,2016-07-04,8,8,0.015606060536454415,0.08162053634893679,-0.06149246459746657,-0.0309749206014696,70.87433276881119,56.78034270011513,-0.4049108086883267,-0.1504995693046757,False,-0.5 to +0.5
507,2016-06-03,2016-06-06,2016-07-05,8,8,0.009098013594435496,0.08189740933132407,-0.0676092300794053,-0.03410091973464569,68.60518655760794,56.78034270011513,-0.0968726759235894,-0.1201775585341591,False,-0.5 to +0.5
508,2016-06-06,2016-06-07,2016-07-06,8,8,0.021382561456093806,0.05882134588214568,-0.036128529593593466,-0.01790771661645954,67.98886311728324,53.79076799215791,-0.5642823696449935,-0.1356008749087369,False,-0.5 to +0.5
509,2016-06-07,2016-06-08,2016-07-07,8,8,0.0033808243781290486,0.0573845300826157,-0.05144730077837164,-0.025721170921860922,66.83712411580603,56.347251925485224,-0.6672119964903537,-0.1549926063300497,False,-0.5 to +0.5
510,2016-06-08,2016-06-09,2016-07-08,8,8,0.04938081301149399,0.05002131602415363,-0.0015952303411730217,-0.0004925598239721187,67.98886311728324,55.34978248229678,-0.8307278893282161,-0.1703672906924053,False,-0.5 to +0.5
511,2016-06-09,2016-06-10,2016-07-11,8,8,0.08568626905753778,0.11151735255037278,-0.024290149314521926,-0.01194815163376205,67.98886311728324,58.05847973759829,-0.369486449080194,-0.1918182008754025,False,-0.5 to +0.5
512,2016-06-10,2016-06-13,2016-07-12,8,8,0.07060050666549503,0.11846238149939846,-0.04378860730604398,-0.02184461846232962,68.60518655760794,56.347251925485224,-0.6563383751960737,-0.2132758329519056,False,-0.5 to +0.5
513,2016-06-13,2016-06-14,2016-07-13,8,8,0.10424165154672374,0.1355725839647652,-0.02912184248123502,-0.014283480638128697,67.50013717308805,57.64248766902203,-0.2332141746480285,-0.2272937210662886,False,-0.5 to +0.5
514,2016-06-14,2016-06-15,2016-07-14,8,8,0.09475988618900538,0.15452193438032694,-0.053346904458017895,-0.026680780573181403,71.02411429811315,56.347251925485224,-0.4455515673945621,-0.2497276637294713,False,-0.5 to +0.5
515,2016-06-15,2016-06-16,2016-07-15,8,8,0.07855933985579343,0.14780281810152096,-0.061895704162389306,-0.031084364947130284,71.02411429811315,56.347251925485224,-0.1533109621378648,-0.2544245422171104,False,-0.5 to +0.5
516,2016-06-16,2016-06-17,2016-07-18,8,8,0.09017895637828158,0.16190166049537047,-0.0633045139780092,-0.03181208993361349,71.02411429811315,56.347251925485224,-0.0353901645384993,-0.2255431079530541,False,-0.5 to +0.5
517,2016-06-17,2016-06-20,2016-07-19,8,8,0.07188025044382404,0.16891829901733593,-0.08473620129731581,-0.04299007189857231,71.02411429811315,56.347251925485224,-0.1020404521658047,-0.2043613765406838,False,-0.5 to +0.5
518,2016-06-20,2016-06-21,2016-07-20,8,8,0.06680516232187282,0.1118879322958167,-0.04250678523476688,-0.021113431043422767,71.02411429811315,58.339357190254,-0.1483837965235692,-0.2092975116461529,False,-0.5 to +0.5
519,2016-06-21,2016-06-22,2016-07-21,8,8,0.08244789197275362,0.1127680835397352,-0.029187594024153118,-0.014350459426465133,71.02411429811315,58.33935719025399,-0.4322651933784797,-0.2469366451163936,False,-0.5 to +0.5
520,2016-06-22,2016-06-23,2016-07-22,8,8,0.08833432203832123,0.10316352253080407,-0.015381814913478476,-0.007326736452297783,71.02411429811315,58.33935719025399,-0.7072065949891992,-0.2719679810022519,False,-0.5 to +0.5
521,2016-06-23,2016-06-24,2016-07-25,8,8,0.12254096818513313,0.12013530274926945,-4.711511746938643e-06,0.00038049750243774835,71.02411429811315,58.33935719025399,-0.969556491292572,-0.3228315684031883,False,-0.5 to +0.5
522,2016-06-24,2016-06-27,2016-07-26,8,8,0.14472346679427822,0.141790305904974,0.00034887158017944187,0.0005335937074987089,71.02411429811315,54.9322033367058,-0.5682269483011927,-0.3655758846463841,False,-0.5 to +0.5
523,2016-06-27,2016-06-28,2016-07-27,8,8,0.12458710236024284,0.12714449456096527,-0.0055937755531746585,-0.002307236167773093,71.02411429811315,55.349782482296774,-0.5660159287689722,-0.4255000234299786,False,-0.5 to +0.5
524,2016-06-28,2016-06-29,2016-07-28,8,8,0.11750063137719959,0.08022198721999875,0.03143826990154767,0.01606679464292041,71.02411429811315,55.349782482296774,-0.6856125093517057,-0.4693438221250248,False,-0.5 to +0.5
525,2016-06-29,2016-06-30,2016-07-29,8,8,0.09170371066506944,0.07050740758515972,0.016779653037775323,0.008899030956253964,70.87758571641666,53.95315558011193,-0.397568249504279,-0.5112951392096206,False,-1.5 to -0.5
526,2016-06-30,2016-07-01,2016-08-01,8,8,0.13694788579622125,0.12926931152555965,0.006088055775942488,0.0031925449063014907,68.16988987226242,57.357360044063896,-1.4665366218479046,-0.5975869753612295,False,-1.5 to -0.5
527,2016-07-01,2016-07-04,2016-08-02,8,8,0.10198980083426773,0.10671160292946065,-0.004933395974111473,-0.0023021822541760984,68.16988987226242,57.357360044063896,-1.3859231299084265,-0.6558404591921223,False,-1.5 to -0.5
528,2016-07-04,2016-07-05,2016-08-03,8,8,0.09019429701090215,0.09608415825860728,-0.0061396445406152024,-0.002933137548606856,73.38212814409374,57.357360044063896,-0.6181161891881078,-0.6871151646476843,False,-1.5 to -0.5
529,2016-07-05,2016-07-06,2016-08-04,8,8,0.10361296965153015,0.12614575675244355,-0.020920377522138295,-0.010371313428139638,73.38212814409374,57.357360044063896,-0.5339940051003252,-0.6853270470378556,False,-1.5 to -0.5
530,2016-07-06,2016-07-07,2016-08-05,8,8,0.11886341878949429,0.12146918120935876,-0.003221190853145944,-0.0014556524799416587,73.38212814409374,57.357360044063896,-0.3554722307023896,-0.6667646158183244,False,-1.5 to -0.5
531,2016-07-07,2016-07-08,2016-08-08,8,8,0.08348659453451787,0.08764937984091127,-0.004929535758740829,-0.002314627882953662,73.38212814409376,57.357360044063896,-0.0774724217083004,-0.6218919300429288,False,-1.5 to -0.5
532,2016-07-08,2016-07-11,2016-08-09,8,8,0.07448330160585656,0.047833759524916614,0.024561563189342907,0.012344627125290455,73.38212814409376,57.09074291564814,-0.0652570724159277,-0.6039811016279867,False,-1.5 to -0.5
533,2016-07-11,2016-07-12,2016-08-10,8,8,0.0736066762248449,0.04085904752377483,0.03011812965515077,0.015182524340970527,73.38212814409376,56.47493898341096,-0.6909623569418173,-0.605967387864453,False,-1.5 to -0.5
534,2016-07-12,2016-07-13,2016-08-11,8,8,0.08289098644093472,0.03772229462387489,0.042380649893036616,0.02118985179172954,73.38212814409376,56.474938983410965,-0.8656230078351383,-0.6437124500991603,False,-1.5 to -0.5
535,2016-07-13,2016-07-14,2016-08-12,8,8,0.06470116536324699,0.024406728982471385,0.038128922101723736,0.019095972791770638,73.38212814409374,59.16939142039269,-0.4555983151601085,-0.6444022840721882,False,-1.5 to -0.5
536,2016-07-14,2016-07-15,2016-08-15,8,8,0.09563700931628277,0.027427889350507342,0.06538628751304708,0.032412954883082545,77.2015992577092,59.16939142039269,-0.1146770487728008,-0.6424004898838047,False,-1.5 to -0.5
537,2016-07-15,2016-07-18,2016-08-16,8,8,0.06575049588960546,0.0015220883524678353,0.06359292034252227,0.03152326802865131,74.15176682804861,59.80527485701228,-0.6437268725196177,-0.6788462168940551,False,-1.5 to -0.5
538,2016-07-18,2016-07-19,2016-08-17,8,8,0.06800602096550513,-0.028842859430940348,0.09881280010899032,0.04843313169510301,77.2015992577092,62.26008947817165,-0.4873493197301676,-0.7020117252169427,False,-1.5 to -0.5
539,2016-07-19,2016-07-20,2016-08-18,8,8,0.06019443369215167,-0.016567754808008622,0.07743296017877314,0.038162988760369033,77.2015992577092,62.26008947817165,-0.9973929098935744,-0.7526260662332738,False,-1.5 to -0.5
540,2016-07-20,2016-07-21,2016-08-19,8,8,0.058078351599654875,-0.02069578619188912,0.07973042414759605,0.03935933484698279,74.15176682804862,58.89364398789361,-1.4166576446350625,-0.8111060338375965,False,-1.5 to -0.5
541,2016-07-21,2016-07-22,2016-08-22,8,8,0.02348440021910433,-0.046689725034952737,0.07301532558115728,0.036125852703152155,74.15176682804862,58.89364398789361,-1.2986669264789603,-0.8461890598054743,False,-1.5 to -0.5
542,2016-07-22,2016-07-25,2016-08-23,8,8,0.03086028340692046,-0.04423797805881213,0.07802706107780442,0.03854415941861503,74.15176682804862,62.106066000110836,-1.074842040971822,-0.8523080422919098,False,-1.5 to -0.5
543,2016-07-25,2016-07-26,2016-08-24,8,8,0.027027150510749814,-0.05028017115857288,0.08005720564525391,0.03961707761401172,74.15176682804862,58.25776055127403,-1.0888401150272988,-0.8832862398188775,False,-1.5 to -0.5
544,2016-07-26,2016-07-27,2016-08-25,8,8,0.029665118775820044,-0.045988767223017014,0.07795224259869415,0.038604522221030176,74.15176682804862,58.25776055127403,-1.563880044379199,-0.9426553917609706,False,-1.5 to -0.5
545,2016-07-27,2016-07-28,2016-08-26,8,8,0.015069316521831728,-0.03203635495471002,0.04736180893472187,0.02379856075061799,72.18058864742848,56.06815541515277,-1.0517111824494143,-0.9644253679899578,False,-1.5 to -0.5
546,2016-07-28,2016-07-29,2016-08-29,8,8,0.024945191742957507,-0.04545272352459763,0.07301765176137036,0.03619893311793854,76.89853031317844,50.53662329394829,-0.7360951812621223,-0.9845982814564436,False,-1.5 to -0.5
547,2016-07-29,2016-08-01,2016-08-30,8,8,0.04113110950164392,-0.03597322018545347,0.07924864044169792,0.03926350687255516,78.47892947748028,50.536623293948296,-0.684521402069623,-0.9378222301661056,False,-1.5 to -0.5
548,2016-08-01,2016-08-02,2016-08-31,8,8,0.06785407050119925,-0.019598769829297178,0.0885825157427435,0.04365240171445179,76.91794065719972,50.181137915588096,-0.7911116833674762,-0.9021705822575722,False,-1.5 to -0.5
549,2016-08-02,2016-08-03,2016-09-01,8,8,0.07961882248986564,-0.02398177050002936,0.10550444879747523,0.05173669345051906,76.91794065719974,43.58448994505905,-1.084157280418372,-0.9298797625125884,False,-1.5 to -0.5
550,2016-08-03,2016-08-04,2016-09-02,8,8,0.07831303354704766,-0.009608930274840576,0.08845549802069363,0.04360206265781624,73.41116471458801,48.63008634882259,-0.921270012379467,-0.9529174078141084,False,-1.5 to -0.5
551,2016-08-04,2016-08-05,2016-09-05,8,8,0.06172513803113505,-0.007036592277365201,0.06886655557678828,0.0341594640861703,74.91399652753759,48.63008634882258,0.0328124255089044,-0.9298030253098792,False,-1.5 to -0.5
552,2016-08-05,2016-08-08,2016-09-06,8,8,0.05808418108518348,0.01988984249412642,0.037012419379615726,0.018578053201140074,75.21950584716495,48.63008634882259,0.3177777365715429,-0.9064023507506492,False,-1.5 to -0.5
553,2016-08-08,2016-08-09,2016-09-08,8,8,0.04259688949474688,0.02267132449548296,0.018955669678155464,0.009697954587062955,73.30011073818031,48.63008634882259,-0.6210767873705154,-0.9396046532568616,False,-1.5 to -0.5
554,2016-08-09,2016-08-10,2016-09-09,8,8,0.007773740472735237,0.017338945517868912,-0.009404314676442635,-0.004465952122576512,69.5581022525219,45.654985872642726,-1.0877563506157135,-0.9631506519756768,False,-1.5 to -0.5
555,2016-08-10,2016-08-11,2016-09-12,8,8,-0.0032982983494074586,0.006582914738119538,-0.009891914463459684,-0.004711801167755813,69.5581022525219,45.654985872642726,-1.5643535572008822,-1.0046044061949044,False,-1.5 to -0.5
556,2016-08-11,2016-08-12,2016-09-13,8,8,-0.028038665615855867,-0.02238987433651954,-0.0055085001742115405,-0.002540854756174883,67.95056360548962,45.654985872642726,-0.599513665618812,-1.0131328227387728,False,-1.5 to -0.5
557,2016-08-12,2016-08-15,2016-09-14,8,8,-0.044199701640323684,-0.02097909030264618,-0.023444236512921327,-0.011619950782262547,67.95056360548962,45.654985872642726,-0.4844085054122718,-1.0351086073668694,False,-1.5 to -0.5
558,2016-08-15,2016-08-16,2016-09-15,8,8,-0.03122931716704188,-0.01940780856410071,-0.012122857112467699,-0.0058659568559487184,68.00658589311803,45.65498587264273,-0.2350928838407067,-1.0107212749481755,False,-1.5 to -0.5
559,2016-08-16,2016-08-17,2016-09-16,8,8,-0.05265274589602161,-0.023732219982681206,-0.029676386629365725,-0.014807029014747041,70.4080558711173,45.65498587264273,-0.7946150045603474,-1.0289248781203195,False,-1.5 to -0.5
560,2016-08-17,2016-08-18,2016-09-19,8,8,-0.032760972020134706,-0.022906711385192444,-0.010029479923458626,-0.004909358998374651,70.4080558711173,45.654985872642726,-1.1462487895817273,-1.037656355818316,False,-1.5 to -0.5
561,2016-08-18,2016-08-19,2016-09-20,8,8,-0.03430299592511311,-0.0226274677752252,-0.011899618619765717,-0.00584888318937279,70.4080558711173,45.65498587264273,-1.380546864084684,-1.0353817779065406,False,-1.5 to -0.5
562,2016-08-19,2016-08-22,2016-09-21,8,8,0.0017506714616569005,0.008549038828062933,-0.006873839947829153,-0.0033064661523876577,70.4080558711173,42.058631291233795,-1.4075207857236778,-1.0417190584595344,False,-1.5 to -0.5
563,2016-08-22,2016-08-23,2016-09-22,8,8,0.0031945104909997927,0.025215870103128386,-0.02190002169192362,-0.010832311161183203,70.4080558711173,40.850362657693424,-2.2080959307357007,-1.1089948701975192,False,-1.5 to -0.5
564,2016-08-23,2016-08-24,2016-09-23,8,8,-0.012740632515145069,0.018488881769430976,-0.030744471189250337,-0.015293348799682577,72.10705182378456,41.74259768715672,-1.9759843937096877,-1.1618591420856297,False,-1.5 to -0.5
565,2016-08-24,2016-08-25,2016-09-26,8,8,-0.014121808103641153,0.022337596516068155,-0.035710912867669344,-0.01787840723118611,70.82461916715236,41.74259768715672,-1.383851839448206,-1.1511827607928584,False,-1.5 to -0.5
566,2016-08-25,2016-08-26,2016-09-27,8,8,-0.027894673302785382,0.02169360537228608,-0.048793777470861804,-0.024494098485474337,68.84706705083676,41.74259768715672,-1.1955908976088268,-1.1597259862057916,False,-1.5 to -0.5
567,2016-08-26,2016-08-29,2016-09-28,8,8,0.007590052508735739,0.006071059167881523,0.0012206202489011182,0.0009059948065267662,70.82461916715235,40.85036265769343,-1.4886507052236728,-1.2045923346512346,False,-1.5 to -0.5
568,2016-08-29,2016-08-30,2016-09-29,8,8,-0.024545563335947703,-0.010404185155724294,-0.014772505815974484,-0.007062772372933217,68.84706705083676,40.615152384519604,-0.8222998170875503,-1.2125978899517154,False,-1.5 to -0.5
569,2016-08-30,2016-08-31,2016-09-30,8,8,-0.007283863087891867,-0.010188869451096405,0.0026105379538202,0.0015706548626963348,70.82461916715235,40.615152384519604,-0.4741352812030156,-1.193417085618615,False,-1.5 to -0.5
570,2016-08-31,2016-09-01,2016-10-03,8,8,0.005091954802531079,-0.008441104944431736,0.013562465570675043,0.00698836146463283,70.52484441490148,40.850362657693424,-0.5820345762902024,-1.1633411901276862,False,-1.5 to -0.5
571,2016-09-01,2016-09-02,2016-10-04,8,8,-0.015400814573519826,-0.031081527299731623,0.016162626238882913,0.008274395769659828,70.57646662409371,42.0586312912338,-0.4387686304227212,-1.1344537151299905,False,-1.5 to -0.5
572,2016-09-02,2016-09-05,2016-10-05,8,8,0.0035189145600902165,-0.024349559779258304,0.02868659773182624,0.014485049290693802,70.5764666240937,42.0586312912338,-0.4742588080570412,-1.1644052019313655,False,-1.5 to -0.5
573,2016-09-05,2016-09-06,2016-10-06,8,8,0.017144155006878138,-0.035943187787096376,0.05554712729368275,0.02760419925539626,70.57646662409371,42.0586312912338,-0.0266342464553284,-1.184472509535859,False,-1.5 to -0.5
574,2016-09-06,2016-09-08,2016-10-07,8,8,0.0217486768153127,-0.026102822207666927,0.04965225885774936,0.024853230969252158,70.4080558711173,42.058631291233795,0.0060432496022301,-1.1469109023427386,False,-1.5 to -0.5
575,2016-09-08,2016-09-09,2016-10-10,8,8,0.06702176876719905,0.003104764291619979,0.06397520066135899,0.031814040603930276,70.4080558711173,42.0586312912338,0.155444073007797,-1.0729895579471826,False,-1.5 to -0.5
576,2016-09-09,2016-09-12,2016-10-11,8,8,0.03863952429171273,-0.013792558494420716,0.05313561817335104,0.026448009959175494,74.08324256670544,42.0586312912338,-0.0582062376204807,-0.9837421108140088,False,-1.5 to -0.5
577,2016-09-12,2016-09-13,2016-10-13,8,8,0.06378964263294207,0.028379008657141023,0.034247400882967856,0.01723777975032922,74.08324256670544,42.0586312912338,-0.0350868398703434,-0.9503503481236536,False,-1.5 to -0.5
578,2016-09-13,2016-09-14,2016-10-14,8,8,0.09072190155369977,0.03530686795463327,0.05340868020118534,0.026612425498739406,70.052258831238,42.0586312912338,0.1430383071069766,-0.9132872157737166,False,-1.5 to -0.5
579,2016-09-14,2016-09-15,2016-10-17,8,8,0.07899611641925816,0.04814439636151988,0.029158463191411015,0.014738431125910544,70.052258831238,42.0586312912338,0.2343989217315373,-0.8856478247037396,False,-1.5 to -0.5
580,2016-09-15,2016-09-16,2016-10-18,8,8,0.11140252448515403,0.06306896304920069,0.04512005799520777,0.022574986809735194,72.04966816276142,42.0586312912338,0.0622260499931166,-0.8351585029984224,False,-1.5 to -0.5
581,2016-09-16,2016-09-19,2016-10-19,8,8,0.09400515735085187,0.05059978556354969,0.040912251917879006,0.0205091903129072,72.04966816276144,42.0586312912338,0.1526890180759653,-0.7585763649205689,False,-1.5 to -0.5
582,2016-09-19,2016-09-20,2016-10-20,8,8,0.09303546051174884,0.03746089496903683,0.053195817862671003,0.026549916000739672,70.052258831238,42.0586312912338,0.1257566078978333,-0.6697417027929007,False,-1.5 to -0.5
583,2016-09-20,2016-09-21,2016-10-21,8,8,0.08041628543040664,0.0644496116161898,0.014291867278282607,0.007411973635534239,70.052258831238,41.81781251341313,-0.3470399028562232,-0.6072064691978475,False,-1.5 to -0.5
584,2016-09-21,2016-09-22,2016-10-24,8,8,0.11051794391636181,0.047975784156903775,0.05907042860028326,0.029494387428877607,68.3744814671733,41.81781251341313,0.0879884696671131,-0.4713207693567636,False,-0.5 to +0.5
585,2016-09-22,2016-09-23,2016-10-25,8,8,0.07551097682149559,0.07710718316018775,-0.002495191688263171,-0.0009834468581868048,69.99410182390704,42.978025634698454,0.0465198562178696,-0.3511675289827856,False,-0.5 to +0.5
586,2016-09-23,2016-09-26,2016-10-26,8,8,0.08777890770123778,0.08537341211528927,0.0015467442190285619,0.0010299443852045905,71.97165394022265,50.188285354097786,0.0209849449960354,-0.2674888222618023,False,-0.5 to +0.5
587,2016-09-26,2016-09-27,2016-10-27,8,8,0.10136171956426447,0.09510450632729806,0.004920855663309725,0.0027365586576926886,69.99410182390704,46.098546418262714,0.0796133224799431,-0.1914345000648686,False,-0.5 to +0.5
588,2016-09-27,2016-09-28,2016-10-28,8,8,0.0639518002862927,0.09327109938719108,-0.027821976720164114,-0.013762893001506958,69.99410182390704,46.098546418262714,-0.7827225942869954,-0.1486292669807478,False,-0.5 to +0.5
589,2016-09-28,2016-09-29,2016-10-31,8,8,0.07937544566595317,0.09563282658731317,-0.015497736404656287,-0.00754826177026009,67.8352274879743,46.19630116955008,-0.5142442576288481,-0.1298019019456883,False,-0.5 to +0.5
590,2016-09-29,2016-09-30,2016-11-01,8,8,0.05876693715450954,0.07006073706660686,-0.01137610269709779,-0.005452477331859245,69.96268758240447,45.01878225410608,-0.8603291504290538,-0.1523397315132054,False,-0.5 to +0.5
591,2016-09-30,2016-10-03,2016-11-03,7,7,0.010275684221240738,0.04504269540149653,-0.034541649060314844,-0.017103763404267558,73.65571791319339,47.29210249191245,-0.4994576347429095,-0.1470728349741296,False,-0.5 to +0.5
592,2016-10-03,2016-10-04,2016-11-04,7,7,0.025982052812969732,0.03658168330149442,-0.011309287295793839,-0.005427705578186537,75.40310434357399,47.29210249191245,-0.3939566885853305,-0.1441685021008583,False,-0.5 to +0.5
593,2016-10-04,2016-10-05,2016-11-07,7,7,0.04806555627196461,0.044611519927341046,0.0025704679007463706,0.0015434199480259204,75.40310434357399,48.63846605750718,-0.303226969851858,-0.1337527601391716,False,-0.5 to +0.5
594,2016-10-05,2016-10-06,2016-11-08,7,7,0.04418236657397826,0.025736433038319816,0.01707240219468152,0.008779169368998493,75.40310434357399,51.99515701023978,-1.1234994492480308,-0.1988303034537737,False,-0.5 to +0.5
595,2016-10-06,2016-10-07,2016-11-09,7,7,0.024545118164124885,-0.00910687675384219,0.03288810236527793,0.016612178415292216,75.40310434357399,53.094046476931865,-0.4069577747963567,-0.2235174758729755,False,-0.5 to +0.5
596,2016-10-07,2016-10-10,2016-11-10,7,7,-0.023629402733168728,-0.04789504658973194,0.024610177944494924,0.012532687996792236,75.40310434357399,53.094046476931865,0.3561032364555964,-0.2119754834925849,False,-0.5 to +0.5
597,2016-10-10,2016-10-11,2016-11-11,7,7,-0.08651856022092255,-0.05459758516582293,-0.03319534227514064,-0.016373898083633744,75.40310434357399,49.73735552419928,-0.499930572482022,-0.2383254033238498,False,-0.5 to +0.5
598,2016-10-11,2016-10-13,2016-11-14,7,7,-0.08091482809860992,-0.04540874414629873,-0.037295213311028606,-0.018370000564731936,75.40310434357399,52.49586107155754,0.0929571571460333,-0.2309303178779724,False,-0.5 to +0.5
599,2016-10-13,2016-10-14,2016-11-16,7,7,-0.026867708489401777,-0.029565474608409983,0.0008815406364311008,0.0008797369125148809,72.56898017150982,52.49586107155754,0.0323284544028079,-0.2378417753323991,False,-0.5 to +0.5
600,2016-10-14,2016-10-17,2016-11-17,7,7,-0.06032891052425213,-0.062362267235952625,0.001193383195519627,0.001018367583720394,76.48634415351844,52.49586107155755,-0.4173547008819657,-0.2769208442554398,False,-0.5 to +0.5
601,2016-10-17,2016-10-18,2016-11-18,7,7,-0.08569445936866225,-0.0722308913575213,-0.014675368085136833,-0.006904585683140749,73.65571791319339,50.20887017925355,-0.0551467079751862,-0.2841897413582277,False,-0.5 to +0.5
602,2016-10-18,2016-10-19,2016-11-21,7,7,-0.06818595461329617,-0.02471176559499025,-0.044695619678309186,-0.022264451496668895,73.65571791319339,54.58388345673821,0.3372833378370003,-0.2736317554880991,False,-0.5 to +0.5
603,2016-10-19,2016-10-20,2016-11-22,7,7,-0.07498205888370811,-0.06985768148361991,-0.005680921340485534,-0.002553179425070149,73.65571791319339,55.95146765014903,0.5737035056013813,-0.2474252009473239,False,-0.5 to +0.5
604,2016-10-20,2016-10-21,2016-11-23,7,7,-0.08006863519191362,-0.07955998710954705,-0.0006001352565220504,4.484413593923218e-05,71.882799544399,55.951467650149034,-0.1080367724815534,-0.2332004387471125,False,-0.5 to +0.5
605,2016-10-21,2016-10-24,2016-11-24,7,7,-0.07787758070340783,-0.08561770422235061,0.00828388669229101,0.0045137705730198445,71.88279954439902,55.95146765014903,-0.1394030479892552,-0.2469916121060858,False,-0.5 to +0.5
606,2016-10-24,2016-10-25,2016-11-25,7,7,-0.06253056828230634,-0.07171176482591904,0.009310173359975615,0.004953956570604243,72.26421692380109,53.44946850070814,-0.461695095217012,-0.2774169338209086,False,-0.5 to +0.5
607,2016-10-25,2016-10-26,2016-11-28,7,7,-0.045480005687858434,-0.07514569081984816,0.03159129301940025,0.01606452304397923,76.6506080899632,55.951467650149034,-0.1849246781879508,-0.289908725564474,False,-0.5 to +0.5
608,2016-10-26,2016-10-27,2016-11-29,7,7,-0.08506756889639908,-0.09700404675729608,0.012827543827661702,0.0067546827021805,78.84399960216831,55.951467650149034,0.0184101696541451,-0.2938702029402627,False,-0.5 to +0.5
609,2016-10-27,2016-10-28,2016-11-30,7,7,-0.06336465715448716,-0.04120949550397012,-0.02342172663785261,-0.011417394863938073,78.84399960216831,54.61861423223811,0.5038813641199217,-0.217177468749543,False,-0.5 to +0.5
610,2016-10-28,2016-10-31,2016-12-01,7,7,-0.09965328801336457,-0.12927151581294902,0.034276930182079224,0.017304899388411364,74.60655602988798,57.9227243646968,0.8123336043038782,-0.1382552670017197,False,-0.5 to +0.5
611,2016-10-31,2016-11-01,2016-12-02,7,7,-0.06957675288940804,-0.06602673673653144,-0.004030978981701359,-0.001653390995660038,74.60655602988798,52.54563902237687,0.72170757991547,-0.0437972623836024,False,-0.5 to +0.5
612,2016-11-01,2016-11-03,2016-12-05,7,7,-0.04973856169547196,-0.038596952716279345,-0.01177339349050369,-0.005536434951078381,74.60655602988798,52.54563902237687,0.8656950351805659,0.0376114204087776,False,-0.5 to +0.5
613,2016-11-03,2016-11-04,2016-12-06,7,7,-0.036994782590723765,-0.012245859217276363,-0.02530957852892888,-0.012365708993138453,74.60655602988798,52.54563902237687,1.2065595458275298,0.1330309209547608,False,-0.5 to +0.5
614,2016-11-04,2016-11-07,2016-12-07,7,7,-0.05012612372352523,-0.04031303883019428,-0.012034542112295188,-0.00563647914897874,72.30415134442092,52.004571142420936,1.2369401374694733,0.2249570181080561,False,-0.5 to +0.5
615,2016-11-07,2016-11-08,2016-12-08,7,7,-0.046094660438896595,-0.03707499326186182,-0.010506224542683018,-0.0048995222711540895,72.66577351835042,50.49747019616039,0.5282280871405068,0.3242234978182169,False,-0.5 to +0.5
616,2016-11-08,2016-11-09,2016-12-09,7,7,-0.047138949382754515,-0.02957290142572208,-0.01916652154596378,-0.009233025028409956,72.66577351835042,52.004571142420936,0.2903562349806327,0.3662472354330204,False,-0.5 to +0.5
617,2016-11-09,2016-11-10,2016-12-12,7,7,-0.019889390733320675,-0.00998277024028544,-0.012361528267528444,-0.005753115239856339,72.6657735183504,48.30453296280857,-0.3696059219130486,0.3229588936099977,False,-0.5 to +0.5
618,2016-11-10,2016-11-11,2016-12-13,7,7,0.009008838704672636,0.017249816459837156,-0.009753693531292212,-0.004573719810524571,75.40144208721149,43.94396955282429,-1.090013730674634,0.2883315493805286,False,-0.5 to +0.5
619,2016-11-11,2016-11-14,2016-12-14,7,7,0.002945660224890253,-0.011286144295742494,0.014051762439534059,0.007301209635175204,65.34771225815808,45.62799613980668,-0.7119396864346639,0.2404296971177393,False,-0.5 to +0.5
620,2016-11-14,2016-11-16,2016-12-15,7,7,-0.008842841009080631,-0.010342188761091067,-8.371159041524647e-06,0.0002409250059200754,69.26417665983396,48.85337355594306,-1.1670523453810897,0.1689820906394789,False,-0.5 to +0.5
621,2016-11-16,2016-11-17,2016-12-16,7,7,0.004273281609586809,-0.022478910519407203,0.025499017997213304,0.012969505660410975,69.26417665983396,46.36940155123942,-0.2018577286996903,0.1821822980802001,False,-0.5 to +0.5
622,2016-11-17,2016-11-18,2016-12-19,7,7,-0.00224215939377131,-0.01795211000538074,0.014937397004214892,0.007684360490015674,69.26417665983396,52.2318787535213,-0.6991794838930391,0.1438436334540575,False,-0.5 to +0.5
623,2016-11-18,2016-11-21,2016-12-20,7,7,-0.0155655607479968,-0.04037445250829611,0.025012289996932027,0.012659147941423646,69.26417665983396,52.2318787535213,-0.2904206820088634,0.1062237085837322,False,-0.5 to +0.5
624,2016-11-21,2016-11-22,2016-12-21,7,7,-0.02976902912827336,-0.020357416237103382,-0.01001920385398955,-0.004785777353693654,69.35993583294491,52.2318787535213,-0.1943060704509575,0.0600577567263515,False,-0.5 to +0.5
625,2016-11-22,2016-11-23,2016-12-22,7,7,0.00409987547782642,0.012665007988470684,-0.009330001497145973,-0.004405602727047209,64.1226859244148,45.42833408687507,-0.6295164403939975,0.0289598449710113,False,-0.5 to +0.5
626,2016-11-23,2016-11-24,2016-12-23,7,7,0.007589612860753884,0.002576528544059802,0.003328613032012498,0.002024586405172991,63.23757145745173,41.98103111204488,-0.738806393495491,-0.0068166318925933,False,-0.5 to +0.5
627,2016-11-24,2016-11-25,2016-12-26,7,7,-0.004700977097065688,0.009396754423228426,-0.015681700863757624,-0.0074986234904539945,64.66988578147239,41.98103111204488,-1.021455290953982,-0.0401047634920513,False,-0.5 to +0.5
628,2016-11-25,2016-11-28,2016-12-27,7,7,-0.025765912786760988,0.019027444752837137,-0.04521541778734599,-0.02254351877645622,64.66988578147239,45.42833408687507,-1.0184558516037008,-0.0899848983402379,False,-0.5 to +0.5
629,2016-11-28,2016-11-29,2016-12-28,7,7,0.02421509412332596,0.03183941600668632,-0.009618427199745924,-0.004382004146817092,69.81137651689156,41.98103111204489,-0.732237459000747,-0.1350726626339142,False,-0.5 to +0.5
630,2016-11-29,2016-11-30,2016-12-29,7,7,0.03207605184571593,0.04141386397723818,-0.010773551019272807,-0.005029331643310533,71.9215173175979,43.91616252361404,-0.508784939345269,-0.1961107124666777,False,-0.5 to +0.5
631,2016-11-30,2016-12-01,2017-01-02,7,7,0.041116116179861883,0.07338314168198862,-0.03146490346078801,-0.015537271971446987,69.81137651689156,43.453272728540846,-0.3977822253118926,-0.2691641980278343,False,-0.5 to +0.5
632,2016-12-01,2016-12-02,2017-01-03,7,7,0.08881198178204928,0.07215133938163502,0.015015395147882953,0.007761544182278151,71.75890023364246,43.453272728540846,-0.3534417258426272,-0.334161944259144,False,-0.5 to +0.5
633,2016-12-02,2016-12-05,2017-01-04,7,7,0.10439952603768499,0.062333882603699625,0.03828822601311333,0.01934231777090951,71.75890023364246,41.98103111204489,-0.3686704430321453,-0.4088227671389943,False,-0.5 to +0.5
634,2016-12-05,2016-12-06,2017-01-05,7,7,0.08932831862251875,0.06223459416662877,0.02493813008922083,0.012688560207734607,71.75890023364246,43.453272728540846,-0.5293384872277507,-0.5137755068445715,False,-1.5 to -0.5
635,2016-12-06,2016-12-07,2017-01-06,7,7,0.0609420667124216,0.05395076892396196,0.006020253615393773,0.0033006900222589375,71.75890023364246,43.453272728540846,-0.8792921513789365,-0.6416533425678713,False,-1.5 to -0.5
636,2016-12-07,2016-12-08,2017-01-09,7,7,0.04895585901299866,0.06371942754994775,-0.014352944533678538,-0.006978445912683583,70.53387389989918,43.453272728540846,-1.0425770713488818,-0.7365015396825569,False,-1.5 to -0.5
637,2016-12-08,2016-12-09,2017-01-10,7,7,0.04151029772043565,0.07403496942102143,-0.03143987009050293,-0.015585351776006194,70.53387389989918,44.74425233621893,-0.8624973128485951,-0.8061308972161939,False,-1.5 to -0.5
638,2016-12-09,2016-12-12,2017-01-11,7,7,0.05994144689108122,0.10681542962134807,-0.04292450728630125,-0.02145818255749834,70.53387389989918,43.91616252361405,-0.6297835009992717,-0.8218166295696497,False,-1.5 to -0.5
639,2016-12-12,2016-12-13,2017-01-12,7,7,0.08434728049105202,0.11248210774981174,-0.02552861913658926,-0.012667154593693367,70.53387389989918,43.37239254748003,-1.1535442247336751,-0.8253535299814396,False,-1.5 to -0.5
640,2016-12-13,2016-12-14,2017-01-13,7,7,0.09552425197124954,0.11597022706091244,-0.018613406774306576,-0.009151161770362907,70.53387389989918,47.36346549844423,-0.6209783533542008,-0.8197945544124379,False,-1.5 to -0.5
641,2016-12-14,2016-12-15,2017-01-16,7,7,0.08222899909083956,0.09319128844230487,-0.010324637021915039,-0.00500094755733572,70.53387389989918,47.65383712878081,-0.778657659336745,-0.7961720543280851,False,-1.5 to -0.5
642,2016-12-15,2016-12-16,2017-01-17,7,7,0.08581307411165674,0.09416969864922341,-0.007800117385819625,-0.0036868851544553313,68.83371529383002,47.36346549844423,-0.9622877249759793,-0.8419658922987006,False,-1.5 to -0.5
643,2016-12-16,2016-12-19,2017-01-18,7,7,0.11099127176048856,0.09483273906361507,0.014715957365176436,0.007624389296383668,71.85465940675341,47.36346549844422,-0.7980968508002291,-0.8477967208286653,False,-1.5 to -0.5
644,2016-12-19,2016-12-20,2017-01-19,7,7,0.10486933861155581,0.09817314690330622,0.006076366732671743,0.003278627058725081,72.73977387371649,47.36346549844423,-0.7014903321755416,-0.8725500673589407,False,-1.5 to -0.5
645,2016-12-20,2016-12-21,2017-01-20,7,7,0.1117361903111919,0.1004784858324042,0.01018669136405627,0.005330252266890489,70.62963307301013,47.36346549844423,-0.7818594397982308,-0.9079134912037278,False,-1.5 to -0.5
646,2016-12-21,2016-12-22,2017-01-23,7,7,0.11001415245144705,0.1598711443404965,-0.04387094540798736,-0.02189521714589597,70.62963307301013,42.883226647188614,-0.7259521113518029,-0.9135911262351022,False,-1.5 to -0.5
647,2016-12-22,2016-12-23,2017-01-24,7,7,0.10088465212319297,0.13561146546505068,-0.03171584522695943,-0.015688254245966624,65.85275123603707,42.88322664718861,-0.7620030288745939,-0.9148277974996988,False,-1.5 to -0.5
648,2016-12-23,2016-12-26,2017-01-26,7,7,0.11982007077884319,0.13790057608621062,-0.016729219608216026,-0.008102124903792172,70.62963307301013,42.88322664718861,-0.4004240582266743,-0.8773111501903345,False,-1.5 to -0.5
649,2016-12-26,2016-12-27,2017-01-27,7,7,0.098999911762068,0.12083677238088693,-0.020444550870569553,-0.00998221986863313,66.06252885089957,42.88322664718861,-0.3472918687485564,-0.8368083836223369,False,-1.5 to -0.5
650,2016-12-27,2016-12-28,2017-01-30,7,7,0.06767600338668456,0.07431525510625916,-0.006750985685713546,-0.0031104675904749858,70.07043272825767,42.88322664718861,-0.1959127587530071,-0.8045368397324881,False,-1.5 to -0.5
651,2016-12-28,2016-12-29,2017-01-31,7,7,0.06436744877229535,0.07108044740097708,-0.006788031775246475,-0.003128559928317034,65.29355089128461,42.88322664718861,-0.4296635512051562,-0.7997890294800366,False,-1.5 to -0.5
652,2016-12-29,2017-01-02,2017-02-01,8,8,0.06485188432285015,0.08200485877438086,-0.016150148261623268,-0.007871862434423628,67.56917426581916,46.40860444490747,0.1702466593048218,-0.765825997025313,False,-1.5 to -0.5
653,2017-01-02,2017-01-03,2017-02-02,8,8,0.04117419320503262,0.11089906727477664,-0.06470753071943446,-0.03257697009480282,68.6225798039021,46.797857632281534,-0.6618646287898532,-0.7843816092632514,False,-1.5 to -0.5
654,2017-01-03,2017-01-04,2017-02-03,8,8,0.03998792958431964,0.13649887491556773,-0.08651992566184886,-0.04392313750974114,72.16559855499789,49.42797098057861,-1.509416699308712,-0.8527324841222601,False,-1.5 to -0.5
655,2017-01-04,2017-01-05,2017-02-06,8,8,0.037084803976269266,0.12516507581320124,-0.07965805521742901,-0.04033735917475185,72.1655985549979,46.77089196329423,-1.2791349331512591,-0.8976562653180615,False,-1.5 to -0.5
656,2017-01-05,2017-01-06,2017-02-07,8,8,0.04358384338514482,0.11814016790978693,-0.06798934172274504,-0.03430094018480377,72.16559855499789,46.77089196329423,-1.2769969501227136,-0.9213694021558684,False,-1.5 to -0.5
657,2017-01-06,2017-01-09,2017-02-08,8,8,0.023013720619208648,0.1266732271097193,-0.09354214806715729,-0.04766956715128185,69.9878670361545,50.59273824604834,-0.6053175534124421,-0.8949638841978079,False,-1.5 to -0.5
658,2017-01-09,2017-01-10,2017-02-09,8,8,0.05197668452444239,0.06987041213453674,-0.017129121940026904,-0.008445721938126411,68.81270163475337,53.14606035656876,-0.9715432756203344,-0.9013843433545532,False,-1.5 to -0.5
659,2017-01-10,2017-01-11,2017-02-10,8,8,0.061818982263600115,0.07581978705956602,-0.013508781682754477,-0.006646110930850944,67.76830593350743,53.14606035656875,-0.7892475422564605,-0.9109023388525428,False,-1.5 to -0.5
660,2017-01-11,2017-01-12,2017-02-13,8,8,0.0462853926248166,0.13058369103796866,-0.0763271391733945,-0.03866645776902018,72.89985317652801,49.011341995991856,-0.8280991271836546,-0.8911772542219674,False,-1.5 to -0.5
661,2017-01-12,2017-01-13,2017-02-14,8,8,0.05200820056238219,0.15910563530443803,-0.09422910911456511,-0.04801877421344701,71.83424023677256,49.80406743910828,-0.5283220818292069,-0.8855762459506047,False,-1.5 to -0.5
662,2017-01-13,2017-01-16,2017-02-15,8,8,0.05622322939739116,0.1586246185403532,-0.08980858125785532,-0.0457396679800749,72.12537801793532,52.513955774931134,-0.6175156244150805,-0.8758232681577323,False,-1.5 to -0.5
663,2017-01-16,2017-01-17,2017-02-16,8,8,0.05225062676088533,0.12378620702521059,-0.06466866604380322,-0.03268071428274881,72.58738122199014,48.79198414658461,-0.6623506478915017,-0.8576951485160212,False,-1.5 to -0.5
664,2017-01-17,2017-01-18,2017-02-17,8,8,0.06684863591323821,0.12852392438385052,-0.055930474158163226,-0.028136017289705564,68.29122148567677,50.98599517141299,-0.6423441064705466,-0.8482658536738991,False,-1.5 to -0.5
665,2017-01-18,2017-01-19,2017-02-20,8,8,0.07292993091782506,0.14045575843304758,-0.06051568579930338,-0.030495717206940724,68.29122148567677,50.98599517141299,-0.0200283793096671,-0.8073865589969981,False,-1.5 to -0.5
666,2017-01-19,2017-01-20,2017-02-21,8,8,0.07825613414807264,0.14553113847416083,-0.059983160222938585,-0.030185553896789594,69.24128040267652,50.941440395661374,-0.6840049600463215,-0.8014554737936783,False,-1.5 to -0.5
667,2017-01-20,2017-01-23,2017-02-22,8,8,0.058463725100525415,0.13586080511001836,-0.06938633307531475,-0.03503809161543165,69.24128040267652,49.562529012587945,-0.4182750000964472,-0.7829864218191215,False,-1.5 to -0.5
668,2017-01-23,2017-01-24,2017-02-23,8,8,0.03541348843791043,0.1447521704785879,-0.09766362576921389,-0.04970124201384347,67.83802404242583,51.08364838558349,0.0392373633431084,-0.7349735851367516,False,-1.5 to -0.5
669,2017-01-24,2017-01-26,2017-02-24,8,8,0.008707545935570004,0.1367976855005894,-0.11488333437934296,-0.058816998756251876,67.06354888383314,51.08364838558349,0.307273195134514,-0.692744772479598,False,-1.5 to -0.5
670,2017-01-26,2017-01-27,2017-03-01,8,8,0.03717719890106689,0.14203550201533266,-0.09372758178002852,-0.04768758356991795,68.28173987068072,49.80406743910828,0.826924755429251,-0.6226704613078344,False,-1.5 to -0.5
671,2017-01-27,2017-01-30,2017-03-02,8,8,0.038888333541803086,0.15214158722586352,-0.10011879902647909,-0.05104728426121173,68.28173987068072,49.80406743910828,0.1891220746298492,-0.599878529858554,False,-1.5 to -0.5
672,2017-01-30,2017-01-31,2017-03-03,8,8,0.03855281634113206,0.12279082949534527,-0.07648125310457145,-0.03871132177237411,67.90192035070763,53.837493466457246,0.8964052499869132,-0.5207206219630293,False,-1.5 to -0.5
673,2017-01-31,2017-02-01,2017-03-06,8,8,0.03362082631839041,0.11359398108654227,-0.07331553519862238,-0.037076008339404685,68.4658479990425,53.837493466457246,0.3724958324336858,-0.5090117679801097,False,-1.5 to -0.5
674,2017-02-01,2017-02-02,2017-03-07,8,8,0.024265199567885486,0.11168585854277152,-0.08006437386091206,-0.04064034554001179,66.40206411623477,53.837493466457246,0.3436554687286303,-0.448929538627224,False,-0.5 to +0.5
675,2017-02-02,2017-02-03,2017-03-08,8,8,-0.0002911849796262972,0.08235436654433731,-0.07772284493914627,-0.03942226815746252,66.40206411623478,53.837493466457246,0.3328084645277383,-0.3384398628399903,False,-0.5 to +0.5
676,2017-02-03,2017-02-06,2017-03-09,8,8,0.014381385895124787,0.008144193686358443,0.0039065541275953,0.002175092429007926,66.81313579977746,50.06045019722648,0.3888170853800465,-0.2382953191458207,False,-0.5 to +0.5
677,2017-02-06,2017-02-07,2017-03-10,8,8,0.030883492053743185,0.007489327113890658,0.020879982480849327,0.010694892749902228,70.20863406548928,50.06045019722648,0.461074020655227,-0.1338060004641362,False,-0.5 to +0.5
678,2017-02-07,2017-02-08,2017-03-13,8,8,0.038961890157771586,0.05686488250719312,-0.01902782969421951,-0.009272077837868363,70.20863406548928,53.837493466457246,1.1738131754131498,-0.0271107940207501,False,-0.5 to +0.5
679,2017-02-08,2017-02-09,2017-03-14,8,8,0.029676974651903804,0.026296558535881982,0.001432540288160965,0.0009975428096799916,62.03517614147907,53.837493466457246,1.0868057522421153,0.0966812626982992,False,-0.5 to +0.5
680,2017-02-09,2017-02-10,2017-03-15,8,8,0.05688206248015044,0.004307712312927553,0.05043566090904726,0.02532856271631067,66.52568005720619,53.837493466457246,0.7779349646740041,0.1911122596161475,False,-0.5 to +0.5
681,2017-02-10,2017-02-13,2017-03-16,8,8,0.04583253211876524,-0.0032826029679388323,0.04644052254043538,0.023429062928023017,66.5256800572062,51.022355562033624,1.2327686265857682,0.3152832884602188,False,-0.5 to +0.5
682,2017-02-13,2017-02-14,2017-03-17,8,8,0.0032635128692520225,-0.03530680846868075,0.035996402722879156,0.01829426155925825,71.4693183021262,51.022355562033624,-0.061730490069837,0.3437424138925831,False,-0.5 to +0.5
683,2017-02-14,2017-02-15,2017-03-20,8,8,-0.02470430900504909,-0.06090558843909226,0.035616385309361016,0.017976685405027497,74.28884608605475,54.214628319038525,0.546115018830868,0.4141191615478936,False,-0.5 to +0.5
684,2017-02-15,2017-02-16,2017-03-21,8,8,-0.03995093449850935,-0.06949790852462676,0.028970276850873052,0.0147682110123651,74.33241281309444,54.214628319038525,1.0804992907927973,0.5193391061370962,False,+0.5 to +1.5
685,2017-02-16,2017-02-17,2017-03-22,8,8,-0.04461667767084134,-0.051932768224767466,0.004367418073599997,0.0026301496447138986,70.93824030044576,52.96052939378947,1.0641077387146165,0.6224355389308044,False,+0.5 to +1.5
686,2017-02-17,2017-02-20,2017-03-23,8,8,-0.03021726874389035,-0.056150144481619584,0.02418536146557052,0.012467154396028876,70.93824030044576,54.214628319038525,0.4575319454297668,0.651386942393171,False,+0.5 to +1.5
687,2017-02-20,2017-02-21,2017-03-24,8,8,-0.035791886573688876,-0.08839946019468392,0.05448701835582295,0.027306398665999612,70.93824030044576,54.678250628263285,0.7801895071905787,0.7399501650474413,False,+0.5 to +1.5
688,2017-02-21,2017-02-22,2017-03-27,8,8,-0.014538500648562913,-0.08905618236707587,0.07760658493495279,0.03860109909510949,70.93824030044576,55.8761738254501,0.4264704713608065,0.7911211926077106,False,+0.5 to +1.5
689,2017-02-22,2017-02-23,2017-03-28,8,8,-0.0028391957420323116,-0.08906323529071615,0.09133269506569477,0.04510943385460922,70.93824030044576,54.678250628263285,0.2171407071018844,0.8019606652134655,False,+0.5 to +1.5
690,2017-02-23,2017-02-24,2017-03-29,8,8,0.02068682901660628,-0.09904151219416629,0.12848037601240125,0.06285694544573465,70.93824030044576,55.8761738254501,0.4086855904936391,0.8080713107692057,False,+0.5 to +1.5
691,2017-02-24,2017-03-01,2017-03-30,8,8,0.021328024458941632,-0.11269223031490512,0.14609462102326334,0.07116052511882935,71.08685105953032,55.8761738254501,0.2510655348066964,0.7732711456965191,False,+0.5 to +1.5
692,2017-03-01,2017-03-02,2017-03-31,8,8,0.03179944318406038,-0.09450669930876497,0.13443855076165268,0.06575503840311188,66.72390031408925,55.8761738254501,-0.2442457629961777,0.747346096640945,False,+0.5 to +1.5
693,2017-03-02,2017-03-03,2017-04-03,8,8,0.03395470465379314,-0.07182280423099563,0.1098640793625962,0.05406997697186771,66.72390031408924,55.9921065992437,-0.0339535598120228,0.6912856300585012,False,+0.5 to +1.5
694,2017-03-03,2017-03-06,2017-04-04,8,8,0.033311328756312784,-0.08337687220135209,0.12250999207588997,0.060033468104694426,75.64734492247953,48.73958564136561,0.0963850614863262,0.6747516768876708,False,+0.5 to +1.5
695,2017-03-06,2017-03-07,2017-04-05,8,8,0.039646266981861515,-0.0571803306151642,0.09954426317684152,0.04901989379835318,72.28376154183869,54.79418340205688,-0.2431257051393849,0.6396119646278983,False,+0.5 to +1.5
696,2017-03-07,2017-03-08,2017-04-06,8,8,0.04099611958744903,-0.06487469655722523,0.10891423332935843,0.05355275680531796,75.60377819543987,50.56182669932785,0.3461458594269928,0.6404739749783803,False,+0.5 to +1.5
697,2017-03-08,2017-03-09,2017-04-07,8,8,0.09173380722103265,-0.000713304956806516,0.09036845768967167,0.044584436645200905,72.28376154183869,54.79418340205688,-0.0999898323878252,0.6112083486869834,False,+0.5 to +1.5
698,2017-03-09,2017-03-10,2017-04-10,8,8,0.024447957675454088,-0.018964027196533523,0.04379103033061844,0.021744312776537923,70.20793482558256,48.907395003144146,-0.6406582136794269,0.5451850823493741,False,+0.5 to +1.5
699,2017-03-10,2017-03-13,2017-04-11,8,8,0.005425784543261047,-0.023995576878623692,0.02962194792430942,0.014825644098872399,74.10392196096703,48.907395003144146,-0.1129763074951654,0.467706136487855,False,-0.5 to +0.5
700,2017-03-13,2017-03-14,2017-04-12,8,8,0.048390052724621116,-0.04556234012202837,0.09685722316456855,0.04754020808789864,70.78390530736581,45.715122246139245,0.1287172331789201,0.4099022358327804,False,-0.5 to +0.5
701,2017-03-14,2017-03-15,2017-04-13,8,8,-0.011956292212920763,-0.05302149251067063,0.0420014950087441,0.0209307216320374,74.10392196096703,47.95002957591265,0.0375732482695748,0.3652691660674373,False,-0.5 to +0.5
702,2017-03-15,2017-03-16,2017-04-17,8,8,0.013995574564881822,-0.04151631294155866,0.05478175452502129,0.027392122736868717,75.63982870055679,45.71512224613925,-0.7448812822780683,0.2461761395507103,False,-0.5 to +0.5
703,2017-03-16,2017-03-17,2017-04-18,8,8,0.05944799270528095,-0.022424896969796597,0.08076668347477,0.0399647504637319,75.64734492247955,45.71512224613925,-0.5924294034530687,0.2145454487590809,False,-0.5 to +0.5
704,2017-03-17,2017-03-20,2017-04-19,8,8,0.022762112797768953,-0.011969145576073044,0.03252527369993631,0.016464060581163908,75.63982870055679,51.83781251599849,-1.192755698777737,0.1100478987483331,False,-0.5 to +0.5
705,2017-03-20,2017-03-21,2017-04-20,8,8,0.031012595514480008,0.026199457105565246,0.003441864864970051,0.001870779713265163,75.07137444069629,48.53026015056287,-0.8227580189806307,-0.0047963838760641,False,-0.5 to +0.5
706,2017-03-21,2017-03-22,2017-04-24,8,8,0.017684577475257514,0.012993345491578821,0.003607598242405162,0.0019458780764932484,73.00759055788856,50.176267009586915,-0.8066322335185124,-0.1178390982713474,False,-0.5 to +0.5
707,2017-03-22,2017-03-23,2017-04-25,8,8,0.032864031513026054,0.006921744334357633,0.024350208016561493,0.012306619565313143,75.07137444069627,54.23651521046011,-0.9237958993965912,-0.2012319272526278,False,-0.5 to +0.5
708,2017-03-23,2017-03-24,2017-04-26,8,8,0.022069648288734426,0.027442609533686244,-0.006290445984865903,-0.0029854001056302216,75.07137444069627,56.2563960351809,-0.2066447991062551,-0.2612103600476537,False,-0.5 to +0.5
709,2017-03-24,2017-03-27,2017-04-27,8,8,0.02786467832000248,0.03876536422502015,-0.011200425640796569,-0.005485289591451592,78.12403172245887,52.702684457879364,-0.6795098903947137,-0.3281701906077207,False,-0.5 to +0.5
710,2017-03-27,2017-03-28,2017-04-28,8,8,0.01829421444543186,0.023369386448872705,-0.006062117673493112,-0.0028774212337855177,76.7512285988043,45.45016350000127,-0.2903624811445416,-0.3590589111249513,False,-0.5 to +0.5
711,2017-03-28,2017-03-29,2017-05-02,8,8,0.05185186151757702,0.04508872262641839,0.005261632863087289,0.0027778433923835192,73.24150583289713,45.45016350000127,-0.4252885005055969,-0.4097127978867294,False,-0.5 to +0.5
712,2017-03-29,2017-03-30,2017-05-03,8,8,0.06840857578514037,0.08727776282467445,-0.01801807532695989,-0.008914767899338366,74.3613074070951,47.16865026480211,-0.9416636555271176,-0.4818545224352538,False,-0.5 to +0.5
713,2017-03-30,2017-03-31,2017-05-04,8,8,0.04948026763578452,0.055447159455623896,-0.006355989870374859,-0.0030921162847211674,74.19951204457612,49.21582795304346,-0.5547441086573521,-0.5006705859914541,False,-1.5 to -0.5
714,2017-03-31,2017-04-03,2017-05-05,8,8,0.04059811065805822,0.06714921534319107,-0.025934581991136935,-0.012950661641640144,68.35298627954822,52.45002363524197,-0.9708179835279616,-0.5572983408936181,False,-1.5 to -0.5
715,2017-04-03,2017-04-04,2017-05-08,8,8,0.006805128601504017,0.04199594149215864,-0.03476246197864626,-0.017426009284460267,65.99286122390352,52.41954587520973,-1.0901543163856324,-0.6290567207328481,False,-1.5 to -0.5
716,2017-04-04,2017-04-05,2017-05-09,8,8,0.04426215723861871,0.07611812862216777,-0.03081822162074066,-0.015362225812853871,65.99286122390353,48.134595135541616,-1.1400899138646827,-0.6832365775826509,False,-1.5 to -0.5
717,2017-04-05,2017-04-06,2017-05-10,8,8,0.08083160481455334,0.12095928300280752,-0.03625657125059609,-0.01813111046824634,67.97298634832805,48.51374631775769,-0.3407866454788485,-0.725060689633857,False,-1.5 to -0.5
718,2017-04-06,2017-04-07,2017-05-11,8,8,0.060319879321301416,0.1122287960386627,-0.04710297094681512,-0.02366309833930863,65.63893659367443,48.51374631775769,0.1977600240855175,-0.7073442610249917,False,-1.5 to -0.5
719,2017-04-07,2017-04-10,2017-05-12,8,8,0.08777655011241639,0.12645934703622538,-0.03521470342969531,-0.017610288958261368,64.78562853962973,48.51374631775769,-0.5678015703913221,-0.7029411027033453,False,-1.5 to -0.5
720,2017-04-10,2017-04-11,2017-05-15,8,8,0.10155536430287754,0.12238376075951883,-0.01928436567281099,-0.009556866340734268,64.78562853962974,49.39112365573103,-0.2329216611205636,-0.7103852352684132,False,-1.5 to -0.5
721,2017-04-11,2017-04-12,2017-05-16,8,8,0.11754791982554946,0.13183798367374638,-0.013665833827638436,-0.006667156069842146,64.78562853962973,43.47730095016571,0.2678311112920384,-0.7023408583201466,False,-1.5 to -0.5
722,2017-04-12,2017-04-13,2017-05-17,8,8,0.1072031012935006,0.10602560078976699,0.0004480832647833852,0.00040042706320910485,66.10303050041405,48.462417608461166,-1.1037635517166082,-0.7713129335754974,False,-1.5 to -0.5
723,2017-04-13,2017-04-17,2017-05-18,8,8,0.02884363309260773,-0.02701606025128068,0.052383751450421526,0.026229412715786174,64.78562853962974,47.80033356428844,-0.9298825150156436,-0.7824001740823197,False,-1.5 to -0.5
724,2017-04-17,2017-04-18,2017-05-19,8,8,0.04701818385654772,-0.00803850654876356,0.048169678972905236,0.024334995386996825,63.69288251298093,47.05104268693993,-0.9650386362710732,-0.80484627315977,False,-1.5 to -0.5
725,2017-04-18,2017-04-19,2017-05-22,8,8,0.033843997464277006,-0.06384448468588959,0.09348578513221283,0.04644968497459236,65.67300763740546,42.81521690599298,-1.4231902837182535,-0.8185207575862177,False,-1.5 to -0.5
726,2017-04-19,2017-04-20,2017-05-23,8,8,0.05199832967661895,-0.04744842688083959,0.0975743473900543,0.048160369584047846,67.09074249917398,47.90027174084686,-0.8971984481547941,-0.822944675029384,False,-1.5 to -0.5
727,2017-04-20,2017-04-24,2017-05-24,8,8,0.06375721885040457,-0.01332822679783251,0.07229827981015176,0.035957768195748446,67.09074249917398,46.915352111892716,-0.900664729289457,-0.8285560509717729,False,-1.5 to -0.5
728,2017-04-24,2017-04-25,2017-05-25,8,8,0.03780163354791748,-0.01360356071836427,0.044255080404431185,0.02238041853257607,63.83349035886284,46.536200929676646,-1.2183174192278838,-0.8462192806655116,False,-1.5 to -0.5
729,2017-04-25,2017-04-26,2017-05-26,8,8,0.04961196105923054,0.002330696426340482,0.03909784068220926,0.019942587771056623,64.39555962712632,47.05104268693993,-1.0419899646116493,-0.8967350758905817,False,-1.5 to -0.5
730,2017-04-26,2017-04-27,2017-05-29,8,8,0.05413904535144352,-0.00519305585854749,0.05151847150277601,0.02600608388188943,64.39555962712632,47.05104268693993,0.1833343946347106,-0.8446443608372538,False,-1.5 to -0.5
731,2017-04-27,2017-04-28,2017-05-30,8,8,0.042586199536583096,-0.01317477482592174,0.05157582897778482,0.02584604323885164,70.88831516702287,49.01551100752351,-0.0097861976400526,-0.8278332079346926,False,-1.5 to -0.5
732,2017-04-28,2017-05-02,2017-05-31,8,8,0.01661000115889503,-0.04562331947068733,0.061583373420296884,0.030672245605581582,70.88831516702287,53.90031381580745,-0.3658337993699164,-0.8243368308280783,False,-1.5 to -0.5
733,2017-05-02,2017-05-03,2017-06-01,8,8,0.017452912342864942,-0.06747212423177582,0.08694922885566635,0.04292543616162679,70.88831516702287,48.98557627709809,-0.287832350950481,-0.7848900612755965,False,-1.5 to -0.5
734,2017-05-03,2017-05-04,2017-06-02,8,8,0.037410719083161285,-0.03783369621104993,0.07391569961307985,0.03667883329980196,70.88831516702287,48.98557627709809,0.0963320065968,-0.7457351752453175,False,-1.5 to -0.5
735,2017-05-04,2017-05-05,2017-06-05,8,8,0.0145405678560837,-0.036462010037071134,0.05067472704511367,0.025334180258914863,70.88831516702287,52.888706811966316,-0.3982594473088332,-0.7112084967695279,False,-1.5 to -0.5
736,2017-05-05,2017-05-08,2017-06-06,8,8,0.01855542967188226,-0.04580654003563491,0.0651710829200488,0.03238364355403928,70.88831516702287,52.888706811966316,-0.230184339971103,-0.6593292032844946,False,-1.5 to -0.5
737,2017-05-08,2017-05-09,2017-06-07,8,8,0.0001940974397295038,-0.04285723659599847,0.04244464202527443,0.02130823369341409,70.88831516702287,52.888706811966316,-0.0773807306306961,-0.595205247761804,False,-1.5 to -0.5
738,2017-05-09,2017-05-10,2017-06-08,8,8,-0.03683666215660119,-0.049418961062242514,0.010657073711239258,0.005706402915505344,70.88831516702288,52.888706811966316,0.7365989292754856,-0.5305153779374484,False,-1.5 to -0.5
739,2017-05-10,2017-05-11,2017-06-09,8,8,-0.04904297276204899,-0.0518408922529259,0.00048724978240849404,0.0006054724028497335,70.88831516702288,52.88870681196632,-0.4085764408944911,-0.5673826401727328,False,-1.5 to -0.5
740,2017-05-11,2017-05-12,2017-06-12,8,8,-0.04566931448500213,-0.061521141680633974,0.013421920822042561,0.0071243018675156075,70.88831516702288,53.82085909733922,0.4055782072351916,-0.5088609966697335,False,-1.5 to -0.5
741,2017-05-12,2017-05-15,2017-06-13,8,8,-0.044828724799098704,-0.04330563452389823,-0.005805540821571422,-0.0025087686743809783,70.88831516702288,54.05077875023454,0.1170709418220982,-0.4879904336945229,False,-0.5 to +0.5
742,2017-05-15,2017-05-16,2017-06-14,8,8,-0.05891329510449413,-0.06414101112223423,-0.000369107250332656,0.00034332061500906596,70.88831516702288,53.240264750679486,-0.0263684132771289,-0.5060922940079564,False,-1.5 to -0.5
743,2017-05-16,2017-05-17,2017-06-16,8,8,-0.040372637624332276,-0.05979313780033174,0.012539884624521947,0.006809536209501549,69.50596275756334,50.5581596104855,-0.1209712961415258,-0.4467883480576975,False,-0.5 to +0.5
744,2017-05-17,2017-05-18,2017-06-19,8,8,0.026816326144424918,0.03890991255629494,-0.014552784931173166,-0.006949472989264021,69.50596275756334,54.401614430755075,-0.2566787943138969,-0.4061286562038942,False,-0.5 to +0.5
745,2017-05-18,2017-05-19,2017-06-20,8,8,0.0004215325440113903,0.02185497083110819,-0.022446885551803703,-0.011071328638889944,70.0830264553626,54.67757150644559,-1.4018883394331478,-0.432178011521986,False,-0.5 to +0.5
746,2017-05-19,2017-05-22,2017-06-21,8,8,0.017040522492608116,0.014995016421331877,0.0007623362746592222,0.0006069582285314465,70.0830264553626,52.66011800872812,-1.4513778952190317,-0.4334807418097906,False,-0.5 to +0.5
747,2017-05-22,2017-05-23,2017-06-22,8,8,0.00267182388214566,-0.02072616433917495,0.023004681475419918,0.011653270551235759,70.0830264553626,52.66011800872812,-0.485530708586127,-0.4085072953652702,False,-0.5 to +0.5
748,2017-05-23,2017-05-24,2017-06-23,8,8,-0.009151549177164053,-0.02416195904833363,0.014818716253679986,0.007566884440295802,70.0830264553626,54.60549121441732,-0.3990431343686382,-0.3780767939872093,False,-0.5 to +0.5
749,2017-05-24,2017-05-25,2017-06-26,8,8,0.0023192818108728093,-0.0004597846145149614,0.001985334220737939,0.0011973110534493079,70.0830264553626,55.95630515856395,-0.1916013445893692,-0.3157808459112123,False,-0.5 to +0.5
750,2017-05-25,2017-05-26,2017-06-27,8,8,-0.011081699957637248,-0.04174291762844762,0.03147606015910461,0.015805663891424616,70.0830264553626,54.60549121441731,-0.0623699583991366,-0.2563280776003684,False,-0.5 to +0.5
751,2017-05-26,2017-05-29,2017-06-28,8,8,-0.001798353405647576,-0.039674648046994714,0.03850760739956915,0.019291504977259556,70.0830264553626,50.52966941676222,-0.3975317559771875,-0.2916576476544357,False,-0.5 to +0.5
752,2017-05-29,2017-05-30,2017-06-29,8,8,-0.01686640011572845,-0.03709350901063423,0.020291868218807834,0.010310634988494133,70.0830264553626,54.60549121441731,-0.546971234064579,-0.3242540733610281,False,-0.5 to +0.5
753,2017-05-30,2017-05-31,2017-06-30,8,8,0.0033548253476514303,-0.023987199996590724,0.02728112527099881,0.01380605863193232,70.79405001325435,57.49849345251581,-0.6948362718415002,-0.3441007178261673,False,-0.5 to +0.5
754,2017-05-31,2017-06-01,2017-07-03,8,8,0.015372002161790969,-0.02985141150306369,0.04582469456037326,0.0229452963434209,70.79405001325435,57.49849345251581,-0.9788699792745642,-0.3858528068894819,False,-0.5 to +0.5
755,2017-06-01,2017-06-02,2017-07-04,8,8,0.02346691628968732,-0.0019016658169420093,0.02484871318855789,0.01255047665973151,67.72786692180006,58.15499018560545,-0.7714925858884858,-0.4385354524308547,False,-0.5 to +0.5
756,2017-06-02,2017-06-05,2017-07-05,8,8,0.025774608936082164,-0.011133238445029739,0.03656553320908635,0.018362805266831563,69.05107264361206,57.02142916461544,-0.4535944775375043,-0.4419297270339535,False,-0.5 to +0.5
757,2017-06-05,2017-06-06,2017-07-06,8,8,0.0219932908878768,-0.027914480444866836,0.05042600334236401,0.025176872507332578,69.05107264361206,57.59500827926497,-0.0934211160121864,-0.4338139184972694,False,-0.5 to +0.5
758,2017-06-06,2017-06-07,2017-07-07,8,8,0.015827460208284353,-0.025290754441121582,0.04117396651152084,0.020668944886139108,69.05107264361206,57.595008279264974,0.1901823543716387,-0.4178792773768732,False,-0.5 to +0.5
759,2017-06-07,2017-06-08,2017-07-10,8,8,0.05514146936979969,-0.005199008434008799,0.059759890029854684,0.029630852292079124,69.05107264361206,55.84599940044821,-0.0184181129341104,-0.464097872365777,False,-0.5 to +0.5
760,2017-06-08,2017-06-09,2017-07-11,8,8,0.06281607969818395,0.014800858386912013,0.04648375928982472,0.023164327960642307,69.05107264361206,56.5280720259443,-0.1247414378970962,-0.4470135067616616,False,-0.5 to +0.5
761,2017-06-09,2017-06-12,2017-07-12,8,8,0.042223617268473096,0.05743340620007593,-0.015412508005194007,-0.007599609406649488,66.20362596285615,58.263483696452,-0.0099808337977952,-0.472581224168108,False,-0.5 to +0.5
762,2017-06-12,2017-06-13,2017-07-13,8,8,0.06020692515190088,0.023428416711902985,0.03487921516384831,0.017462315649079435,69.56475396605612,56.072377770093794,-0.1821098350540293,-0.4909726356414718,False,-0.5 to +0.5
763,2017-06-13,2017-06-14,2017-07-14,8,8,0.05605078434517117,0.04250755354225424,0.012066719350142505,0.006163449569864838,68.00495885818135,58.70754729662454,0.0645592436024985,-0.4857473199696614,False,-0.5 to +0.5
764,2017-06-14,2017-06-16,2017-07-17,8,8,0.05269128012781793,0.050868613961426626,0.000605062216114519,0.0004802635249239883,68.00495885818135,58.70754729662454,0.1944483347713926,-0.4669265193286433,False,-0.5 to +0.5
765,2017-06-16,2017-06-19,2017-07-18,8,8,0.05578678025516561,0.06615535604486855,-0.011195609537267693,-0.005412445966050375,68.00495885818134,57.31443230193035,-0.0805497014424661,-0.4564337424405876,False,-0.5 to +0.5
766,2017-06-19,2017-06-20,2017-07-19,8,8,0.07056583940732816,0.09232309445253886,-0.02118980804355307,-0.010459581224513475,68.00495885818134,57.31443230193036,-0.2588494345718033,-0.3869908292166128,False,-0.5 to +0.5
767,2017-06-20,2017-06-21,2017-07-20,8,8,0.08472137565529173,0.11451958453561777,-0.02763034457080818,-0.013748542577455239,68.00495885818135,58.70754729662454,-1.5352698582817217,-0.3913953271124128,False,-0.5 to +0.5
768,2017-06-21,2017-06-22,2017-07-21,8,8,0.08245006695404128,0.11151082295134936,-0.0269786397095735,-0.013432753554475818,68.00495885818134,55.73375429546739,-1.660210185831514,-0.4622992361467953,False,-0.5 to +0.5
769,2017-06-22,2017-06-23,2017-07-24,8,8,0.09312306277353351,0.11536964921020863,-0.020914587498297638,-0.010333305445664574,68.00495885818134,57.31443230193035,-1.0091175163032282,-0.499271349558667,False,-0.5 to +0.5
770,2017-06-23,2017-06-26,2017-07-25,8,8,0.07680348917765409,0.10806074215703276,-0.029127888888716286,-0.014512379785996812,68.00495885818134,54.15087736092444,-0.7449217441384641,-0.5329461264428288,False,-1.5 to -0.5
771,2017-06-26,2017-06-27,2017-07-26,8,8,0.07337286938399049,0.10690956270128815,-0.031203048170281487,-0.015565777130766989,68.00495885818135,54.15087736092443,-0.7506539271770118,-0.5748657948071971,False,-1.5 to -0.5
772,2017-06-27,2017-06-28,2017-07-27,8,8,0.06909644019049961,0.11911108321591102,-0.04561379412881953,-0.022915058347391458,68.00495885818135,54.15087736092444,-1.0704040120756009,-0.6157156325764342,False,-1.5 to -0.5
773,2017-06-28,2017-06-29,2017-07-28,8,8,0.07300929818777467,0.11829379276220316,-0.04141517889190123,-0.02073750476181345,68.93447509765628,54.15087736092444,-0.8211672690216077,-0.6323844432804979,False,-1.5 to -0.5
774,2017-06-29,2017-06-30,2017-07-31,8,8,0.06428016772774764,0.10459450795820904,-0.03731619802504837,-0.018689094165019918,68.00495885818135,53.90488118351094,-0.850894443171988,-0.6418466263791065,False,-1.5 to -0.5
775,2017-06-30,2017-07-03,2017-08-01,8,8,0.10347470694380405,0.10905675925490872,-0.0055166582656238465,-0.0026260787043518967,66.408467953018,54.83930957249932,-1.0707368984328514,-0.6473193191470372,False,-1.5 to -0.5
776,2017-07-03,2017-07-04,2017-08-02,8,8,0.09073054949149262,0.12204023060187644,-0.028461981908696213,-0.01417663816558459,66.45854852018074,54.83930957249932,-0.8127895868034724,-0.6498080628169893,False,-1.5 to -0.5
777,2017-07-04,2017-07-05,2017-08-03,8,8,0.0701121555848829,0.10678546422330892,-0.033832004784984715,-0.01692761036355169,69.56139952480137,54.83930957249932,-1.0576115379995985,-0.686542201158626,False,-1.5 to -0.5
778,2017-07-05,2017-07-06,2017-08-04,8,8,0.09911561812739869,0.12149252798125486,-0.020584306975106513,-0.010186895139868741,66.45854852018074,54.83930957249931,-0.2937253206738701,-0.6989193817556432,False,-1.5 to -0.5
779,2017-07-06,2017-07-07,2017-08-07,8,8,0.10495035094806592,0.12821989341752973,-0.021233758236362713,-0.01051585548031501,66.45854852018073,54.83930957249932,-0.4067870704333925,-0.7354436045934033,False,-1.5 to -0.5
780,2017-07-07,2017-07-10,2017-08-08,8,8,0.08806359231559113,0.09355321221278262,-0.00578195396037454,-0.0027284923925953997,69.3415493498675,57.45754839307379,-0.9283786610019192,-0.7908620460152989,False,-1.5 to -0.5
781,2017-07-10,2017-07-11,2017-08-09,8,8,0.09185555195390384,0.08829457219265865,0.0027415610054562192,0.0015536443054737746,66.76614658720351,57.45754839307379,-0.9349189833418576,-0.8401795021511745,False,-1.5 to -0.5
782,2017-07-11,2017-07-12,2017-08-10,8,8,0.050346025081906186,0.06642680209382364,-0.015821957557511725,-0.007802026659337114,66.7661465872035,57.45754839307379,-0.9898457892320028,-0.8997956943898079,False,-1.5 to -0.5
783,2017-07-12,2017-07-13,2017-08-11,8,8,0.01897070231318045,0.08101366482856928,-0.05836310922850058,-0.029453473593331732,62.275958320689014,54.83930957249932,-1.6316028176575443,-0.987825903732863,False,-1.5 to -0.5
784,2017-07-13,2017-07-14,2017-08-14,8,8,0.03700452789393237,0.07418362613985724,-0.03561758784487122,-0.017796585956887573,65.12483275358954,59.41064529410845,-1.209889122057742,-1.0652647404608824,False,-1.5 to -0.5
785,2017-07-14,2017-07-17,2017-08-15,8,8,0.0790263656210332,0.058334149366013326,0.018829206260126623,0.009525899137638233,66.408467953018,59.41064529410845,-0.2953854070631272,-1.0949472477422484,False,-1.5 to -0.5
786,2017-07-17,2017-07-18,2017-08-16,8,8,0.04254818820395013,0.0695227892621061,-0.02670396759784617,-0.013213934476464073,61.38147037507646,57.45754839307379,-1.1232034889054474,-1.1581087570990949,False,-1.5 to -0.5
787,2017-07-18,2017-07-19,2017-08-17,8,8,0.04018112681843808,0.06949232787126962,-0.029155457448739975,-0.014439515259968227,61.38147037507646,56.7754757675777,-1.9905193648312556,-1.2629810573436149,False,-1.5 to -0.5
788,2017-07-19,2017-07-20,2017-08-18,8,8,0.06036262865065401,0.071802713728405,-0.012050031854275596,-0.005837100558398462,62.26515269100663,54.83930957249932,-2.0064050804827764,-1.2913871616557129,False,-1.5 to -0.5
789,2017-07-20,2017-07-21,2017-08-21,8,8,0.052364133097549066,0.09323729894008896,-0.03894438723515546,-0.01945824898686976,62.61992871597491,58.54141535235074,-1.3163431024463574,-1.2702671796215674,False,-1.5 to -0.5
790,2017-07-21,2017-07-24,2017-08-22,8,8,0.11067697235113079,0.06698672148389116,0.03976575097437521,0.01995075057437097,57.91800766599917,59.41064529410845,-0.4345383949545791,-1.2349666288474466,False,-1.5 to -0.5
791,2017-07-24,2017-07-25,2017-08-23,8,8,0.12327805955727894,0.06533246956113016,0.053234300924233834,0.02652869365059055,59.30620901067319,59.41064529410845,-0.8869894800128535,-1.2433078462761038,False,-1.5 to -0.5
792,2017-07-25,2017-07-26,2017-08-24,8,8,0.13833648237963342,0.1177598148574466,0.01718155658620915,0.00880148633276003,59.306209010673186,58.541415352350725,-0.6914538565868508,-1.2393959025139818,False,-1.5 to -0.5
793,2017-07-26,2017-07-27,2017-08-25,8,8,0.12532749961206863,0.08347604187354346,0.03740131581468672,0.018785982780001535,59.306209010673186,58.373186432330115,-0.530264317162039,-1.2063203602912895,False,-1.5 to -0.5
794,2017-07-27,2017-07-28,2017-08-28,8,8,0.10250531910073853,0.1045701091438568,-0.0031658662552008486,-0.0013740141634981306,57.49301045526809,54.35065737678063,-0.5512604460620867,-1.1896873676759965,False,-1.5 to -0.5
795,2017-07-28,2017-07-31,2017-08-29,8,8,0.06545473005920584,0.12899389521920498,-0.05731900036273792,-0.028919072053835114,66.76655211386053,50.66850432994159,-2.005064751723801,-1.2595012008774582,False,-1.5 to -0.5
796,2017-07-31,2017-08-01,2017-08-30,8,8,0.09030881367851165,0.12870226404649576,-0.03497843404966558,-0.017504735858921604,60.64082924601415,50.66850432994159,-1.4627732142662015,-1.2831075772361409,False,-1.5 to -0.5
797,2017-08-01,2017-08-02,2017-08-31,8,8,0.06552626811109227,0.10844825875778752,-0.039680438179383146,-0.01985963710427375,66.76655211386051,53.52908570977026,-2.069570864063456,-1.3591969548872749,False,-1.5 to -0.5
798,2017-08-02,2017-08-03,2017-09-01,8,8,0.06933006315372121,0.11063834315422973,-0.038106175387809894,-0.01906998292362593,66.76655211386053,52.130846313826744,-1.2404537812959129,-1.37002685462274,False,-1.5 to -0.5
799,2017-08-03,2017-08-04,2017-09-04,8,8,0.07565707306773602,0.10356679258128125,-0.026136321253216566,-0.012983995688634595,66.76655211386051,53.52676098939496,-1.6050838346471732,-1.449201072706635,False,-1.5 to -0.5
800,2017-08-04,2017-08-07,2017-09-05,8,8,0.07566497755937417,0.09245185914273217,-0.016165857782651807,-0.007966398752988723,66.76655211386051,52.295888442072076,-1.99568445644599,-1.5451297796093322,False,< -1.5
801,2017-08-07,2017-08-08,2017-09-06,8,8,0.07859145453244529,0.11303071675348055,-0.031670655362243186,-0.015835134532038202,66.76655211386053,52.295888442072076,-2.031865526129322,-1.6116260694609734,False,< -1.5
802,2017-08-08,2017-08-09,2017-09-08,8,8,0.09928321731055637,0.10975340706183993,-0.010451638201777002,-0.005019188826052614,66.76655211386051,54.829672659309594,-1.9508666434766744,-1.6726903842774252,False,< -1.5
803,2017-08-09,2017-08-10,2017-09-11,8,8,0.12555992920123113,0.1432773521181671,-0.016559982878917898,-0.008015319697537078,71.89118154296885,55.28537052875447,-1.6767908284006314,-1.713589365788684,False,< -1.5
804,2017-08-10,2017-08-11,2017-09-12,8,8,0.11733484887166044,0.11269831228962428,0.0030312751327705584,0.001759068155490514,71.52153793866515,55.28537052875447,-2.1191718867562974,-1.7428087608096967,False,< -1.5
805,2017-08-11,2017-08-14,2017-09-13,8,8,0.12039158992954566,0.0870140511231962,0.029452157006732985,0.014880277295169947,68.33120630283199,54.789609634204,-1.5063138409065977,-1.7599063024715018,False,< -1.5
806,2017-08-14,2017-08-15,2017-09-14,8,8,0.10851669849602667,0.10946306267972641,-0.0023045217449812,-0.0008348328024616532,68.32988310039985,54.789609634204,-1.9200465036031915,-1.8570544153111883,False,< -1.5
807,2017-08-15,2017-08-16,2017-09-15,8,8,0.13095557812530306,0.10712632996737588,0.020639686664192077,0.010536728068580966,70.32652735399736,53.88945585318625,-2.05203838652511,-1.9122222763373449,False,< -1.5
808,2017-08-16,2017-08-17,2017-09-18,8,8,0.14350639475274005,0.1253868960486813,0.01467873572967104,0.007638847012184071,69.42604117703681,56.76059166510129,-0.9341127449311282,-1.847088017543056,False,< -1.5
809,2017-08-17,2017-08-18,2017-09-19,8,8,0.12793881605247964,0.11822968145402227,0.007432297467606706,0.0039352477366580915,69.1013989799574,56.76059166510129,-0.7532731622180907,-1.7702442981667486,False,< -1.5
810,2017-08-18,2017-08-21,2017-09-20,8,8,0.11458637448408264,0.11924939622514652,-0.0056518330018785114,-0.0025774731642550174,69.27652460685104,56.76059166510129,-0.3931128245830108,-1.713045092771272,False,< -1.5
811,2017-08-21,2017-08-22,2017-09-21,8,8,0.11781288565774144,0.08870094748645414,0.025678873468771145,0.013001461714876223,66.94938227490451,57.44525244445647,-0.4283166174678097,-1.7110090834239051,False,< -1.5
812,2017-08-22,2017-08-23,2017-09-22,8,8,0.10040302591257097,0.0878306152871679,0.01052721338748894,0.005517377067672669,68.32988310039985,56.76059166510129,-0.544133198470186,-1.689015499296199,False,< -1.5
813,2017-08-23,2017-08-24,2017-09-25,8,8,0.07927202585042782,0.07048463744303314,0.006909105336274562,0.0036617496810818126,62.79652996504211,54.344590478403475,-0.4637179741772959,-1.6739303009193511,False,< -1.5
814,2017-08-24,2017-08-25,2017-09-26,8,8,0.07878844489717271,0.05560002936048364,0.020727133339483735,0.010500332539801585,67.72089815446205,57.74425179464639,-0.5868077146672971,-1.6759699881076242,False,< -1.5
815,2017-08-25,2017-08-28,2017-09-27,8,8,0.062380295178062845,0.028534766098766276,0.03159058470205127,0.015855425865545347,67.72089815446205,56.19492032156757,-0.8104160605577064,-1.6902528833962451,False,< -1.5
816,2017-08-28,2017-08-29,2017-09-28,8,8,0.044826511090968885,0.03487030272530735,0.007805994091259363,0.004129749584180243,69.96121103608395,57.33990335982186,-0.6665360828998909,-1.6095477321997271,False,< -1.5
817,2017-08-29,2017-08-30,2017-09-29,8,8,0.05007757653721905,0.07275725501645469,-0.023461487324874096,-0.011517802184589141,69.12644205615352,50.48128294932498,-0.3548540836648584,-1.5424761141954413,False,< -1.5
818,2017-08-30,2017-08-31,2017-10-02,8,8,0.036054988030065106,0.04097861214616315,-0.007409188235585488,-0.0034241501056777343,72.31677369198667,52.91092448720965,-0.0925650367324768,-1.4238705625706145,False,-1.5 to -0.5
819,2017-08-31,2017-09-01,2017-10-03,8,8,0.055579881901103315,0.050076310651487134,0.002699675276071839,0.0016352927373600072,70.73140371320935,52.91092448720965,-0.7757747132852828,-1.395819259673602,False,-1.5 to -0.5
820,2017-09-01,2017-09-04,2017-10-04,8,8,0.05644395696093999,0.008459200761451287,0.045157769454149954,0.022613066041641372,70.73140371320936,52.002084783319034,-0.8336876270257542,-1.349641754321533,False,-1.5 to -0.5
821,2017-09-04,2017-09-05,2017-10-05,8,8,0.043461186461670645,-0.01926685103447052,0.06205826944109055,0.030804273546684538,70.73140371320936,51.924383346899134,-0.5362827734126651,-1.262462659661026,False,-1.5 to -0.5
822,2017-09-05,2017-09-06,2017-10-06,8,8,0.0392847068652363,-0.02840394189348604,0.06776319140661527,0.033577122351543136,66.04131080514938,51.924383346899134,-0.7048759212008262,-1.1832529097558655,False,-1.5 to -0.5
823,2017-09-06,2017-09-08,2017-10-09,8,8,0.017161171338627153,-0.02587542906498341,0.04205671800962729,0.021062469729350167,66.04131080514938,53.468527157320565,-0.6881625912540513,-1.1078175930916778,False,-1.5 to -0.5
824,2017-09-08,2017-09-11,2017-10-10,8,8,0.00922994734031626,-0.02575653703944083,0.03461254237032993,0.01728382193404316,68.46012656142499,50.006919454553824,-0.039606448533966,-1.0098712594579184,False,-1.5 to -0.5
825,2017-09-11,2017-09-12,2017-10-11,8,8,0.01239679493557032,-0.027119806092604365,0.0391996684319719,0.019556043962620225,67.6266807839267,50.00691945455382,0.077737505200191,-0.8784797688381247,False,-1.5 to -0.5
826,2017-09-12,2017-09-13,2017-10-13,8,8,0.00749830108315052,-0.012770199035236506,0.01946557581553657,0.009828871832217229,66.04131080514938,50.66231645168986,0.3683755178607875,-0.7662987015804992,False,-1.5 to -0.5
827,2017-09-13,2017-09-14,2017-10-16,8,8,-0.01023095521731634,-0.019449105201367445,0.008079397177676998,0.004188534359647558,73.69727451748201,50.40906009400064,0.3815801333750506,-0.6284853538123386,False,-1.5 to -0.5
828,2017-09-14,2017-09-15,2017-10-17,8,8,-0.041388693275314276,-0.03274358337529067,-0.00956834062110688,-0.004709621052353739,73.15021946948497,49.01791236277695,-0.6033174493969726,-0.5414056549481928,False,-1.5 to -0.5
829,2017-09-15,2017-09-18,2017-10-18,8,8,-0.010257530156671961,-0.022498413349305003,0.011923337619086158,0.0060233644277941575,72.37226716733703,49.01791236277695,-0.8739433631426983,-0.5375906787072989,False,-1.5 to -0.5
830,2017-09-18,2017-09-19,2017-10-19,8,8,-0.005195886099238091,-0.011721599712123455,0.005898399510375365,0.003028918785759237,72.37226716733703,44.70068411533529,-0.0067892512679088,-0.492831396670204,False,-0.5 to +0.5
831,2017-09-19,2017-09-20,2017-10-20,8,8,-0.005480406102404737,-0.0003978466670924988,-0.005935134026793201,-0.002862671329979997,72.37226716733704,44.70068411533529,0.5408463204497593,-0.4370438109005142,False,-0.5 to +0.5
832,2017-09-20,2017-09-21,2017-10-23,8,8,-0.018048839360786287,-0.02358136136075407,0.0030308750231289876,0.0017535451998265598,73.92323942966597,50.95676023429854,1.4677778713519314,-0.3237075016025687,False,-0.5 to +0.5
833,2017-09-21,2017-09-22,2017-10-24,8,8,-0.0030396535809035746,-0.017092099212059612,0.012131492338338412,0.00625308248869456,70.90562059615979,48.6271044361267,1.8549233609956712,-0.1800663215379003,False,-0.5 to +0.5
834,2017-09-22,2017-09-25,2017-10-25,8,8,0.005802753700216151,0.030116506664891185,-0.026327480112810987,-0.012969030217370668,73.69877859810549,53.65334865598932,1.450894222210223,-0.0652077177645134,False,-0.5 to +0.5
835,2017-09-25,2017-09-26,2017-10-26,8,8,0.013199840446530978,-0.009006640711405958,0.020125533500973364,0.01026902847501243,70.90562059615979,49.89436998589056,0.8394950186838084,0.0205383440557434,False,-0.5 to +0.5
836,2017-09-26,2017-09-27,2017-10-27,8,8,0.049829996527653506,0.0034834123831076103,0.04394575482328513,0.022028314340622437,75.01265088429369,49.89436998589056,0.8343810026114357,0.1195509425749183,False,-0.5 to +0.5
837,2017-09-27,2017-09-28,2017-10-30,8,8,0.037552448864823666,-0.03661645084043689,0.07489748726240217,0.03704026126494908,75.01265088429369,50.147626343579795,0.666757898268689,0.1999013621069159,False,-0.5 to +0.5
838,2017-09-28,2017-09-29,2017-10-31,8,8,0.008654392748703844,-0.02225923861533691,0.030270927903052927,0.01520916946607082,68.73167994210375,47.03385253625949,0.4412761657566887,0.2479398868121397,False,-0.5 to +0.5
839,2017-09-29,2017-10-02,2017-11-01,8,8,-0.0017181366650613906,-0.0053804405899977375,0.002321182108041108,0.001371303934979914,68.73167994210375,49.62279452386071,0.208825599219731,0.2661912058417465,False,-0.5 to +0.5
840,2017-10-02,2017-10-03,2017-11-03,8,8,-0.023865415344595797,-0.06469304048712891,0.04165545313840848,0.02090792982990709,63.515634716807185,52.355345489759685,0.4683272042493689,0.3413079432790399,False,-0.5 to +0.5
841,2017-10-03,2017-10-04,2017-11-06,8,8,-0.03716378863932056,-0.07971457353636954,0.044517072511201655,0.022251308783152648,63.515634716807185,51.70254206521713,0.2547844122447587,0.4071303997199797,False,-0.5 to +0.5
842,2017-10-04,2017-10-05,2017-11-07,8,8,-0.05861465139106381,-0.1251387579242412,0.07296530942709305,0.03618626967388693,63.515634716807185,50.21555016396721,0.2268719291230529,0.4533441131711037,False,-0.5 to +0.5
843,2017-10-05,2017-10-06,2017-11-08,8,8,-0.04630696057092575,-0.10289397646855111,0.059308910440042634,0.02962379361272346,63.515634716807185,50.21555016396721,0.3309392765145642,0.516014655780083,False,+0.5 to +1.5
844,2017-10-06,2017-10-09,2017-11-09,8,8,-0.04382646010278383,-0.0746577612436658,0.03076400947133069,0.015562493700441073,63.515634716807185,49.536720040822516,0.8628919169157702,0.6096712719374321,False,+0.5 to +1.5
845,2017-10-09,2017-10-10,2017-11-10,8,8,-0.07212696254106046,-0.11091050203321486,0.04072417416210221,0.020471405573436845,63.51563471680719,49.53672004082252,0.7234574984033387,0.6557643280305725,False,+0.5 to +1.5
846,2017-10-10,2017-10-11,2017-11-13,8,8,-0.07024572197258187,-0.09603487731504225,0.025604538704057978,0.013038224483924696,63.515634716807185,49.53672004082252,0.919648087896455,0.7065618256300941,False,+0.5 to +1.5
847,2017-10-11,2017-10-13,2017-11-14,8,8,-0.07860566903063002,-0.11984635231122469,0.04293517893485004,0.021638172471894326,63.515634716807185,51.620570045686414,1.1007569787035056,0.7506984060317597,False,+0.5 to +1.5
848,2017-10-13,2017-10-16,2017-11-16,8,8,-0.042379588501903535,-0.07550059075128455,0.03327606554059194,0.016843791777560672,63.515634716807185,49.53672004082252,0.5868702442960689,0.7631300878141761,False,+0.5 to +1.5
849,2017-10-16,2017-10-17,2017-11-17,8,8,-0.011887072386664513,-0.03886366759295958,0.02599421634937475,0.013190875493772678,69.34591238915138,46.41442966367069,0.5721466764329999,0.8341292143322888,False,+0.5 to +1.5
850,2017-10-17,2017-10-18,2017-11-21,8,8,0.001029450367016878,-0.015482716823335336,0.015896026791280406,0.008106885789228833,63.515634716807185,47.35472904048455,0.2226168840977281,0.9003838393602996,False,+0.5 to +1.5
851,2017-10-18,2017-10-19,2017-11-22,8,8,-0.0007186581003148098,-0.015024672824629961,0.013069975992455043,0.006752793146604282,68.32929563453156,47.35472904048454,0.4676912780748899,0.9289794537837236,False,+0.5 to +1.5
852,2017-10-19,2017-10-20,2017-11-23,8,8,0.005724980312323206,-0.05740710484057175,0.06314960627378065,0.031533469826548616,68.32929563453158,49.97192743489906,0.3078561020126686,0.9148966425652024,False,+0.5 to +1.5
853,2017-10-20,2017-10-23,2017-11-24,8,8,0.01910393736110893,-0.020699359092481554,0.037221070013328035,0.01885184568333005,68.32929563453156,49.69858034706432,0.9054815857523631,0.8808358025207563,False,+0.5 to +1.5
854,2017-10-23,2017-10-24,2017-11-27,8,8,0.02105982860999839,-0.05123455756909717,0.07218515051580607,0.035959084381552785,68.32929563453156,49.69858034706432,0.9742358944682842,0.8274966946178742,False,+0.5 to +1.5
855,2017-10-24,2017-10-25,2017-11-28,8,8,0.022572935993322437,-0.06987454960565133,0.09575354913014844,0.047235163380663046,68.32929563453156,48.562420921910224,1.717140744214525,0.8430841843898281,False,+0.5 to +1.5
856,2017-10-25,2017-10-26,2017-11-29,8,8,0.0069602282437484,-0.08719402909198008,0.09922245421933236,0.0488998252424293,68.32929563453156,48.562420921910224,1.725377505228022,0.896209392144332,False,+0.5 to +1.5
857,2017-10-26,2017-10-27,2017-11-30,8,8,0.001632337313096319,-0.12325584870099424,0.13783354199615333,0.06721297233605085,68.32929563453156,48.515978034808185,1.5921930540476856,0.9417132553944818,False,+0.5 to +1.5
858,2017-10-27,2017-10-30,2017-12-01,8,8,0.015403772550408302,-0.11654611835064649,0.1466651437257678,0.07111554078846521,68.32929563453156,44.55818856876543,1.324826353448456,0.981289576361764,False,+0.5 to +1.5
859,2017-10-30,2017-10-31,2017-12-04,8,8,0.018647765867234913,-0.11805498196520234,0.1503425998587846,0.07307421503750641,70.49086168508406,49.26988453205186,0.8080207004012412,1.0033301066239195,False,+0.5 to +1.5
860,2017-10-31,2017-11-01,2017-12-05,8,8,0.023857407263312636,-0.11926626670921538,0.1573194226127364,0.07635876153067596,70.00411252943233,49.26988453205186,1.1702349193482922,1.0612461365920318,False,+0.5 to +1.5
861,2017-11-01,2017-11-03,2017-12-06,8,8,0.026691242095126477,-0.0734404833566083,0.10434222349598099,0.051348193989443416,70.49086168508406,51.18563280044132,1.3643721312051156,1.115139693981813,False,+0.5 to +1.5
862,2017-11-03,2017-11-06,2017-12-07,8,8,0.013726971851309574,-0.04371836541863725,0.056646109314482704,0.028353222973224276,70.49086168508404,53.20249942185421,0.7252114531523173,1.143317892105707,False,+0.5 to +1.5
863,2017-11-06,2017-11-07,2017-12-08,8,8,0.04609987063704365,-0.03092927195446744,0.07754798326770776,0.03832808328006216,70.49086168508404,49.935392752611236,0.1210820353714268,1.136684269090594,False,+0.5 to +1.5
864,2017-11-07,2017-11-08,2017-12-11,8,8,0.026001776982892,-0.058818381671656574,0.0876683935619449,0.043204562253840305,70.49086168508406,49.156151954946274,0.0561293319982536,1.1198800907751585,False,+0.5 to +1.5
865,2017-11-08,2017-11-09,2017-12-12,8,8,0.046100081354053565,-0.042528339543589165,0.09018851035868972,0.04441447598039778,69.64153882821998,49.156151954946274,0.9292969619434968,1.1236628735819028,False,+0.5 to +1.5
866,2017-11-09,2017-11-10,2017-12-13,8,8,0.05651590906885228,-0.03672064224572187,0.094797778751401,0.046586625142496944,69.64153882821998,50.47042364525869,0.9170295195647638,1.1351008077592375,False,+0.5 to +1.5
867,2017-11-10,2017-11-13,2017-12-14,8,8,0.045069241630287145,-0.03445137490417389,0.08013300189211818,0.039628300905253815,69.64153882821998,48.589087231129476,-0.1353703289246993,1.0713606272120275,False,+0.5 to +1.5
868,2017-11-13,2017-11-14,2017-12-15,8,8,0.07501407008022958,-0.012286102455701527,0.08593190039630086,0.04239892153989971,69.64153882821996,49.15615195494627,-0.2429956894557824,0.9903625264151104,False,+0.5 to +1.5
869,2017-11-14,2017-11-16,2017-12-18,8,8,0.0571196898926141,-0.028394622520914205,0.08558555885901646,0.04223849270744904,69.64153882821998,48.589087231129476,0.0697081760184035,0.9592040632120188,False,+0.5 to +1.5
870,2017-11-16,2017-11-17,2017-12-19,8,8,0.028409095350958206,-0.036953686800779297,0.06550305964447188,0.03255910131282786,69.64153882821996,50.03712610683458,0.3076817503252508,0.9432781175091092,False,+0.5 to +1.5
871,2017-11-17,2017-11-21,2017-12-20,8,8,0.01016611878034965,-0.04708560557792204,0.05749328112459635,0.02865594681548392,69.33864318054984,50.03712610683458,1.0113062955053091,0.990663735418442,False,+0.5 to +1.5
872,2017-11-21,2017-11-22,2017-12-21,8,8,0.060891494031798755,-0.028346222364780894,0.08933176214460084,0.044143373463093744,70.40312334357968,50.03712610683458,-0.1757254160487395,0.9519669180272377,False,+0.5 to +1.5
873,2017-11-22,2017-11-23,2017-12-22,8,8,0.0590520849630616,-0.04336677282389645,0.10480779992817776,0.05150268379905937,70.40312334357968,51.261884171541084,-0.3759339588966722,0.9109142347557824,False,+0.5 to +1.5
874,2017-11-23,2017-11-24,2017-12-26,8,8,0.07027292576414004,-0.03940444091031322,0.11207970156848847,0.05496376772522524,69.33864318054984,51.34803663667315,-0.6488890270591762,0.8176379103547109,False,+0.5 to +1.5
875,2017-11-24,2017-11-27,2017-12-27,8,8,0.06406381946878617,-0.017728574405365072,0.0819542950760009,0.04053810843242965,71.23176254730961,50.46895393637181,-2.1068998672290555,0.6328065203234807,False,+0.5 to +1.5
876,2017-11-27,2017-11-28,2017-12-28,8,8,0.07608010913724537,0.030231193522313692,0.043897683678760714,0.02200074550201867,71.60609878556915,54.08803320467647,-2.2746930378507977,0.3929954325489525,False,-0.5 to +0.5
877,2017-11-28,2017-11-29,2018-01-02,8,8,0.11955292003723214,0.05942146984875933,0.05596833653371939,0.027952759609120515,68.38514166868714,55.908396425995605,-2.550925348226511,0.1354410205487905,False,-0.5 to +0.5
878,2017-11-29,2017-11-30,2018-01-03,8,8,0.1353400046031027,0.07134112525052848,0.05904419540621494,0.029414814886291392,69.31899903461606,56.9619204689114,-2.7146339843832505,-0.1248563602961623,False,-0.5 to +0.5
879,2017-11-30,2017-12-01,2018-01-04,8,8,0.11855930155062226,0.08451683108474718,0.031422257176181245,0.015801705303557033,72.63982205525464,57.660756755508004,-1.656024818139319,-0.3056218487546397,False,-0.5 to +0.5
880,2017-12-01,2017-12-04,2018-01-05,8,8,0.10602231804396457,0.08361423031995112,0.020383836755018075,0.010370837917455097,72.96153218307815,55.73164022797593,-1.5485182053512794,-0.4489218351425116,False,-0.5 to +0.5
881,2017-12-04,2017-12-05,2018-01-08,8,8,0.10313752750268795,0.07768432879417882,0.02340448248253181,0.011843088522690544,71.53296711575416,54.31683751375101,-2.1452551035360305,-0.6506787170132213,False,-1.5 to -0.5
882,2017-12-05,2017-12-06,2018-01-09,8,8,0.08980854573170453,0.056100844792741016,0.03200166987760176,0.016069396922080825,71.53296711575416,56.34913497139474,-1.6550592661375252,-0.8345784688078818,False,-1.5 to -0.5
883,2017-12-06,2017-12-07,2018-01-10,8,8,0.1122313762345028,0.052530094896528996,0.05663513004830296,0.028134368968974654,72.90475279663345,59.720928024647144,-1.7621421839080769,-0.986440840082706,False,-1.5 to -0.5
884,2017-12-07,2017-12-08,2018-01-11,8,8,0.07455723927073299,0.05745717010617212,0.01611161720014349,0.008235365372012372,71.60818656268015,59.720928024647144,-1.9148137495955,-1.111081385011483,False,-1.5 to -0.5
885,2017-12-08,2017-12-11,2018-01-12,8,8,0.07912566294276084,0.08081985433078233,-0.001784815529069111,-0.0006698493782634952,70.07729609903761,60.27889742541507,-1.8403620691978853,-1.22721494079521,False,-1.5 to -0.5
886,2017-12-11,2017-12-12,2018-01-15,8,8,0.07137526406170606,0.07318066226593595,-0.0017363139895556013,-0.0005482352203080095,68.98677566419097,56.76952476168228,-1.4971622332784027,-1.3749386440208098,False,-1.5 to -0.5
887,2017-12-12,2017-12-13,2018-01-16,8,8,0.06658505751183318,0.0749163940786435,-0.008000293013342635,-0.0037928747989923925,71.85103019136054,58.43624852578721,-1.7700360413168688,-1.5383168693669529,False,< -1.5
888,2017-12-13,2017-12-14,2018-01-17,8,8,0.07356258120669648,0.07410211191807314,-0.000592028435644253,-7.552356770520542e-05,70.7605097565139,58.43624852578721,-0.5570509370742699,-1.563164179620583,False,< -1.5
889,2017-12-14,2017-12-15,2018-01-18,8,8,0.05962699167282153,0.08725164039963498,-0.02553936792259902,-0.012669174337435923,70.76050975651388,57.43135326109467,-0.368087825101996,-1.569814655585,False,< -1.5
890,2017-12-15,2017-12-18,2018-01-19,8,8,0.0532160966366277,0.08231094649386467,-0.026981004037481424,-0.013395867184708352,70.76050975651388,57.629154485225236,-0.8331127591058267,-1.6237475863016215,False,< -1.5
891,2017-12-18,2017-12-19,2018-01-22,8,8,0.0750575529590563,0.08473827753758248,-0.009080022835057051,-0.004372396765020927,70.76050975651388,57.43135326109467,-0.8551028255310209,-1.6930566896921535,False,< -1.5
892,2017-12-19,2017-12-20,2018-01-23,8,8,0.051106899529000396,0.06433606958229751,-0.01246825458216063,-0.00604948138734802,70.76050975651388,52.17602097243336,-0.2914140154033225,-1.7697242995089624,False,< -1.5
893,2017-12-20,2017-12-21,2018-01-24,8,8,0.03144581413519881,0.07001277658362323,-0.03635742009343953,-0.018234530901645635,70.7605097565139,52.17602097243336,-0.1073014933450117,-1.7635932295177303,False,< -1.5
894,2017-12-21,2017-12-22,2018-01-26,8,8,0.0388382920814764,0.07379387745396047,-0.03284985968847606,-0.01645786909734086,70.7605097565139,56.15482642834942,-0.1743025264591661,-1.7496127364148886,False,< -1.5
895,2017-12-22,2017-12-26,2018-01-29,8,8,0.025231240073016033,0.0883353718463123,-0.05872826116079741,-0.029690392144492466,70.7605097565139,51.67244758978949,-0.5694478835499187,-1.7434609535877823,False,< -1.5
896,2017-12-26,2017-12-27,2018-01-30,8,8,0.04136083796021508,0.0608854476790259,-0.018947126015369173,-0.009424183758801065,70.78308625941818,55.9624307211203,-0.6924660004100355,-1.657901778260667,False,< -1.5
897,2017-12-27,2017-12-28,2018-01-31,8,8,0.03209866656833756,0.0866951513568843,-0.05124992193779858,-0.02582147202442569,68.36626505932378,51.67244758978949,-0.4387467942095766,-1.547142962154857,False,< -1.5
898,2017-12-28,2018-01-02,2018-02-01,8,8,0.02614023779425428,0.07973145721088108,-0.05069249650027257,-0.025505078714792476,65.89523113445881,51.46085139850412,-0.7927738254910529,-1.4414992759330068,False,-1.5 to -0.5
899,2018-01-02,2018-01-03,2018-02-02,9,9,0.018321740838642988,0.046591982675334424,-0.027834487667802468,-0.013888003443849068,69.15033261196542,54.29993963215442,-1.2893071899241957,-1.3560227701038583,False,-1.5 to -0.5
900,2018-01-03,2018-01-04,2018-02-05,9,9,-0.0024080862917249383,0.00026586499142333106,-0.004503135651747122,-0.0020466339517884657,69.15033261196542,54.64204496884283,-0.931183927668206,-1.312214684798538,False,-1.5 to -0.5
901,2018-01-04,2018-01-05,2018-02-06,9,9,-0.007569364440475925,0.02979576755447707,-0.038497648030045295,-0.019202406891486376,70.61371102666176,54.10463150821952,-1.3456200312628237,-1.2999662236437737,False,-1.5 to -0.5
902,2018-01-05,2018-01-08,2018-02-07,9,9,-0.008195237557314203,0.025753989886903462,-0.03489352679433136,-0.017416147380478104,68.8781037485683,54.78458493682233,-1.6713827856230763,-1.2715208141823853,False,-1.5 to -0.5
903,2018-01-08,2018-01-09,2018-02-08,9,9,-0.011024028618395753,0.01755428382891775,-0.029643375688206117,-0.014782295173656262,68.8781037485683,56.17230959246703,-2.1240440936960607,-1.2999286298349706,False,-1.5 to -0.5
904,2018-01-09,2018-01-10,2018-02-09,9,9,-0.015975704065810076,0.021016173283132097,-0.03776744830646319,-0.018901325158236566,68.8781037485683,57.47942269846557,-0.7780785242486382,-1.2403490532163295,False,-1.5 to -0.5
905,2018-01-10,2018-01-11,2018-02-14,9,9,-0.012729106344438369,0.03143710760691746,-0.04440485524341265,-0.02231828904186094,67.87753366588869,55.992227903748656,-0.6981275849934822,-1.166721798084846,False,-1.5 to -0.5
906,2018-01-11,2018-01-12,2018-02-15,9,9,-0.00513248935506822,0.02920372908054255,-0.03498328492717104,-0.017495916402272414,67.87753366588869,57.47942269846557,-1.1724747141371146,-1.1262930501931538,False,-1.5 to -0.5
907,2018-01-12,2018-01-15,2018-02-16,9,9,-0.01621675621471921,0.017016620634707765,-0.03357002450056929,-0.016816859923094923,71.86096511930106,53.911860030607926,-0.7669539908819877,-1.0820037030522078,False,-1.5 to -0.5
908,2018-01-15,2018-01-16,2018-02-19,9,9,0.017926736643695852,0.04523429074402063,-0.02805170441122624,-0.013935667724506903,72.75009125515741,57.67431831580284,-0.7361147756769996,-1.019324190375544,False,-1.5 to -0.5
909,2018-01-16,2018-01-17,2018-02-20,9,9,0.018004332217565745,0.04896169908901467,-0.031085887094146242,-0.015495461954233946,72.75009125515741,54.10675564794519,-0.6643384369690705,-1.0257631322447798,False,-1.5 to -0.5
910,2018-01-17,2018-01-18,2018-02-21,9,9,0.026979204348772275,0.05663335855953534,-0.03010025566675059,-0.014955901890508428,72.75009125515741,57.67431831580284,-0.804502645085907,-1.0521257579562644,False,-1.5 to -0.5
911,2018-01-18,2018-01-19,2018-02-22,9,9,0.021578668671792686,0.0686347244399552,-0.04653788214066743,-0.023291368376804775,72.75009125515741,57.70893010129308,-1.1543221570907132,-1.0714608448592688,False,-1.5 to -0.5
912,2018-01-19,2018-01-22,2018-02-23,9,9,0.02046205238776687,0.08579715072300725,-0.0617690167998245,-0.03120849052440067,72.75009125515741,57.41434768861896,-1.118322131210165,-1.087280071600237,False,-1.5 to -0.5
913,2018-01-22,2018-01-23,2018-02-26,9,9,-0.022245424798084796,0.07151989084492967,-0.08893555893635913,-0.04534170368777053,69.9259625757643,55.40643786514541,-1.29544174642286,-1.147925140059367,False,-1.5 to -0.5
914,2018-01-23,2018-01-24,2018-02-27,9,9,-0.03589300344542537,0.04292756058370507,-0.07668694684386133,-0.038952245889390856,69.03683643990794,54.16423913663855,-1.0411216040722828,-1.204247631421408,False,-1.5 to -0.5
915,2018-01-24,2018-01-26,2018-02-28,9,9,-0.04939026962773259,0.011015709405692048,-0.060615635279368835,-0.030649341141891263,69.03683643990794,54.16423913663856,-0.1740908298733783,-1.2039525730082337,False,-1.5 to -0.5
916,2018-01-26,2018-01-29,2018-03-01,9,9,-0.055159123309313475,0.01836922605070688,-0.07365712420479464,-0.037299475703651684,69.03683643990796,56.48832526297069,0.2337532721556335,-1.1551410331274994,False,-1.5 to -0.5
917,2018-01-29,2018-01-30,2018-03-02,9,9,-0.0368637252382894,0.04225798045757189,-0.07707850827909135,-0.03911066366314261,71.1218202837594,55.23480498179012,0.717673385679017,-1.069785648410017,False,-1.5 to -0.5
918,2018-01-30,2018-01-31,2018-03-05,9,9,-0.03056937152650513,0.028561020386784382,-0.05825951541866054,-0.02940746994313488,69.40581294468888,48.288048334409694,0.5240979707589747,-1.0115898389016564,False,-1.5 to -0.5
919,2018-01-31,2018-02-01,2018-03-06,9,9,-0.056813495620450453,0.007975149224645928,-0.06502785218043336,-0.03284388224173683,69.40581294468888,48.83131056086636,0.7865281933173848,-0.9163029271319368,False,-1.5 to -0.5
920,2018-02-01,2018-02-02,2018-03-07,9,9,-0.040592333456931265,0.012456636256789779,-0.05312929394626089,-0.02674911235603982,66.86780803807285,49.41599323929904,0.2307576833553544,-0.8247364505954318,False,-1.5 to -0.5
921,2018-02-02,2018-02-05,2018-03-08,9,9,-0.04326959247921258,0.04431628579198888,-0.08482945508678325,-0.04312313286631929,67.41115986114691,48.09445421187766,-0.2822818264336355,-0.7857615400370568,False,-1.5 to -0.5
922,2018-02-05,2018-02-06,2018-03-09,9,9,-0.03662513205185898,0.03578448620020644,-0.07070787650358798,-0.03580454616838231,67.4111598611469,50.682449549873,-0.3606210113779094,-0.7265163857719634,False,-1.5 to -0.5
923,2018-02-06,2018-02-07,2018-03-12,9,9,-0.0050365317501420235,0.0665223166142458,-0.06828485318855218,-0.03450617522217522,69.74672094615244,48.00186161928507,0.5007700282223075,-0.5956093423700763,False,-1.5 to -0.5
924,2018-02-07,2018-02-08,2018-03-13,9,9,0.0034730565187840266,0.08445387131395646,-0.07584903994871933,-0.03842434328518271,69.74672094615245,48.07574835497737,1.0872643975214988,-0.4018519119386528,False,-0.5 to +0.5
925,2018-02-08,2018-02-09,2018-03-14,9,9,-0.0021299452460399027,0.08967737190807631,-0.08545217572259652,-0.043417146390158944,67.41115986114691,48.00186161928507,0.9941795487565724,-0.2949116765117248,False,-0.5 to +0.5
926,2018-02-09,2018-02-14,2018-03-15,9,9,-0.01456031859958599,0.050373941851331344,-0.06289852430543492,-0.03171817429912863,71.32463658497154,48.00186161928507,0.6956448110316894,-0.2107633058423062,False,-0.5 to +0.5
927,2018-02-14,2018-02-15,2018-03-16,9,9,-0.03705000460554944,0.04988437520572491,-0.0839478947480056,-0.04266819232425922,69.5714482506721,47.5324861285207,1.2792494441076692,-0.0625510400463237,False,-0.5 to +0.5
928,2018-02-15,2018-02-16,2018-03-19,9,9,-0.003665701664916537,0.043093482518769384,-0.0458183957090279,-0.02294623846753583,69.74672094615244,48.00186161928507,1.3783115033583302,0.0672390328339756,False,-0.5 to +0.5
929,2018-02-16,2018-02-19,2018-03-20,9,9,-0.02737439618417185,0.030938847183764637,-0.05793798567248706,-0.029142388455795292,69.74672094615244,45.28595375143276,1.181894096789278,0.1834426887584257,False,-0.5 to +0.5
930,2018-02-19,2018-02-20,2018-03-21,9,9,-0.057328130390711746,0.03024086568787376,-0.08594231745243865,-0.043705439382173514,69.5714482506721,48.00186161928507,1.2284760311455514,0.2982338074669692,False,-0.5 to +0.5
931,2018-02-20,2018-02-21,2018-03-22,9,9,-0.04020197490660029,0.003931834068793436,-0.04493883206321054,-0.02251046103693739,71.32463658497154,45.28595375143276,1.948575882035653,0.4652902976923171,False,-0.5 to +0.5
932,2018-02-21,2018-02-22,2018-03-23,9,9,-0.04089600999410249,-0.014168813259941643,-0.027886575363436035,-0.013844722820913492,74.44501424229365,45.28595375143276,1.6494967064190726,0.635725111709516,False,+0.5 to +1.5
933,2018-02-22,2018-02-23,2018-03-26,9,9,-0.0510079415894495,-0.008168080342430236,-0.044197493830108486,-0.02199658953687649,73.48481847098677,46.873916714395726,2.018971368175814,0.8265998584899875,False,+0.5 to +1.5
934,2018-02-23,2018-02-26,2018-03-27,9,9,-0.056145486151936555,-0.011197749478262691,-0.046752926327906785,-0.02325325536569826,75.77139685084947,46.87391671439572,1.21594120142742,0.9795138742845916,False,+0.5 to +1.5
935,2018-02-26,2018-02-27,2018-03-28,9,9,-0.05124391213172087,-0.003105152886577023,-0.04947869815426988,-0.024802539224482355,70.56798104347463,46.87391671439572,1.4262522491992329,1.1297023294086994,False,+0.5 to +1.5
936,2018-02-27,2018-02-28,2018-03-29,9,9,-0.03949084213290696,0.03641393813531318,-0.07446603976972647,-0.03771903238972925,71.8580266305348,42.95455599764938,2.182814787166249,1.2731092983912666,False,+0.5 to +1.5
937,2018-02-28,2018-03-01,2018-04-02,9,9,-0.04524051152499794,0.0008364825295800844,-0.04657217099969057,-0.023411344814372462,72.10945315728812,47.130514298607686,1.856001670351716,1.3717364883551426,False,+0.5 to +1.5
938,2018-03-01,2018-03-02,2018-04-03,9,9,-0.050960500561167445,0.004494279615141101,-0.0562261093723224,-0.028199388870817885,75.77139685084947,42.95455599764938,1.4756291600693,1.4176303115743576,False,+0.5 to +1.5
939,2018-03-02,2018-03-05,2018-04-04,9,9,-0.04897416432193573,0.003874997877387756,-0.05365078428548945,-0.026898765670473408,75.48352679909051,42.95455599764938,1.976062417061562,1.505763082290005,True,> +1.5
940,2018-03-05,2018-03-06,2018-04-05,9,9,-0.025916607511629317,0.004218300345136884,-0.030936937394342286,-0.015298861704449877,75.73495332584383,42.954555997649386,1.3630947413987584,1.540391036430713,False,> +1.5
941,2018-03-06,2018-03-07,2018-04-06,9,9,-0.03484473483983565,0.008275716972655703,-0.04365334958444523,-0.021887931484496914,72.10945315728812,42.95455599764938,1.873520299856671,1.6397725090217696,False,> +1.5
942,2018-03-07,2018-03-08,2018-04-09,9,9,-0.022989855936533667,-0.015120536896558066,-0.009005562226348804,-0.004223843595588417,75.73495332584383,45.201088374737324,1.4653479697800875,1.7449112384114545,False,> +1.5
943,2018-03-08,2018-03-09,2018-04-10,9,9,-0.025693004567416678,-0.030344393859034265,0.003922377063842936,0.0022540735399609684,75.73495332584385,46.27329797583581,0.7171479050348819,1.8085377699906156,False,> +1.5
944,2018-03-09,2018-03-12,2018-04-11,9,9,-0.019035042375660585,-0.036828629162130165,0.017771848905809986,0.009108559166917433,79.735369940517,46.27329797583581,1.568677550847333,1.871862069579591,False,> +1.5
945,2018-03-12,2018-03-13,2018-04-12,9,9,-0.014336439356514685,-0.024466422247228888,0.009935190972588373,0.005167029515102541,76.77884070661847,45.79308192645309,1.7498694355901094,1.910659238554392,False,> +1.5
946,2018-03-13,2018-03-14,2018-04-13,9,9,-0.007930840530114398,-0.027832635273711923,0.01987966051923678,0.010135463884060735,75.48352679909051,45.793081926453084,1.8381071385000527,1.9602775315405745,False,> +1.5
947,2018-03-14,2018-03-15,2018-04-16,9,9,-0.009400761585768724,-0.029159854688610588,0.019542583885463927,0.009967319399271021,75.48352679909051,45.10096864878426,1.1117579808187392,1.9833038841406376,False,> +1.5
948,2018-03-15,2018-03-16,2018-04-17,9,9,0.0072083456863845305,-0.00922280257288078,0.015347324004658219,0.00794931191613627,76.50718755191795,43.85040568294352,0.6194710415888541,1.9412832035774523,False,> +1.5
949,2018-03-16,2018-03-19,2018-04-18,9,9,0.007384182158738855,0.014759326176289287,-0.008704896559679768,-0.0040797556326894625,75.48352679909051,44.978350587832864,0.343198593919827,1.8768138275737585,False,> +1.5
950,2018-03-19,2018-03-20,2018-04-19,9,9,0.019362432536110984,0.004571429801182012,0.013438376244021128,0.006931550890172398,75.48352679909051,44.978350587832864,0.9998802033653736,1.86429054421708,False,> +1.5
951,2018-03-20,2018-03-21,2018-04-20,9,9,-0.0032713993568460765,-0.0014160209388616937,-0.0032876529161780512,-0.0014327072152879971,76.7788407066185,43.85040568294352,1.1354182370181491,1.857263804115605,False,> +1.5
952,2018-03-21,2018-03-22,2018-04-23,9,9,0.006006863439022595,-0.00927772717427947,0.014575930218193627,0.0074081778843855615,75.82199972020233,45.10096864878425,0.7321939803891995,1.782955448780195,False,> +1.5
953,2018-03-22,2018-03-23,2018-04-24,9,9,0.012671528050703975,-0.011193024200134625,0.023210634462877335,0.011683833922897386,75.82199972020233,45.10096864878426,2.2256836238934383,1.816974467311721,False,> +1.5
954,2018-03-23,2018-03-26,2018-04-25,9,9,0.006977310851617249,-0.012854682421980878,0.019211000465870216,0.00971373060871076,75.82199972020233,46.864281981542035,2.6351076888886835,1.8537164681645104,False,> +1.5
955,2018-03-26,2018-03-27,2018-04-26,9,9,0.010340635283108175,0.008299464701730009,0.000852425880189392,0.0006071424974081326,76.77884070661848,46.86428198154204,3.0098502873893875,1.961108293106036,False,> +1.5
956,2018-03-27,2018-03-28,2018-04-27,9,9,0.031053846314725138,0.005415088900849407,0.024594301761035494,0.0123829985850201,75.82199972020233,47.36753747090863,2.829695413327624,2.045047845345678,False,> +1.5
957,2018-03-28,2018-03-29,2018-04-30,9,9,0.01254207390145562,-0.020785190394944454,0.0330553657335581,0.016576581394920378,73.11689701305714,44.19533287509293,2.7691485861125065,2.080244438009657,False,> +1.5
958,2018-03-29,2018-04-02,2018-05-02,9,9,0.02744921871790086,-0.03315993639717812,0.06103536708804811,0.030293119607091128,73.11689701305714,44.19533287509293,2.5016279732531057,2.118613284525521,False,> +1.5
959,2018-04-02,2018-04-03,2018-05-03,9,9,0.047089309829669634,-0.06328079748823386,0.11547231511442704,0.05646296799451021,77.73903647792537,46.13800911860251,1.4630971039974967,2.11617869117972,False,> +1.5
960,2018-04-03,2018-04-04,2018-05-04,9,9,0.024269376167810396,-0.07172457831658796,0.10157011085840488,0.04982792543664483,71.57542489924364,46.13800911860251,1.6671796056285793,2.096477420877682,False,> +1.5
961,2018-04-04,2018-04-05,2018-05-07,9,9,0.00627496621905702,-0.07881789763787259,0.09052256541162382,0.04453785121265346,71.57542489924364,46.13800911860251,2.3718993999665945,2.1561537222183285,False,> +1.5
962,2018-04-05,2018-04-06,2018-05-08,9,9,-0.003975040859366852,-0.06955912117916595,0.06863805886131337,0.03397875377444847,73.15334053806276,46.138009118602504,1.3724657028796818,2.1244798807602296,False,> +1.5
963,2018-04-06,2018-04-09,2018-05-09,9,9,0.0024090140058380533,-0.03845960670874521,0.04091926442217416,0.020468412421239243,73.15334053806276,46.61822516798522,1.0237884181462564,2.095940601465032,False,> +1.5
964,2018-04-09,2018-04-10,2018-05-10,9,9,0.008242584007612342,-0.03684071375843735,0.04524870609504018,0.02258916008676359,73.15334053806276,46.61822516798523,1.777998644659175,2.1576660107604244,False,> +1.5
965,2018-04-10,2018-04-11,2018-05-11,9,9,-0.01034992315518823,-0.055202693130246915,0.04579903661380554,0.022859056029660416,73.15334053806276,46.61822516798522,1.988520536205081,2.181479007897918,False,> +1.5
966,2018-04-11,2018-04-12,2018-05-14,9,9,-0.03798316210509399,-0.07467925545795744,0.03790619953277208,0.018979949034748138,73.15334053806276,46.61822516798523,1.3174791463935875,2.1538043578756128,False,> +1.5
967,2018-04-12,2018-04-13,2018-05-15,9,9,-0.040487188419440594,-0.0628313611269869,0.022300359588011496,0.011271451715117111,73.15334053806275,46.61822516798523,1.2313745599473478,2.115873855792035,False,> +1.5
968,2018-04-13,2018-04-16,2018-05-16,9,9,-0.016857272019608648,-0.03423122189133695,0.016451494623029236,0.008374849918017303,73.15334053806276,46.61822516798522,1.6198524316319003,2.144416194345664,False,> +1.5
969,2018-04-16,2018-04-17,2018-05-17,9,9,-0.03907436548635424,-0.0778951550203129,0.04039087130879439,0.020201088208602225,70.86676215820006,47.36938717470278,2.1321060657299897,2.232669403523322,False,> +1.5
970,2018-04-17,2018-04-18,2018-05-18,9,9,-0.04851033590347594,-0.0926147496688319,0.04712419679324216,0.02347833265837233,70.86676215820006,47.36938717470278,1.3216929681208456,2.287633621732169,False,> +1.5
971,2018-04-18,2018-04-19,2018-05-21,9,9,-0.03579223533737797,-0.09477038267971534,0.06366524951515233,0.03158936058397278,70.86676215820006,46.61822516798522,2.083840997430377,2.3496199820497075,False,> +1.5
972,2018-04-19,2018-04-20,2018-05-22,9,9,-0.03527152229411596,-0.06364205151801511,0.02893198497578138,0.014560264354221766,73.15334053806276,47.27679458211019,2.314550502536066,2.417164312758924,False,> +1.5
973,2018-04-20,2018-04-23,2018-05-23,9,9,-0.05856869277104699,-0.0834996248445621,0.025690444966497004,0.01295389269007741,73.15334053806276,47.27679458211019,1.5358256266703276,2.460851862445622,False,> +1.5
974,2018-04-23,2018-04-24,2018-05-24,9,9,-0.04151181835549575,-0.06920978304097847,0.02757279434695138,0.01395671942046451,72.15521987271987,47.36938717470278,1.7588289500536392,2.4308081605466296,False,> +1.5
975,2018-04-24,2018-04-25,2018-05-25,9,9,-0.0568948049202756,-0.07998113810448315,0.022924255929778047,0.011658643756959651,72.15521987271987,47.36938717470279,1.3373006150373798,2.3518929144015317,False,> +1.5
976,2018-04-25,2018-04-26,2018-05-28,9,9,-0.09364116716384244,-0.14062434928469159,0.05173590604088848,0.0258739272236879,72.15521987271985,48.497332079592134,1.7380684249208165,2.275619090828035,False,> +1.5
977,2018-04-26,2018-04-27,2018-05-29,9,9,-0.09534813154246562,-0.11879185085568074,0.024720716511841635,0.01251012273599896,72.15521987271987,47.36938717470279,2.0064619365489724,2.2260128147663267,False,> +1.5
978,2018-04-27,2018-04-30,2018-05-30,9,9,-0.07362659049199777,-0.09017992521482442,0.016865234750330325,0.008605420726397611,76.93368199406132,48.01533941732036,1.9081050465818072,2.1741014830743546,False,> +1.5
979,2018-04-30,2018-05-02,2018-06-01,9,9,-0.05989356505745775,-0.058743394274558644,-0.0017009137009766113,-0.0006961876011745533,76.93368199406132,50.61445113442262,1.4345883819992795,2.109564059292224,False,> +1.5
980,2018-05-02,2018-05-03,2018-06-04,9,9,-0.043623569201324305,-0.03356243982666088,-0.01089027179717013,-0.0052605682536589924,76.21809246257168,49.89605247114528,0.2067917347065591,2.0326114354449474,False,> +1.5
981,2018-05-03,2018-05-04,2018-06-05,9,9,-0.06754002744491386,-0.03803850992263181,-0.031135556648053644,-0.015537657506992337,76.21809246257168,47.99195263140807,0.3570839026585971,1.9532401431773407,False,> +1.5
982,2018-05-04,2018-05-07,2018-06-06,9,9,-0.05773878464415787,-0.04916050945456609,-0.009713746159719738,-0.004788935162794513,73.29702295657597,46.09171217391472,0.0048157457966854,1.812290745371994,False,> +1.5
983,2018-05-07,2018-05-08,2018-06-07,9,9,-0.0903318856729794,-0.08880518670708809,-0.0019434557796902516,-0.0008938009106602682,73.29702295657597,46.25674763123615,0.727976117088897,1.7731577929109643,False,> +1.5
984,2018-05-08,2018-05-09,2018-06-08,9,9,-0.07117741280705889,-0.08510250756455932,0.015022054538220865,0.007639853376856002,73.29702295657597,46.25674763123615,0.2124658697494353,1.7239978014625452,False,> +1.5
985,2018-05-09,2018-05-10,2018-06-11,9,9,-0.07405748800085712,-0.11925186723702658,0.049598080779132865,0.02476075670349152,73.29702295657597,43.845312975576434,0.4833573483906234,1.6471454253947495,False,> +1.5
986,2018-05-10,2018-05-11,2018-06-12,9,9,-0.07499691992105786,-0.08038268934236371,0.0063691216429103276,0.0034320894435160404,76.43816647159062,46.477977393964444,0.4706899277617851,1.5575086056739662,False,> +1.5
987,2018-05-11,2018-05-14,2018-06-13,9,9,-0.03095885338166918,-0.07767901244281522,0.051495870343601695,0.02559749666596986,75.45943328380257,47.22386395818843,-0.5510059818375629,1.4469173432733604,False,+0.5 to +1.5
988,2018-05-14,2018-05-15,2018-06-14,9,9,-0.048884078309248936,-0.09016757448735378,0.04704347769205535,0.02356821077491947,73.11852679114865,46.45587385359201,0.24956541383076,1.3889390283162255,False,+0.5 to +1.5
989,2018-05-15,2018-05-16,2018-06-15,9,9,-0.07931148034711777,-0.07573038054837848,-0.0030713085410050485,-0.001054997424278804,73.11852679114864,48.96591692190475,0.032028259973204,1.295634212291621,False,+0.5 to +1.5
990,2018-05-16,2018-05-17,2018-06-18,9,9,-0.060655180772761025,-0.0659999509890648,0.006113026927680095,0.003574724239997898,71.81257184284385,48.96591692190475,0.5840546615686805,1.2050921124108365,False,+0.5 to +1.5
991,2018-05-17,2018-05-18,2018-06-19,9,9,-0.03502872281206236,-0.057958784146349314,0.02542602899400996,0.013375890644086506,75.88987758009748,54.13705684231327,1.037530379689539,1.1885620552508356,False,+0.5 to +1.5
992,2018-05-18,2018-05-21,2018-06-20,9,9,-0.038978306101532766,-0.0461339222511729,0.008170387397611962,0.004529758750686147,71.81257184284385,50.866157379398096,0.2709750567409348,1.0823819640494463,False,+0.5 to +1.5
993,2018-05-21,2018-05-22,2018-06-21,9,9,-0.09274649963721397,-0.05997505089723658,-0.033845852166829817,-0.016348145676074406,76.17589421468836,50.86615737939809,0.29952080389886,0.964318527880223,False,+0.5 to +1.5
994,2018-05-22,2018-05-23,2018-06-22,9,9,-0.06337525296266498,-0.04210649996905711,-0.021729108976481445,-0.01043871234891686,73.19639015643445,48.96591692190474,0.5904198984183023,0.9088756249374644,False,+0.5 to +1.5
995,2018-05-23,2018-05-24,2018-06-25,9,9,-0.05262174940357654,-0.02273926628037931,-0.03028110993053023,-0.014654737113261635,73.19639015643445,44.56795356730855,0.933356784504844,0.8604477473385266,False,+0.5 to +1.5
996,2018-05-24,2018-05-25,2018-06-26,9,9,-0.03731984328718636,-0.011363660825196522,-0.02598151564550376,-0.012474372320967387,73.19639015643446,44.56795356730855,0.7967560297427442,0.828698754520783,False,+0.5 to +1.5
997,2018-05-25,2018-05-28,2018-06-27,9,9,-0.013176429453272053,0.0034338707253365576,-0.016662076334285486,-0.007611379185620454,72.03775646811988,45.74906898020226,0.6769055101070709,0.7662959393384423,False,+0.5 to +1.5
998,2018-05-28,2018-05-29,2018-06-28,9,9,-0.023140614723364764,0.024784544875938848,-0.04699658077135486,-0.023122453861523277,72.90916850076316,45.88916034627844,-0.1214010844111276,0.6410767840728302,False,+0.5 to +1.5
999,2018-05-29,2018-05-30,2018-06-29,9,9,-0.034860448416156875,0.02050685373674639,-0.054896669485923116,-0.026941657904589397,69.5826409791918,50.54527129145506,-0.1844926110550281,0.5177727658546615,False,+0.5 to +1.5
1000,2018-05-30,2018-06-01,2018-07-02,9,9,-0.05852282692544054,0.011605979668605684,-0.06978776616565426,-0.03469785788934014,69.31501757580307,52.39018694419491,0.3001728728407739,0.4507435103415135,False,-0.5 to +0.5
1001,2018-06-01,2018-06-04,2018-07-03,9,9,-0.06467130285827559,0.0065731716397190365,-0.07066251347140931,-0.03536634120899935,71.26733740739968,47.82146278317255,0.2642450049817635,0.4541850763391645,False,-0.5 to +0.5
1002,2018-06-04,2018-06-05,2018-07-04,9,9,-0.03355031107748536,-0.000984805698225891,-0.03263861235639357,-0.01607218334813094,70.97846443809686,47.03187645836903,-0.076994818224632,0.4286926689877923,False,-0.5 to +0.5
1003,2018-06-05,2018-06-06,2018-07-05,9,9,0.0038237028056062297,0.004949440566912831,-0.0019472250654334756,-0.00032119299239741,70.44659847308132,47.18038269688946,-0.2583478249792381,0.4133949396672495,False,-0.5 to +0.5
1004,2018-06-06,2018-06-07,2018-07-06,9,9,0.05382573006921685,0.0387503127323847,0.012972345231335697,0.007107754844472778,70.44659847308132,52.39018694419491,0.4256800079973722,0.3954657086346833,False,-0.5 to +0.5
1005,2018-06-07,2018-06-08,2018-07-10,9,9,0.031148345273409983,0.05963911470902148,-0.028581968695070997,-0.013856269358169818,70.44659847308131,49.552474942831644,0.7627668672571369,0.4278300370106071,False,-0.5 to +0.5
1006,2018-06-08,2018-06-11,2018-07-11,9,9,0.02220412109508312,0.03989956206865833,-0.01856964483204326,-0.008840629975427878,71.0712430090183,49.552474942831644,0.551926423047044,0.4317962059034368,False,-0.5 to +0.5
1007,2018-06-11,2018-06-12,2018-07-12,9,9,0.030244380738977696,0.033455602771956264,-0.0048443520786641825,-0.0018685138086488935,73.19430720137747,46.26813161632543,0.3876908890002642,0.4268674788853343,False,-0.5 to +0.5
1008,2018-06-12,2018-06-13,2018-07-13,9,9,0.05632766103252697,0.03607475576777729,0.01794351272281292,0.009543049101938901,71.09304249435891,49.55247494283164,0.4087803099623852,0.4836463826804293,False,-0.5 to +0.5
1009,2018-06-13,2018-06-14,2018-07-16,9,9,0.09282696339463116,0.04056399009068809,0.04874192136483305,0.02462379940266026,71.68326809771719,49.55247494283164,0.1641049577885077,0.4786806570243758,False,-0.5 to +0.5
1010,2018-06-14,2018-06-15,2018-07-17,9,9,0.11858880946265533,0.029104364175690182,0.08609036607129263,0.0425994140246402,71.68326809771719,49.552474942831644,0.783073670527038,0.5229407879312218,False,+0.5 to +1.5
1011,2018-06-15,2018-06-18,2018-07-18,9,9,0.1258693435663027,0.02820664742509564,0.09410054671095071,0.046429949881736446,71.68326809771719,49.55247494283164,0.877304116922643,0.5400826483568878,False,+0.5 to +1.5
1012,2018-06-18,2018-06-19,2018-07-19,9,9,0.10818254531744578,0.031042462732736968,0.07442099746018004,0.03691515392159094,66.35163873299261,49.55247494283164,0.9438067360016626,0.5343086696728814,False,+0.5 to +1.5
1013,2018-06-19,2018-06-20,2018-07-20,9,9,0.08702463000594209,0.014064669863117878,0.07063669427327307,0.03522690062484475,66.08981043647877,49.55247494283164,1.444620998899649,0.6033403472343267,False,+0.5 to +1.5
1014,2018-06-20,2018-06-21,2018-07-23,9,9,0.101960056365175,0.0020543678638437783,0.09860424073637084,0.04858363650184051,75.96669834990892,49.552474942831644,0.8546851834232568,0.6360558598673839,False,+0.5 to +1.5
1015,2018-06-21,2018-06-22,2018-07-24,9,9,0.12058360873412326,0.007698385110901614,0.11065076672544517,0.054362259078826664,64.79010570713376,49.552474942831644,0.9593975281076323,0.6577237065976709,False,+0.5 to +1.5
1016,2018-06-22,2018-06-25,2018-07-25,9,9,0.08301762990405903,0.011702405430972963,0.06885875459817313,0.03428201629803942,65.97523238021671,49.55247494283164,1.3159306743146957,0.6800890224665358,False,+0.5 to +1.5
1017,2018-06-25,2018-06-26,2018-07-26,9,9,0.0737131931613657,0.01151721399399389,0.06050250934981703,0.030186957861734837,63.79058195877641,52.39018694419491,1.4897291601509135,0.7208063649970203,False,+0.5 to +1.5
1018,2018-06-26,2018-06-27,2018-07-27,9,9,0.11667402337590842,0.031929970957385756,0.0815304085692477,0.04031954623959589,61.988049357117525,49.10584361768869,1.314512331561225,0.7583523979128536,False,+0.5 to +1.5
1019,2018-06-27,2018-06-28,2018-07-30,9,9,0.08378407738154844,0.006453679160057218,0.0758068447616221,0.037551483393408205,63.79058195877641,49.195687963664255,2.070191230303501,0.8877450246278602,False,+0.5 to +1.5
1020,2018-06-28,2018-06-29,2018-07-31,9,9,0.0558998946193962,-0.009358844539044021,0.06483893895758702,0.03224951864032855,63.79058195877641,49.195687963664255,1.5071530765205667,0.9877513480308197,False,+0.5 to +1.5
1021,2018-06-29,2018-07-02,2018-08-01,9,9,0.08832041632704381,0.004207258171031916,0.08265512530084179,0.04086186043142324,68.56056097519344,49.195687963664255,1.0562071806900588,1.03240926410964,False,+0.5 to +1.5
1022,2018-07-02,2018-07-03,2018-08-02,9,9,0.07939430016931254,0.060442590138624644,0.01782949683110011,0.009144672082602426,63.553223031732905,48.686651711152166,-0.2165140125594052,1.0039290720850158,False,+0.5 to +1.5
1023,2018-07-03,2018-07-04,2018-08-03,9,9,0.06695402057033167,0.061775816497568053,0.004584279380238403,0.002493059027074655,63.021357066717364,48.68665171115217,0.0853550653906423,1.0134895940856383,False,+0.5 to +1.5
1024,2018-07-04,2018-07-05,2018-08-06,9,9,0.05796726344214175,0.05729476707606223,0.0003855546379668538,0.00036923448630951763,63.06626178905414,48.686651711152166,-0.0222925551037562,1.0273897290531102,False,+0.5 to +1.5
1025,2018-07-05,2018-07-06,2018-08-07,9,9,0.04908999387254158,0.04989348919143839,-0.001031620036625022,-0.0003093637367333721,63.021357066717364,48.68665171115217,-0.2159417950942624,0.9894652482705169,False,+0.5 to +1.5
1026,2018-07-06,2018-07-10,2018-08-08,9,9,0.02609868747723515,0.02850109867305385,-0.002308160537765237,-0.0009581598928888878,61.34707581711339,48.68665171115217,0.687542819382115,0.9850058187526872,False,+0.5 to +1.5
1027,2018-07-10,2018-07-11,2018-08-09,9,9,0.03667082300227201,0.0529451200097445,-0.015396169343878493,-0.0075193970129578125,63.021357066717364,45.75909536381333,-0.1617552077752208,0.942897789911851,False,+0.5 to +1.5
1028,2018-07-11,2018-07-12,2018-08-10,9,9,-0.005620148409070461,0.036094941573463005,-0.040175719447784204,-0.020094408445746323,61.34707581711339,45.75909536381333,-0.6384997765181091,0.8824217804316893,False,+0.5 to +1.5
1029,2018-07-12,2018-07-13,2018-08-13,9,9,0.0014047981598826898,-0.013778291038094654,0.015023631421505848,0.007692014974884185,61.38156536084624,48.28506942247128,0.5643728427717041,0.8916630108442068,False,+0.5 to +1.5
1030,2018-07-13,2018-07-16,2018-08-14,9,9,0.025336855482664112,0.0064652581298713305,0.01861625809725005,0.009496273860868635,61.38156536084624,50.21836154155863,0.203896895524331,0.8940760138003097,False,+0.5 to +1.5
1031,2018-07-16,2018-07-17,2018-08-15,9,9,0.009760739349591582,0.007916505103692071,0.0021434138246841823,0.0013151980913444663,63.021357066717364,45.357513075132445,0.7920145648680642,0.8946654417230809,False,+0.5 to +1.5
1032,2018-07-17,2018-07-18,2018-08-16,9,9,-0.005438987901412523,0.02029519739959937,-0.025417460288800993,-0.01257325632176113,61.113941957457506,45.357513075132445,0.1790112789614576,0.8535963241337413,False,+0.5 to +1.5
1033,2018-07-18,2018-07-19,2018-08-17,9,9,-4.4866967159327696e-05,0.00319065527950459,-0.0030944039556383735,-0.001289714406371804,60.52371635409923,50.73924898945267,1.06893255347933,0.8610327494032588,False,+0.5 to +1.5
1034,2018-07-19,2018-07-20,2018-08-20,9,9,-0.029240257959981048,0.003847339482397412,-0.032997359819274805,-0.016389747175801644,61.34707581711339,50.141677873174075,0.3149207306339275,0.7945602144264948,False,+0.5 to +1.5
1035,2018-07-20,2018-07-23,2018-08-21,9,9,-0.038042215007664346,-0.0014472344103285209,-0.0367221731347044,-0.018308044278456618,60.52371635409923,49.16274384953271,0.110717423973194,0.750814177637396,False,+0.5 to +1.5
1036,2018-07-23,2018-07-24,2018-08-22,9,9,-0.05465808791619211,0.008008178015997349,-0.06205609877437864,-0.03136626082336883,61.113941957457506,49.20753915904621,-0.6589145815324178,0.6556021789048059,False,+0.5 to +1.5
1037,2018-07-24,2018-07-25,2018-08-23,9,9,-0.08974850157170736,0.001761124827767577,-0.0911659215129487,-0.046408858144300895,61.93468089177587,53.38097216321824,-0.935235369228562,0.523107892302634,False,+0.5 to +1.5
1038,2018-07-25,2018-07-26,2018-08-24,9,9,-0.06555358726739423,-0.03085917513192982,-0.03565358605770356,-0.0178451532102343,61.113941957457506,48.80595687036533,0.1703944403318664,0.4453903734901709,False,-0.5 to +0.5
1039,2018-07-26,2018-07-27,2018-08-27,9,9,-0.04186583549286855,-0.019608748292666824,-0.022382280884314838,-0.011085470057001199,61.96917043550874,48.80595687036533,0.2634556647370523,0.3834040787515546,False,-0.5 to +0.5
1040,2018-07-27,2018-07-30,2018-08-28,9,9,-0.02217723120458181,-0.009466463769382115,-0.012469779925794589,-0.006044805090531807,61.34707581711339,49.16274384953271,-0.3290512164605444,0.2417802584830076,False,-0.5 to +0.5
1041,2018-07-30,2018-07-31,2018-08-29,9,9,-0.020268816261507287,-0.01302062427027888,-0.006779882306968448,-0.0032301658058645584,68.63309360763097,46.087162298091386,0.0019038815780518,0.152697066339861,False,-0.5 to +0.5
1042,2018-07-31,2018-08-01,2018-08-30,9,9,-0.04418037415097998,-0.0055002021251548796,-0.03840769770473021,-0.01921852567457968,69.10904985915496,49.938322076364706,0.490209934933596,0.1189731555668842,False,-0.5 to +0.5
1043,2018-08-01,2018-08-02,2018-08-31,9,9,-0.055282188529539825,-0.012436028766829664,-0.04278307788050329,-0.021471510620251526,68.63309360763097,49.938322076364706,0.3722789932080219,0.1537845643435641,False,-0.5 to +0.5
1044,2018-08-02,2018-08-03,2018-09-03,9,9,-0.06613737294458506,-0.05979872315486483,-0.006625125219891915,-0.003173463826233491,68.63309360763097,45.76292874733517,0.3260206979431074,0.1679754117346171,False,-0.5 to +0.5
1045,2018-08-03,2018-08-06,2018-09-04,9,9,-0.08536146558365751,-0.04784159416727727,-0.03915316076480681,-0.01958242564752969,68.15192142717862,48.13699840486922,-0.3499857438572822,0.1487506164632859,False,-0.5 to +0.5
1046,2018-08-06,2018-08-07,2018-09-05,9,9,-0.07421834355760552,-0.029580797690804773,-0.04560711788067077,-0.022893741069610538,68.15192142717862,51.31864418221621,-0.1609847084892733,0.1521389890417799,False,-0.5 to +0.5
1047,2018-08-07,2018-08-08,2018-09-06,9,9,-0.05064219128683108,-0.0665158047001276,0.01691648835120561,0.008633849487810059,68.1519214271786,45.14484460369745,0.242827576854252,0.1256969775186868,False,-0.5 to +0.5
1048,2018-08-08,2018-08-09,2018-09-10,9,9,-0.032876849183956336,-0.061205927481388034,0.02993980760375815,0.015071649437131058,68.15192142717862,45.253602964365,0.7808983850885763,0.1813350604905647,False,-0.5 to +0.5
1049,2018-08-09,2018-08-10,2018-09-11,9,9,-0.012849559752171887,-0.03538197757833385,0.023646323783008065,0.012056696383284585,68.86594091996037,50.7005600385785,0.6470834626633761,0.2574242986343576,False,-0.5 to +0.5
1050,2018-08-10,2018-08-13,2018-09-12,9,9,-0.03884266922447118,-0.0440866071957617,0.0060495638066453555,0.0033433662033032006,62.975590828483114,50.95584172999542,0.915920770061344,0.2779899864324113,False,-0.5 to +0.5
1051,2018-08-13,2018-08-14,2018-09-13,9,9,-0.07484533607793722,-0.02835946782186306,-0.0475239792764422,-0.023823586677196598,62.66266813940529,56.09730002003413,0.5401213033414813,0.2978290903611395,False,-0.5 to +0.5
1052,2018-08-14,2018-08-15,2018-09-14,9,9,-0.059746687419698116,-0.016929765372402487,-0.043095786559503524,-0.021535379273957378,62.26157133570137,56.206058380701684,0.8358266389389912,0.3001941546202388,False,-0.5 to +0.5
1053,2018-08-15,2018-08-16,2018-09-17,9,9,-0.03577843692062209,-0.04021362950536331,0.005229642521080606,0.002888292750450046,62.26157133570137,51.42740254288376,1.2301679914796342,0.3622196538407929,False,-0.5 to +0.5
1054,2018-08-16,2018-08-17,2018-09-18,9,9,-0.013617858836093939,-0.03091318176719427,0.01865154353796992,0.009485222837468438,62.26157133570137,48.13699840486921,1.7540420051716197,0.402379614673318,False,-0.5 to +0.5
1055,2018-08-17,2018-08-20,2018-09-19,9,9,-0.024607060113983552,-0.036187687852855185,0.012606911719652385,0.006635665367794904,62.26157133570137,52.31239173389876,1.8145784631438155,0.4910363769360816,False,-0.5 to +0.5
1056,2018-08-20,2018-08-21,2018-09-20,9,9,-0.016074316997342172,-0.03141758567346146,0.016396404399671428,0.008515970445345699,59.91844830938598,52.31239173389876,0.9591934587655736,0.5413779502224428,False,+0.5 to +1.5
1057,2018-08-21,2018-08-22,2018-09-21,9,9,-0.004917570198684736,-0.038105562993086615,0.03494453660024519,0.01764050319268493,62.26157133570137,52.31239173389876,1.189699450119872,0.6511018776958478,False,+0.5 to +1.5
1058,2018-08-22,2018-08-23,2018-09-24,9,9,-0.0015395540638861642,-0.04763189793082311,0.048805765281604394,0.02440768535271948,62.26157133570137,52.31239173389876,1.3202576206469874,0.7850000812154616,False,+0.5 to +1.5
1059,2018-08-23,2018-08-24,2018-09-25,9,9,-0.01587531003624127,-0.023531584317488544,0.008515549058194186,0.004474627773693011,62.74274351615372,48.90327950580242,1.7355037286028523,0.8778338386977623,False,+0.5 to +1.5
1060,2018-08-24,2018-08-27,2018-09-26,9,9,-0.02870453695970674,-0.04387442305747634,0.016335089871770406,0.008340212159608082,66.44267726899972,48.90327950580242,1.0293707125807567,0.9233186956966598,False,+0.5 to +1.5
1061,2018-08-27,2018-08-28,2018-09-27,9,9,0.0004744082830202874,-0.03727547395666617,0.039871541140414794,0.019990059597752075,66.44267726899972,48.90327950580242,1.7323619936860324,1.045660322757582,False,+0.5 to +1.5
1062,2018-08-28,2018-08-29,2018-09-28,9,9,-0.014268708666433535,-0.05667275759233649,0.045728003734099854,0.022881962427483058,62.74274351615372,48.90327950580242,0.8411970139780529,1.0954206039247596,False,+0.5 to +1.5
1063,2018-08-29,2018-08-30,2018-10-01,9,9,-0.005304009655937036,-0.054356372393747084,0.05254610635454455,0.026204348879397214,62.74274351615372,48.90327950580242,1.0082892736771312,1.126073244523058,False,+0.5 to +1.5
1064,2018-08-30,2018-08-31,2018-10-02,9,9,0.047937507686634066,-0.02951712522035198,0.08119279257286588,0.04012870928453146,62.74274351615372,52.32499392966875,1.158125374554524,1.1725768834599248,False,+0.5 to +1.5
1065,2018-08-31,2018-09-03,2018-10-03,8,8,0.09384511554602708,-0.04635101635532137,0.1480753738537938,0.07210607200573693,62.467435291726076,52.439291779051246,1.319130252021789,1.2313227746160118,False,+0.5 to +1.5
1066,2018-09-03,2018-09-04,2018-10-04,8,8,0.1292689055943099,-0.015577724628281995,0.14842477565683104,0.07207315334827841,62.46743529172609,51.86350924648967,1.3739751915299518,1.3332687993876744,False,+0.5 to +1.5
1067,2018-09-04,2018-09-05,2018-10-05,8,8,0.12132223715571233,-0.01656928518388705,0.14148846017121988,0.0687742233647365,62.46743529172608,47.47189705655877,0.6847421988724213,1.3829167307073411,False,+0.5 to +1.5
1068,2018-09-05,2018-09-06,2018-10-08,8,8,0.16535549105270242,-0.02615229819253168,0.1982757433023504,0.09553466063315964,62.46743529172609,51.101917726353264,1.6508229076396197,1.4658678530732656,False,+0.5 to +1.5
1069,2018-09-06,2018-09-10,2018-10-09,8,8,0.1538571005974966,-0.003991696805051549,0.1599577916309003,0.07746101987548833,63.84995375564962,54.662755823485355,1.940543194667779,1.5340825636613304,True,> +1.5
1070,2018-09-10,2018-09-11,2018-10-10,8,8,0.1397260610329118,-0.004196468278954736,0.14620494505899922,0.07107701807227103,63.84995375564962,54.662755823485355,1.4692906738631413,1.5821362310853453,False,> +1.5
1071,2018-09-11,2018-09-12,2018-10-11,8,8,0.15224681523095446,-0.05778761799355955,0.2242053262107911,0.10751565267063,62.46743529172609,52.439291779051246,1.3281274428976002,1.6058470953225186,False,> +1.5
1072,2018-09-12,2018-09-13,2018-10-15,8,8,0.1417664268594568,-0.03995629507640394,0.1903391101455849,0.0918802116307197,65.92316771624402,55.49352991628417,1.0972299226099318,1.6379239348828247,False,> +1.5
1073,2018-09-13,2018-09-14,2018-10-16,8,8,0.1652847150549716,-0.01734733408103518,0.18732094647628866,0.09042574312418727,65.92316771624402,56.8858324310969,1.8713657747648724,1.6984023697949313,False,> +1.5
1074,2018-09-14,2018-09-17,2018-10-17,8,8,0.1518408079952809,0.02611765932583228,0.12441642947269317,0.06085899119788188,65.92316771624402,55.89021959120503,1.330012298445908,1.703471938351087,False,> +1.5
1075,2018-09-17,2018-09-18,2018-10-18,8,8,0.11538394136614571,-0.007265984290358857,0.12467704284497153,0.060905946140560066,67.30568618016756,56.8858324310969,2.5242373175992614,1.7485683919819088,False,> +1.5
1076,2018-09-18,2018-09-19,2018-10-19,8,8,0.12350523435426711,0.011994743394419475,0.11133781486109108,0.05448032717062925,67.30568618016756,54.662755823485355,1.4679381776022993,1.7274509790863477,False,> +1.5
1077,2018-09-19,2018-09-20,2018-10-22,8,8,0.1722784988526066,0.019375428127318135,0.1518698359444033,0.07373221693491747,65.92316771624402,54.662755823485355,1.740127446692857,1.7727514473878845,False,> +1.5
1078,2018-09-20,2018-09-21,2018-10-23,8,8,0.14943658818865924,0.025744591669502416,0.1223425720732021,0.05980283439959307,65.92316771624402,55.67091594947274,1.8676314600499928,1.811974682032304,False,> +1.5
1079,2018-09-21,2018-09-24,2018-10-24,8,8,0.17147043060244455,0.0379025231319126,0.13015839190834735,0.06349119686686548,65.83135945826494,52.18851493593866,1.9557705103029095,1.8486883471185105,False,> +1.5
1080,2018-09-24,2018-09-25,2018-10-25,8,8,0.16723805294992417,0.03461637677786206,0.12968001128023876,0.06319045851300176,65.92316771624402,52.188514935938656,2.218962894139159,1.87663177315169,False,> +1.5
1081,2018-09-25,2018-09-26,2018-10-26,8,8,0.18294428281116998,0.0367253078914166,0.14259974073230877,0.06927264343805475,65.92316771624402,52.188514935938656,2.20923119345082,1.9453264319386248,False,> +1.5
1082,2018-09-26,2018-09-27,2018-10-29,8,8,0.1707643832300976,-0.020802097461030716,0.19686618122222932,0.09456589742304362,65.83135945826494,55.805585750730316,2.476543125989876,1.988618936901812,False,> +1.5
1083,2018-09-27,2018-09-28,2018-10-30,8,8,0.22659571971347114,0.03297934551241427,0.18965991680027322,0.09134059839709437,65.37999541730693,58.0544228283096,2.018325505799813,2.0567188055599765,False,> +1.5
1084,2018-09-28,2018-10-01,2018-10-31,8,8,0.19721603934951112,0.05737394319709287,0.13409121230680462,0.06545282602421419,66.27147228664396,58.054422828309605,1.423612696407015,2.079407957437452,False,> +1.5
1085,2018-10-01,2018-10-02,2018-11-01,8,8,0.16075670129768152,0.08477069165476184,0.07046629148763824,0.0349025032817408,65.01844122278133,54.6816974750334,0.928932036001348,2.063853519850852,False,> +1.5
1086,2018-10-02,2018-10-03,2018-11-05,8,8,0.1356197950655346,0.08802418323045212,0.04416626535044563,0.02208850908788735,65.01844122278132,52.93394106477699,1.320906466215312,2.0622775339999664,False,> +1.5
1087,2018-10-03,2018-10-04,2018-11-06,8,8,0.09064040013178586,0.08721291314951192,0.0033791052764221984,0.0018620869907864646,67.37829537288971,52.93394106477699,1.2679313933887042,2.0543853170343964,False,> +1.5
1088,2018-10-04,2018-10-05,2018-11-07,8,8,0.08129509711608995,0.11002303513913372,-0.026664760542519844,-0.013177987073758588,67.64121427837,49.208273571143394,1.2860518640294012,2.0876181842911525,False,> +1.5
1089,2018-10-05,2018-10-08,2018-11-08,8,8,0.02826580559986134,0.03434681115645512,-0.006151606140084605,-0.002937244231713448,72.12660699734852,52.933941064776995,1.30809364504908,2.0659680757692915,False,> +1.5
1090,2018-10-08,2018-10-09,2018-11-09,8,8,0.003983936169357654,0.05644771291243998,-0.050904790083488666,-0.02551625210495081,74.32888599437328,49.73491750062631,1.0291342195965865,2.0111744299805894,False,> +1.5
1091,2018-10-09,2018-10-10,2018-11-12,8,8,0.03944636465653512,0.10011419532770784,-0.05895056121500714,-0.02943951209830604,70.4921237778812,41.67076979378824,0.3299485714016103,1.9426748437578776,False,> +1.5
1092,2018-10-10,2018-10-11,2018-11-13,8,8,0.03212460704432757,0.09453527316729936,-0.058803267311758556,-0.029581332309202877,70.4921237778812,48.01792673439296,0.3799151739227326,1.885658955161121,False,> +1.5
1093,2018-10-11,2018-10-15,2018-11-14,8,8,0.035544324588780596,0.08398491892443415,-0.04585378666282974,-0.022979697326621192,71.87783279762436,49.498628888890906,0.3807320732561259,1.842335216636672,False,> +1.5
1094,2018-10-15,2018-10-16,2018-11-16,8,8,0.04818034451335315,0.08271587974316236,-0.03324256963073022,-0.016499541580651252,74.99736834079525,52.02584116103526,0.3835472829444629,1.7546963697272937,False,> +1.5
1095,2018-10-16,2018-10-17,2018-11-19,8,8,0.04025979411732126,0.08680547883484113,-0.04535089312897248,-0.022516380147084975,75.67668080551556,45.06057445381349,-0.0695068099490514,1.6720868962870867,False,> +1.5
1096,2018-10-17,2018-10-18,2018-11-21,8,8,0.02301417869303146,0.13808574020032927,-0.1033438346980367,-0.05276527773914878,71.233157510059,43.70636959811156,0.0827417801772549,1.5297861447746657,False,> +1.5
1097,2018-10-18,2018-10-19,2018-11-22,8,8,0.014453942449399527,0.08888013420759855,-0.07007417172682072,-0.03531142256118846,68.1136219668881,44.13391622353487,-0.4530405442668055,1.417430457649125,False,+0.5 to +1.5
1098,2018-10-19,2018-10-22,2018-11-23,9,9,-0.00739875735419799,0.07214467202854884,-0.07564170603631643,-0.03824966694645322,66.36041752134807,51.21843122461933,0.8214957440745169,1.3640707520825563,False,+0.5 to +1.5
1099,2018-10-22,2018-10-23,2018-11-26,9,9,0.004820613687482177,0.08302653619630353,-0.07375828545394562,-0.03726204152635017,67.68972023554886,44.55094271965602,0.679506536101762,1.2950829485572424,False,+0.5 to +1.5
1100,2018-10-23,2018-10-24,2018-11-27,9,9,0.06048955283547034,0.12380219289009901,-0.058272943844760915,-0.02924529687695812,66.10733681879466,46.47730630582353,1.053133596811853,1.2428115203135766,False,+0.5 to +1.5
1101,2018-10-24,2018-10-25,2018-11-28,9,9,0.07335367107771183,0.12928588002604124,-0.05081426095772725,-0.025529336775153504,64.40283619065939,55.68581900726135,1.272455287550244,1.1880320967245208,False,+0.5 to +1.5
1102,2018-10-25,2018-10-26,2018-11-29,9,9,0.08363560994254932,0.07153170747735203,0.00950534902558686,0.004996799777886725,65.37009934426905,52.11274563541762,0.6884370268153628,1.0996367952851651,False,+0.5 to +1.5
1103,2018-10-26,2018-10-29,2018-11-30,9,9,0.07291950203238382,0.1325183525468911,-0.05401223332868372,-0.027194705708525186,64.40283619065939,50.598497432953785,1.2834408129490014,1.0302741827089583,False,+0.5 to +1.5
1104,2018-10-29,2018-10-30,2018-12-03,9,9,0.013447245562742773,0.08997168007701703,-0.07193605078518278,-0.0363706814705978,66.0254040936527,50.598497432953785,1.0937924690001717,0.976329268231872,False,+0.5 to +1.5
1105,2018-10-30,2018-10-31,2018-12-04,9,9,0.03390548888362126,0.08166082741088775,-0.04635333957272031,-0.023083801255194162,67.96364744971147,54.49854845374952,0.8693771746942435,0.94391035137194,False,+0.5 to +1.5
1106,2018-10-31,2018-11-01,2018-12-05,9,9,0.02730253114778774,0.07263882595478902,-0.04439623287512897,-0.02204916216363727,69.10322158424519,54.183869378286126,0.3316828958815424,0.9090105914772734,False,+0.5 to +1.5
1107,2018-11-01,2018-11-05,2018-12-06,9,9,0.030936604234441077,0.07664418755091439,-0.04449621998654362,-0.02225544713815386,66.78677641323593,51.72258864739755,0.6354393989713089,0.8689392785145361,False,+0.5 to +1.5
1108,2018-11-05,2018-11-06,2018-12-07,9,9,0.015395834563121408,0.07643276266203107,-0.058193424242940175,-0.029388767064211944,64.45977855390757,51.72258864739755,1.8158314306792385,0.900766976841663,False,+0.5 to +1.5
1109,2018-11-06,2018-11-07,2018-12-10,9,9,-0.014436819828544221,0.06863923827293704,-0.07933760468317831,-0.04030683145566188,65.63664959038312,49.52338824721676,1.1275763427350671,0.8914348794703829,False,+0.5 to +1.5
1110,2018-11-07,2018-11-08,2018-12-11,9,9,0.03243301132513165,0.10068423684164161,-0.0632321233515392,-0.0319692621973953,63.913175879516025,48.86872305644046,2.309060939962252,0.9497774756813708,False,+0.5 to +1.5
1111,2018-11-08,2018-11-09,2018-12-12,9,9,0.03504502275309007,0.0717286528718198,-0.03527923204928298,-0.01769253292747927,63.91317587951604,47.31500260342622,2.612126350192526,1.0423701899896924,False,+0.5 to +1.5
1112,2018-11-09,2018-11-12,2018-12-13,9,9,0.011454072727581413,0.08388095059993152,-0.068063386145366,-0.03449671930688518,67.87914689113674,48.42043420885783,2.0259413777096924,1.1418102614108547,False,+0.5 to +1.5
1113,2018-11-12,2018-11-13,2018-12-14,9,9,0.024146580754486398,0.07945335898220608,-0.052672243244743906,-0.02648421138663419,66.77102122800166,44.36145506548602,1.8375259606681449,1.227305499375545,False,+0.5 to +1.5
1114,2018-11-13,2018-11-14,2018-12-17,9,9,-0.01944477926183853,0.03478105900279479,-0.053443179901398435,-0.026960376955347216,67.87914689113674,47.76576901808152,2.133640648299281,1.3301330711402002,False,+0.5 to +1.5
1115,2018-11-14,2018-11-16,2018-12-18,9,9,-0.03932238496212604,0.013824898248517013,-0.05371577280492057,-0.027031419657163352,73.25356647857147,46.28070015742415,2.1948290792159404,1.4363845786381186,False,+0.5 to +1.5
1116,2018-11-16,2018-11-19,2018-12-19,9,9,-0.018346182949264236,0.011038821061849263,-0.0298726014744857,-0.014960359884218425,67.87914689113676,46.51323983996383,1.879952309210689,1.55047184448606,True,> +1.5
1117,2018-11-19,2018-11-21,2018-12-20,9,9,-0.010046393987345765,0.020882783062164414,-0.031093419381077167,-0.015578081623547768,67.87914689113676,45.85857464918753,1.8075766192598852,1.6511727705752834,False,> +1.5
1118,2018-11-21,2018-11-22,2018-12-21,9,9,-0.018970198794509136,0.024904934803234316,-0.044064224818557735,-0.022091657406974774,70.03842848916322,45.85857464918753,1.6812111438245014,1.7753419874623595,False,> +1.5
1119,2018-11-22,2018-11-23,2018-12-26,9,9,0.007822330680169663,0.01705227977274229,-0.010131449562802578,-0.004962937864687329,70.20614475046513,46.51323983996383,1.5975203284697634,1.8199820463241725,False,> +1.5
1120,2018-11-23,2018-11-26,2018-12-27,9,9,0.004004924946648379,0.0433562986774436,-0.03878770227619285,-0.01947571188171135,70.20614475046513,46.51323983996383,2.3217726706556934,1.9153937801079013,False,> +1.5
1121,2018-11-26,2018-11-27,2018-12-28,9,9,-0.017719470573039783,0.05343304724757714,-0.06923768191751409,-0.03500795679640822,73.25356647857147,46.56984070927657,1.6803770232691937,1.9510680229871664,False,> +1.5
1122,2018-11-27,2018-11-28,2019-01-02,9,9,0.02432940585774887,0.05508282814222886,-0.030164530204385642,-0.01503904017560306,72.3654263484916,46.51323983996383,1.4117505035380298,1.9580725554831035,False,> +1.5
1123,2018-11-28,2018-11-29,2019-01-03,9,9,0.02635408920266786,0.07063906035278496,-0.042291068331162196,-0.021221315025926047,71.11262024338794,46.56984070927657,1.8855457958833728,2.0267446855147004,False,> +1.5
1124,2018-11-29,2018-11-30,2019-01-04,9,9,0.03545169737524762,0.07007359766384615,-0.03336859292074662,-0.016662628934918693,71.11262024338794,46.56984070927657,2.241365810235141,2.08169531420888,False,> +1.5
1125,2018-11-30,2018-12-03,2019-01-07,9,9,0.02903947638136964,0.0635512932287562,-0.0333783984008044,-0.016673016860520813,71.11262024338795,44.19955624912282,1.6385698154583477,2.1119272416845694,False,> +1.5
1126,2018-12-03,2018-12-04,2019-01-08,9,9,0.06158800526946595,0.0727443874079315,-0.012060164596983836,-0.005866593873256007,70.20614475046513,48.31800174124174,1.971760462466108,2.174545796918782,False,> +1.5
1127,2018-12-04,2018-12-05,2019-01-09,9,9,0.059982898179755335,0.08065643164779612,-0.02086573549106576,-0.010241238826379779,72.14544081543639,50.68828620139548,1.7761987301116202,2.256268251555533,False,> +1.5
1128,2018-12-05,2018-12-06,2019-01-10,9,9,0.06606017862258638,0.061827365099145506,0.00229843357649817,0.0013670672705336717,72.3654263484916,50.4557465188558,1.696940408544816,2.3153533992338207,False,> +1.5
1129,2018-12-06,2018-12-07,2019-01-11,9,9,0.07883106818944345,0.05403207216694777,0.02126548915766719,0.010860804654792023,72.3654263484916,49.89753367142727,1.35015667553682,2.28608736909878,False,> +1.5
1130,2018-12-07,2018-12-10,2019-01-14,9,9,0.11302092979393284,0.08368256597673157,0.02533943930399949,0.012863514240785915,73.25356647857147,49.89753367142727,1.064710823478997,2.279627330265005,False,> +1.5
1131,2018-12-10,2018-12-11,2019-01-15,9,9,0.09884891156958267,0.07756644111043678,0.017948542743743863,0.00924514190252893,71.2595183693256,47.75978889381321,0.2581883988998886,2.158565333858097,False,> +1.5
1132,2018-12-11,2018-12-12,2019-01-16,9,9,0.08716189428012121,0.051959949452823874,0.03192691877625877,0.01615102308767805,71.2595183693256,46.817934016459276,0.4607181952575417,2.032698877521982,False,> +1.5
1133,2018-12-12,2018-12-13,2019-01-17,9,9,0.09348549822806188,0.054205908386293584,0.03573215976861855,0.018018510701645278,71.2595183693256,46.817934016459276,0.9264806347740724,1.967963381806908,False,> +1.5
1134,2018-12-13,2018-12-14,2019-01-18,9,9,0.09532824040729657,0.0562794246905486,0.03579365927192201,0.017994568521073635,71.2595183693256,45.77158084741307,1.123301045228776,1.9256965508538748,False,> +1.5
1135,2018-12-14,2018-12-17,2019-01-21,9,9,0.1024394061349386,0.07554759696501533,0.023936724038952882,0.012201312576438509,69.77443238430554,45.77158084741307,0.6063214013241419,1.8365815825431828,False,> +1.5
1136,2018-12-17,2018-12-18,2019-01-22,9,9,0.08985472161546855,0.06845991745372547,0.018589545620855095,0.009576834426998705,69.6741531152033,48.725128385353266,0.7183061824752788,1.7507421142496091,False,> +1.5
1137,2018-12-18,2018-12-19,2019-01-23,9,9,0.12355348300497504,0.08909716216684427,0.030262713473924993,0.015378094463300802,68.40905266323844,46.151218102638836,0.5229990309635341,1.6717931222193676,False,> +1.5
1138,2018-12-19,2018-12-20,2019-01-24,9,9,0.13431089759101084,0.09448244029319143,0.03514121219940863,0.01772619594697005,69.77443238430554,48.84503851606709,0.2864724059653682,1.5834941304072527,False,> +1.5
1139,2018-12-20,2018-12-21,2019-01-28,9,9,0.1299307495795468,0.07873750368743145,0.046057476664191105,0.02310483445671802,69.77443238430554,48.84503851606709,0.963685487564971,1.5418484998631674,False,> +1.5
1140,2018-12-21,2018-12-26,2019-01-29,9,9,0.16497446040445513,0.0747430399070378,0.08254425619469612,0.04085251396181152,69.61726881132276,50.76428360800522,0.6360431686247953,1.486114060065364,False,+0.5 to +1.5
1141,2018-12-26,2018-12-27,2019-01-30,9,9,0.16973469041846276,0.061140958706822436,0.10131738407714065,0.049740926541025535,69.86249457079688,50.76428360800522,1.1828223314501054,1.4205673988609555,False,+0.5 to +1.5
1142,2018-12-27,2018-12-28,2019-01-31,9,9,0.1356441008266805,0.038000406936631745,0.09316400404863232,0.04586958363791744,70.32103505869708,50.76428360800522,1.2846394113666604,1.39765861122807,False,+0.5 to +1.5
1143,2018-12-28,2019-01-02,2019-02-01,9,9,0.09476374070222804,0.014235617770396438,0.07809864122908479,0.0386183454538371,70.32103505869708,50.76428360800522,1.4490658145720818,1.3996767293617778,False,+0.5 to +1.5
1144,2019-01-02,2019-01-03,2019-02-04,9,9,0.0669435629638047,0.06071493860415298,0.0043794531100192855,0.0024357164531574158,71.58410661084582,45.306572169076325,0.182591845837123,1.3013274815926,False,+0.5 to +1.5
1145,2019-01-03,2019-01-04,2019-02-05,9,9,0.061610302249606695,0.06852855428706502,-0.007997081572215486,-0.0037268356624069778,68.05944529175225,45.306572169076325,0.0943329334110596,1.1775325844005458,False,+0.5 to +1.5
1146,2019-01-04,2019-01-07,2019-02-06,9,9,0.05221721014498232,0.05165502511964278,-0.0006997771843611526,-0.00018677472681382992,70.88472643428109,45.306572169076325,0.8849049408757885,1.1340337902815627,False,+0.5 to +1.5
1147,2019-01-07,2019-01-08,2019-02-07,9,9,0.07096429379501715,0.052453329280198316,0.016400594359639097,0.008392813182694315,68.1782004890186,47.676856629230066,0.9011763232372126,1.0722691174357282,False,+0.5 to +1.5
1148,2019-01-08,2019-01-09,2019-02-08,9,9,0.022805131408957235,0.05043700442315916,-0.02807676125957045,-0.013852611067759717,71.03978872534151,47.67685662923006,0.8868120387080588,1.020881810466853,False,+0.5 to +1.5
1149,2019-01-09,2019-01-10,2019-02-11,9,9,0.014387731708011506,0.03867987773186496,-0.024479317597022904,-0.012161544655188138,68.26654060811035,48.71115907523213,1.3152882719715853,0.998726380412032,False,+0.5 to +1.5
1150,2019-01-10,2019-01-11,2019-02-12,9,9,0.019702863062464326,0.050777798584762626,-0.030625398937637115,-0.015263628628748664,69.85190586223266,48.71115907523213,0.8550237516458784,0.9700211739783808,False,+0.5 to +1.5
1151,2019-01-11,2019-01-14,2019-02-13,9,9,0.012482828825569286,0.02457155389834836,-0.013200984914205476,-0.006386948490382736,69.85190586223266,48.71115907523213,0.1372815892297968,0.9164085808364906,False,+0.5 to +1.5
1152,2019-01-14,2019-01-15,2019-02-14,9,9,0.01904756144005023,0.048940390805522954,-0.030155039200810335,-0.014970666784948846,70.8847264342811,48.71115907523213,0.995960993844177,0.9589516562811208,False,+0.5 to +1.5
1153,2019-01-15,2019-01-16,2019-02-15,9,9,0.017489161017397243,0.04275190837517514,-0.02580747129836792,-0.012802783613345447,70.15539744005568,48.71115907523213,0.084002834008192,0.9371896464054132,False,+0.5 to +1.5
1154,2019-01-16,2019-01-17,2019-02-18,9,9,0.011361317670041005,0.031009732236217908,-0.020522179096679666,-0.010079554896749186,68.59831564621307,45.67733710850527,1.546368926250677,0.9728259535747596,False,+0.5 to +1.5
1155,2019-01-17,2019-01-18,2019-02-19,9,9,0.025799657708091204,0.039111625544508324,-0.014263039730359492,-0.0069123663037462795,68.59831564621305,45.67733710850527,1.725003636147356,1.0074247580309874,False,+0.5 to +1.5
1156,2019-01-18,2019-01-21,2019-02-20,9,9,0.0105117495854501,0.03899082998508121,-0.02916059051844242,-0.014390141447525179,68.59831564621305,43.578792431755765,1.4602587530594726,1.056655896988404,False,+0.5 to +1.5
1157,2019-01-21,2019-01-22,2019-02-21,9,9,0.021656573510808085,0.017829760596389948,0.001861154304906976,0.0012239943552566574,68.59831564621305,45.12325074651069,0.3738811792660757,1.03668917229491,False,+0.5 to +1.5
1158,2019-01-22,2019-01-23,2019-02-22,9,9,0.023441686150811894,0.00620068769161095,0.015861351314324246,0.008119096632280911,69.70644130934815,43.937233694580264,0.1270089948892239,1.0137714610674178,False,+0.5 to +1.5
1159,2019-01-23,2019-01-24,2019-02-25,9,9,0.018914195872081208,-0.02236308921208926,0.04079233798072212,0.02045690593856389,68.59831564621307,46.040534697127974,0.4209964302203478,1.0214962549284174,False,+0.5 to +1.5
1160,2019-01-24,2019-01-28,2019-02-26,9,9,0.02095805598136322,-0.006420072904868515,0.025663030935209278,0.013058455719421188,68.59831564621307,46.06420825660191,1.0272454124931072,1.0251058195378784,False,+0.5 to +1.5
1161,2019-01-28,2019-01-29,2019-02-27,9,9,0.0334884285062474,-0.012093408013316044,0.04475956579169444,0.022523586048935437,68.25344169396901,44.57913939594453,1.1702951683507794,1.0558668956091877,False,+0.5 to +1.5
1162,2019-01-29,2019-01-30,2019-02-28,9,9,0.0403593756335081,-0.041933867128999915,0.0836739994933036,0.041545760338705606,71.23378512755825,46.06420825660191,1.2003622762198047,1.0568164441236048,False,+0.5 to +1.5
1163,2019-01-30,2019-01-31,2019-03-01,9,9,0.06080353166674447,-0.020418811136410715,0.08155620797059343,0.04031413456437675,66.72909078269818,44.25466146344303,1.1078474550720971,1.0465562344476476,False,+0.5 to +1.5
1164,2019-01-31,2019-02-01,2019-03-06,9,9,0.07219558441815188,-0.03879294603645346,0.11317974529615185,0.05552422045599008,66.25122683136891,46.839361138690236,1.547530532255325,1.0521711839880905,False,+0.5 to +1.5
1165,2019-02-01,2019-02-04,2019-03-07,9,9,0.02692058136772036,-0.05928601946269474,0.08943654502303644,0.04407371233402112,63.155408851868515,45.84132714098948,1.369079919293106,1.1205913288209564,False,+0.5 to +1.5
1166,2019-02-04,2019-02-05,2019-03-08,9,9,0.07487654584646918,-0.03695561624791254,0.11354568109238036,0.05573393412712388,66.72909078269818,46.839361138690236,0.7398860791323328,1.1577249254240574,False,+0.5 to +1.5
1167,2019-02-05,2019-02-06,2019-03-11,9,9,0.13983052757445166,0.01274253569914935,0.12361375778606187,0.0604471785501966,66.72909078269818,50.52352637896943,1.61955824570118,1.1999937356236514,False,+0.5 to +1.5
1168,2019-02-06,2019-02-07,2019-03-12,9,9,0.14419322864190073,0.023280247411614285,0.11714657245539027,0.05724460073389554,68.50569388120276,51.809121589276614,1.227858112197811,1.2187080725967652,False,+0.5 to +1.5
1169,2019-02-07,2019-02-08,2019-03-13,9,9,0.12379317987097348,0.018117544795950784,0.10136240891222922,0.04985507425954745,67.52343886518747,49.868490196495685,1.4675433289050326,1.2520794016791237,False,+0.5 to +1.5
1170,2019-02-08,2019-02-11,2019-03-14,9,9,0.10615747078114737,0.02385481987507382,0.07845609816841852,0.03881109857134245,61.1351401814683,49.26211627759512,1.8478146299383784,1.2827212348141352,False,+0.5 to +1.5
1171,2019-02-11,2019-02-12,2019-03-15,9,9,0.13567401536801088,0.01538596194899455,0.11723790411800995,0.057244235582176645,62.29855760184478,48.2858975875208,1.6734591052438674,1.329823306694977,False,+0.5 to +1.5
1172,2019-02-12,2019-02-13,2019-03-18,9,9,0.14215629523041812,0.022379943816978585,0.11576793795527635,0.05656987101189471,62.29855760184478,49.26211627759512,1.8728026191787397,1.4297590909977218,False,+0.5 to +1.5
1173,2019-02-13,2019-02-14,2019-03-19,9,9,0.11112118358956545,-0.015908450989759407,0.12791264902459062,0.0622664585056732,60.821348285369076,49.26211627759512,1.7803860400422882,1.474819296220036,False,+0.5 to +1.5
1174,2019-02-14,2019-02-15,2019-03-20,9,9,0.1012066805360435,-0.021225781863754144,0.12424219255259314,0.06054318304266316,62.471794149698454,47.10869507735753,2.083241350393189,1.589815225157983,True,> +1.5
1175,2019-02-15,2019-02-18,2019-03-21,9,9,0.09948979531101615,0.0037865087391606234,0.09359259905991343,0.046089200940929186,62.471794149698454,48.491746947007556,1.6964025250551336,1.5982058358537947,False,> +1.5
1176,2019-02-18,2019-02-19,2019-03-22,9,9,0.04213160709381166,-0.055622937683070174,0.10264571732918222,0.05032105302714679,60.51791374129467,47.58464528811586,2.002682621744128,1.614078662565496,False,> +1.5
1177,2019-02-19,2019-02-20,2019-03-25,9,9,0.035903304103177124,0.008518613341709483,0.025764468518650042,0.013127301370287699,60.51791374129467,46.81427595752829,2.4905115463860863,1.6734462820943716,False,> +1.5
1178,2019-02-20,2019-02-21,2019-03-26,9,9,0.035741206363893066,0.042224312933453995,-0.007268123342959854,-0.0034408341859737375,59.641918610007075,44.71507987224335,2.72067493001179,1.8086086142476288,False,> +1.5
1179,2019-02-21,2019-02-22,2019-03-27,9,9,-0.014760018687500863,-0.017543088947282685,0.0015209067495826837,0.000996260927051307,59.641918610007075,47.16913185577574,2.45021450436727,1.942029972734556,False,> +1.5
1180,2019-02-22,2019-02-25,2019-03-28,9,9,-0.00013456935304568271,-0.005111103121864806,0.003242766996149216,0.0018400775524152493,59.641918610007075,46.5654755996825,1.7139007912397732,2.0153538394327275,False,> +1.5
1181,2019-02-25,2019-02-26,2019-03-29,9,9,-0.008796330081148081,0.022435034252894163,-0.03247783729139736,-0.01609360037471796,61.140975434835276,43.41017131674516,1.566271443063704,2.045090932690768,False,> +1.5
1182,2019-02-26,2019-02-27,2019-04-01,9,9,-0.002966637702422183,0.021807466748493796,-0.02574236641038004,-0.012685945369253028,61.140975434835276,43.63039728533419,1.4240836797685428,2.058263766278455,False,> +1.5
1183,2019-02-27,2019-02-28,2019-04-02,9,9,0.007540577530950193,0.02775427254639294,-0.02108050480317753,-0.010347323601067191,61.140975434835276,47.084276653079556,1.6652170928183805,2.083668489059196,False,> +1.5
1184,2019-02-28,2019-03-01,2019-04-03,9,9,-0.0023139220559165717,-0.0011469306434050335,-0.0020711554374989497,-0.0008215112907782996,61.140975434835276,48.68981599187254,1.3483676994343183,2.095842293878048,False,> +1.5
1185,2019-03-01,2019-03-06,2019-04-04,9,9,0.032471945734905416,0.007908833958323551,0.02383394687796689,0.012091806216955636,60.50852477923726,50.818788717901256,2.5476710132441296,2.1524879893179105,False,> +1.5
1186,2019-03-06,2019-03-07,2019-04-05,9,9,0.04424767239810972,0.030136143734130722,0.0130807264640146,0.0068143752781048,60.50852477923726,47.964115218258726,1.788625022997855,2.1751233248005795,False,> +1.5
1187,2019-03-07,2019-03-08,2019-04-08,9,9,0.018068083412633267,0.03495780065844535,-0.016405965006806203,-0.008085593231780758,60.50852477923726,47.628387027686415,2.7908952876879143,2.291476419205264,False,> +1.5
1188,2019-03-08,2019-03-11,2019-04-09,9,9,-0.009359182429973524,-0.02588720733865582,0.016175020247082707,0.008158530619683704,61.140975434835276,44.35278064426516,1.6742408337590946,2.2927643114584844,False,> +1.5
1189,2019-03-11,2019-03-12,2019-04-10,9,9,-0.01872443696988742,-0.030259481942277785,0.010267584035548965,0.005274507224685696,61.140975434835276,43.9012789077157,1.678731965775652,2.316463453833601,False,> +1.5
1190,2019-03-12,2019-03-13,2019-04-11,9,9,-0.03279721100099468,-0.038963386935849005,0.005491477273441969,0.0028622411351570706,61.140975434835276,44.35278064426515,1.3300690795367394,2.306294386477753,False,> +1.5
1191,2019-03-13,2019-03-14,2019-04-12,9,9,-0.03903370158729568,-0.0489584480104188,0.00870624739915754,0.0045057562547935375,61.140975434835276,43.9012789077157,0.8614692233882498,2.2476453335110693,False,> +1.5
1192,2019-03-14,2019-03-15,2019-04-15,9,9,-0.05122934596976664,-0.03607792083258053,-0.016761040022649866,-0.008263996595306473,61.140975434835276,44.35278064426515,1.1049135339073566,2.213222827657129,False,> +1.5
1193,2019-03-15,2019-03-18,2019-04-16,9,9,-0.06068459445243005,-0.03580969966154885,-0.02691762221948715,-0.01336772112903845,61.140975434835276,43.2817805303828,0.7129041615425386,2.145175002498739,False,> +1.5
1194,2019-03-18,2019-03-19,2019-04-17,9,9,-0.07622219595530057,-0.009817640850330423,-0.06794697747307071,-0.03439546954087711,61.140975434835276,41.15280780435407,0.7665770401053008,2.085780165986208,False,> +1.5
1195,2019-03-19,2019-03-20,2019-04-18,9,9,-0.0735464333630629,-0.010465524582541871,-0.06472811704814947,-0.03272900928631629,62.84625102645897,41.93065585795339,0.8172138033653971,2.0125551895549125,False,> +1.5
1196,2019-03-20,2019-03-21,2019-04-22,9,9,-0.05835791006004879,0.016756903540967715,-0.07501594876824991,-0.03804945315702201,62.84625102645896,42.57607784298744,1.1286044783263496,1.9792349118763275,False,> +1.5
1197,2019-03-21,2019-03-22,2019-04-23,9,9,-0.040397756355178484,0.05883894388946472,-0.09441625982946841,-0.04819817209748494,62.94768713455167,50.34506164760088,1.4470058613373995,1.9470619104859923,False,> +1.5
1198,2019-03-22,2019-03-25,2019-04-24,9,9,-0.04133232691910405,0.05907836176798596,-0.09543922812680551,-0.048725374836296895,62.94768713455167,48.04552530673178,1.7494414804184146,1.904846300797412,False,> +1.5
1199,2019-03-25,2019-03-26,2019-04-25,9,9,-0.044319759742811944,0.050419911749787355,-0.0910438486256733,-0.0464308925275829,62.94768713455167,48.607604378771924,1.8087214319919025,1.853070634271116,False,> +1.5
1200,2019-03-26,2019-03-27,2019-04-26,9,9,-0.010256596002523197,0.0913439730460493,-0.09399630560090376,-0.04796718761433986,62.94768713455167,44.85309422773176,1.317818136759746,1.788395446837906,False,> +1.5
1201,2019-03-27,2019-03-28,2019-04-29,9,9,-0.009843809536171137,0.05884811002971619,-0.06544439318635634,-0.03309974086595013,62.94768713455167,48.24879757371623,1.2693069233512986,1.7625520882220658,False,> +1.5
1202,2019-03-28,2019-03-29,2019-04-30,9,9,-0.017834701087864807,0.055806633114264655,-0.07034684409837262,-0.03564221033891938,62.94768713455167,48.3230774755432,1.9310852166815171,1.7829268816042128,False,> +1.5
1203,2019-03-29,2019-04-01,2019-05-02,9,9,-0.01705247500453713,0.0328618812607843,-0.04940377691909265,-0.024778492919400666,63.9332281795879,47.47842824312866,1.8745227432272669,1.8080715912280907,False,> +1.5
1204,2019-04-01,2019-04-02,2019-05-03,9,9,0.006716821231002346,0.041117613960926,-0.03441469303424487,-0.017114451673216974,66.38607598182006,49.63184944336626,1.2219431128226723,1.7822603515289943,False,> +1.5
1205,2019-04-02,2019-04-03,2019-05-06,9,9,0.0055265897004635085,0.04467363258605408,-0.038575981327331664,-0.019245119742548607,62.43822421196822,50.3912323628975,0.2064907754427236,1.7163587248706478,False,> +1.5
1206,2019-04-03,2019-04-04,2019-05-07,9,9,-0.013957234835421087,0.0017071520494188399,-0.016483036863206242,-0.008066222499255107,62.43822421196822,51.37655746094654,0.0169027747927682,1.5722813973044418,False,> +1.5
1207,2019-04-04,2019-04-05,2019-05-08,9,9,-0.008475763639625482,0.02059052467273121,-0.029776418037167768,-0.0147522453790947,62.94768713455167,51.116933136511314,-0.0705979409058801,1.46626620650231,False,+0.5 to +1.5
1208,2019-04-05,2019-04-08,2019-05-09,9,9,-0.005383856834416546,-0.00024608031263238767,-0.006894993889812288,-0.0031379080805743437,60.244654803657355,52.57626972767873,-0.2186304529851593,1.295423729551799,False,+0.5 to +1.5
1209,2019-04-08,2019-04-09,2019-05-10,9,9,0.010647091042039659,0.006422217031484699,0.002579694801238464,0.001587824714065741,62.2363681147002,50.5119782526493,0.284693067992994,1.2164197104396148,False,+0.5 to +1.5
1210,2019-04-09,2019-04-10,2019-05-13,9,9,-0.004689456091490011,-0.02069077383975331,0.014862223175228074,0.007701915011911965,62.43822421196822,49.6634656079099,-0.120624031994891,1.1141660843800931,False,+0.5 to +1.5
1211,2019-04-10,2019-04-11,2019-05-14,9,9,-0.007977491778621991,-0.0010965952083336985,-0.008628815124110943,-0.004006822235632863,62.438224211968226,50.5119782526493,-0.2081268436123188,1.026782020688316,False,+0.5 to +1.5
1212,2019-04-11,2019-04-12,2019-05-15,9,9,-0.0168569611897162,-0.017930781602537596,-0.0005148871054067825,3.1693471272007085e-05,62.438224211968226,47.07971996547313,-0.3239762545176331,0.9594667745591788,False,+0.5 to +1.5
1213,2019-04-12,2019-04-15,2019-05-16,9,9,-0.0437918229767071,-0.00023953482080801757,-0.0458016083263129,-0.02265151338349209,62.43822421196822,46.75209832663521,-0.8511643644122544,0.848456818726097,False,+0.5 to +1.5
1214,2019-04-15,2019-04-16,2019-05-17,9,9,-0.05387095369987342,-0.006132188332080153,-0.04998661494866553,-0.024823261167233473,62.2363681147002,46.75209832663521,-0.4251149312460973,0.783948076549404,False,+0.5 to +1.5
1215,2019-04-16,2019-04-17,2019-05-20,9,9,-0.01921227545541057,0.03478980231445629,-0.05416142161438007,-0.02700341614972631,62.2363681147002,47.79738255769817,-1.0072254478976783,0.6833607216799804,False,+0.5 to +1.5
1216,2019-04-17,2019-04-18,2019-05-21,9,9,0.0009409769893767825,0.05400558034083494,-0.05181684172228624,-0.025902730254770065,62.74583103728365,48.09801334099297,-0.7620329983114216,0.5938442740684522,False,+0.5 to +1.5
1217,2019-04-18,2019-04-22,2019-05-22,9,9,-0.018242213900145268,0.031250333620042835,-0.04894080977455911,-0.024477450768001355,62.74583103728365,45.79016410508615,-0.4986667466877028,0.5016247461514204,False,+0.5 to +1.5
1218,2019-04-22,2019-04-23,2019-05-23,9,9,-0.023638983227383288,-0.015551009960015844,-0.009274882201376252,-0.004292331319170629,62.74583103728365,49.39847150850075,-1.1682994296703029,0.3532491247357233,False,-0.5 to +0.5
1219,2019-04-23,2019-04-24,2019-05-24,9,9,-0.022221761547288527,0.003958656062831869,-0.027442352448695938,-0.013421626963387391,62.74583103728365,44.658171055187644,-1.0250783837662765,0.1957067843589404,False,-0.5 to +0.5
1220,2019-04-24,2019-04-25,2019-05-27,9,9,-0.020836333328231805,-0.01942599772720815,-0.002560901111142319,-0.0009082131671960817,62.74583103728365,46.80714186743483,-0.5137956159336882,0.063674147057708,False,-0.5 to +0.5
1221,2019-04-25,2019-04-26,2019-05-28,9,9,0.0188899480651893,0.021714267456619998,-0.004006978095918037,-0.0016102241910977055,62.2118797587869,49.21271002231194,-0.183410200020426,-0.0217983722760087,False,-0.5 to +0.5
1222,2019-04-26,2019-04-29,2019-05-29,9,9,0.010456167779429676,-0.011765639889207329,0.021043536659591664,0.010925696726751444,62.15202373896266,47.71516120940956,-0.1367397944592304,-0.1019407121153107,False,-0.5 to +0.5
1223,2019-04-29,2019-04-30,2019-05-30,9,9,0.01486354064329583,-0.01508909786663386,0.028996245024150376,0.014862575136392967,61.48024277215729,46.1198953187001,0.2533366087213544,-0.1977202573615081,False,-0.5 to +0.5
1224,2019-04-30,2019-05-02,2019-05-31,9,9,0.020248611573408966,-0.013489358767783899,0.03384043782686587,0.017192755362209877,59.44158842981554,47.60818996722039,0.4867467889498475,-0.2771965057530004,False,-0.5 to +0.5
1225,2019-05-02,2019-05-03,2019-06-03,9,9,0.015531190587464588,-0.005016292867308451,0.01999303851820467,0.01031549088351655,57.48368310667942,46.48875698770798,0.0982023968223249,-0.3416246097720158,False,-0.5 to +0.5
1226,2019-05-03,2019-05-06,2019-06-04,9,9,0.03194126418343109,0.005986679371379488,0.02484702857434551,0.012693957483118596,62.52883044331682,49.201678291335654,0.1223568870128145,-0.3466141967907579,False,-0.5 to +0.5
1227,2019-05-06,2019-05-07,2019-06-05,9,9,0.042526966107512866,0.0024211386306168523,0.03915953888500615,0.0197478299824559,58.33806720909878,47.6081899672204,-0.2334700589630928,-0.3609958209452996,False,-0.5 to +0.5
1228,2019-05-07,2019-05-08,2019-06-06,9,9,0.03594810641612177,-0.008822915542180704,0.044355778215927955,0.022293268046892075,58.33806720909878,47.60818996722039,-0.8244975089119373,-0.4039939630265294,False,-0.5 to +0.5
1229,2019-05-08,2019-05-09,2019-06-07,9,9,0.014614436759949993,-0.002938513779032102,0.016703340750134393,0.008728890128560565,61.01819198737657,46.151675765931394,-0.0671447251694766,-0.395447820835479,False,-0.5 to +0.5
1230,2019-05-09,2019-05-10,2019-06-10,9,9,-0.023022127836471434,-0.005391971709129194,-0.018197083705556474,-0.008689719800265774,63.802794586679084,46.126976838750785,-0.1725482677998402,-0.4217014320133067,False,-0.5 to +0.5
1231,2019-05-10,2019-05-13,2019-06-11,9,9,0.028422779546771186,0.03352512941031862,-0.0055481124046964665,-0.002320309357551177,61.11788016538029,46.126976838750785,0.1760150513817578,-0.4049342504870042,False,-0.5 to +0.5
1232,2019-05-13,2019-05-14,2019-06-12,9,9,0.02212033619378127,0.02284609864109673,-0.0013435425328461015,-0.00023550737241437005,59.63644350658748,46.14825585720148,0.1003687520414478,-0.3874612735640287,False,-0.5 to +0.5
1233,2019-05-14,2019-05-15,2019-06-13,9,9,0.04234300328270885,0.05776076299634965,-0.01524490616987612,-0.007241852640875818,57.999095836258675,46.07076816202776,0.1219027808717091,-0.3621316762297699,False,-0.5 to +0.5
1234,2019-05-15,2019-05-16,2019-06-14,9,9,0.06227367579171754,0.04926852539537474,0.011885504668253525,0.006214672030344132,57.999095836258675,46.07076816202776,-0.1310067522572462,-0.3210181411323285,False,-0.5 to +0.5
1235,2019-05-16,2019-05-17,2019-06-17,9,9,0.06987960784597409,0.09627204795520328,-0.02495869386496843,-0.012215517273908807,61.11788016538029,40.962254934272515,0.0022507389502589,-0.2966852482360049,False,-0.5 to +0.5
1236,2019-05-17,2019-05-20,2019-06-18,9,9,0.07240184736943936,0.08513830302852081,-0.0126817055429083,-0.006043801453153654,59.15613311292288,44.04403790690806,-0.1976247537364707,-0.2503959325937586,False,-0.5 to +0.5
1237,2019-05-20,2019-05-21,2019-06-19,9,9,0.08154694439219431,0.0557700205877733,0.024043975243485522,0.012154292778383891,62.823274571350176,39.968704659598316,-0.3566247826315297,-0.2271524615216618,False,-0.5 to +0.5
1238,2019-05-21,2019-05-22,2019-06-21,9,9,0.10299921055859232,0.06989382779704267,0.03018762904051,0.0152065783963486,63.1003392769379,41.56219298371358,0.1659819899878578,-0.1892479821891098,False,-0.5 to +0.5
1239,2019-05-22,2019-05-23,2019-06-24,9,9,0.11229857389581988,0.07466609283212763,0.03412044230082162,0.01716132294298752,63.10033927693789,43.613922154134904,0.0008631795885147,-0.122366467909945,False,-0.5 to +0.5
1240,2019-05-23,2019-05-24,2019-06-25,9,9,0.10460197340695726,0.05586826635389995,0.045367953473208815,0.022659898172057838,63.10033927693789,43.613922154134904,0.2476850480368373,-0.0495901668999773,False,-0.5 to +0.5
1241,2019-05-24,2019-05-27,2019-06-26,9,9,0.09662035296758896,0.05123703555921184,0.04236941310948767,0.02118906280955166,63.1003392769379,43.613922154134904,0.492042534446481,0.0078281272214756,False,-0.5 to +0.5
1242,2019-05-27,2019-05-28,2019-06-27,9,9,0.07463111150488529,0.03915237464262093,0.03318808112449694,0.016673656320128825,63.1003392769379,44.04403790690806,0.7080094161701156,0.058618435430514,False,-0.5 to +0.5
1243,2019-05-28,2019-05-29,2019-06-28,9,9,0.08912140072287707,0.056182597235037005,0.030633490154271137,0.01535201586721021,59.3417387328055,43.613922154134904,0.9328514015718884,0.1195554101489803,False,-0.5 to +0.5
1244,2019-05-29,2019-05-30,2019-07-01,9,9,0.06715121503938475,0.04166014470892179,0.024000061353189404,0.012094220294133911,59.3417387328055,43.613922154134904,0.9785850108123912,0.160771382882277,False,-0.5 to +0.5
1245,2019-05-30,2019-05-31,2019-07-02,9,9,0.059842049800134606,0.06814934976001451,-0.008254679365820337,-0.003956677572529136,63.77040530418574,43.555988777614594,-0.0144627080143213,0.1320917487557189,False,-0.5 to +0.5
1246,2019-05-31,2019-06-03,2019-07-03,9,9,0.07724939867397047,0.07481941024927795,0.0019878004969759605,0.0011634198834404369,62.715085845013405,42.561718682009634,0.6365781031866473,0.1627525636878871,False,-0.5 to +0.5
1247,2019-06-03,2019-06-04,2019-07-04,9,9,0.1041477778864163,0.09189235664278274,0.011080882865344121,0.005705848208996022,62.715085845013405,43.555988777614594,0.399436079071606,0.1785393598144961,False,-0.5 to +0.5
1248,2019-06-04,2019-06-05,2019-07-05,9,9,0.11652539098687624,0.10310423023719248,0.011498745620693215,0.005940014688960115,58.09348130805589,43.60444728011217,0.5652693080279787,0.2241829340013172,False,-0.5 to +0.5
1249,2019-06-05,2019-06-06,2019-07-08,9,9,0.11219162858961682,0.12461637642672072,-0.011880993257826322,-0.005718667780254078,58.093481308055885,42.561718682009634,0.8109131978192496,0.3177306687053745,False,-0.5 to +0.5
1250,2019-06-06,2019-06-07,2019-07-10,9,9,0.12207451990461397,0.14741668919349055,-0.022877536703820266,-0.011330513989950865,58.093481308055885,41.934845722363,0.8958740620778479,0.3727299835523627,False,-0.5 to +0.5
1251,2019-06-07,2019-06-10,2019-07-11,9,9,0.12156485155285518,0.12904141703954228,-0.00747015048718731,-0.00355920322350093,58.093481308055885,40.48923975212641,0.6264950699082255,0.4184498711591526,False,-0.5 to +0.5
1252,2019-06-10,2019-06-11,2019-07-12,9,9,0.10580043924921087,0.11907062049479979,-0.012303575957457532,-0.0059725982294237395,62.250205793834134,39.554234118179096,0.5865435073958731,0.4419144352726861,False,-0.5 to +0.5
1253,2019-06-11,2019-06-12,2019-07-15,9,9,0.096838393168675,0.12374218911110532,-0.024622321504772,-0.012217417743736164,62.250205793834134,40.44078124962885,0.3025548797791177,0.4535365187850708,False,-0.5 to +0.5
1254,2019-06-12,2019-06-13,2019-07-16,9,9,0.0743207583973332,0.08903865137057676,-0.014274371504589324,-0.006957730993032735,57.480021322869305,43.97813627424591,0.7302457197963285,0.488302827607022,False,-0.5 to +0.5
1255,2019-06-13,2019-06-14,2019-07-17,9,9,0.11436552047865615,0.09011742476065197,0.021718477498325273,0.010989503586921016,58.468965788230975,43.97813627424591,0.5336671347772972,0.5263744877556088,False,+0.5 to +1.5
1256,2019-06-14,2019-06-17,2019-07-18,9,9,0.12714122541606038,0.08560408647393328,0.037851676318363565,0.01892087117887796,58.468965788230975,43.97813627424591,0.8217462297331427,0.5732311062579297,False,+0.5 to +1.5
1257,2019-06-17,2019-06-18,2019-07-19,9,9,0.0726650488156875,0.0679232234709808,0.00371822485341166,0.00201169038128736,57.4800213228693,43.97813627424591,0.7441166798108554,0.627127485409618,False,+0.5 to +1.5
1258,2019-06-18,2019-06-19,2019-07-22,9,9,0.06899174767968337,0.05723872227071177,0.010529691018346636,0.005404536851418646,58.468965788230975,43.97813627424591,1.2968420941887888,0.721651103473776,False,+0.5 to +1.5
1259,2019-06-19,2019-06-21,2019-07-23,9,9,0.008509760798580505,0.06579713382428626,-0.05446650856580141,-0.027462084859858633,61.681640161178244,40.970651710415375,1.3791690632818183,0.7909387072658044,False,+0.5 to +1.5
1260,2019-06-21,2019-06-24,2019-07-24,9,9,0.005547979331255083,0.07108342745335743,-0.061872628708883985,-0.0312899030684433,61.68164016117825,40.97065171041538,1.301634392677052,0.8652829403101336,False,+0.5 to +1.5
1261,2019-06-24,2019-06-25,2019-07-25,9,9,0.014411618376977478,0.08254632664501012,-0.06358845578762615,-0.03216453647008507,61.68164016117825,38.90372792564844,1.1108225338193636,0.91459190237181,False,+0.5 to +1.5
1262,2019-06-25,2019-06-26,2019-07-26,9,9,0.025855989149579824,0.08681549620872607,-0.0567545482852679,-0.028648698566349898,61.68164016117825,40.970651710415375,1.20856668575645,0.955477965321292,False,+0.5 to +1.5
1263,2019-06-26,2019-06-27,2019-07-29,9,9,0.030032189953723133,0.07684705672605202,-0.04415000296155754,-0.02217638248504856,61.68164016117825,42.29854552136721,1.540383940495374,1.0029492272748346,False,+0.5 to +1.5
1264,2019-06-27,2019-06-28,2019-07-30,9,9,0.027641460720349287,0.08058304825984923,-0.049726860960585616,-0.02502747861914989,61.68164016117825,42.29854552136721,1.3185925314633835,1.0248975478730449,False,+0.5 to +1.5
1265,2019-06-28,2019-07-01,2019-07-31,9,9,0.05785006961752293,0.07182531716547008,-0.01392720893122263,-0.006849936730441344,65.86245122386734,42.29854552136721,1.29567219319418,1.0429241821270447,False,+0.5 to +1.5
1266,2019-07-01,2019-07-02,2019-08-01,9,9,0.052363348955031745,0.07408300112989558,-0.021254439859263,-0.01052105436318746,61.68164016117825,46.34679556593505,-0.0589909371679168,1.0403266503380786,False,+0.5 to +1.5
1267,2019-07-02,2019-07-03,2019-08-02,9,9,0.041965063984581975,0.05680879715162189,-0.014771753081350043,-0.00727477577886628,59.109190213600044,44.11685243080693,-0.2073778080382192,0.9920144291336742,False,+0.5 to +1.5
1268,2019-07-03,2019-07-04,2019-08-05,9,9,-0.016469270402752277,0.01769160487170667,-0.03443448225611396,-0.01720741081724584,58.393062006454024,44.11685243080693,-0.6360774060578007,0.9328259326133104,False,+0.5 to +1.5
1269,2019-07-04,2019-07-05,2019-08-06,9,9,-0.004217566209123246,0.039139844011105505,-0.04308785692833094,-0.021558192526878236,54.910079888833145,45.27577955354808,-0.2388951566487454,0.8869001447455886,False,+0.5 to +1.5
1270,2019-07-05,2019-07-08,2019-08-07,9,9,-0.015931100332484478,0.02983029830525016,-0.04582207704002167,-0.022938312317165088,60.12017316229359,43.42270789154641,-0.6499098562300393,0.8035015730000409,False,+0.5 to +1.5
1271,2019-07-08,2019-07-10,2019-08-08,9,9,-0.024044550503083125,0.04447979865529761,-0.06777770006620143,-0.03418909767183953,56.61488707365231,43.422707891546416,-0.0892468874592368,0.7473016625254248,False,+0.5 to +1.5
1272,2019-07-10,2019-07-11,2019-08-09,9,9,-0.016368666007788604,0.1081714916553022,-0.11672959714558752,-0.05961522875480135,56.61488707365231,43.422707891546416,-1.020988388399687,0.6533257556122438,False,+0.5 to +1.5
1273,2019-07-11,2019-07-12,2019-08-12,9,9,-0.0348930717120981,0.09344038468827344,-0.12116705096002967,-0.06202847044081924,56.614887073652305,44.61465843980898,-1.1697931477131176,0.5531418766058609,False,+0.5 to +1.5
1274,2019-07-12,2019-07-15,2019-08-13,9,9,0.010980883243180672,0.12170600885746571,-0.10284467552947667,-0.05231131467084193,61.000344168558655,43.422707891546416,-0.9914884098918206,0.4793535885721224,False,-0.5 to +0.5
1275,2019-07-15,2019-07-16,2019-08-14,9,9,-0.00782525686733235,0.06534639749568963,-0.0724485056294067,-0.03647685612694612,61.000344168558655,46.34679556593504,-0.6670656015921455,0.3996350802203315,False,-0.5 to +0.5
1276,2019-07-16,2019-07-17,2019-08-15,9,9,-0.04186870758101597,0.047168125901095335,-0.08803705305745202,-0.04466978274451194,59.22216923575694,47.724926421137496,-0.5528587491893291,0.3376581501824777,False,-0.5 to +0.5
1277,2019-07-17,2019-07-18,2019-08-16,9,9,-0.06383969130341323,0.07263173269058411,-0.13115722227375662,-0.06738552069025397,56.614887073652305,46.34679556593504,-0.4229432085977472,0.2666171438203676,False,-0.5 to +0.5
1278,2019-07-18,2019-07-19,2019-08-19,9,9,-0.047287656837666,0.12302040408243119,-0.1560889824006984,-0.08082430869226075,59.187337021230505,50.04004274798583,-0.7948301549202503,0.1787276944940741,False,-0.5 to +0.5
1279,2019-07-19,2019-07-22,2019-08-20,9,9,-0.03802503458884134,0.08909831703707856,-0.11942949049540474,-0.06127946992970417,59.079209447552735,49.57433812213475,-1.0822363712466667,0.0427435413984926,False,-0.5 to +0.5
1280,2019-07-22,2019-07-23,2019-08-21,9,9,-0.020406436729944653,0.1398861949030705,-0.14423395297591246,-0.07447673581736466,59.22216923575694,47.12519125454533,-0.261213636841367,-0.0511231425940267,False,-0.5 to +0.5
1281,2019-07-23,2019-07-24,2019-08-22,9,9,-0.025035794534396475,0.10938450539189255,-0.12461520242153763,-0.06394282394228783,61.000344168558655,47.70099692025623,-0.709399896018318,-0.1662806910805897,False,-0.5 to +0.5
1282,2019-07-24,2019-07-25,2019-08-23,9,9,-0.04644200208442011,0.08622887262459712,-0.12611130811991755,-0.0647207933515583,61.000344168558655,46.065437342024254,-0.4673696215415654,-0.2567557071325432,False,-0.5 to +0.5
1283,2019-07-25,2019-07-26,2019-08-26,9,9,-0.07951037559049942,0.04398450436814403,-0.12307849398106886,-0.06303752041761827,61.87840341880067,47.12519125454533,-0.2144298871088946,-0.3384265654799356,False,-0.5 to +0.5
1284,2019-07-26,2019-07-29,2019-08-27,9,9,-0.077340346649318,0.07556050790230648,-0.14824963480379086,-0.07636584904508037,59.0100768123002,47.11595507359719,-0.6186459985024961,-0.4623212786109497,False,-0.5 to +0.5
1285,2019-07-29,2019-07-30,2019-08-28,9,9,-0.053597091193556504,0.07372720112431581,-0.12454448484925813,-0.0635788858385457,62.614590124364945,46.42716214403271,0.0371278827850827,-0.5360628683000838,False,-1.5 to -0.5
1286,2019-07-30,2019-07-31,2019-08-29,9,9,-0.026008365344463484,0.08264974997294912,-0.10527840742147307,-0.05341843178090676,63.423207168596846,46.846320920882796,-0.3546566644050426,-0.6309522446336002,False,-1.5 to -0.5
1287,2019-07-31,2019-08-01,2019-08-30,9,9,-0.01324265634998073,0.08564604983916822,-0.0960423627148671,-0.04857385297906797,62.032173555104514,45.59607348964981,-0.3175270291296616,-0.6458783570749723,False,-1.5 to -0.5
1288,2019-08-01,2019-08-02,2019-09-02,9,9,-0.021055090346198176,0.03710369027889068,-0.06220206451093614,-0.030930658263547583,65.78342409195875,45.549416163880984,-0.0800101080066453,-0.638687811514286,False,-1.5 to -0.5
1289,2019-08-02,2019-08-05,2019-09-03,9,9,-0.01371410373809069,0.06063254407365876,-0.07698582305084571,-0.03851521520003617,65.78342409195875,45.28127132530271,0.5035964488766351,-0.5734876740093819,False,-1.5 to -0.5
1290,2019-08-05,2019-08-06,2019-09-04,9,9,-0.030526928593184788,0.04777244861050406,-0.08099721838377337,-0.04062986249424879,60.221813950562755,45.28127132530271,0.1870280254894493,-0.5492197006727958,False,-1.5 to -0.5
1291,2019-08-06,2019-08-07,2019-09-05,9,9,-0.022347575024369227,0.07994911517886373,-0.10071060496845173,-0.050968151852113834,60.221813950562755,49.14207094494188,0.6013505155989803,-0.4776441823721562,False,-0.5 to +0.5
1292,2019-08-07,2019-08-08,2019-09-06,9,9,-0.040819291021671915,0.004316366905739464,-0.051222813268953594,-0.025152207519161994,57.054250163094416,45.15971700708947,-1.109671305877039,-0.5361213556174464,False,-1.5 to -0.5
1293,2019-08-08,2019-08-09,2019-09-09,9,9,-0.04494731902245457,-0.0483762289828776,-0.00029037598418876575,0.0003700962337159995,57.05425016309443,45.41655639660429,-0.3279959890223244,-0.4963716602475478,False,-0.5 to +0.5
1294,2019-08-09,2019-08-12,2019-09-10,9,9,-0.009997158968369883,-0.03521613139053112,0.021997398744224097,0.01145317016016878,57.05425016309443,49.02051662672863,-0.7231247366908821,-0.4706482251027941,False,-0.5 to +0.5
1295,2019-08-12,2019-08-13,2019-09-11,9,9,-0.015939898289450905,-0.01862928171087566,-0.0027699952613484064,-0.000756271643208243,63.27903723321174,49.14207094494188,-0.3114388371401437,-0.4315977943840806,False,-0.5 to +0.5
1296,2019-08-13,2019-08-14,2019-09-12,9,9,0.030161538561604317,0.006972130776801283,0.017364586883396652,0.009318396723085688,63.14471281030449,49.14207094494188,0.2144849042132671,-0.3810986368659446,False,-0.5 to +0.5
1297,2019-08-14,2019-08-15,2019-09-13,9,9,0.04157292057520135,-0.006554750714722026,0.042302739880152256,0.021609856070981006,63.14471281030449,49.22834809019378,0.5478944966319947,-0.3180833816764866,False,-0.5 to +0.5
1298,2019-08-15,2019-08-16,2019-09-16,9,9,0.01391847725161768,-0.022799960125174483,0.032862195381403364,0.016785232258050748,61.19333016092992,49.20985398873111,0.8455585655537533,-0.2454933477644195,False,-0.5 to +0.5
1299,2019-08-16,2019-08-19,2019-09-17,9,9,0.03164702491318477,-0.015068520617568736,0.041978926660453386,0.021380994267348585,63.14471281030449,49.20985398873111,1.2123623979038392,-0.1304808749867431,False,-0.5 to +0.5
1300,2019-08-19,2019-08-20,2019-09-18,9,9,0.024437402825352887,-0.007016319083251058,0.02658297609021365,0.013742192777984098,63.75896208547998,49.20985398873111,0.8975980347773334,-0.0168606473162043,False,-0.5 to +0.5
1301,2019-08-20,2019-08-21,2019-09-19,9,9,0.006989066152478379,-0.016395922904981652,0.017547396615186724,0.009470863401526732,62.48153588158319,49.22834809019379,0.6880386441942272,0.0375715626255344,False,-0.5 to +0.5
1302,2019-08-21,2019-08-22,2019-09-20,9,9,0.0229613399960117,-0.0022319130649213897,0.01892252569073422,0.010150656691118004,62.48153588158319,49.22834809019379,1.0883072156132794,0.1407684800365983,False,-0.5 to +0.5
1303,2019-08-22,2019-08-23,2019-09-23,9,9,0.04335102619175055,0.022924704372176783,0.015015565901803488,0.0080302568542963,57.31918578831288,49.22834809019378,1.5130166284787347,0.2544419370380419,False,-0.5 to +0.5
1304,2019-08-23,2019-08-26,2019-09-24,9,9,0.05007641818296571,0.04655541406079026,0.0007224725671830793,0.0007528659421744045,58.87059662545643,52.438413983931966,1.3034794724419112,0.3416424092105039,False,-0.5 to +0.5
1305,2019-08-26,2019-08-27,2019-09-25,9,9,0.03745212366541624,0.03621084224884238,-0.001429092786914288,-0.000326366748581577,61.19333016092993,52.43841398393197,0.8226805413287156,0.4245962540845364,False,-0.5 to +0.5
1306,2019-08-27,2019-08-28,2019-09-26,9,9,0.042630792323919336,0.027901053014886604,0.01184330675349979,0.006262045514354705,61.19333016092992,52.43841398393197,0.6696002276773884,0.461021162161568,False,-0.5 to +0.5
1307,2019-08-28,2019-08-29,2019-09-27,9,9,-0.00030153868373946236,0.029910019634949887,-0.03204558119931541,-0.015761241946477926,61.19333016092992,51.02818793518253,1.187232899580144,0.5497378491584303,False,+0.5 to +1.5
1308,2019-08-29,2019-08-30,2019-09-30,9,9,0.011819886034847057,0.03968711162059942,-0.029452495105274184,-0.014418479941664421,57.148319394782675,50.97505514719292,0.8198319204251454,0.6152489563866124,False,+0.5 to +1.5
1309,2019-08-30,2019-09-02,2019-10-01,9,9,-0.0016978912179896998,0.03803357855667827,-0.040885390050131185,-0.020250751835787388,57.148319394782675,50.975055147192904,1.3525099733259542,0.6976850800393581,False,+0.5 to +1.5
1310,2019-09-02,2019-09-03,2019-10-02,9,9,-0.012933950056831775,0.030130811933612996,-0.044328252158537106,-0.022009572914950943,57.148319394782675,50.975055147192904,1.4177700222311678,0.7503020254433123,False,+0.5 to +1.5
1311,2019-09-03,2019-09-04,2019-10-03,9,9,-0.02645108623516977,0.021984603507992338,-0.049926932603414596,-0.02486701851496802,57.148319394782675,50.97505514719292,1.5674052172580504,0.8297832139066376,False,+0.5 to +1.5
1312,2019-09-04,2019-09-05,2019-10-04,9,9,-0.02046274888241876,0.026446075955081857,-0.04822369097232328,-0.02399311710479613,57.148319394782675,50.97505514719292,2.2291330869274706,0.9235347986397549,False,+0.5 to +1.5
1313,2019-09-05,2019-09-06,2019-10-07,9,9,-0.03698162326417953,0.018900612657153364,-0.05726238249453516,-0.028662254324304484,57.148319394782675,50.975055147192904,2.050671091911362,1.105610353321392,False,+0.5 to +1.5
1314,2019-09-06,2019-09-09,2019-10-08,9,9,-0.036556481871587464,0.05154215062325578,-0.08488338949559347,-0.043121525276411554,57.997373635843275,50.97505514719291,2.5293966247402904,1.2703171361919112,False,+0.5 to +1.5
1315,2019-09-09,2019-09-10,2019-10-09,9,9,-0.040292262146769696,0.06036680233763822,-0.09600954479917839,-0.048976448427808704,57.997373635843275,50.97505514719291,2.121632486199851,1.4342222972592422,False,+0.5 to +1.5
1316,2019-09-10,2019-09-11,2019-10-10,9,9,-0.03752127708928277,0.021432973340764126,-0.05850210157023989,-0.02942915086461631,57.99737363584328,48.14213150203705,1.0368688819929155,1.5115096717601832,True,> +1.5
1317,2019-09-11,2019-09-12,2019-10-11,9,9,-0.038820368702917454,0.05760296276978719,-0.09284110142023923,-0.04727370970732843,57.148319394782675,50.97505514719291,1.0217543061088767,1.557516373256481,False,> +1.5
1318,2019-09-12,2019-09-13,2019-10-14,9,9,-0.022758456404610605,0.07831526196188623,-0.0951885261208572,-0.048529639339861756,57.148319394782675,51.34701575071987,1.1883634203223157,1.593898466680034,False,> +1.5
1319,2019-09-13,2019-09-16,2019-10-15,9,9,-0.012378725915996381,0.04612187827302034,-0.05694806228909469,-0.028700329661965018,55.295946830249804,52.30379142453321,0.7918531145250577,1.5902176727065072,False,> +1.5
1320,2019-09-16,2019-09-17,2019-10-16,9,9,-0.026320543861884958,0.07713557923665669,-0.09750621447871276,-0.04976575788455913,55.295946830249804,53.81185050173884,0.2281706078520603,1.5329940850246104,False,> +1.5
1321,2019-09-17,2019-09-18,2019-10-17,9,9,-0.012488045236493118,0.056501494921570784,-0.06664348698970574,-0.03371795641343367,54.03360067832677,53.601664933636144,0.2826829669468073,1.497090933629705,False,+0.5 to +1.5
1322,2019-09-18,2019-09-19,2019-10-18,9,9,-0.020353387942779487,0.04128771150408502,-0.06027288459004033,-0.03043243667293422,55.295946830249804,52.3037914245332,0.7238193941865734,1.4987027222959637,False,+0.5 to +1.5
1323,2019-09-19,2019-09-20,2019-10-21,9,9,-0.011265143779485174,0.03651529433996896,-0.04722500145533275,-0.02369998521794481,55.295946830249804,47.05738149532535,0.5823739517199713,1.4692726133629148,False,+0.5 to +1.5
1324,2019-09-20,2019-09-23,2019-10-22,9,9,-0.004912607560032811,0.06397899357338083,-0.0659670188846847,-0.033334862563838615,55.295946830249804,52.49486530607717,1.110825011030497,1.446041789931518,False,+0.5 to +1.5
1325,2019-09-23,2019-09-24,2019-10-23,9,9,0.002283087656017276,0.05382256405571902,-0.05009962589552254,-0.025179006960548013,56.91358214009358,52.49486530607717,0.7081074614866923,1.4116404838052583,False,+0.5 to +1.5
1326,2019-09-24,2019-09-25,2019-10-24,9,9,-0.0119864063369971,0.0468884616596787,-0.05724272341058838,-0.02886281579399378,55.295946830249804,52.49486530607717,0.6649744560483116,1.4022985633777518,False,+0.5 to +1.5
1327,2019-09-25,2019-09-26,2019-10-25,9,9,-0.013442480145217333,0.04243876423322871,-0.054480990353821424,-0.02743069341736469,54.88265491938737,52.49486530607717,0.8241492704263426,1.410871062982645,False,+0.5 to +1.5
1328,2019-09-26,2019-09-27,2019-10-28,9,9,0.00017724145151193384,0.04894244955907431,-0.047547111726392255,-0.02386133384358167,56.50029022923115,52.49486530607717,0.5932483887091738,1.3766034330309411,False,+0.5 to +1.5
1329,2019-09-27,2019-09-30,2019-10-29,9,9,-0.016289608196503592,0.03689414231703028,-0.052142047621008006,-0.026215883162245858,56.820264064067715,54.24476440180956,1.0458416417391128,1.389352262680371,False,+0.5 to +1.5
1330,2019-09-30,2019-10-01,2019-10-30,9,9,-0.009388752940461233,0.04463229009714177,-0.05251954940392152,-0.026374726986569723,58.47194292370768,49.99450898553463,0.457960525957506,1.3379439427419522,False,+0.5 to +1.5
1331,2019-10-01,2019-10-02,2019-10-31,9,9,0.010641561814629628,0.07877491163117993,-0.06461869390376702,-0.03258148316461246,56.820264064067715,54.7225287365113,-0.04487904801542,1.2540438611755158,False,+0.5 to +1.5
1332,2019-10-02,2019-10-03,2019-11-01,9,9,0.021495745847203394,0.08147577143529067,-0.05649228864325504,-0.028422599446249593,56.82026406406772,51.47732277738501,0.3008720258284769,1.1815403054638547,False,+0.5 to +1.5
1333,2019-10-03,2019-10-04,2019-11-04,9,9,0.017243070001199554,0.07234050010916931,-0.05246644003964626,-0.0263381116820352,58.29836878594736,51.47732277738501,-0.0112691626512033,1.0534184251779688,False,+0.5 to +1.5
1334,2019-10-04,2019-10-07,2019-11-05,9,9,0.03248979110877858,0.0772348525766971,-0.04271574843029588,-0.021329891697380567,58.29836878594736,50.71396591409891,0.1714242458630127,0.9459130106159734,False,+0.5 to +1.5
1335,2019-10-07,2019-10-08,2019-11-06,9,9,0.05789926201901997,0.08933047756154264,-0.02988487237812343,-0.014785211380883923,60.38334634514038,51.47732277738501,0.0543054919355748,0.8042231699803006,False,+0.5 to +1.5
1336,2019-10-08,2019-10-09,2019-11-07,9,9,0.048428256612646305,0.09596790336855769,-0.044695846027643565,-0.022292562516482196,60.38334634514038,50.7139659140989,0.1493389261720501,0.6911247136519479,False,+0.5 to +1.5
1337,2019-10-09,2019-10-10,2019-11-08,9,9,0.019567959162921283,0.09618157191004666,-0.07097086928962557,-0.03592404538920722,57.600171832274086,50.7139659140989,0.0151660603263571,0.6325312333501227,False,+0.5 to +1.5
1338,2019-10-10,2019-10-11,2019-11-11,9,9,0.02122397642703587,0.09013976073939023,-0.0644032928403518,-0.0324593159558552,58.254322076737594,50.7139659140989,0.04426803148979,0.576463688404575,False,+0.5 to +1.5
1339,2019-10-11,2019-10-14,2019-11-12,9,9,0.010947379601463001,0.0639479964781558,-0.051243736469315626,-0.025663481507179824,58.254322076737594,55.44952139178759,0.1650540122133815,0.517712720523317,False,+0.5 to +1.5
1340,2019-10-14,2019-10-15,2019-11-13,9,9,0.011185146197200438,0.05844192607474961,-0.046065033027138436,-0.023015799889508342,58.254322076737594,55.44952139178759,-0.1174843738217405,0.4655749237814868,False,-0.5 to +0.5
1341,2019-10-15,2019-10-16,2019-11-14,9,9,0.019933636975699845,0.0599299132335278,-0.039358153909811545,-0.019583433505996915,58.25432207673758,55.1760591157412,0.3662536565952543,0.4735283561783107,False,-0.5 to +0.5
1342,2019-10-16,2019-10-17,2019-11-18,10,10,0.008162343267781392,0.057441676939157124,-0.04815616548984665,-0.024097474230111323,57.821684713935795,57.99156280342322,0.5733867652950031,0.490195433102858,False,-0.5 to +0.5
1343,2019-10-17,2019-10-18,2019-11-19,10,10,0.0048647430863251505,0.057590543000651404,-0.051571986286291074,-0.025847340500359695,56.42356897097041,56.96427230378621,0.2651179908973061,0.463854700952294,False,-0.5 to +0.5
1344,2019-10-18,2019-10-21,2019-11-21,10,10,0.019932718361247898,0.0506392583762474,-0.030529364109904332,-0.015177474382231153,57.816131592931946,56.35441193051641,0.6826556948087965,0.4695270693936859,False,-0.5 to +0.5
1345,2019-10-21,2019-10-22,2019-11-22,10,10,0.02229599848441343,0.06157222853105389,-0.038683571339490595,-0.019246560729868252,56.823642405603266,55.38849769114563,0.3361496104871777,0.4249742790415573,False,-0.5 to +0.5
1346,2019-10-22,2019-10-23,2019-11-25,10,10,0.03172965870945398,0.06336176440070544,-0.0314614715439266,-0.015565194533971764,56.82364240560325,55.38849769114563,0.1296089133806409,0.3917535278219227,False,-0.5 to +0.5
1347,2019-10-23,2019-10-24,2019-11-26,10,10,0.02860564996839797,0.06080259113276845,-0.0313612893053638,-0.015647128240854978,59.41414844636479,56.0247383504632,0.5542651488421766,0.3852958014228521,False,-0.5 to +0.5
1348,2019-10-24,2019-10-25,2019-11-27,10,10,0.032208772231303286,0.07272845466474578,-0.038660787678554416,-0.01932469608835155,58.37797487255294,56.0247383504632,0.8264388765377098,0.3852404430524676,False,-0.5 to +0.5
1349,2019-10-25,2019-10-28,2019-11-28,10,10,0.04472584728266971,0.08058939835629976,-0.034305670498517245,-0.01710895418937092,56.82364240560325,56.0247383504632,1.3762660514558256,0.4299416240937787,False,-0.5 to +0.5
1350,2019-10-28,2019-10-29,2019-11-29,10,10,0.03361080626935716,0.08586053214597288,-0.049249037603291565,-0.024721394143721296,57.803022812116524,56.0247383504632,1.8203355598275903,0.4740599451943432,False,-0.5 to +0.5
1351,2019-10-29,2019-10-30,2019-12-02,10,10,0.03354528447808171,0.05921828315355886,-0.02513156101600676,-0.012437790181002039,57.803022812116524,53.503273885789575,1.7277244507743816,0.5468410366201529,False,+0.5 to +1.5
1352,2019-10-30,2019-10-31,2019-12-03,10,10,0.04131902044752539,0.08130573392695473,-0.038181701091218,-0.019017715288155268,61.32748564000142,56.9721591528423,2.0106161603307173,0.6649247125736714,False,+0.5 to +1.5
1353,2019-10-31,2019-11-01,2019-12-04,10,10,0.027108690795817285,0.07360207350146349,-0.04433231866719683,-0.022201496123217004,59.50676327130825,58.59889825616644,2.0839955078198447,0.7674583834431591,False,+0.5 to +1.5
1354,2019-11-01,2019-11-04,2019-12-05,10,10,0.028645940814809197,0.07754499077248221,-0.046297124317425935,-0.02326735314739379,61.23584894252402,58.59889825616644,1.7508933759368697,0.868949313341469,False,+0.5 to +1.5
1355,2019-11-04,2019-11-05,2019-12-06,10,10,0.046856315833401066,0.11316697607104241,-0.06047693469643659,-0.030555518933010624,61.23584894252402,55.51567664179254,0.6920480600819893,0.8989973059119268,False,+0.5 to +1.5
1356,2019-11-05,2019-11-06,2019-12-09,10,10,0.06130935647387761,0.09958093778321862,-0.03584145702062871,-0.017868817091732367,62.913412190373364,56.08025693552638,0.6178301623677234,0.931495404624434,False,+0.5 to +1.5
1357,2019-11-06,2019-11-07,2019-12-10,10,10,0.036636942456205114,0.0742472661066386,-0.03574730562927412,-0.017844273156923267,61.024962346259656,56.08025693552638,0.1140813821572312,0.929503254166507,False,+0.5 to +1.5
1358,2019-11-07,2019-11-08,2019-12-11,10,10,0.08763470575980607,0.0890200722099161,-0.0020531895520326505,-0.0008305831336851061,58.355534226063114,56.08025693552638,0.0844228211536202,0.9335234907260332,False,+0.5 to +1.5
1359,2019-11-08,2019-11-11,2019-12-12,10,10,0.11937576274456471,0.08158551532156014,0.034462572542703546,0.017309883580060467,56.677970978213764,56.08025693552638,0.703374973468535,0.9714757056497116,False,+0.5 to +1.5
1360,2019-11-11,2019-11-12,2019-12-13,10,10,0.14365300087904326,0.12120029167040879,0.01944463746349809,0.009932938213123643,54.948885306998,56.08025693552637,0.8172234310344503,1.009004183774533,False,+0.5 to +1.5
1361,2019-11-12,2019-11-13,2019-12-16,10,10,0.17479969147082408,0.17160867675642066,0.0017201060217134165,0.0011660568349376164,59.88047533277921,55.170055162358395,1.2549552875336805,1.08791152612928,False,+0.5 to +1.5
1362,2019-11-13,2019-11-14,2019-12-17,10,10,0.16313573966938005,0.17536484473651962,-0.011432592729240298,-0.005423050708144734,59.88047533277923,56.26779087832925,1.314164939293642,1.142383397023011,False,+0.5 to +1.5
1363,2019-11-14,2019-11-18,2019-12-18,10,10,0.16146574347361592,0.14654515220832984,0.01234608929927308,0.006421081398800309,60.84773626813136,57.85333611502599,0.848417727442214,1.1581355069928376,False,+0.5 to +1.5
1364,2019-11-18,2019-11-19,2019-12-19,10,10,0.16052421182206675,0.17786233656512354,-0.015417872461222473,-0.007492709225030853,60.84773626813135,58.542650414712774,1.067389525154829,1.204155598589465,False,+0.5 to +1.5
1365,2019-11-19,2019-11-21,2019-12-20,10,10,0.1435670871588247,0.13033727685935934,0.010984341333028072,0.005744016805061158,61.91743742452802,60.261214265871146,0.8459884886519098,1.2134418739238328,False,+0.5 to +1.5
1366,2019-11-21,2019-11-22,2019-12-23,10,10,0.14184469639499514,0.12864244191815066,0.010984356945041731,0.00574402455285507,61.91743742452802,60.261214265871146,0.1056133560110418,1.2000162883894738,False,+0.5 to +1.5
1367,2019-11-22,2019-11-25,2019-12-26,10,10,0.13104517492973358,0.16303285424355254,-0.028239779158498218,-0.014003363780957087,64.39112483946894,57.75491303290354,-0.0347739559837833,1.190382864963905,False,+0.5 to +1.5
1368,2019-11-25,2019-11-26,2019-12-27,10,10,0.17644339908414247,0.18251369624993372,-0.0062747979534053646,-0.0029119135976568436,61.91743742452803,56.60871155309568,0.4128576593904492,1.182154572462477,False,+0.5 to +1.5
1369,2019-11-26,2019-11-27,2019-12-30,10,10,0.19079824327368697,0.15664293029244566,0.028317994181609376,0.014337693754446277,62.00907412200543,55.84996384582426,0.3987430775248226,1.1575463139978477,False,+0.5 to +1.5
1370,2019-11-27,2019-11-28,2020-01-02,10,10,0.2186411693567222,0.16663721365135006,0.04357007326770975,0.021810597683329415,62.00907412200543,55.84996384582428,1.4361043579642223,1.1610256096661096,False,+0.5 to +1.5
1371,2019-11-28,2019-11-29,2020-01-03,10,10,0.22463958460484673,0.16721749707424766,0.048248142930959255,0.024084658151367982,62.00907412200543,55.84996384582428,1.3197964522237124,1.1324079990172862,False,+0.5 to +1.5
1372,2019-11-29,2019-12-02,2020-01-06,10,10,0.2316330709166414,0.1889167263163322,0.03514378416533137,0.01765813229917107,60.831896574177584,55.84996384582426,1.7265077698934792,1.1324099873121618,False,+0.5 to +1.5
1373,2019-12-02,2019-12-03,2020-01-07,10,10,0.2014618209827577,0.190793943762958,0.008114648262588408,0.004266159738664774,63.63068340179002,55.84996384582428,2.334671962479473,1.151127907472695,False,+0.5 to +1.5
1374,2019-12-03,2019-12-04,2020-01-08,10,10,0.19563545602303323,0.15732871339046317,0.032581353508141696,0.016365428037209948,62.56098224539336,55.84996384582428,1.20830678869776,1.1009001254267523,False,+0.5 to +1.5
1375,2019-12-04,2019-12-05,2020-01-09,10,10,0.2203835352097866,0.14685724576743342,0.0636605927263213,0.03157630015749443,60.66636355759535,55.84996384582428,1.455821301765801,1.0839700505057472,False,+0.5 to +1.5
1376,2019-12-05,2019-12-06,2020-01-10,10,10,0.20911437126731733,0.13196161150608157,0.06776624456550756,0.03356447843743444,60.66636355759535,55.84996384582428,0.7202641234158831,1.085554424555684,False,+0.5 to +1.5
1377,2019-12-06,2019-12-09,2020-01-13,10,10,0.189766882330642,0.16696241481410182,0.019156884802917017,0.009672013464766864,61.8435411054232,56.60871155309569,0.883468423527952,1.1007944360921775,False,+0.5 to +1.5
1378,2019-12-09,2019-12-10,2020-01-14,10,10,0.21158359302523622,0.18231766201520294,0.024501933322192308,0.012308412368101455,60.93937296560877,56.60871155309568,0.4072164145765969,1.1175683990207232,False,+0.5 to +1.5
1379,2019-12-10,2019-12-11,2020-01-15,10,10,0.18607039349099802,0.1678260241462054,0.015355177027341387,0.007789852760699154,60.939372965608754,56.60871155309568,1.1256934818050284,1.1773419685795945,False,+0.5 to +1.5
1380,2019-12-11,2019-12-12,2020-01-16,10,10,0.15067118021258896,0.15570667557622195,-0.004910323548193074,-0.0023195056402010752,61.11659904373706,56.60871155309569,1.738607321299677,1.2367663410754444,False,+0.5 to +1.5
1381,2019-12-12,2019-12-13,2020-01-17,10,10,0.15888098898861672,0.14179643101180753,0.014817448558818344,0.007507046584938267,65.70986488741951,56.60871155309567,1.40273741451402,1.2703281384621994,False,+0.5 to +1.5
1382,2019-12-13,2019-12-16,2020-01-20,10,10,0.18233205782489695,0.15479726063513696,0.023641123063508712,0.011879784164962973,67.88531276546038,56.60871155309568,1.1960111975563965,1.2668654584900774,False,+0.5 to +1.5
1383,2019-12-16,2019-12-17,2020-01-21,10,10,0.17960940207602547,0.16271198390018166,0.01424058017569096,0.007220889390965762,65.4323857424997,56.60871155309568,0.4959791846228151,1.219727564287691,False,+0.5 to +1.5
1384,2019-12-17,2019-12-18,2020-01-22,10,10,0.1676406230298069,0.1723865876390703,-0.004281552429452062,-0.0020276053405441754,63.256937864458834,56.60871155309568,1.4390383939513929,1.2535912732912955,False,+0.5 to +1.5
1385,2019-12-18,2019-12-19,2020-01-23,10,10,0.15752131300740144,0.16391440416591926,-0.005689200509371803,-0.0027305561703094877,63.256937864458834,56.60871155309568,1.1708238731545282,1.2594536358696409,False,+0.5 to +1.5
1386,2019-12-19,2019-12-20,2020-01-24,10,10,0.14828272635667764,0.15529244487148308,-0.0062496707335432545,-0.003011411347501803,63.25693786445883,56.60871155309568,0.6240813209368796,1.246559046024504,False,+0.5 to +1.5
1387,2019-12-20,2019-12-23,2020-01-27,10,10,0.09402294676956972,0.11607396275938142,-0.019668054625508368,-0.009750034136454592,63.25693786445881,56.60871155309568,0.5099930775963071,1.2695620294166756,False,+0.5 to +1.5
1388,2019-12-23,2019-12-26,2020-01-28,10,10,0.08576846803488335,0.13024926143650106,-0.03989257300826736,-0.019949835213838082,63.25693786445881,53.31251719521506,0.1186387112678787,1.2780756271719145,False,+0.5 to +1.5
1389,2019-12-26,2019-12-27,2020-01-29,10,10,0.07446613868645886,0.11456159966090174,-0.03675544660207024,-0.018301188001951973,63.32142368307227,53.31251719521506,0.3854121333751601,1.2762660016202594,False,+0.5 to +1.5
1390,2019-12-27,2019-12-30,2020-01-30,10,10,0.05203087531180066,0.11454836023096834,-0.05686409991783636,-0.028618052033276806,68.46521444953444,53.31251719521506,0.4274011328185307,1.2776783140142751,False,+0.5 to +1.5
1391,2019-12-30,2020-01-02,2020-01-31,10,10,-0.00894692514568706,0.08814341649622409,-0.08997014579828091,-0.0458135104212962,68.03457843621007,54.8133486607176,0.5519008393596386,1.2269021284455586,False,+0.5 to +1.5
1392,2020-01-02,2020-01-03,2020-02-03,9,9,-0.006998451770465603,0.07782869530675621,-0.07998442344887204,-0.04060712015550217,66.28321991779563,55.44038522995484,-1.196767821063408,1.082535203834824,False,+0.5 to +1.5
1393,2020-01-03,2020-01-06,2020-02-04,9,9,0.025018497778332854,0.04935646834123087,-0.02432947292140084,-0.01208454815699582,66.71700684975158,53.84568389699248,0.2434811775301212,0.9976382487829064,False,+0.5 to +1.5
1394,2020-01-06,2020-01-07,2020-02-05,9,9,0.015715597566783365,0.053174887811368705,-0.03636523516269211,-0.018209583789569134,56.890140459508075,52.83776269895353,-0.6196741139198793,0.8284248685457548,False,+0.5 to +1.5
1395,2020-01-07,2020-01-08,2020-02-06,9,9,-0.0009855429166835356,0.022459636273561828,-0.023822472340470968,-0.011832821038785912,56.890140459508075,53.54434058017903,0.1918583659065433,0.7702053549870347,False,+0.5 to +1.5
1396,2020-01-08,2020-01-09,2020-02-07,9,9,-0.030078759362798108,0.006775594392445723,-0.037398966466330716,-0.018737935809685753,56.890140459508075,53.54434058017903,0.225363020396675,0.6997007412370654,False,+0.5 to +1.5
1397,2020-01-09,2020-01-10,2020-02-10,9,9,-0.04299415023657302,-0.03882584333159266,-0.006337008633963392,-0.002928886813843877,56.890140459508075,53.544340580179025,0.6755519587738257,0.6971874837617812,False,+0.5 to +1.5
1398,2020-01-10,2020-01-13,2020-02-11,9,9,-0.04162512655214679,-0.001700931528089683,-0.04207665857016677,-0.02102610683953577,58.43538638729308,52.837762698953526,0.5398669496539523,0.6775284990468372,False,+0.5 to +1.5
1399,2020-01-13,2020-01-14,2020-02-12,9,9,-0.046266896285448604,0.0014125881452270459,-0.049906599121593634,-0.024966988920242843,58.198115512650105,52.837762698953526,0.062106706854209,0.6578316884003226,False,+0.5 to +1.5
1400,2020-01-14,2020-01-15,2020-02-13,9,9,-0.031051313162485227,0.004364766182918819,-0.03812317457393533,-0.018934669363430155,60.875326354275884,52.88566900632879,-0.6368309488945626,0.5568451238407663,False,+0.5 to +1.5
1401,2020-01-15,2020-01-16,2020-02-14,9,9,-0.05300810835110009,-0.03966696598033807,-0.017265537408690076,-0.00830319821660641,59.918958716145944,52.50686825658832,-0.2794856799701855,0.4411144449306917,False,-0.5 to +0.5
1402,2020-01-16,2020-01-17,2020-02-17,9,9,-0.07111634439610036,-0.02606180605150016,-0.05005969515518639,-0.02494419351326632,65.63428178999281,51.10691122061718,-0.5575044581049783,0.3286516643367487,False,-0.5 to +0.5
1403,2020-01-17,2020-01-20,2020-02-18,10,10,-0.070440271760491,-0.02367193899035032,-0.05090735063661267,-0.025463739888423834,63.17750305658431,51.68179728770033,-0.6482124830366527,0.2228050795224719,False,-0.5 to +0.5
1404,2020-01-20,2020-01-21,2020-02-19,11,11,-0.031491728726710584,0.009909626021244601,-0.044018175450618355,-0.02198583603625846,63.97174119370086,51.269632278682984,-0.8643749604542352,0.1447937830966943,False,-0.5 to +0.5
1405,2020-01-21,2020-01-22,2020-02-20,11,11,-0.05634882373999729,-0.018078439926058527,-0.04198962427323929,-0.020961230461494635,66.80478180255032,49.971333894977676,-0.1796905443174313,0.0517066722985144,False,-0.5 to +0.5
1406,2020-01-22,2020-01-23,2020-02-21,11,11,-0.06330655042151308,-0.037851846000232586,-0.029876965826802347,-0.014739535844041075,64.24088591074604,48.150521789121676,-0.1487071043627573,-0.0242485240030954,False,-0.5 to +0.5
1407,2020-01-23,2020-01-24,2020-02-26,11,11,-0.1203196905209595,-0.09362040604440834,-0.033228090202675704,-0.01644815807348923,64.24088591074604,48.39707541196904,-0.067009807803408,-0.064070917688687,False,-0.5 to +0.5
1408,2020-01-24,2020-01-27,2020-02-27,11,11,-0.12606146730348175,-0.1039755781682691,-0.028582978269684093,-0.014090335822580227,64.24088591074604,48.39707541196904,-0.3844784651195911,-0.1155352550658906,False,-0.5 to +0.5
1409,2020-01-27,2020-01-28,2020-02-28,11,11,-0.12367557777637667,-0.12210411460978483,-0.0050491756253419106,-0.0022436190367959266,64.24088591074604,52.01519145352786,-0.4109063804400998,-0.1459763420073966,False,-0.5 to +0.5
1410,2020-01-28,2020-01-29,2020-03-02,11,11,-0.07461724166574497,-0.06672592782742187,-0.012284855398347958,-0.005873000866896521,65.52187330526863,50.648013288408244,0.3019865789367749,-0.150936387970422,False,-0.5 to +0.5
1411,2020-01-29,2020-01-30,2020-03-03,11,11,-0.11871510127594868,-0.0701658750361718,-0.056276876578383934,-0.028100977925714817,64.24088591074604,50.881659743098595,0.2707111413647962,-0.1601125210225857,False,-0.5 to +0.5
1412,2020-01-30,2020-01-31,2020-03-04,11,11,-0.07824126624478132,-0.018350038009988325,-0.06399248990765145,-0.03211569370566508,62.594516388274705,50.2039426494698,0.6130973104817269,-0.1568402065879814,False,-0.5 to +0.5
1413,2020-01-31,2020-02-03,2020-03-05,11,11,-0.14433051892079127,-0.08382230774966297,-0.06896180187918322,-0.03463884181215108,60.306900986316116,50.48596220215796,0.048666622088224,-0.0851075286184874,False,-0.5 to +0.5
1414,2020-02-03,2020-02-04,2020-03-06,11,11,-0.17741788271245282,-0.1454654763010235,-0.04177448073192684,-0.020557205182307036,60.30690098631612,50.17001019868508,0.1646141137164715,-0.0897497706870525,False,-0.5 to +0.5
1415,2020-02-04,2020-02-05,2020-03-09,11,11,-0.2750056564672541,-0.2502684425701664,-0.03824410235340915,-0.018826725159097724,62.594516388274705,50.51057000956766,0.5730071842587211,-0.021182124285668,False,-0.5 to +0.5
1416,2020-02-05,2020-02-06,2020-03-10,11,11,-0.20163744418130244,-0.19213838528141355,-0.022372340257850898,-0.010646065400571718,63.15046019003268,49.55019988214448,0.32917174098083,-0.0133873811274108,False,-0.5 to +0.5
1417,2020-02-06,2020-02-07,2020-03-11,11,11,-0.23546170651175535,-0.24109717788179497,-0.005723992945871675,-0.0021485371506257452,63.15046019003268,49.20964007126191,0.9510132688485604,0.0281411843177943,False,-0.5 to +0.5
1418,2020-02-07,2020-02-10,2020-03-12,11,11,-0.36208098095023156,-0.34828985456808415,-0.034157181076731234,-0.016626472072275196,58.485138094845176,49.83221943483265,0.4052710587791002,0.0124173132917271,False,-0.5 to +0.5
1419,2020-02-10,2020-02-11,2020-03-13,11,11,-0.3388366676238688,-0.2963045951767525,-0.06776582190389156,-0.033720187202304415,60.26280520935445,48.82877265020442,1.0279880021149264,0.0402403367634414,False,-0.5 to +0.5
1420,2020-02-11,2020-02-12,2020-03-16,11,11,-0.4298846668390398,-0.4239882431546643,-0.02266596276432934,-0.01057426798799068,60.26280520935445,48.82877265020442,0.7256457664032471,0.0783115478908779,False,-0.5 to +0.5
1421,2020-02-12,2020-02-13,2020-03-17,11,11,-0.41068546045505544,-0.3940560667931544,-0.04053403415961554,-0.01961599069514641,60.26280520935445,48.82877265020441,0.7806122131921831,0.1598967689910062,False,-0.5 to +0.5
1422,2020-02-13,2020-02-14,2020-03-18,11,11,-0.48742271738067405,-0.4906714908428454,-0.0049385911216496955,-0.0015127038762282306,59.619720986810755,51.98287236950086,0.5577898386788833,0.2081035182362453,False,-0.5 to +0.5
1423,2020-02-14,2020-02-17,2020-03-19,11,11,-0.468072889001565,-0.467227602360526,-0.019014781231739063,-0.008582481747526847,60.26280520935443,50.36026024890891,0.5631896899249565,0.2726865218591312,False,-0.5 to +0.5
1424,2020-02-17,2020-02-18,2020-03-20,11,11,-0.48192028365642386,-0.4704483287086697,-0.04632404153555714,-0.022013247102071067,65.04718183113597,49.662369939934486,0.3268149427069907,0.3289553233866333,False,-0.5 to +0.5
1425,2020-02-18,2020-02-19,2020-03-23,11,11,-0.5203520951156619,-0.5204959934553507,-0.026136835329475402,-0.011690707474694043,65.04718183113597,49.662369939934486,0.5879225103579196,0.4127177441948643,False,-0.5 to +0.5
1426,2020-02-19,2020-02-20,2020-03-24,11,11,-0.4641245453568752,-0.47380110275621357,-0.007893356116885138,-0.0024801951563143015,65.04718183113597,49.662369939934486,0.3553503523504933,0.4436157569207015,False,-0.5 to +0.5
1427,2020-02-20,2020-02-21,2020-03-25,11,11,-0.40491158583722314,-0.39809459843849876,-0.027805217692932635,-0.01291950137179782,65.78379817109659,51.98287236950086,0.1166621048436321,0.459020246572609,False,-0.5 to +0.5
1428,2020-02-21,2020-02-26,2020-03-26,11,11,-0.32832818195074015,-0.35096898311366553,0.009454870950660377,0.006174725692897623,65.04718183113597,49.6623699399345,0.3210340530181477,0.4814456833525185,False,-0.5 to +0.5
1429,2020-02-26,2020-02-27,2020-03-27,11,11,-0.34450264573126604,-0.3404431347179237,-0.028068803149349963,-0.012781697358958026,66.88643753667075,51.98287236950086,0.0097962592431099,0.5043278519837827,False,+0.5 to +1.5
1430,2020-02-27,2020-02-28,2020-03-30,11,11,-0.3178062467785318,-0.3486032705818271,0.027978001169840824,0.015020468884783844,63.975474282341956,51.982872369500846,-0.6885594278486854,0.4886368934148965,False,-0.5 to +0.5
1431,2020-02-28,2020-03-02,2020-03-31,10,10,-0.3712683282056547,-0.3910867246827597,0.0211459596262472,0.011598121024416689,63.74237780416446,54.397636036488734,0.3244252624275753,0.4899581374002612,False,-0.5 to +0.5
1432,2020-03-02,2020-03-03,2020-04-01,10,10,-0.40075761823140893,-0.42139770238433566,0.023338355711412625,0.012780378826842872,64.92125610783788,54.39763603648875,0.0231526101738637,0.4757848729358986,False,-0.5 to +0.5
1433,2020-03-03,2020-03-04,2020-04-02,10,10,-0.3877380711007738,-0.42548700045799187,0.057985439150733,0.029197757345076524,63.41053081834919,52.293230362602436,0.0989821440217429,0.4462015962737574,False,-0.5 to +0.5
1434,2020-03-04,2020-03-05,2020-04-03,10,10,-0.3704507345098304,-0.39133677863130867,0.021456720658490604,0.0118427761906456,64.92125610783788,54.397636036488734,0.1804437235513651,0.4538717011402585,False,-0.5 to +0.5
1435,2020-03-05,2020-03-06,2020-04-06,10,10,-0.33024114364085966,-0.3197860103220315,-0.004013112644483303,-0.0005070481383160937,67.45282425488786,53.49154651220797,-0.5096909403088657,0.4152275338533981,False,-0.5 to +0.5
1436,2020-03-06,2020-03-09,2020-04-07,10,10,-0.18622381525611112,-0.18560180181495511,0.016507032995477827,0.009619846324617409,67.45282425488786,48.073616585632834,-0.8095461260391459,0.3357892607372776,False,-0.5 to +0.5
1437,2020-03-09,2020-03-10,2020-04-08,10,10,-0.23137788902178863,-0.2120474491051223,-0.005530423778544417,-0.0012165574320585019,67.45282425488787,49.588660359724926,0.0399503837956681,0.3191816483119998,False,-0.5 to +0.5
1438,2020-03-10,2020-03-11,2020-04-09,10,10,-0.14818011667978231,-0.14095052935846214,-0.00835483457123862,-0.0033074625976249336,68.06436243682163,51.54552099303894,0.1781987943901204,0.274613775918165,False,-0.5 to +0.5
1439,2020-03-11,2020-03-12,2020-04-13,10,10,0.045297727694418484,0.042067334627552806,0.014713718887500673,0.008771098210458836,68.06436243682163,49.221272336260576,0.1990516875176845,0.2627270364542442,False,-0.5 to +0.5
1440,2020-03-12,2020-03-13,2020-04-14,10,10,-0.04907633191918504,-0.025659110178585222,-0.014110322618935103,-0.005506920782157195,66.43161680176237,49.221272336260576,0.0386395448482604,0.2056676115727018,False,-0.5 to +0.5
1441,2020-03-13,2020-03-16,2020-04-15,10,10,0.1002915835931122,0.157690526001791,-0.03387290060325481,-0.01514244335882464,65.82007861982862,52.68595135396286,1.4455380599954974,0.2468216268824717,False,-0.5 to +0.5
1442,2020-03-16,2020-03-17,2020-04-16,10,10,0.06895305956120136,0.07372295765832669,0.010816582822545518,0.0075894633573549706,66.64781528406243,51.17037968810857,1.750989530735726,0.3024156146169946,False,-0.5 to +0.5
1443,2020-03-17,2020-03-18,2020-04-17,10,10,0.3305410530134318,0.1560200004384584,0.16353313303358893,0.08137448045669698,60.95489742412261,49.94691628300234,1.233878985495466,0.3412496822119865,False,-0.5 to +0.5
1444,2020-03-18,2020-03-19,2020-04-20,10,10,0.27186242753279627,0.09165818139489677,0.1769066251781451,0.08781552216386286,60.95489742412261,51.48728353512951,1.018692015071682,0.3674290243232089,False,-0.5 to +0.5
1445,2020-03-19,2020-03-20,2020-04-22,10,10,0.3469960093171332,0.12604242629132473,0.20783674369841937,0.10164355482590316,62.943645399845124,51.09857591541156,0.2429401797049863,0.3626312248206199,False,-0.5 to +0.5
1446,2020-03-20,2020-03-23,2020-04-23,10,10,0.42349757516025244,0.12495828200631698,0.2742461162259873,0.13207337855191437,60.23967636444007,52.71039317115191,1.4273432304941724,0.4109260896316782,False,-0.5 to +0.5
1447,2020-03-23,2020-03-24,2020-04-24,10,10,0.1823613427781143,0.033575526026976464,0.1515355678294093,0.07598194595709437,61.26079349159728,53.41305253193707,1.1702672453113656,0.4579132112757202,False,-0.5 to +0.5
1448,2020-03-24,2020-03-25,2020-04-27,10,10,0.10587235830046231,0.03198425287594343,0.07313169660603729,0.03705894480826924,64.41475965648503,57.9758346412249,1.4753326509491995,0.5363094977694034,False,+0.5 to +1.5
1449,2020-03-25,2020-03-26,2020-04-28,10,10,0.0809660281974458,0.03164916570969683,0.04781703777911338,0.024477587740323818,61.96534456916877,57.9758346412249,1.4325938662275977,0.6004940240252697,False,+0.5 to +1.5
1450,2020-03-26,2020-03-27,2020-04-29,10,10,0.15524426159268254,0.09061359466165377,0.06194394511848668,0.03159569612913617,62.51192239983252,55.043526694165415,1.321544463924495,0.6763048930361981,False,+0.5 to +1.5
1451,2020-03-27,2020-03-30,2020-04-30,10,10,0.12627942131633993,0.09860042013459203,0.02784702156354735,0.015048481336159597,65.69367689043872,56.084800670877165,0.972236188476766,0.7723248086918515,False,+0.5 to +1.5
1452,2020-03-30,2020-03-31,2020-05-04,10,10,0.14206441564738562,0.10019581182644537,0.042080780327316034,0.02191044187467374,63.38466466601077,57.217882982674176,0.9421543111042208,0.8080739298854879,False,+0.5 to +1.5
1453,2020-03-31,2020-04-01,2020-05-05,10,10,0.15571398823742902,0.10061156561438407,0.05619385010093326,0.029259211726647194,63.6186364048614,50.18745365389969,1.6746601084726171,0.9035141290805836,False,+0.5 to +1.5
1454,2020-04-01,2020-04-02,2020-05-06,10,10,0.14042066317288193,0.07563186959144548,0.06618016610290545,0.03401058842572725,61.07014882076034,51.58686562686876,2.638400479232101,1.050283910473257,False,+0.5 to +1.5
1455,2020-04-02,2020-04-03,2020-05-07,10,10,0.13942661216481497,0.07734787263997607,0.06382110726331262,0.03314308146439604,60.78345271084852,49.33288861532401,2.600616269585616,1.19037635469507,False,+0.5 to +1.5
1456,2020-04-03,2020-04-06,2020-05-08,10,10,0.06474242262348069,0.11581178444939627,-0.04237958638493715,-0.020040992939484383,64.25150414677942,49.72283708914817,2.488372359227833,1.363918947955348,False,+0.5 to +1.5
1457,2020-04-06,2020-04-07,2020-05-11,10,10,-0.02781030178388666,0.03124896237738764,-0.05400552568490739,-0.025989814200483373,60.78345271084853,49.999085382126616,2.139418625399772,1.5344434610460305,True,> +1.5
1458,2020-04-07,2020-04-08,2020-05-12,10,10,-0.08782416426329194,0.045014563908253036,-0.1241948603758652,-0.06263285610577078,60.13101488792374,49.371096165082314,1.9887791997646675,1.6470100693188248,False,> +1.5
1459,2020-04-08,2020-04-09,2020-05-13,10,10,-0.10548801732378939,0.017522291891731698,-0.11805027594303223,-0.05929183086433883,60.13101488792374,49.83048077947396,1.8297203168363916,1.7421607059400013,False,> +1.5
1460,2020-04-09,2020-04-13,2020-05-14,10,10,-0.10526470272962365,0.024877043322824973,-0.12424454092442463,-0.06258207431259992,64.09088245898317,49.475721309379324,0.960268379984294,1.7853160422595136,False,> +1.5
1461,2020-04-13,2020-04-14,2020-05-15,10,10,-0.12172116025741023,-0.008626297636355824,-0.1117221186751843,-0.056124479020070527,60.9676960959858,49.94033787413085,1.7623643275172864,1.8841445872320413,False,> +1.5
1462,2020-04-14,2020-04-15,2020-05-18,10,10,-0.07853984811063759,0.02022515764826586,-0.09285532910177163,-0.04599551373251493,62.866396501117755,50.292078798196705,2.4650323424534943,1.94275084855412,False,> +1.5
1463,2020-04-15,2020-04-16,2020-05-19,10,10,-0.09732503606398958,0.03739845180418116,-0.12654022943647666,-0.0640504140751545,62.602386283146686,49.72283708914817,2.5709395781225157,1.98995666083564,False,> +1.5
1464,2020-04-16,2020-04-17,2020-05-20,10,10,-0.07216358282520689,0.03771540482484606,-0.10246960664978992,-0.05110261345872389,62.6023862831467,49.72283708914817,2.4516570411976737,2.0598565415942405,False,> +1.5
1465,2020-04-17,2020-04-20,2020-05-21,10,10,-0.06525569023580835,0.04743378573928394,-0.10388931727920431,-0.05183938731132441,62.6023862831467,51.85348915392651,1.843732629753633,2.1065573805093885,False,> +1.5
1466,2020-04-20,2020-04-22,2020-05-22,10,10,-0.09452867697561858,0.017637203206563354,-0.10678674233855441,-0.05333306719854255,63.776400876347566,51.85348915392651,1.4749051103239292,2.176002359924751,False,> +1.5
1467,2020-04-22,2020-04-23,2020-05-25,10,10,-0.024001391760401614,0.03131369589997724,-0.04967847548857198,-0.023580865855461434,63.776400876347566,53.3137050742715,1.8106779112308748,2.196973406983311,False,> +1.5
1468,2020-04-23,2020-04-24,2020-05-26,10,10,0.03999438966693515,0.0961898267970817,-0.04864577746130429,-0.022950663894775108,62.6023862831467,50.292078798196705,1.1874923414341694,2.1963142077651896,False,> +1.5
1469,2020-04-24,2020-04-27,2020-05-27,10,10,0.0558471953355579,0.07548383060645757,-0.014660735122718193,-0.005584301636912462,62.6023862831467,50.29207879819671,1.0354590547555833,2.1694453614421323,False,> +1.5
1470,2020-04-27,2020-04-28,2020-05-28,10,10,0.00044704328844032875,0.06110701248826118,-0.054153848941368175,-0.025918279878165702,62.602386283146686,47.20935293535537,0.9932564332191098,2.1426860420297458,False,> +1.5
1471,2020-04-28,2020-04-29,2020-05-29,10,10,-0.055463922788184135,0.028337347621736054,-0.07854891479677031,-0.03867829172613125,62.6023862831467,52.081723428184546,-0.5072346454827066,2.0354624441983247,False,> +1.5
1472,2020-04-29,2020-04-30,2020-06-01,10,10,0.020141228104796117,0.10413014550753784,-0.07488841138407461,-0.03620329399620992,62.310320775418134,46.25263696919269,0.1443086789470766,1.9863295334132287,False,> +1.5
1473,2020-04-30,2020-05-04,2020-06-02,10,10,0.10155358475239074,0.10079637438800342,0.0015981249913050498,0.003092599093024687,62.310320775418134,49.28179263197761,-0.3218855475266596,1.912212569529173,False,> +1.5
1474,2020-05-04,2020-05-05,2020-06-03,10,10,0.2023476593103628,0.13497589794155582,0.06163949253459055,0.03292006884427325,62.64800820985549,46.25263696919269,0.3119017767954635,1.8334432296212249,False,> +1.5
1475,2020-05-05,2020-05-06,2020-06-04,10,10,0.22283105396966882,0.14000441329060556,0.07519052878697417,0.03944079539871233,60.9034156875912,46.25263696919269,-0.4048885203713217,1.658959714804351,False,> +1.5
1476,2020-05-06,2020-05-07,2020-06-05,10,10,0.3264440152834423,0.12198390610955719,0.18491286385194733,0.0906943334909139,63.695088215299826,46.25263696919269,0.9018026850995222,1.562150814374494,False,> +1.5
1477,2020-05-07,2020-05-08,2020-06-08,10,10,0.377382270714631,0.12256807483504853,0.23019982288961657,0.11149710335402407,64.89824714781147,46.25263696919269,0.9697545862346436,1.4756154876130383,False,+0.5 to +1.5
1478,2020-05-08,2020-05-11,2020-06-09,10,10,0.41715479636544284,0.11685479079217094,0.27201391364448113,0.1301323559535017,64.89824714781147,46.25263696919269,0.5711962565778305,1.385991558860329,False,+0.5 to +1.5
1479,2020-05-11,2020-05-12,2020-06-10,10,10,0.4083129484762005,0.11802673612124771,0.2630942438440171,0.12626786760264064,65.10199330312675,46.25263696919269,0.9297839359499664,1.3256011473534286,False,+0.5 to +1.5
1480,2020-05-12,2020-05-13,2020-06-12,10,10,0.3775834141982475,0.11185304725710142,0.24236208179263655,0.1170195681707815,64.89824714781147,46.25263696919269,1.4055822730931191,1.3016232963105856,False,+0.5 to +1.5
1481,2020-05-13,2020-05-14,2020-06-15,10,10,0.3169644301070773,0.11022525667502306,0.1893496941793242,0.09296083820018171,64.89824714781147,46.25263696919269,1.4986160685250158,1.3326149202111253,False,+0.5 to +1.5
1482,2020-05-14,2020-05-15,2020-06-16,10,10,0.3082889079927691,0.13759266449585594,0.15336092594782474,0.07636326218105154,65.10199330312673,46.25263696919269,1.2648255544400435,1.3043712256190592,False,+0.5 to +1.5
1483,2020-05-15,2020-05-18,2020-06-17,10,10,0.2669080209017821,0.1275447770149113,0.1259970163340268,0.06381061961871573,63.436033336555525,46.252636969192686,1.2684177803547951,1.236198828160812,False,+0.5 to +1.5
1484,2020-05-18,2020-05-19,2020-06-18,10,10,0.3070923859073097,0.12644001848203587,0.16407579953584478,0.08123249186127818,63.43603333655553,42.323518150235,0.3519433662259658,1.1091592341812593,False,+0.5 to +1.5
1485,2020-05-19,2020-05-20,2020-06-19,10,10,0.2291837115957337,0.11115371365609147,0.10885879106275927,0.05480863426051364,65.27973164847556,42.323518150235,0.6807529658720001,1.0077071914913642,False,+0.5 to +1.5
1486,2020-05-20,2020-05-21,2020-06-22,10,10,0.230626986797215,0.09899771905585199,0.12214706618961339,0.06124351915126072,65.27973164847556,45.08474458973613,0.8543832625768107,0.950957738279104,False,+0.5 to +1.5
1487,2020-05-21,2020-05-22,2020-06-23,10,10,0.266214138848257,0.10636086388505414,0.14676710998950585,0.0725289827988181,65.70797373670491,42.323518150234996,0.8768064553173163,0.9166267489478168,False,+0.5 to +1.5
1488,2020-05-22,2020-05-25,2020-06-24,10,10,0.14794686242364669,0.07750361568862686,0.06723101184252468,0.03489467485920515,65.27973164847556,42.87919143318101,1.4900303703076594,0.8982061276383817,False,+0.5 to +1.5
1489,2020-05-25,2020-05-26,2020-06-25,10,10,0.17972596658081771,0.07588248962603716,0.09874440825996532,0.04994091527665873,65.27973164847556,42.879191433181006,1.0345039833767982,0.8894107490012971,False,+0.5 to +1.5
1490,2020-05-26,2020-05-27,2020-06-26,10,10,0.11718759121510257,0.03923442226908922,0.07696555753464111,0.0394600108514717,65.27973164847556,42.879191433181006,0.9673936175427535,0.8854996192372832,False,+0.5 to +1.5
1491,2020-05-27,2020-05-28,2020-06-29,10,10,0.13142958412005018,0.06651367699709224,0.06290693277394512,0.03263910048761282,65.27973164847556,42.879191433181006,1.089432322787385,0.8910305296653943,False,+0.5 to +1.5
1492,2020-05-28,2020-05-29,2020-06-30,10,10,0.11677046776087052,0.07988599593500921,0.0357114395593201,0.019387721733292916,64.0361166719167,42.99048134085799,0.6560686543437152,0.9579868130537468,False,+0.5 to +1.5
1493,2020-05-29,2020-06-01,2020-07-01,10,10,0.09372352768123028,0.06759243207811212,0.025760264948193955,0.014726434726951159,62.419314012099605,42.990481340858004,0.9773574030183249,1.0058817286687938,False,+0.5 to +1.5
1494,2020-06-01,2020-06-02,2020-07-02,10,10,0.03285646724079012,0.03815125951541381,-0.0042948086804287825,-0.0003533073098218578,62.419314012099605,43.97916015168097,0.8683826263555483,1.0742933314029235,False,+0.5 to +1.5
1495,2020-06-02,2020-06-03,2020-07-03,10,10,-0.01563369109405075,0.03528056899512198,-0.049093749787339706,-0.023735271608255972,63.010087928249526,44.72643502424037,0.7196679492169968,1.0976579847123349,False,+0.5 to +1.5
1496,2020-06-03,2020-06-04,2020-07-06,10,10,0.012385030128999735,0.06274309123900669,-0.047850865950605094,-0.023193461224875193,63.010087928249526,45.01713869827338,1.1629905572062598,1.1876636323093646,False,+0.5 to +1.5
1497,2020-06-04,2020-06-05,2020-07-07,10,10,-0.03209352837977857,0.0702894395804889,-0.09599907029421426,-0.048295797170061674,63.010087928249526,45.01713869827338,1.4484340476500206,1.2189122046315672,False,+0.5 to +1.5
1498,2020-06-05,2020-06-08,2020-07-08,10,10,-0.06344941424608631,0.05687002953338701,-0.11472666258169305,-0.058175545327769106,63.01008792824952,45.01713869827338,1.128180926935248,1.2278467325818376,False,+0.5 to +1.5
1499,2020-06-08,2020-06-09,2020-07-09,10,10,-0.07466848897006068,0.060305857754140775,-0.1279957244342906,-0.0653082586393073,63.010087928249526,45.01713869827338,1.0808651146952084,1.2569413469358397,False,+0.5 to +1.5
1500,2020-06-09,2020-06-10,2020-07-10,10,10,-0.0229125706577473,0.08022064577046661,-0.09647333289539857,-0.0486872155596435,63.010087928249526,45.01713869827338,1.0579068031345356,1.2641061673277263,False,+0.5 to +1.5
1501,2020-06-10,2020-06-12,2020-07-13,10,10,0.002136194289422454,0.09848464621065293,-0.08879935668845629,-0.04468899775013871,62.232851461013055,45.01713869827338,1.068560449024455,1.244576792567044,False,+0.5 to +1.5
1502,2020-06-12,2020-06-15,2020-07-14,10,10,0.02261489891557395,0.13379487520669392,-0.09944450598202448,-0.050334641183415664,62.232851461013055,45.035587851329986,0.5515386248397097,1.1900154352127723,False,+0.5 to +1.5
1503,2020-06-15,2020-06-16,2020-07-15,10,10,0.03458213322977421,0.1348745201602154,-0.09010694333633602,-0.04530541251734171,63.98161109355417,45.35440372985592,0.8124259355610489,1.1638820006702373,False,+0.5 to +1.5
1504,2020-06-16,2020-06-17,2020-07-16,10,10,-0.006441271832974469,0.13779705829985653,-0.12872374256916672,-0.06579658843871236,62.45802102263424,47.74992219737336,1.4379960961561804,1.1734643974102068,False,+0.5 to +1.5
1505,2020-06-17,2020-06-18,2020-07-17,10,10,0.018414551369285104,0.11035219522404366,-0.08365656006876425,-0.042156327261357575,62.419314012099605,45.262016433751114,1.3775100541254133,1.232193575355654,False,+0.5 to +1.5
1506,2020-06-18,2020-06-19,2020-07-20,10,10,0.029109820604427475,0.15703901459855285,-0.11193281794778864,-0.05700779172447058,63.801182849541945,49.48587588075572,1.3474731021088688,1.270282248660093,False,+0.5 to +1.5
1507,2020-06-19,2020-06-22,2020-07-21,10,10,0.006404475996441774,0.16059146295975177,-0.1347453604027731,-0.06919557530269914,63.80118284954193,49.779997769670125,0.850130532742495,1.2698218597296238,False,+0.5 to +1.5
1508,2020-06-22,2020-06-23,2020-07-22,10,10,-0.01620166411508129,0.16448779389837775,-0.15757280398479934,-0.08134704343183577,63.80118284954193,44.97936907699727,0.5666143551971333,1.2517992907703797,False,+0.5 to +1.5
1509,2020-06-23,2020-06-24,2020-07-23,10,10,-0.020408998749145004,0.14218189843866522,-0.1439850774099948,-0.07406634084708869,63.801182849541945,44.60778878297764,0.5563614162019755,1.198054993466378,False,+0.5 to +1.5
1510,2020-06-24,2020-06-25,2020-07-24,10,10,-0.024906443037107387,0.10991582845257519,-0.12294532946305003,-0.06278788873321796,63.80118284954193,41.515241616882086,0.3445555565543461,1.1583116971447511,False,+0.5 to +1.5
1511,2020-06-25,2020-06-26,2020-07-27,10,10,-0.0026849957638920446,0.1715344870108965,-0.15113114574905606,-0.07787294088676855,62.232851461013055,43.940444092193026,0.9124623908690376,1.155022143389661,False,+0.5 to +1.5
1512,2020-06-26,2020-06-29,2020-07-28,10,10,-0.011537665253961816,0.16065695256309656,-0.1516255322650845,-0.0779810806588296,62.232851461013055,44.864379325044226,0.6056701406134207,1.1271483393514994,False,+0.5 to +1.5
1513,2020-06-29,2020-06-30,2020-07-29,10,10,0.030026513571943414,0.14397402641622736,-0.10192940253716243,-0.05158856997461262,63.80118284954193,43.82545434023997,0.8256013894605172,1.136744245570988,False,+0.5 to +1.5
1514,2020-06-30,2020-07-01,2020-07-30,10,10,0.055432712940770845,0.14151170476933625,-0.07728271795422019,-0.038818035458585975,62.54904800739566,47.990579053491196,-0.5039307855634567,1.0517292358416928,False,+0.5 to +1.5
1515,2020-07-01,2020-07-02,2020-07-31,10,10,0.027525565323006373,0.12323502509819871,-0.08799885318592864,-0.04446295036465326,59.29793258075699,48.082215871461585,0.1796775755198798,1.0122082893589448,False,+0.5 to +1.5
1516,2020-07-02,2020-07-03,2020-08-03,10,10,0.006567697996435279,0.10720726468420798,-0.09330547846556438,-0.04723850961723787,57.97496961779403,48.082215871461585,0.6500812682364272,1.0081801721053385,False,+0.5 to +1.5
1517,2020-07-03,2020-07-06,2020-08-04,10,10,-0.02990465633852585,0.07564813874330473,-0.10053851544327012,-0.051045789871229236,57.97496961779403,48.08221587146158,0.1208717074196235,0.9484515588090148,False,+0.5 to +1.5
1518,2020-07-06,2020-07-07,2020-08-05,10,10,-0.005946912865565134,0.10133417150238576,-0.10010249929868306,-0.05078355204421277,60.5413086301373,43.154817043678584,-0.6008565489190799,0.8310777709318973,False,+0.5 to +1.5
1519,2020-07-07,2020-07-08,2020-08-06,10,10,0.013607057307599158,0.10518086814689433,-0.08562215713533745,-0.0431945884896604,61.061553552479,43.154817043678584,-0.1611426435941306,0.7572517136856459,False,+0.5 to +1.5
1520,2020-07-08,2020-07-09,2020-08-07,10,10,0.024728956848984563,0.090489606512235,-0.06250559719338165,-0.0311980556447638,60.1332133453926,43.655160541529185,-0.6657532284585455,0.6572712509550301,False,+0.5 to +1.5
1521,2020-07-09,2020-07-10,2020-08-10,10,10,0.019255847716468405,0.07936462738574569,-0.05776232306549372,-0.02875080437302476,57.97496961779403,45.14076581533233,-0.1221233934053444,0.5897193441248482,False,+0.5 to +1.5
1522,2020-07-10,2020-07-13,2020-08-11,10,10,0.04489880809483248,0.07686664543911621,-0.032197533398506686,-0.015721129810205473,59.26167980724615,45.14076581533234,0.1152635894711816,0.5351286131934828,False,+0.5 to +1.5
1523,2020-07-13,2020-07-14,2020-08-12,10,10,0.023081684990261055,0.0521492031557383,-0.029423635576093676,-0.014305784080341846,55.97782644390003,44.81877176961286,0.3150371501400449,0.5216215895646332,False,+0.5 to +1.5
1524,2020-07-14,2020-07-15,2020-08-13,10,10,-0.016151159292708685,0.048167876902933504,-0.06349077245599763,-0.03173971099252739,55.97782644390004,47.72908636283627,0.148381264406352,0.4836050128437258,False,-0.5 to +0.5
1525,2020-07-15,2020-07-16,2020-08-14,10,10,0.02344153378131226,0.05339339863739518,-0.03043359678585677,-0.01465274151069832,56.04664194142521,48.375286525832855,1.1149144653089225,0.4649641381822886,False,-0.5 to +0.5
1526,2020-07-16,2020-07-17,2020-08-17,10,10,-0.04001376610248233,0.02041687882053626,-0.06092065321179145,-0.030194309965493233,54.69111625444791,48.37528652583285,0.8520503444982203,0.4347226524446796,False,-0.5 to +0.5
1527,2020-07-17,2020-07-20,2020-08-18,10,10,-0.02863569331617685,0.03590635164253074,-0.06426944688143235,-0.03202181940687849,57.90615412026885,48.37528652583285,0.450451291558233,0.3831802476528643,False,-0.5 to +0.5
1528,2020-07-20,2020-07-21,2020-08-19,10,10,-0.04751575263390645,0.05807233569176602,-0.1017836304971731,-0.05148165529977506,54.69111625444791,48.37528652583285,1.2894415127687602,0.4082069784770591,False,-0.5 to +0.5
1529,2020-07-21,2020-07-22,2020-08-20,10,10,-0.037154777031486876,0.04923301331264045,-0.08376153296166487,-0.04212526211168957,59.1861799218165,47.72908636283626,1.3213200616622671,0.4513956153135541,False,-0.5 to +0.5
1530,2020-07-22,2020-07-23,2020-08-21,10,10,0.0022424611685926883,0.04919845005176864,-0.046238728872887415,-0.022645064798780038,56.731375010602086,48.37528652583285,1.1785004048028958,0.4870338308790607,False,-0.5 to +0.5
1531,2020-07-23,2020-07-24,2020-08-24,10,10,0.008932989605452548,0.05601194648010397,-0.046016144263668984,-0.02255799929918261,58.77768765841529,48.37528652583285,0.6544727806574978,0.5048459166610384,False,+0.5 to +1.5
1532,2020-07-24,2020-07-27,2020-08-25,10,10,0.014377689595592803,0.031476375461744886,-0.017725552077128212,-0.008259191681896007,59.179947609312606,46.389337754179095,0.5795970430661302,0.48570946422843,False,-0.5 to +0.5
1533,2020-07-27,2020-07-28,2020-08-26,10,10,-0.004773026251316273,0.034742267157460746,-0.03859206695767403,-0.018925745865068237,62.15477888505707,45.42114354546304,0.0678034853629915,0.4548716259709686,False,-0.5 to +0.5
1534,2020-07-28,2020-07-29,2020-08-27,10,10,-0.01178406454063085,0.02508931475077389,-0.036103662772784095,-0.017616266863458994,61.521514038691194,45.42114354546304,0.4451207565042618,0.4330045304881876,False,-0.5 to +0.5
1535,2020-07-29,2020-07-30,2020-08-28,10,10,0.003273442188975228,0.03167868140982709,-0.027935461550193212,-0.013523492715714819,59.19301573890257,45.42114354546304,-0.1280832036439254,0.4547651232288849,False,-0.5 to +0.5
1536,2020-07-30,2020-07-31,2020-08-31,10,10,-0.00610115570207017,0.013655807202654526,-0.020489955356014347,-0.009741190721894106,61.88418133657409,47.400948642140435,0.6959713369135377,0.4844301244369421,False,-0.5 to +0.5
1537,2020-07-31,2020-08-03,2020-09-01,10,10,0.048187415922273526,0.02874452361330836,0.018803811944274013,0.009833607073370398,61.88418133657409,44.694384955066965,0.6356675930533979,0.483582266322092,False,-0.5 to +0.5
1538,2020-08-03,2020-08-04,2020-09-02,10,10,0.060900883670945,0.037725366506178276,0.02205710581484337,0.011406684151798555,58.330490262686126,44.694384955066965,1.4306253237091318,0.5587535426446131,False,+0.5 to +1.5
1539,2020-08-04,2020-08-05,2020-09-03,10,10,0.0432891876947741,-0.0062757010054082015,0.04912202502974461,0.024683949709255023,62.04909604001504,47.73538983293735,1.465937904645817,0.677522403389156,False,+0.5 to +1.5
1540,2020-08-05,2020-08-06,2020-09-04,10,10,0.016499820737054756,-0.014554098747151164,0.03050866768341065,0.015489224019017056,62.049096040015044,47.73538983293735,1.011526305500053,0.7449557858632034,False,+0.5 to +1.5
1541,2020-08-06,2020-08-07,2020-09-08,10,10,0.03395893836389614,-0.004974329071706146,0.037683644689648244,0.01896178746305911,62.16786590824732,47.73538983293735,0.3080510555206112,0.8010307177470699,False,+0.5 to +1.5
1542,2020-08-07,2020-08-10,2020-09-09,10,10,0.026705686607889825,0.012070488614616565,0.01322839617599284,0.00700919698678969,62.04909604001504,47.73538983293735,1.0175706727486264,0.866537058695853,False,+0.5 to +1.5
1543,2020-08-10,2020-08-11,2020-09-10,10,10,-0.005212945595701105,-4.9788991122390646e-05,-0.006183614990569575,-0.0027766884662873232,58.78688158076375,44.87009203958251,0.8244111219467433,0.9072876301242396,False,+0.5 to +1.5
1544,2020-08-11,2020-08-12,2020-09-11,10,10,-0.0014586087863615415,0.011747080138780428,-0.014507988577334227,-0.00706023830523321,59.01096024087345,43.61269427049683,0.1599594917124629,0.8984020857498727,False,+0.5 to +1.5
1545,2020-08-12,2020-08-13,2020-09-14,10,10,0.04816770093967214,0.027114400691963608,0.019136848307882304,0.009867231559092016,56.04663486343334,46.03521698936942,0.8525775270272161,0.9388408511392242,False,+0.5 to +1.5
1546,2020-08-13,2020-08-14,2020-09-15,10,10,0.030573185773161107,0.026345779035279897,0.0029380908997972497,0.0018487475947341974,54.87741547068845,47.13048740519615,0.8088951445268288,0.921220323289322,False,+0.5 to +1.5
1547,2020-08-14,2020-08-17,2020-09-16,10,10,0.07856622575101324,0.020358718856387372,0.05558741891869356,0.02782371836043016,54.87741547068845,48.40162173307509,1.372974678324583,0.9510639898273574,False,+0.5 to +1.5
1548,2020-08-17,2020-08-18,2020-09-17,10,10,0.05352459778770074,-0.017753040839863933,0.07238179328598277,0.03589299804116651,54.87741547068843,50.494457719249446,1.3124243782064595,1.000520130099544,False,+0.5 to +1.5
1549,2020-08-18,2020-08-19,2020-09-18,10,10,0.05893880600553062,-0.020636288121130008,0.08108870269478308,0.04014559340046991,60.42608192037424,48.5832123881802,0.7206913110844766,0.9678084300130676,False,+0.5 to +1.5
1550,2020-08-19,2020-08-20,2020-09-21,10,10,0.027798708515801025,-0.03918996483872602,0.06938638952147182,0.03459510878167055,60.42608192037424,48.33821743721647,0.9229571559886128,0.9448711371572112,False,+0.5 to +1.5
1551,2020-08-20,2020-08-21,2020-09-22,10,10,0.00776019811452983,-0.033390303876999844,0.04238147828817551,0.021326571168226626,57.48717511232182,48.338217437216464,1.408897443581236,0.9580230670110896,False,+0.5 to +1.5
1552,2020-08-21,2020-08-24,2020-09-23,10,10,-0.007136200328794059,-0.031121617705252767,0.02437103656283711,0.012500509010442242,60.12375682754963,50.88032926543769,1.757063298180824,1.021296647844418,False,+0.5 to +1.5
1553,2020-08-24,2020-08-25,2020-09-24,10,10,-0.008902775275198959,-0.027019306276213552,0.018584053461636853,0.009592200877932552,57.48717511232182,51.272299866283014,2.5851489592845223,1.13648090844212,False,+0.5 to +1.5
1554,2020-08-25,2020-08-26,2020-09-25,10,10,-0.009602450230565362,-0.000856423537373639,-0.009024185999867186,-0.004090463956538354,57.48717511232182,50.66377275081737,2.24822790394393,1.261852851446954,False,+0.5 to +1.5
1555,2020-08-26,2020-08-27,2020-09-28,10,10,-0.03818904103414134,-0.0344508224908808,-0.004148770709594753,-0.0016786186898384665,57.48717511232182,48.067180542278166,2.800037798411883,1.397359364832073,False,+0.5 to +1.5
1556,2020-08-27,2020-08-28,2020-09-29,10,10,-0.05398171820689449,-0.06329462985812244,0.009748669528741467,0.005145729504883077,59.369476427660835,51.56993552574941,1.6816165413599145,1.501332723166487,True,> +1.5
1557,2020-08-28,2020-08-31,2020-09-30,10,10,-0.03622536077249244,-0.04030218108873769,0.00416003504568732,0.0024364679128008964,57.48717511232182,51.560607167540454,1.781227826317995,1.5636307820337152,False,> +1.5
1558,2020-08-31,2020-09-01,2020-10-01,10,10,-0.04373508991483572,-0.044848256732958995,0.0008283724050049858,0.0007500424497618392,60.31461716029603,51.560607167540454,1.9049052451259127,1.636453570032463,False,> +1.5
1559,2020-09-01,2020-09-02,2020-10-02,10,10,-0.05774933753057568,-0.04602047848720417,-0.012992942537485319,-0.006102193839299506,61.396641222397136,50.655066283155676,2.342006375795952,1.6888990618825712,False,> +1.5
1560,2020-09-02,2020-09-03,2020-10-05,10,10,-0.052868495988679966,-0.03582247573967302,-0.018018870340701605,-0.008736124731737526,61.20578088965074,51.56060716754045,1.847835473348652,1.7107644282140495,False,> +1.5
1561,2020-09-03,2020-09-04,2020-10-06,10,10,-0.06084043099099301,-0.02650006646852095,-0.03544307297237205,-0.01760703039592678,60.4206109415594,51.56060716754045,1.901057959522068,1.761701262440381,False,> +1.5
1562,2020-09-04,2020-09-08,2020-10-07,10,10,-0.05292322858582383,-0.027861167206156324,-0.025993393776062468,-0.012784280988095031,60.451500489761955,49.66003979107092,1.3088606631393678,1.8185564412614628,False,> +1.5
1563,2020-09-08,2020-09-09,2020-10-08,10,10,-0.02046140751509371,0.0044843663367181,-0.024939334781937918,-0.012294422270681215,58.35885331359386,49.776793557126226,2.075755820502977,1.879014728116048,False,> +1.5
1564,2020-09-09,2020-09-10,2020-10-09,10,10,-0.003984614301556104,0.019436966577068206,-0.02357176452888747,-0.011605748632860994,61.18629536156804,48.80963498536593,1.6722816580582232,1.9270712228987712,False,> +1.5
1565,2020-09-10,2020-09-11,2020-10-13,10,10,0.015163174000285959,0.012985808831624443,0.001221375891902108,0.0008330647815426476,61.01843617660709,49.94922423634897,1.5185930955283764,2.0040109425628643,False,> +1.5
1566,2020-09-11,2020-09-14,2020-10-14,10,10,-0.007984416365071493,-0.012505637558857806,0.0030956913794124774,0.0017495467184285404,61.01843617660709,50.97757899309998,1.7329252776837016,2.053575543951877,False,> +1.5
1567,2020-09-14,2020-09-15,2020-10-15,10,10,-0.008019281220131432,-0.005577263598747844,-0.004115209413083727,-0.0018194419107494101,60.25132072363054,50.97757899309998,2.2480358044523143,2.135202809205508,False,> +1.5
1568,2020-09-15,2020-09-16,2020-10-16,10,10,-0.026221899687410552,0.02244412106283594,-0.049155149628498665,-0.02463213630607849,62.30291225689841,50.09608304454578,2.44614082458148,2.195970631441013,False,> +1.5
1569,2020-09-16,2020-09-17,2020-10-19,10,10,-0.01936025990358253,0.025309755308309697,-0.045134670932944744,-0.022569349411151896,62.3029122568984,50.09608304454578,1.8208296582664325,2.2239226004388684,False,> +1.5
1570,2020-09-17,2020-09-18,2020-10-20,10,10,0.013933048604831525,0.053430202873337676,-0.038621362072103226,-0.019249720191859804,62.3029122568984,48.58201504469535,2.166368805777814,2.305287840698174,False,> +1.5
1571,2020-09-18,2020-09-21,2020-10-21,10,10,0.03785845154157772,0.0613482359632482,-0.02337617040632219,-0.011509313016675753,62.30291225689841,48.58201504469536,2.248871625829187,2.3796228151195984,False,> +1.5
1572,2020-09-21,2020-09-22,2020-10-22,10,10,0.04070995059416887,0.05794440698351858,-0.01755344270793907,-0.008552584008551136,67.25477628132559,48.58201504469535,2.618671460139275,2.447509575116577,False,> +1.5
1573,2020-09-22,2020-09-23,2020-10-23,10,10,0.06629932759626145,0.05906205462315392,0.005300088133228136,0.0028941225124345217,65.97030020103429,49.48755592908013,1.8527961380990143,2.4513070694875303,False,> +1.5
1574,2020-09-23,2020-09-24,2020-10-26,10,10,0.06722739887176937,0.04888608267056234,0.015914358809557574,0.008215812591443649,62.807260987167226,48.43515623649854,1.8030575758099656,2.405502021360781,False,> +1.5
1575,2020-09-24,2020-09-25,2020-10-27,10,10,0.06160136806950213,0.04195373238680618,0.017039878936276575,0.008752630216672433,63.506911804485824,49.34069712088332,1.8083327151974176,2.37913487900056,False,> +1.5
1576,2020-09-25,2020-09-28,2020-10-28,10,10,0.022057850965397138,0.03347753195971865,-0.011453300901201852,-0.005390700262012538,65.97030020103428,50.22771747643179,1.7411231399574478,2.317844893204012,False,> +1.5
1577,2020-09-28,2020-09-29,2020-10-29,10,10,0.017717736508427277,0.04975649966820908,-0.030955630186187758,-0.015288344363074363,62.49235237804267,50.2277174764318,1.67274625253017,2.315881764862869,False,> +1.5
1578,2020-09-29,2020-09-30,2020-10-30,10,10,-0.0012472522247132334,0.029159191305042763,-0.02947851380978914,-0.014607698831504786,60.54738530023418,48.81271941048159,1.836567857217984,2.3177264097300547,False,> +1.5
1579,2020-09-30,2020-10-01,2020-11-03,10,10,-0.04860132485626503,0.06555573870781552,-0.10852611581960989,-0.05557875072149595,59.94352523882479,47.14715266528953,0.561908672662989,2.2393530270599267,False,> +1.5
1580,2020-10-01,2020-10-02,2020-11-04,10,10,0.003785662339976291,0.10287998088161912,-0.09100350255306922,-0.046316776371735216,59.94352523882479,47.14715266528953,-0.0799282247962644,2.099888605071068,False,> +1.5
1581,2020-10-02,2020-10-05,2020-11-05,10,10,0.03657727721498029,0.12161162106847652,-0.07689454432444018,-0.03889719766518829,59.94352523882478,44.70916106165808,-0.0787812626988433,1.9888981629944995,False,> +1.5
1582,2020-10-05,2020-10-06,2020-11-06,10,10,0.04316565261352348,0.10195917319189775,-0.053662056469467374,-0.026943861383721797,59.94352523882479,47.36491668638976,0.7059883493116073,1.9202469189109657,False,> +1.5
1583,2020-10-06,2020-10-07,2020-11-09,10,10,0.07537868632860631,0.10366779886175456,-0.02781057142463138,-0.013415253396401485,59.94352523882479,46.054300846827374,0.3344484699247521,1.8639300613196683,False,> +1.5
1584,2020-10-07,2020-10-08,2020-11-10,10,10,0.05976738728034597,0.07404889545638546,-0.014883108370091547,-0.006916889752771608,59.94352523882479,46.64298238184574,-0.1634836999686948,1.7361760968840825,False,> +1.5
1585,2020-10-08,2020-10-09,2020-11-11,10,10,0.05196463136849222,0.06506452340894829,-0.014530253246453758,-0.006743590195561726,60.31348609948331,46.05430084682738,0.7818716540482158,1.6854075519077856,False,> +1.5
1586,2020-10-09,2020-10-13,2020-11-12,10,10,0.01856334033219055,0.03214939568241339,-0.015264115905372492,-0.007127967282586198,61.918249299552315,46.05430084682738,0.5693416344660044,1.6312816226041844,False,> +1.5
1587,2020-10-13,2020-10-14,2020-11-13,10,10,0.03595394259498777,0.03855211905855017,-0.004291414949354154,-0.0016124661978296712,61.535121454098885,49.18068281963969,0.7254494715404337,1.574081972867746,False,> +1.5
1588,2020-10-14,2020-10-15,2020-11-16,10,10,0.0359274376457032,0.03151050252471179,0.00260396294267652,0.001842370713619018,60.95417422421641,49.18068281963969,0.3680688990003362,1.4675866646246656,False,+0.5 to +1.5
1589,2020-10-15,2020-10-16,2020-11-17,10,10,0.04884286740025338,0.013312112170700753,0.03251409141071807,0.016957729557547676,64.99503978189513,49.925803517496455,0.3264102868825272,1.3476176373575963,False,+0.5 to +1.5
1590,2020-10-16,2020-10-19,2020-11-18,10,10,0.017153732749911554,-0.002964345128787149,0.017829624840672596,0.009711699706790974,63.66915222963047,49.925803517496455,-0.1873189952661505,1.2337560061561068,False,+0.5 to +1.5
1591,2020-10-19,2020-10-20,2020-11-19,10,10,0.004791088919835985,-0.02637227515769812,0.030087806733573176,0.015747287199774015,63.66915222963047,49.367424743533405,-0.2291419491546296,1.0980797516205674,False,+0.5 to +1.5
1592,2020-10-20,2020-10-21,2020-11-20,10,10,-0.005922363530509128,-0.0217941804455974,0.014079076301112936,0.007795622049924463,62.4147102461187,49.36742474353341,0.0540754418582207,0.9738284565355338,False,+0.5 to +1.5
1593,2020-10-21,2020-10-22,2020-11-23,10,10,-0.012541614074974663,0.0041678502158313735,-0.018500738517292933,-0.008629336080485968,65.06609263867458,51.01865533595861,0.5018157929141994,0.8539770591734053,False,+0.5 to +1.5
1594,2020-10-22,2020-10-23,2020-11-24,10,10,0.009332428233807996,0.0254778803231427,-0.01765680271008376,-0.008203823249653833,65.06609263867458,51.01865533595861,0.1117538801310913,0.7552151012560968,False,+0.5 to +1.5
1595,2020-10-23,2020-10-26,2020-11-25,10,10,0.02398700493630478,0.02636593480261729,-0.00388887445552327,-0.0013448426227935253,65.06609263867458,53.34118192213657,0.25553933208169,0.6673761839800961,False,+0.5 to +1.5
1596,2020-10-26,2020-10-27,2020-11-26,10,10,0.05908674540810662,0.00047371228094378315,0.05790525049259521,0.029205720613138836,62.64533625944394,49.54421235233541,0.4547208026633873,0.5904667927059769,False,+0.5 to +1.5
1597,2020-10-27,2020-10-28,2020-11-27,10,10,0.11226899006054838,0.04940083814516129,0.05819807894900738,0.02937639223166323,62.302981712133416,46.11663798072895,0.5768960786879708,0.5242270050417004,False,+0.5 to +1.5
1598,2020-10-28,2020-10-29,2020-11-30,10,10,0.10222053920342276,0.026520963462578106,0.07241832322135862,0.036368378174092185,62.645336259443944,46.11663798072895,1.129293289425744,0.493155119476889,False,-0.5 to +0.5
1599,2020-10-29,2020-10-30,2020-12-01,10,10,0.154832581562071,0.07208890444637919,0.07646949571113484,0.03807905335009187,64.16616210921141,48.90839181404502,0.9903098262119588,0.4447910303556417,False,-0.5 to +0.5
1600,2020-10-30,2020-11-03,2020-12-02,10,10,0.17066576137363454,0.05943929527972398,0.10522062402062166,0.0517519689616985,64.16616210921143,49.419610204437376,0.8674953563766642,0.4621040091940564,False,-0.5 to +0.5
1601,2020-11-03,2020-11-04,2020-12-03,10,10,0.13456637511922864,0.05464412798162978,0.07525187209867044,0.03741303280632448,65.76567002353062,49.59313286467252,0.8040705718651221,0.5124564050091178,False,+0.5 to +1.5
1602,2020-11-04,2020-11-05,2020-12-04,10,10,0.1310917344355214,0.03465719232056439,0.09186656673079324,0.04553878682583231,61.40693379174981,47.94242873738155,-0.1262918083593623,0.5098898727986477,False,+0.5 to +1.5
1603,2020-11-05,2020-11-06,2020-12-07,10,10,0.11003249181530497,0.03330962786448042,0.07384445491558844,0.036703151807437426,66.01349619763369,46.292604373904815,-0.0994505932294186,0.4640641866999502,False,-0.5 to +0.5
1604,2020-11-06,2020-11-09,2020-12-08,10,10,0.03258086302713503,0.061509093285069365,-0.028010093073429186,-0.013775958949782412,69.06960497451482,46.29260437390481,0.2092211010011251,0.4569720597708283,False,-0.5 to +0.5
1605,2020-11-09,2020-11-10,2020-12-09,10,10,0.021600240423056312,0.05562551665105379,-0.032684461966327356,-0.016157148132932245,67.77882213820921,49.419610204437376,0.2902427000854273,0.482899023796544,False,-0.5 to +0.5
1606,2020-11-10,2020-11-11,2020-12-10,10,10,0.12331048479675098,0.07602693477128522,0.044100566285251414,0.02213623268257513,71.57095134864821,46.292604373904815,0.6045454969276536,0.4727339213544476,False,-0.5 to +0.5
1607,2020-11-11,2020-11-12,2020-12-11,10,10,0.13770655182774913,0.0941000953181306,0.039643189303206414,0.019901813739743396,70.11731653350006,46.292604373904815,0.3138777655126215,0.4581808892593732,False,-0.5 to +0.5
1608,2020-11-12,2020-11-13,2020-12-14,10,10,0.10510303157992953,0.05009795970904682,0.05195495455923886,0.02597389065231538,69.13585446716381,47.993759733561895,0.5170197943848255,0.4462546278829188,False,-0.5 to +0.5
1609,2020-11-13,2020-11-16,2020-12-15,10,10,0.10736151490989229,0.050794890304332534,0.05325888072215524,0.026627721392390717,71.01301480297991,48.56134298437253,0.6592477804631459,0.4628028710578363,False,-0.5 to +0.5
1610,2020-11-16,2020-11-17,2020-12-16,10,10,0.05971571138423212,0.07984095374205852,-0.019638140643361467,-0.00952412872888197,70.19059491755988,47.993759733561895,0.4086413040415813,0.4674961861002784,False,-0.5 to +0.5
1611,2020-11-17,2020-11-18,2020-12-17,10,10,0.12072809253268707,0.10372761233350415,0.015249197223313343,0.0078691521809031,72.07043652538795,46.292604373904815,0.0660775323108419,0.4820509578039119,False,-0.5 to +0.5
1612,2020-11-18,2020-11-19,2020-12-18,10,10,0.06913722523431326,0.08926564846212849,-0.019142831746863823,-0.009316665655670704,70.19059491755988,46.292604373904815,0.502962043115284,0.5238122664316505,False,+0.5 to +1.5
1613,2020-11-19,2020-11-20,2020-12-21,10,10,0.05352826140144321,0.06392669333117837,-0.010193854590160518,-0.004786103326979645,70.19059491755988,48.51001198819219,0.4804200456890036,0.5481317161865878,False,+0.5 to +1.5
1614,2020-11-20,2020-11-23,2020-12-22,10,10,0.049902723155267364,0.045116258024927774,0.004401832145614547,0.0024895586026132603,70.19059491755988,48.51001198819218,0.952425727556464,0.5737150454136184,False,+0.5 to +1.5
1615,2020-11-23,2020-11-24,2020-12-23,10,10,0.04055917439548076,0.06973185089604239,-0.0281420996151306,-0.013811730281322439,70.19059491755988,49.07412997787045,0.3917198064244551,0.5897093481381722,False,+0.5 to +1.5
1616,2020-11-24,2020-11-25,2020-12-28,10,10,0.05302385084059379,0.07960541446258386,-0.025373063848613542,-0.012475529645797677,67.07579669386918,48.989906564332145,0.1421975001598646,0.583322396828824,False,+0.5 to +1.5
1617,2020-11-25,2020-11-26,2020-12-29,10,10,0.04975936520397996,0.07880490428622493,-0.02768998166210544,-0.013647569583752668,67.07579669386918,48.989906564332145,-0.3052280722314602,0.5401544214162722,False,+0.5 to +1.5
1618,2020-11-26,2020-11-27,2021-01-04,10,10,0.0005773940417568268,0.09006029323665725,-0.08366350045230342,-0.042089629768048205,70.19059491755988,48.989906564332145,-0.4769708831894066,0.4802615017739033,False,-0.5 to +0.5
1619,2020-11-27,2020-11-30,2021-01-05,10,10,0.038944260120276034,0.1105794394537193,-0.06591195587466399,-0.033087601598482,66.10435349751651,47.58116330372259,-0.679469866252352,0.377344681636202,False,-0.5 to +0.5
1620,2020-11-30,2020-12-01,2021-01-06,10,10,-0.022857135913039717,0.0799285581214382,-0.09668030348161959,-0.04908331939668211,65.66306489667778,47.58116330372259,-0.110496161314537,0.3146436796307004,False,-0.5 to +0.5
1621,2020-12-01,2020-12-02,2021-01-07,10,10,-0.03224885159572407,0.1238619970076316,-0.14101269684702647,-0.07262559472030926,66.01181385532,44.09641000833531,-0.2035110578409221,0.2536419652394719,False,-0.5 to +0.5
1622,2020-12-02,2020-12-03,2021-01-08,10,10,-0.006728389537411458,0.1481961996753493,-0.13697377074327763,-0.07043469032221612,61.722034651810006,44.096410008335305,-0.7937164577454338,0.1627073763957882,False,-0.5 to +0.5
1623,2020-12-03,2020-12-04,2021-01-11,10,10,-0.02775604608822358,0.09923949222633215,-0.11655772705157805,-0.059523343572251114,64.02703341824376,45.591295089228524,-0.8259861274565866,0.1230325791529552,False,-0.5 to +0.5
1624,2020-12-04,2020-12-07,2021-01-12,10,10,-0.016539969359597676,0.10423125540079965,-0.11020127261499478,-0.05618050478933399,65.76025828751469,45.62979026985638,-0.7982935228613046,0.0833776236609477,False,-0.5 to +0.5
1625,2020-12-07,2020-12-08,2021-01-13,10,10,-0.01768109379621997,0.09103636177585846,-0.10051043519356684,-0.05105161570653553,65.76025828751469,45.62979026985638,-1.0879315992341976,0.0096089706133532,False,-0.5 to +0.5
1626,2020-12-08,2020-12-09,2021-01-14,10,10,-0.0037458072757956392,0.10288781151113081,-0.0976754835720446,-0.04952099714743676,64.94799342248321,45.919404391638764,-0.591140408097446,-0.0405823240701008,False,-0.5 to +0.5
1627,2020-12-09,2020-12-10,2021-01-15,10,10,-0.00605268971122084,0.044255314898532586,-0.049591380020241674,-0.024516234411991245,60.90976978677852,45.94767628717551,-0.5333374193604691,-0.105457049766705,False,-0.5 to +0.5
1628,2020-12-10,2020-12-11,2021-01-18,10,10,-0.013378797348553101,0.0795617927430188,-0.08748743760686752,-0.04416174266397283,60.90976978677852,45.65806216539313,-0.7369793673835869,-0.1653370861420147,False,-0.5 to +0.5
1629,2020-12-11,2020-12-14,2021-01-19,10,10,-0.008364400296301795,0.07104930702232864,-0.07616235103134564,-0.038170188854375245,60.90976978677853,44.24931890478358,-1.094356578938466,-0.2571750509669999,False,-0.5 to +0.5
1630,2020-12-14,2020-12-15,2021-01-20,10,10,-0.0391790662148831,0.04827957434179704,-0.08510775312234227,-0.04291813961222372,60.90976978677852,45.83444750103621,-1.1863186327273858,-0.3624189314372844,False,-0.5 to +0.5
1631,2020-12-15,2020-12-16,2021-01-21,10,10,-0.07769309444396348,0.01835040429177097,-0.09582616787977968,-0.0484140953840835,62.210382838170915,46.07231328808704,-1.2289169418563994,-0.4558233759370088,False,-0.5 to +0.5
1632,2020-12-16,2020-12-17,2021-01-22,10,10,-0.097383473631439,0.030295643239151113,-0.12497002800801013,-0.06388614738929219,63.396503292502686,49.19414645696075,-0.7154222047216596,-0.5004549349743111,False,-1.5 to -0.5
1633,2020-12-17,2020-12-18,2021-01-26,10,10,-0.09163879029886345,0.006814027869414588,-0.0988814974156211,-0.05004217478710174,63.396503292502686,49.608397579654664,-0.7786374322607522,-0.5736515963548765,False,-1.5 to -0.5
1634,2020-12-18,2020-12-21,2021-01-27,10,10,-0.05780017602447759,0.005572229354550437,-0.06454623820018787,-0.03208569929570985,61.317284463581345,49.608397579654664,-0.6176531710877916,-0.6363968479758628,False,-1.5 to -0.5
1635,2020-12-21,2020-12-22,2021-01-28,10,10,-0.009729450521552316,0.021977767015347364,-0.03272417979862542,-0.015791821344510237,61.75857306442008,50.35973730576262,-0.6907409897435811,-0.730263151575799,False,-1.5 to -0.5
1636,2020-12-22,2020-12-23,2021-01-29,10,10,-0.06081486864097497,-0.034131747489985445,-0.030702057351910488,-0.014569462104376861,61.317284463581345,46.87498401037534,-0.2977808298532271,-0.7697085790452085,False,-1.5 to -0.5
1637,2020-12-23,2020-12-28,2021-02-01,10,10,-0.06279878627029399,-0.00508673053615438,-0.06047104019199007,-0.029854868421333277,67.75406656816034,46.12364428426738,-0.5431266581552447,-0.8088598930043895,False,-1.5 to -0.5
1638,2020-12-28,2020-12-29,2021-02-02,10,10,-0.039941274228518245,-0.022473127285027858,-0.020756515257708493,-0.009398801520342896,65.71776263144464,46.12364428426738,-0.7269793656207256,-0.832913074138332,False,-1.5 to -0.5
1639,2020-12-29,2021-01-04,2021-02-03,10,10,-0.004631678987897963,-0.02418746868875803,0.017224139948307397,0.009434166773422743,67.75406656816034,48.87875676841326,-0.5585631373507117,-0.8375636572889842,False,-1.5 to -0.5
1640,2021-01-04,2021-01-05,2021-02-04,11,11,0.003665431022609119,-0.03579257850780968,0.03745998583427709,0.019208472419401178,62.24839409003246,44.643213014899686,-0.0360776190460532,-0.8009045802527355,False,-1.5 to -0.5
1641,2021-01-05,2021-01-06,2021-02-05,11,11,0.017407799045038364,-0.02988785562813835,0.045629138916800524,0.023205936892310788,62.85575668712638,44.643213014899686,0.5041409778591216,-0.7659885866268611,False,-1.5 to -0.5
1642,2021-01-06,2021-01-07,2021-02-08,11,11,0.0192701830582299,-0.06128938046119799,0.08401510620363982,0.0415792107598204,61.54448484046072,44.0708000214508,0.7097858791232,-0.7140721606529361,False,-1.5 to -0.5
1643,2021-01-07,2021-01-08,2021-02-09,11,11,-0.01849622896873419,-0.07268603430226464,0.05655792252977905,0.028294164834881213,63.448078836292005,49.56076074904524,0.1661663859766477,-0.6594279063092712,False,-1.5 to -0.5
1644,2021-01-08,2021-01-11,2021-02-10,11,11,-0.012048688422168847,-0.07118495745166936,0.06184760323412901,0.03085321031627234,64.23906193873034,44.64321301489968,0.1845242258493034,-0.6019028673707163,False,-1.5 to -0.5
1645,2021-01-11,2021-01-12,2021-02-11,11,11,-0.03663291089954795,-0.027740660938652448,-0.01169758614621577,-0.005411864154139575,62.94283053999297,43.82612311474473,1.052718064944736,-0.4965533030953141,False,-0.5 to +0.5
1646,2021-01-12,2021-01-13,2021-02-12,11,11,-0.025705414636269432,-0.03625618613412297,0.009082317516098457,0.004870348613725458,63.59126875223689,46.09583105132454,1.1771642581880912,-0.3675625835677617,False,-0.5 to +0.5
1647,2021-01-13,2021-01-14,2021-02-17,11,11,-0.03791657928958758,-0.032248073859736576,-0.007992288003820762,-0.003648238918361418,65.38206458372817,47.392308584228324,1.1488903130557462,-0.2684876605879692,False,-0.5 to +0.5
1648,2021-01-14,2021-01-15,2021-02-18,11,11,-0.03788113655889639,0.007580471996799399,-0.04642145043213163,-0.02316338923559007,65.38206458372817,44.162512794787304,0.846359104409662,-0.1898987591889176,False,-0.5 to +0.5
1649,2021-01-15,2021-01-18,2021-02-19,11,11,-0.03964462832190873,-0.0027086649848853,-0.038188653928146125,-0.01898191227749119,65.38206458372817,44.162512794787304,0.7863339971424156,-0.1030671065470257,False,-0.5 to +0.5
1650,2021-01-18,2021-01-19,2021-02-22,11,11,-0.06368508226673733,-0.013428847072833441,-0.05246656996427476,-0.026281200925598696,65.38206458372817,45.26007292986858,0.6825475032571972,-0.0016962106508921,False,-0.5 to +0.5
1651,2021-01-19,2021-01-20,2021-02-23,11,11,-0.04877376949994871,0.009259968542617502,-0.05977730510496137,-0.02997920669485034,65.38206458372815,45.45899032769109,0.5385284014110051,0.09678029546907,False,-0.5 to +0.5
1652,2021-01-20,2021-01-21,2021-02-24,11,11,-0.033655217528528784,0.007447252556820243,-0.042298516475811225,-0.021087734034480336,65.38206458372817,48.05654291700487,1.0072158260510415,0.2244688497312913,False,-0.5 to +0.5
1653,2021-01-21,2021-01-22,2021-02-25,11,11,-0.03836314207892425,-0.018586654881971854,-0.02206052167728547,-0.010785193796143032,63.335280671951985,48.05654291700486,1.31067626943018,0.3401757849331767,False,-0.5 to +0.5
1654,2021-01-22,2021-01-26,2021-02-26,11,11,-0.05587228181924476,-0.02528838109287651,-0.03325619050217526,-0.016444828324708477,63.79364574485735,48.05654291700487,1.198086321953435,0.4531436690084377,False,-0.5 to +0.5
1655,2021-01-26,2021-01-27,2021-03-01,11,11,-0.07783529939655955,-0.0022246827987451308,-0.07751860461592974,-0.03924714937166979,65.04349340278242,47.07412781750923,1.7164235198742317,0.5865306424771589,False,+0.5 to +1.5
1656,2021-01-27,2021-01-28,2021-03-02,11,11,-0.09231204522973713,-0.010709831168910099,-0.08437596329382537,-0.0428414721372592,65.04349340278243,47.07412781750923,1.3844671198080083,0.7052248295658745,False,+0.5 to +1.5
1657,2021-01-28,2021-01-29,2021-03-03,11,11,-0.06092148122675694,0.08137913788669894,-0.13487805855498866,-0.0693448902048567,66.36546502502792,54.81534025935973,1.2935064052754617,0.7962660700092519,False,+0.5 to +1.5
1658,2021-01-29,2021-02-01,2021-03-04,11,11,-0.04657991417712708,0.023695773495130672,-0.07083444187607411,-0.035563943281420415,66.36546502502792,52.88218176424959,0.4354038327718524,0.8522973375137712,False,+0.5 to +1.5
1659,2021-02-01,2021-02-02,2021-03-05,11,11,-0.07082792795351435,0.05101816098013814,-0.11909085961971681,-0.060701010393861665,64.94432210046834,53.348917368600944,0.5896357125102303,0.927630821108154,False,+0.5 to +1.5
1660,2021-02-02,2021-02-03,2021-03-08,11,11,-0.09860081321723217,-0.0867909842888103,-0.015325493176678926,-0.007417215701790085,66.36546502502792,47.15782110431207,0.6818883490609479,0.99856357476584,False,+0.5 to +1.5
1661,2021-02-03,2021-02-04,2021-03-09,11,11,-0.10197066864670455,-0.03611541046657111,-0.07208261381736945,-0.03609270896885423,64.10166295287344,50.46334785378226,0.0266817351063617,1.0021436427696382,False,+0.5 to +1.5
1662,2021-02-04,2021-02-05,2021-03-10,11,11,-0.10683687047901179,-0.08316259532726843,-0.028473904472801348,-0.01388756149648234,65.48003150190145,47.93013661433174,1.1032538583566869,1.03632741526155,False,+0.5 to +1.5
1663,2021-02-05,2021-02-08,2021-03-11,11,11,-0.04958802730401207,-0.08333394537133258,0.03493202515672262,0.017603430671514743,65.64409524875407,47.15782110431207,0.960543137907803,1.050597911091958,False,+0.5 to +1.5
1664,2021-02-08,2021-02-09,2021-03-12,11,11,-0.03363454772349465,-0.07326949811387322,0.04053329208933716,0.020377799941439116,65.64409524875407,48.489499999074454,0.6482617939482584,1.078085756363379,False,+0.5 to +1.5
1665,2021-02-09,2021-02-10,2021-03-15,11,11,0.0075265503393883585,-0.033704785669742186,0.03988995677708827,0.02018864207325186,65.64409524875407,50.26948736849644,1.2829038850177763,1.1407358430017949,False,+0.5 to +1.5
1666,2021-02-10,2021-02-11,2021-03-16,11,11,-0.020802802403709193,-0.03717007173704924,0.01420234158240873,0.007555809845675526,65.64409524875407,50.26948736849644,1.6751574106669496,1.1761811280400585,False,+0.5 to +1.5
1667,2021-02-11,2021-02-12,2021-03-17,11,11,0.001494225722821638,-0.018462633132693793,0.017792653306020312,0.009337507390158895,64.03128385047357,53.89922933194134,2.3602051142674094,1.2436696721382194,False,+0.5 to +1.5
1668,2021-02-12,2021-02-17,2021-03-18,11,11,-0.008681765521594964,-0.05171683667912163,0.04255856246462609,0.02153807542096969,65.64409524875407,53.321509716857456,2.032724746909305,1.2941374764169091,False,+0.5 to +1.5
1669,2021-02-17,2021-02-18,2021-03-19,11,11,0.025954524478513687,-0.051444541633499055,0.07856140640531381,0.03934096475735474,64.30353161248028,53.31788356395766,1.6858598186441884,1.3420520091184152,False,+0.5 to +1.5
1670,2021-02-18,2021-02-19,2021-03-22,11,11,0.0614376156000996,-0.04929741938474045,0.11186750690016921,0.05527204587566689,63.11201708452489,52.88961117754616,2.4170777633685048,1.4352412602530515,False,+0.5 to +1.5
1671,2021-02-19,2021-02-22,2021-03-23,11,11,0.08656511932989829,-0.02552968741115008,0.11147941268696385,0.05492861480432359,65.37581915667936,52.88961117754615,2.5778526963228496,1.5436051540228355,True,> +1.5
1672,2021-02-22,2021-02-23,2021-03-24,11,11,0.0613558044722456,-0.030748459099443428,0.09157740671210905,0.045500705745608855,65.37581915667936,50.04941322106345,2.4938282030903336,1.655379751584272,False,> +1.5
1673,2021-02-23,2021-02-24,2021-03-25,11,11,0.06267875834686457,-0.04273098184392343,0.10951241819333449,0.05390702967439235,66.01528670987243,51.76475488934006,2.1976200873886973,1.7233875424954124,False,> +1.5
1674,2021-02-24,2021-02-25,2021-03-26,11,11,0.08222068508796115,-0.0008168665443426694,0.08211959424685891,0.04096572201852513,66.01528670987243,51.33285635002876,1.7487787052279196,1.7482693804506888,False,> +1.5
1675,2021-02-25,2021-02-26,2021-03-29,11,11,0.10881422494565628,0.0238388134436448,0.08116042344380092,0.040654571429517776,63.75148463771795,51.33285635002876,1.7787251732091798,1.7812484350058626,False,> +1.5
1676,2021-02-26,2021-03-01,2021-03-30,11,11,0.14916703674801116,0.021845713970481486,0.12476952709308992,0.061121574125621844,66.01528670987241,51.76475488934005,1.191217363065542,1.75093176328221,False,> +1.5
1677,2021-03-01,2021-03-02,2021-03-31,11,11,0.12365665079126471,-0.0033528365040524926,0.1265397813384864,0.06202656739265585,66.33245309040956,53.36600831137605,1.584399454467559,1.7621283294674557,False,> +1.5
1678,2021-03-02,2021-03-03,2021-04-01,11,11,0.0893947109933924,-0.00039816648113577357,0.08963209395626538,0.04460476328758216,66.80170785886342,53.36600831137605,1.7651452130524157,1.7888622731518824,False,> +1.5
1679,2021-03-03,2021-03-04,2021-04-05,11,11,0.06947607394687834,0.004351180348868348,0.06453097120927127,0.03253206110658426,64.40247531159191,53.366008311376056,1.654390451507715,1.8579551602000088,False,> +1.5
1680,2021-03-04,2021-03-05,2021-04-06,11,11,0.08349316559337777,-0.0027539197968712227,0.08661773833847226,0.04312871312253946,67.25569152629025,53.36600831137605,1.5971121979970753,1.914821300000589,False,> +1.5
1681,2021-03-05,2021-03-08,2021-04-07,11,11,0.10746263113942746,0.05016753331635649,0.05402873861214412,0.02727143536841974,63.933220543138056,50.381905716551614,1.413195286101795,1.9557353817942016,False,> +1.5
1682,2021-03-08,2021-03-09,2021-04-08,11,11,0.1340447985628905,0.1003340554737655,0.029523803105104177,0.015330123610516439,66.78643675783638,51.11313240616005,1.6243238848177155,2.045750645326118,False,> +1.5
1683,2021-03-09,2021-03-10,2021-04-09,11,11,0.07288409273241482,0.06220606326910052,0.009441193698265144,0.005434621337769333,65.2094251631642,55.38990698564881,0.9830836820967486,2.0377412381198567,False,> +1.5
1684,2021-03-10,2021-03-11,2021-04-12,11,11,0.05647084084381368,0.0697144161892469,-0.013480491843347868,-0.006118029378314089,68.0626413778625,55.021619173757834,0.5098470122452403,2.0107156210545427,False,> +1.5
1685,2021-03-11,2021-03-12,2021-04-13,11,11,0.04343964338890123,0.09202738599793932,-0.04594978227076391,-0.02260150595377184,67.6086577104357,55.43010326373699,1.2429176330033362,2.043390785579088,False,> +1.5
1686,2021-03-12,2021-03-15,2021-04-14,11,11,0.016402915462246613,0.10059025654124562,-0.0778019663123301,-0.039000054815466464,65.99584631215518,55.43010326373699,0.5411186119269104,2.0000073798764846,False,> +1.5
1687,2021-03-15,2021-03-16,2021-04-15,11,11,0.08376240202641959,0.13794235741868868,-0.049222314958879416,-0.024359597634913657,67.8964820142783,54.30036788756167,-0.3890636009889363,1.8815430003862983,False,> +1.5
1688,2021-03-16,2021-03-17,2021-04-16,11,11,0.053133032572636164,0.10922851786213407,-0.05166854329191608,-0.025667648309956895,67.6086577104357,50.85829915843535,0.3578575822996037,1.76750049450237,False,> +1.5
1689,2021-03-17,2021-03-18,2021-04-19,11,11,0.07520625303741603,0.15839262052021388,-0.07323932587774078,-0.036789466027295235,67.6086577104357,52.12615095480915,0.6272143882366957,1.6874774735929725,False,> +1.5
1690,2021-03-18,2021-03-19,2021-04-20,11,11,0.03637596408530116,0.14781802951336295,-0.0985536174469153,-0.05019283677937177,67.6086577104357,52.12615095480915,1.0106919888027397,1.648993862541366,False,> +1.5
1691,2021-03-19,2021-03-22,2021-04-22,11,11,0.032255910258387595,0.14267761195259038,-0.09837082493186838,-0.050066285878310676,64.99088214226822,50.72874297246317,0.2642366397825597,1.5267986412443182,False,> +1.5
1692,2021-03-22,2021-03-23,2021-04-23,11,11,0.059927268196272566,0.16035075730193707,-0.08842089280699746,-0.04484533288978865,65.79674368897645,51.65099017914452,0.3502734726675588,1.400505150554994,False,+0.5 to +1.5
1693,2021-03-23,2021-03-24,2021-04-26,11,11,0.08721549089730579,0.16893510344634952,-0.07120644417964178,-0.03584080596133055,67.6086577104357,51.27907621435373,-0.5631841964132751,1.2270050692944414,False,+0.5 to +1.5
1694,2021-03-24,2021-03-25,2021-04-27,11,11,0.059651909593289795,0.14987286319482954,-0.07956539882011103,-0.040165408378504214,64.99088214226822,50.49690665909019,-0.5113046160023523,1.0732632682453518,False,+0.5 to +1.5
1695,2021-03-25,2021-03-26,2021-04-28,11,11,0.05269689322535856,0.12683447462001646,-0.06678220553198627,-0.03354147237401696,67.6086577104357,51.27907621435373,0.2145638830118212,0.9862379484944204,False,+0.5 to +1.5
1696,2021-03-26,2021-03-29,2021-04-29,11,11,0.06320841638223006,0.1256814152590285,-0.055922084658887095,-0.02798190521325133,67.6086577104357,52.77709940242004,0.0249627751581641,0.8867318906812168,False,+0.5 to +1.5
1697,2021-03-29,2021-03-30,2021-04-30,11,11,0.008636486006892199,0.09079639147893578,-0.07650194196772064,-0.038541338199472704,67.6086577104357,51.55362202433534,-0.0131234165635209,0.8183987611179148,False,+0.5 to +1.5
1698,2021-03-30,2021-03-31,2021-05-03,11,11,0.03152624456786267,0.07027672648648783,-0.03664040069091051,-0.018138083114516812,67.60284213099989,48.989564879884135,-0.3725773193670447,0.7073284405291327,False,+0.5 to +1.5
1699,2021-03-31,2021-04-01,2021-05-04,11,11,0.09868410004038108,0.05388903850508488,0.041901061620970625,0.021129300720582125,66.09244005735707,46.67001644744474,0.3177223511578609,0.6251631567851227,False,+0.5 to +1.5
1700,2021-04-01,2021-04-05,2021-05-05,11,11,0.09017923643466465,0.060169711191063166,0.027724821873827733,0.014117159221387177,66.09244005735707,46.67001644744474,0.3596726733700959,0.5516044999205623,False,+0.5 to +1.5
1701,2021-04-05,2021-04-06,2021-05-06,11,11,0.06898785761835714,0.053250551670449835,0.014316413574813376,0.0074137705981265215,62.401630986408485,46.67001644744474,0.0106902945509296,0.4614210266005112,False,-0.5 to +0.5
1702,2021-04-06,2021-04-07,2021-05-07,11,11,0.10233945036422706,0.07925047640385403,0.020691651110830454,0.010565986157084463,62.401630986408485,46.67001644744474,-0.1860506512247722,0.3704722564881307,False,-0.5 to +0.5
1703,2021-04-07,2021-04-08,2021-05-10,11,11,0.08814009474122197,0.05922396503467893,0.026529048770769722,0.013455356642029865,62.401630986408485,46.67001644744474,0.0134453068522355,0.2787621037868931,False,-0.5 to +0.5
1704,2021-04-08,2021-04-09,2021-05-11,11,11,0.08114649266809341,0.06259489906570988,0.016592088258996374,0.008551468497406579,62.401630986408485,46.67001644744474,-0.2537025037388467,0.2083648784226618,False,-0.5 to +0.5
1705,2021-04-09,2021-04-12,2021-05-12,11,11,0.04923234089040092,0.014212953899605953,0.03419426456802169,0.017191750379247438,62.401630986408485,46.67001644744474,-0.335800447534096,0.160269857377598,False,-0.5 to +0.5
1706,2021-04-12,2021-04-13,2021-05-13,11,11,0.00613663061836214,0.05053958535519999,-0.04352452777591708,-0.021788988425544668,61.46516575925839,47.211148051868584,-0.5553044244003805,0.0578747416209213,False,-0.5 to +0.5
1707,2021-04-13,2021-04-14,2021-05-14,11,11,0.012082591861889144,0.05833553669647486,-0.04541349066962814,-0.022692361835641616,62.56513370474213,44.40525847912118,0.0290172099690167,0.0286518639698357,False,-0.5 to +0.5
1708,2021-04-14,2021-04-15,2021-05-17,11,11,0.016467424706743176,0.030511646450990016,-0.014205054404640722,-0.00692339101991878,66.03326918339422,41.96915559872988,-0.1103760215566805,0.0445976158046568,False,-0.5 to +0.5
1709,2021-04-15,2021-04-16,2021-05-18,11,11,0.008085912344640197,0.03551763857506671,-0.027208227582594783,-0.013406450274118204,64.99965945798506,41.99942701716012,-0.4813956552921026,-0.003156242018897,False,-0.5 to +0.5
1710,2021-04-16,2021-04-19,2021-05-19,11,11,0.001247132008379678,0.010427920651904538,-0.009398698000234218,-0.0044166895264399295,64.99965945798506,44.7605662055715,-0.6526745025365539,-0.0760299802702078,False,-0.5 to +0.5
1711,2021-04-19,2021-04-20,2021-05-20,11,11,0.004581776244351922,0.03918905816518352,-0.03372328288176519,-0.016713709002658592,64.99965945798506,45.55285594615246,-0.3604655636840693,-0.154230547288155,False,-0.5 to +0.5
1712,2021-04-20,2021-04-22,2021-05-21,11,11,-0.00210192412913132,0.003971147097823069,-0.006321681626124148,-0.0028370515827524307,66.6873833356292,45.720077898268535,-0.2204296008377595,-0.1818878855381699,False,-0.5 to +0.5
1713,2021-04-22,2021-04-23,2021-05-24,11,11,-0.001647341011961341,-0.0029336150275777054,0.0006719953731602808,0.0006727951813203666,64.62262490022056,45.720077898268535,-0.5291357562252118,-0.2320007641136282,False,-0.5 to +0.5
1714,2021-04-23,2021-04-26,2021-05-25,11,11,0.004730446042006678,-0.011979498358964403,0.016454424557272373,0.008560550244709784,66.68738333562922,45.720077898268535,-0.1734820566875308,-0.2097584976001643,False,-0.5 to +0.5
1715,2021-04-26,2021-04-27,2021-05-26,11,11,0.026660671455038316,0.008770683564580514,0.017171392804638988,0.008915317297331202,66.6873833356292,45.720077898268535,-0.312815762764577,-0.198385720687775,False,-0.5 to +0.5
1716,2021-04-27,2021-04-28,2021-05-27,11,11,0.0192565965409879,0.02472287647985098,-0.0058189501660347994,-0.0025859527209987202,67.51930050800291,45.720077898268535,-0.4301173793956765,-0.2351323814387493,False,-0.5 to +0.5
1717,2021-04-28,2021-04-29,2021-05-28,11,11,0.043577511661258,0.030302857308838856,0.012501401959184377,0.00657672999795046,66.68738333562922,45.720077898268535,-0.2334984789901225,-0.2498901270994676,False,-0.5 to +0.5
1718,2021-04-29,2021-04-30,2021-05-31,11,11,0.061151979338619926,0.05770320690494734,0.0018431597739377715,0.0014636569899520468,72.09097057848898,50.92892090376153,-0.4379824546908598,-0.2740921016382996,False,-0.5 to +0.5
1719,2021-04-30,2021-05-03,2021-06-01,11,11,0.07317322918896399,0.09495780692679903,-0.021282593660977633,-0.01019516933485418,72.09097057848898,51.560416761981124,-0.2521524543269863,-0.2672130433085692,False,-0.5 to +0.5
1720,2021-05-03,2021-05-04,2021-06-02,11,11,0.11321233799875853,0.09848520473696783,0.01224389935116389,0.006549224126304835,68.51426972732733,51.560416761981124,0.0724020318920023,-0.2813224737148989,False,-0.5 to +0.5
1721,2021-05-04,2021-05-05,2021-06-04,11,11,0.10921202889211819,0.08829925165523976,0.018004253637678044,0.009420770081522126,68.51426972732735,51.560416761981124,0.0078889436461598,-0.3014963627945386,False,-0.5 to +0.5
1722,2021-05-05,2021-05-06,2021-06-07,11,11,0.11657113202944727,0.06819199298213385,0.0435986464918601,0.022090705869610892,65.99276589182361,51.560416761981124,-0.0405831230745455,-0.304495177214643,False,-0.5 to +0.5
1723,2021-05-06,2021-05-07,2021-06-08,11,11,0.09958830166807468,0.04371209892556249,0.05207116413264411,0.026205312302695346,66.05512211806716,52.900790890031296,-0.2589677769133795,-0.3086627898605507,False,-0.5 to +0.5
1724,2021-05-07,2021-05-10,2021-06-09,11,11,0.10208666775903992,0.05975474630264107,0.038194702386373326,0.019538304444180865,69.49046987035553,55.898245268882235,-0.3676577974941996,-0.3303998803007413,False,-0.5 to +0.5
1725,2021-05-10,2021-05-11,2021-06-10,11,11,0.09954923872155007,0.024445915478468798,0.0713799486681134,0.03565605790516701,66.05512211806716,52.9915050781435,-0.5102063210668997,-0.3449811866277059,False,-0.5 to +0.5
1726,2021-05-11,2021-05-12,2021-06-11,11,11,0.10360603356045263,0.05151010903456132,0.04761502031384553,0.024176930601607013,67.25272315381966,52.99150507814351,-0.9219970633795632,-0.3782708896335257,False,-0.5 to +0.5
1727,2021-05-12,2021-05-13,2021-06-14,11,11,0.09944823736011818,0.06082029605009089,0.0341263629844402,0.017504267224062977,65.99276589182361,55.988959456994436,0.2002399841048577,-0.335275353410302,False,-0.5 to +0.5
1728,2021-05-13,2021-05-14,2021-06-15,11,11,0.05676356037445252,0.07543533670906508,-0.01933921432462518,-0.009331045434509438,62.772233171142716,52.125771341549665,0.1008721685860173,-0.3312905698911465,False,-0.5 to +0.5
1729,2021-05-14,2021-05-17,2021-06-16,11,11,0.039103687575834586,0.03658100878552146,0.0008080109756058222,0.0007910635946950664,64.31481492361773,52.125771341549665,0.0003588324601144,-0.325054811904907,False,-0.5 to +0.5
1730,2021-05-17,2021-05-18,2021-06-17,11,11,0.03822619472371637,0.0053203496819538235,0.030791334754246766,0.015624288455424738,64.11118730576851,52.125771341549665,-0.2031929583131581,-0.3091931930237603,False,-0.5 to +0.5
1731,2021-05-18,2021-05-19,2021-06-18,11,11,0.04603391783698092,0.015268535897567721,0.02817075718381866,0.014358157423164547,62.91358627001602,52.125771341549665,-0.430360912476047,-0.296451121709102,False,-0.5 to +0.5
1732,2021-05-19,2021-05-20,2021-06-21,11,11,0.04641982691664858,0.04511790797420093,-0.0009837762540526754,-8.809315631582759e-05,62.98474492737093,52.28788933746437,-0.094887764521942,-0.2813338209100077,False,-0.5 to +0.5
1733,2021-05-20,2021-05-21,2021-06-22,11,11,0.06320178793105667,0.07453108478977245,-0.012729292407211172,-0.005967467072960379,67.03468709707126,49.963938581771885,-0.3126614599739705,-0.2865848796666741,False,-0.5 to +0.5
1734,2021-05-21,2021-05-24,2021-06-23,11,11,0.04047875907881958,0.0694851052539002,-0.029209282595513697,-0.014293243958207254,67.03468709707123,52.34066187878687,0.0899777343024526,-0.2513272717130461,False,-0.5 to +0.5
1735,2021-05-24,2021-05-25,2021-06-24,11,11,0.04770046134702956,0.11226266491567267,-0.058994627848778125,-0.029720370929684013,69.28989226020873,44.26641159526617,-0.650963981887219,-0.2784734250571237,False,-0.5 to +0.5
1736,2021-05-25,2021-05-26,2021-06-25,11,11,0.023290144753856937,0.09530746076334286,-0.06701278628142845,-0.03376632341538397,69.14853916133545,49.25388916153201,0.2128673147073003,-0.2485861000392069,False,-0.5 to +0.5
1737,2021-05-26,2021-05-27,2021-06-28,11,11,0.01994462628005989,0.09552387889070611,-0.07040760659082244,-0.035530714455241225,66.47923429400547,48.849144905821596,-0.4946894959405197,-0.2521955174544859,False,-0.5 to +0.5
1738,2021-05-27,2021-05-28,2021-06-29,11,11,-0.010587904988595288,0.06582868860270351,-0.07304642971911739,-0.03686187622588401,69.28989226020873,49.253889161531994,0.3594755354015216,-0.2185007868087658,False,-0.5 to +0.5
1739,2021-05-28,2021-05-31,2021-06-30,11,11,0.007975987427705384,0.07681457685757222,-0.06484365491894262,-0.0326905022829049,69.21585835024766,46.47934016598228,-0.3307697896602131,-0.2123400734849095,False,-0.5 to +0.5
1740,2021-05-31,2021-06-01,2021-07-01,11,11,-0.049060721503261503,0.06479162483148276,-0.10838863592621821,-0.05542631830821031,67.3211139553231,46.213410175916096,-0.4456940725223107,-0.2233241103707976,False,-0.5 to +0.5
1741,2021-06-01,2021-06-02,2021-07-02,11,11,-0.052439423836944596,0.07892414046157109,-0.12328585374865658,-0.06336393224036947,66.5564358503075,46.30977536142922,-0.935513511377872,-0.2806896867208286,False,-0.5 to +0.5
1742,2021-06-02,2021-06-04,2021-07-05,11,11,-0.06281049415946849,0.08835255586678366,-0.14058983565377742,-0.07261706990024544,64.83944312192536,46.20801728411441,-0.8634583567690893,-0.3302993483117,False,-0.5 to +0.5
1743,2021-06-04,2021-06-07,2021-07-06,11,11,-0.07894588981130501,0.06685334133723464,-0.13836680811716082,-0.0714718600684016,62.92745295689053,46.55567857777571,-0.2513875997071144,-0.3423607137740431,False,-0.5 to +0.5
1744,2021-06-07,2021-06-08,2021-07-07,11,11,-0.061867473668941964,0.08925710895078887,-0.1405505807074737,-0.07265206845586723,62.927452956890534,47.365657595805644,-0.4416918421043874,-0.3527686538002397,False,-0.5 to +0.5
1745,2021-06-08,2021-06-09,2021-07-08,11,11,-0.06486732914311877,0.04269476867535151,-0.10388996735398619,-0.05320919572673682,65.23928680115797,46.02222569140479,-0.4317916595534095,-0.3564076887944881,False,-0.5 to +0.5
1746,2021-06-09,2021-06-10,2021-07-12,11,11,-0.047345222860142595,0.07812580958626293,-0.11746353635142762,-0.06036985166839869,62.92745295689054,47.0317422889768,-0.7330783865143093,-0.3690347077865568,False,-0.5 to +0.5
1747,2021-06-10,2021-06-11,2021-07-13,11,11,-0.02855269003915048,0.09435511561057597,-0.11363194679574337,-0.05831759928532001,62.927452956890534,47.0371351807785,-0.3528884323056242,-0.3365256191634936,False,-0.5 to +0.5
1748,2021-06-11,2021-06-14,2021-07-14,11,11,-0.03618740550890727,0.11634493611612318,-0.13871340970630172,-0.07158935531713304,62.927452956890534,48.52065440313434,-0.1397443717449586,-0.3560010439261254,False,-0.5 to +0.5
1749,2021-06-14,2021-06-15,2021-07-15,11,11,-0.031938610485502186,0.11330004696499818,-0.13254117728100764,-0.06827322986663001,62.927452956890534,48.52065440313434,-0.0284925707899145,-0.3634762487182785,False,-0.5 to +0.5
1750,2021-06-15,2021-06-16,2021-07-16,11,11,-0.01747349355172083,0.0927371941344495,-0.10237560926502479,-0.05229849020202844,66.35775024332659,44.71196790799621,0.1993579507052269,-0.3522545351800164,False,-0.5 to +0.5
1751,2021-06-16,2021-06-17,2021-07-19,11,11,-0.014816761914163534,0.09182868875698744,-0.09914265525512224,-0.050581513536754545,67.84894491262756,44.711967907996204,0.0334560073798596,-0.338834753460361,False,-0.5 to +0.5
1752,2021-06-17,2021-06-18,2021-07-20,11,11,-0.017116082244249133,0.09363779032257524,-0.1030704958739495,-0.05261665983737881,64.41864762619149,45.174048389637896,0.1849634725196587,-0.3038205354617869,False,-0.5 to +0.5
1753,2021-06-18,2021-06-21,2021-07-21,11,11,-0.020332558204246096,0.05911852707785622,-0.07634835791041934,-0.03868755446877985,64.41864762619149,42.37571387636164,0.6419130475838015,-0.2619852105754085,False,-0.5 to +0.5
1754,2021-06-21,2021-06-22,2021-07-22,11,11,-0.013274335531556351,0.07417598211197354,-0.08258688097728988,-0.04193972285911763,66.01356300247504,46.012675294856344,0.393770383965554,-0.2218054273731795,False,-0.5 to +0.5
1755,2021-06-22,2021-06-23,2021-07-23,11,11,-0.02356015099562152,0.058573466465648344,-0.07894930523914656,-0.04003927546211729,68.15135122659105,45.17404838963789,0.4688973832462759,-0.2003468457436334,False,-0.5 to +0.5
1756,2021-06-23,2021-06-24,2021-07-26,11,11,-0.037567135086505464,0.034079083275961965,-0.071396000973032,-0.03607065228348632,66.36180894925832,44.28207698261611,0.9236207553297212,-0.110692395590971,False,-0.5 to +0.5
1757,2021-06-24,2021-06-25,2021-07-27,11,11,-0.03072027018055659,0.04624572736482769,-0.07526753308010138,-0.03814742022727184,66.90484157193954,45.17404838963789,0.4868209278737964,-0.0951999490751746,False,-0.5 to +0.5
1758,2021-06-25,2021-06-28,2021-07-28,11,11,-0.01219330152837873,0.024858863883878212,-0.03835119452466796,-0.0191278923803552,64.74526645069226,48.090763477754244,0.5074879090020837,-0.0380972003173923,False,-0.5 to +0.5
1759,2021-06-28,2021-06-29,2021-07-29,11,11,-0.004742597521098155,0.04094432774877993,-0.0459576185534691,-0.02302361435749088,64.74526645069226,48.09076347775424,1.1180759529076212,0.0049516460594875,False,-0.5 to +0.5
1760,2021-06-29,2021-06-30,2021-07-30,11,11,-0.025571851622452357,0.009314821682467637,-0.03574408006738005,-0.017905140816006592,64.30407491761572,48.468964524177906,1.4673014692257726,0.1073522102031019,False,-0.5 to +0.5
1761,2021-06-30,2021-07-01,2021-08-02,11,11,0.011658436394069922,0.02451624736304292,-0.013993430469645232,-0.00686537496437384,65.06706274671318,46.39396280688129,1.0560660667921176,0.192983348905534,False,-0.5 to +0.5
1762,2021-07-01,2021-07-02,2021-08-03,11,11,-0.006640187806118898,-0.011221449463747915,0.003761001782335859,0.0019970687296599786,65.06706274671318,44.94943294217786,0.8656448975311869,0.2958029153817612,False,-0.5 to +0.5
1763,2021-07-02,2021-07-05,2021-08-04,11,11,-0.008479286637603204,-0.02979065057506229,0.020856688495556858,0.01052030435406037,65.06706274671318,45.21540292698924,0.4419012137879865,0.3704076741572349,False,-0.5 to +0.5
1764,2021-07-05,2021-07-06,2021-08-05,11,11,-0.014517887158916333,-0.02911395480360309,0.013964132249624811,0.0071239462271926865,65.06706274671318,45.21540292698924,0.3136494438574456,0.4027356211999757,False,-0.5 to +0.5
1765,2021-07-06,2021-07-07,2021-08-06,11,11,-0.015056752464153425,-0.0414647044970368,0.026646816767044296,0.013392216353307125,65.06706274671318,46.64257295470645,1.5427124056273924,0.5159697161034612,False,+0.5 to +1.5
1766,2021-07-07,2021-07-08,2021-08-09,11,11,0.004954368616040604,-0.029143691149926827,0.03420784299812338,0.01712126212048196,65.06706274671318,46.64257295470646,1.9867441903354364,0.6540139808105015,False,+0.5 to +1.5
1767,2021-07-08,2021-07-12,2021-08-10,11,11,-0.025398543022605597,-0.04685216649683772,0.021453038614370847,0.01080585097841804,65.06706274671318,46.64257295470646,1.2586281982849,0.7678422867763255,False,+0.5 to +1.5
1768,2021-07-12,2021-07-13,2021-08-11,11,11,-0.03911970720673742,-0.05203654307555953,0.012167731386983509,0.006272567888449172,65.06706274671318,45.60304519220153,0.3088605680647821,0.8057279084892791,False,+0.5 to +1.5
1769,2021-07-13,2021-07-14,2021-08-12,12,12,-0.04259317688071658,-0.06009959627906493,0.01722576192863531,0.008774599455768426,68.77933041064537,45.74208342854567,0.0374516307680154,0.815926814631082,False,+0.5 to +1.5
1770,2021-07-14,2021-07-15,2021-08-13,12,12,-0.06153458336955955,-0.05772935188595451,-0.005344730438223815,-0.002437265333282987,66.67632569862381,45.74208342854567,-0.207457773282477,0.8057893005297272,False,+0.5 to +1.5
1771,2021-07-15,2021-07-16,2021-08-16,12,12,-0.06313968862440392,-0.09972522220302714,0.03853366946536068,0.019311934022146898,68.77933041064539,47.27784005468187,0.5438437229577444,0.8255001525927681,False,+0.5 to +1.5
1772,2021-07-16,2021-07-19,2021-08-17,12,12,-0.07629360735001713,-0.10752988144260493,0.033002474640393374,0.016606698457343902,66.33501183257297,47.27784005468187,1.0015052021282027,0.8807878628261464,False,+0.5 to +1.5
1773,2021-07-19,2021-07-20,2021-08-18,12,12,-0.08499528853283793,-0.11191820464700594,0.02832861811869973,0.014272413872677093,68.77933041064539,45.881566883065716,0.0878739680568105,0.8752877783792041,False,+0.5 to +1.5
1774,2021-07-20,2021-07-21,2021-08-19,12,12,-0.08249429543760126,-0.10682079436450219,0.025178901707532588,0.012724328166357811,68.77933041064539,45.881566883065716,0.2751728259597087,0.8543821865097275,False,+0.5 to +1.5
1775,2021-07-21,2021-07-22,2021-08-20,12,12,-0.07874946005564226,-0.11822358527527918,0.04236204693386456,0.021237135803975866,66.58095449567433,44.62299577021535,0.7266569294649733,0.8733979042501212,False,+0.5 to +1.5
1776,2021-07-22,2021-07-23,2021-08-23,12,12,-0.07451245922760705,-0.10893155992955184,0.03670304064070034,0.018408652112181813,66.49868728971028,46.19749349811417,0.6246131510307477,0.8823008467469797,False,+0.5 to +1.5
1777,2021-07-23,2021-07-26,2021-08-24,12,12,-0.033326231705112376,-0.08514236937183192,0.05504063892208332,0.02740530872023577,66.49868728971028,46.19749349811417,1.161070531740381,0.8958334636375738,False,+0.5 to +1.5
1778,2021-07-26,2021-07-27,2021-08-25,12,12,-0.015569421672388102,-0.05911869930771346,0.04483000926011821,0.022415242506120935,66.49868728971028,46.19749349811417,1.768191436363173,0.9689211608941948,False,+0.5 to +1.5
1779,2021-07-27,2021-07-28,2021-08-26,12,12,-0.061477962876584843,-0.06686254670847411,0.00487692103253869,0.0026700858551904315,64.05436871163786,48.59645235104489,0.5834239393439675,0.973261896451624,False,+0.5 to +1.5
1780,2021-07-28,2021-07-29,2021-08-27,12,12,-0.04971688815995722,-0.06145990570345608,0.01164538471753463,0.006040691043476038,62.55707224743813,46.16722161483057,0.4509241655612165,0.935205287394728,False,+0.5 to +1.5
1781,2021-07-29,2021-07-30,2021-08-30,12,12,-0.04069858957746475,-0.036119994851392466,-0.005711984272022028,-0.0026206882811158592,64.42522875778926,45.07256743335668,0.2054483361879788,0.8632276777620166,False,+0.5 to +1.5
1782,2021-07-30,2021-08-02,2021-08-31,12,12,-0.054560792281272495,-0.07160201514451907,0.017253380320956985,0.008858388492409813,61.03495503555029,44.95712216724056,-0.1922444350030863,0.7920386812688105,False,+0.5 to +1.5
1783,2021-08-02,2021-08-03,2021-09-01,12,12,-0.0395236791154707,-0.07614940725974428,0.038972504902298984,0.019549621006746842,63.06587897457052,48.765592648911344,-0.2926597953495433,0.7260105086709608,False,+0.5 to +1.5
1784,2021-08-03,2021-08-04,2021-09-02,12,12,-0.07318758589032581,-0.09946577732927363,0.02872461015692519,0.014459555246209179,64.42522875778924,44.28077479844246,0.7390860341701441,0.7430089855771714,False,+0.5 to +1.5
1785,2021-08-04,2021-08-05,2021-09-03,12,12,-0.056006905797080966,-0.09754863116800175,0.045333689626327896,0.022598136481999116,64.42522875778927,45.452435585554376,0.4629464400343213,0.751585670456686,False,+0.5 to +1.5
1786,2021-08-05,2021-08-06,2021-09-06,12,12,-0.04086102699097306,-0.09530532972526348,0.058721107193980444,0.02920012156733014,63.06587897457052,47.45487695266161,0.4787893147857635,0.6909080414565885,False,+0.5 to +1.5
1787,2021-08-06,2021-08-09,2021-09-08,12,12,-0.08666240337000525,-0.13773920254981561,0.05771549822625782,0.028710828744530438,63.06587897457052,47.454876952661614,0.025298706803042,0.5789819418195992,False,+0.5 to +1.5
1788,2021-08-09,2021-08-10,2021-09-09,12,12,-0.07295900454074752,-0.10122323426748052,0.029772577934222333,0.015061052750174076,63.690574581657756,47.76340453987467,0.5475451193793203,0.5383387925285815,False,+0.5 to +1.5
1789,2021-08-10,2021-08-11,2021-09-10,12,12,-0.06807245267707142,-0.10406383168712344,0.0387733459384587,0.019536891837843694,65.12057608699119,51.9084196791388,0.0944555963882639,0.5261619464419082,False,+0.5 to +1.5
1790,2021-08-11,2021-08-12,2021-09-13,12,12,-0.028919611361626588,-0.06655767737561158,0.03925909067949661,0.019752377557686922,65.12057608699119,52.132455895460055,0.2362290757931355,0.5375864102684662,False,+0.5 to +1.5
1791,2021-08-12,2021-08-13,2021-09-14,12,12,-0.0021580672557507037,-0.04567849638692255,0.04495847833383887,0.022497295564670124,64.81980043525364,51.32978569922289,-0.2862082878919482,0.5332423486246085,False,+0.5 to +1.5
1792,2021-08-13,2021-08-16,2021-09-15,12,12,0.00010339036737334118,-0.009782466710930816,0.009931464539089354,0.0051979968758055035,63.415939552867165,50.80827240779604,0.1183531095995027,0.5089938341677801,False,+0.5 to +1.5
1793,2021-08-16,2021-08-17,2021-09-16,12,12,-0.008219842110586073,0.0055877441317092776,-0.013245990603824967,-0.006376899223125353,66.29257330491679,48.40267028376081,0.5641504424727164,0.4839767538636588,False,-0.5 to +0.5
1794,2021-08-17,2021-08-18,2021-09-17,12,12,-0.0008719537305161989,-0.018018308460775304,0.018079575250143542,0.009276081602291718,66.00519436793952,50.511678919469624,0.1259307634355227,0.4862274038393416,False,-0.5 to +0.5
1795,2021-08-18,2021-08-19,2021-09-20,12,12,-0.02591659096191749,-0.05391657079513584,0.030263229964903826,0.015311458520344988,63.80969063971844,47.86319595168951,0.4169523364274089,0.4943492641287408,False,-0.5 to +0.5
1796,2021-08-19,2021-08-20,2021-09-21,12,12,-0.03154101501809258,-0.04822967272873309,0.01805415769550865,0.009280850038620465,66.47992587020994,47.86319595168951,0.8821411144331358,0.5031595997795825,False,+0.5 to +1.5
1797,2021-08-20,2021-08-23,2021-09-22,12,12,0.009388878886331983,-0.05364613853712847,0.06682619671810537,0.03330350447508292,66.47992587020994,49.18665473554665,0.9176060839950588,0.5198315369064817,False,+0.5 to +1.5
1798,2021-08-23,2021-08-24,2021-09-23,12,12,-0.03803199339933597,-0.047044870465834,0.00868044661449782,0.0045720609262344305,64.70532554493818,46.921803749776096,0.1839792924132596,0.4640161616151178,False,-0.5 to +0.5
1799,2021-08-24,2021-08-25,2021-09-24,12,12,-0.03900778147273517,-0.05962752357683404,0.021463588649630803,0.01087441283180113,63.415939552867165,47.810599685267476,-0.4567008022513499,0.3369264874557207,False,-0.5 to +0.5
1800,2021-08-25,2021-08-26,2021-09-27,12,12,-0.03053668925790175,-0.037893817417001395,0.00710093362323907,0.003794838097140414,67.74232056465527,47.81059968526747,-0.1333882156759451,0.2959978046781352,False,-0.5 to +0.5
1801,2021-08-26,2021-08-27,2021-09-28,12,12,-0.09435459460729383,-0.12033115342197004,0.0283070792966156,0.014290588657894005,64.54876781229895,46.7005915745371,0.2550764626202644,0.2847866226689987,False,-0.5 to +0.5
1802,2021-08-27,2021-08-30,2021-09-29,12,12,-0.08336235810623774,-0.12040481830303353,0.040892191305912186,0.02046239851325555,64.54876781229895,46.70059157453711,0.2087877588760027,0.2849910301007897,False,-0.5 to +0.5
1803,2021-08-30,2021-08-31,2021-09-30,12,12,-0.07060584423052543,-0.09360313593926829,0.024775019303805712,0.012484149444876481,64.54876781229895,46.70059157453711,-0.0120113181408359,0.2953847522368706,False,-0.5 to +0.5
1804,2021-08-31,2021-09-01,2021-10-01,12,12,-0.044785388084269975,-0.0642846760711076,0.020293097441207532,0.010257324771377764,64.35204684241631,51.053001163646314,0.1676669202292547,0.3217710543968918,False,-0.5 to +0.5
1805,2021-09-01,2021-09-02,2021-10-04,12,12,-0.052858435747750086,-0.08048973374788292,0.029330854649252513,0.014722345634426648,64.35204684241631,50.28043825830272,0.234332505857861,0.2928809737011392,False,-0.5 to +0.5
1806,2021-09-02,2021-09-03,2021-10-05,12,12,-0.04153169552461199,-0.08408771725338181,0.04633345365338456,0.023057432946046088,66.38090092297946,52.50730885476321,0.5064119500402502,0.2953003417617574,False,-0.5 to +0.5
1807,2021-09-03,2021-09-06,2021-10-06,12,12,-0.07030841917228818,-0.1041056014045332,0.037217127354007194,0.018591604102699014,63.187348170623146,49.57725027343565,-0.1444902598127993,0.2597154702520696,False,-0.5 to +0.5
1808,2021-09-06,2021-09-08,2021-10-07,12,12,-0.01812086904433233,-0.06533395836185843,0.05003507165967174,0.024892168650381484,66.38090092297946,52.66315120482494,-0.2299118304220968,0.2452270287483288,False,-0.5 to +0.5
1809,2021-09-08,2021-09-09,2021-10-08,12,12,0.006109290250273144,-0.053940958513711626,0.06323356858779763,0.031309560227739695,65.86444757068791,49.953885107301915,-0.3836654448441938,0.1920613131218669,False,-0.5 to +0.5
1810,2021-09-09,2021-09-10,2021-10-11,12,12,-0.005573729724067516,-0.062089445098395146,0.05932227084811192,0.029409086929513672,67.74232056465526,49.33357709234406,-0.2349981354551457,0.1733055515635324,False,-0.5 to +0.5
1811,2021-09-10,2021-09-13,2021-10-13,12,12,-0.015566213136831496,-0.07053166002184935,0.05634503712609375,0.028008247701302398,67.46578014063728,49.16800903953227,0.1431670827307937,0.1679786247942899,False,-0.5 to +0.5
1812,2021-09-13,2021-09-14,2021-10-14,12,12,-0.017101943977725586,-0.08149973081627963,0.06767830771037364,0.033459630207529296,67.46578014063728,47.502324011336164,0.0731272833265055,0.1885825115233795,False,-0.5 to +0.5
1813,2021-09-14,2021-09-15,2021-10-15,12,12,0.004924900832525393,-0.06162764771851316,0.06754719277508134,0.03351487937088255,67.30000510043284,46.09052136333424,-0.3115958933100208,0.1640912281800633,False,-0.5 to +0.5
1814,2021-09-15,2021-09-16,2021-10-18,12,12,0.01903445182472184,-0.040428818339650764,0.058703203809534234,0.02915919030295466,67.20872056348209,51.99350816720307,-0.571061157506435,0.0992699676774975,False,-0.5 to +0.5
1815,2021-09-16,2021-09-17,2021-10-19,12,12,-0.00426328341517626,-0.023394006523839446,0.018575798905864072,0.00939545394179485,67.20872056348209,48.70664197748724,-0.2942485494893099,0.0753079401390697,False,-0.5 to +0.5
1816,2021-09-17,2021-09-20,2021-10-20,12,12,0.012428653433991082,-0.01605855316580027,0.028149719745635935,0.01417986993023728,67.46578014063728,46.9815862285742,0.5531472257160154,0.0829730864306245,False,-0.5 to +0.5
1817,2021-09-20,2021-09-21,2021-10-21,12,12,-0.040391974094658424,-0.0543894529591677,0.014627916680884662,0.007476439428788418,67.46578014063728,45.70742481612302,0.3925565403197436,0.0548376080742461,False,-0.5 to +0.5
1818,2021-09-21,2021-09-22,2021-10-22,12,12,-0.07893504713442799,-0.09959776868892588,0.02189130071331501,0.011041284368793047,66.0985290352094,45.39254547408124,0.2491671387379539,0.0164774546103028,False,-0.5 to +0.5
1819,2021-09-22,2021-09-23,2021-10-25,12,12,-0.07465012343480328,-0.04918506179297419,-0.02709453518618269,-0.013485405376385966,68.15806971863547,49.586943419231694,-0.3970931186965272,-0.0167045064331181,False,-0.5 to +0.5
1820,2021-09-23,2021-09-24,2021-10-26,12,12,-0.12494553354444682,-0.07807653350400837,-0.049899669191536954,-0.025063682468851753,66.58817734185236,49.789207291971934,-0.0961482357874007,0.0039808689956543,False,-0.5 to +0.5
1821,2021-09-24,2021-09-27,2021-10-27,12,12,-0.09891471786441935,-0.0550713884250187,-0.044658040622828785,-0.022324516898624934,68.42730589691749,50.872850215067835,-0.2086906227478446,-0.0002741559131237,False,-0.5 to +0.5
1822,2021-09-27,2021-09-28,2021-10-28,12,12,-0.07046694992915761,-0.07180652308669876,0.0027852434629649387,0.001598103571428966,66.99829228433072,44.432828055403974,0.1459744741215984,-0.0065741378519021,False,-0.5 to +0.5
1823,2021-09-28,2021-09-29,2021-10-29,12,12,-0.1138158642982369,-0.07712589890109843,-0.03786206904685648,-0.018853768940355873,70.93882044133295,47.233183665828896,0.3795287863613916,0.0030935514882019,False,-0.5 to +0.5
1824,2021-09-29,2021-09-30,2021-11-01,12,12,-0.0827463879770288,-0.08682955928889044,0.006565070512340411,0.003604797569773312,69.24020465938261,44.92300296547561,0.6102539373362241,0.038576110745219,False,-0.5 to +0.5
1825,2021-09-30,2021-10-01,2021-11-03,12,12,-0.1289992082325639,-0.01935827827569091,-0.11030188064045839,-0.056238689667418414,68.17046581817607,50.5448784918941,0.5592175045270618,0.0608627562056094,False,-0.5 to +0.5
1826,2021-10-01,2021-10-04,2021-11-04,12,12,-0.11728092257663955,-0.01670080496040346,-0.10142436240006232,-0.0515780686849331,68.69795103693538,48.4514393527645,0.2658540028441579,0.0626063361211744,False,-0.5 to +0.5
1827,2021-10-04,2021-10-05,2021-11-05,12,12,-0.10590642359744701,0.041120283519773454,-0.14047635373359907,-0.07219161084368865,68.69795103693538,50.979968111055605,0.3149459775979157,0.0515548389791598,False,-0.5 to +0.5
1828,2021-10-05,2021-10-06,2021-11-08,12,12,-0.07123251302630083,0.019667103650998944,-0.08761957605822904,-0.04433177421214914,64.43113997131975,49.196737327221996,0.631394682294116,0.09585857577888,False,-0.5 to +0.5
1829,2021-10-06,2021-10-07,2021-11-09,12,12,-0.07358126412409748,0.0384463707661183,-0.10671244030205183,-0.05418386924186244,68.36987737118524,46.53680299774475,0.5211822230301123,0.1387883424074564,False,-0.5 to +0.5
1830,2021-10-07,2021-10-08,2021-11-10,12,12,-0.08212804479176912,0.007764865529446097,-0.08809521813045938,-0.044398215445282586,69.237575114736,48.886528971926005,0.22347134101993,0.1735629042794534,False,-0.5 to +0.5
1831,2021-10-08,2021-10-11,2021-11-11,12,12,-0.05417365045350358,0.01708329951732487,-0.06948379190526487,-0.03456380565545687,65.60498354009867,47.5908866057271,0.731620090803699,0.2288114464358106,False,-0.5 to +0.5
1832,2021-10-11,2021-10-13,2021-11-12,12,12,-0.08020227416657245,-0.00012067014752215134,-0.07946414205479996,-0.03976586448191184,65.60498354009867,49.20005277340507,0.0107779146192696,0.2212749729389927,False,-0.5 to +0.5
1833,2021-10-13,2021-10-14,2021-11-16,12,12,-0.11544843670664333,-0.02219915465546653,-0.09394622262682646,-0.04724696323913147,66.21962471346154,49.20005277340507,0.5312311635401095,0.2474442522361524,False,-0.5 to +0.5
1834,2021-10-14,2021-10-15,2021-11-17,12,12,-0.1458325841803813,-0.05133020198675502,-0.09880177067970797,-0.049790893923805465,66.04451594681761,49.20005277340507,0.2319300894126368,0.278598955760738,False,-0.5 to +0.5
1835,2021-10-15,2021-10-18,2021-11-18,13,13,-0.1544688305457633,-0.04665648052954413,-0.11231009725583384,-0.05687296375289454,67.02494423384336,47.326360465565465,0.6197277080396308,0.346759817144212,False,-0.5 to +0.5
1836,2021-10-18,2021-10-19,2021-11-19,13,13,-0.0937618193170144,-0.017070058512461423,-0.07744443190091893,-0.03859308549318899,67.02494423384336,45.65236489700017,0.2538909355963124,0.3781950006462047,False,-0.5 to +0.5
1837,2021-10-19,2021-10-20,2021-11-22,13,13,-0.07787729712557999,-0.03181797456800391,-0.04681947070452496,-0.023108217122138824,65.63579311000592,45.388377169692255,0.6194704029561153,0.381915160928845,False,-0.5 to +0.5
1838,2021-10-20,2021-10-21,2021-11-23,13,13,-0.026537097430511268,-0.025807868704815683,-0.0005839395867212312,0.0004326020181823933,67.02494423384336,47.406873892082324,0.5956354082746473,0.3934832837296939,False,-0.5 to +0.5
1839,2021-10-21,2021-10-22,2021-11-24,13,13,-0.000586870726005922,-0.005113557395669347,0.005028612320388509,0.003294193882271874,67.02494423384336,43.79246439158882,0.3166875751326704,0.3973573607851187,False,-0.5 to +0.5
1840,2021-10-22,2021-10-25,2021-11-25,13,13,-0.0029159713766474075,-0.021899740625487676,0.019585596537069518,0.010585008493916125,67.02494423384336,46.69880366444836,0.2106514699950848,0.4322301571574546,False,-0.5 to +0.5
1841,2021-10-25,2021-10-26,2021-11-26,13,13,0.002040500267567615,-0.031954516512315206,0.035729699510031486,0.018281000327998627,67.02494423384334,44.51949273398433,0.0629577797844428,0.4414268394244234,False,-0.5 to +0.5
1842,2021-10-26,2021-10-27,2021-11-29,13,13,-0.01403457708821513,-0.020563855925927185,0.006897563403154274,0.00417135380313598,67.02494423384334,45.87811408688371,-0.1334844185040052,0.4458668693463044,False,-0.5 to +0.5
1843,2021-10-27,2021-10-28,2021-11-30,13,13,0.012537754791172096,-0.018295970387793785,0.031558476567329116,0.016244182313902608,65.79743197152338,45.42342796832573,-0.2060275631488838,0.4258381171514464,False,-0.5 to +0.5
1844,2021-10-28,2021-10-29,2021-12-01,13,13,0.017362165619068413,-0.02587527288467858,0.04433687746553416,0.022529691310801615,68.67705762851459,45.2540091595329,-0.1389427482044578,0.3962481357838939,False,-0.5 to +0.5
1845,2021-10-29,2021-11-01,2021-12-02,13,13,0.05959953465692916,-0.0032739498176773546,0.06302394171833241,0.03173922455362125,69.62023103561621,46.101768244155394,-0.1780281156237749,0.3511996563063497,False,-0.5 to +0.5
1846,2021-11-01,2021-11-03,2021-12-03,13,13,0.05195130809679613,-0.0060674754351853905,0.059318527603917294,0.0299639415920635,67.26293299823335,46.55442181995313,-0.6908544216148825,0.2798102704115557,False,-0.5 to +0.5
1847,2021-11-03,2021-11-04,2021-12-06,13,13,0.12698084447374522,-0.007788502928792505,0.13591622670239598,0.06654915757973269,68.83933328239571,47.36862938977073,-0.3844504689261502,0.2427013466983946,False,-0.5 to +0.5
1848,2021-11-04,2021-11-05,2021-12-07,13,13,0.11620618818231349,-0.022566494030805122,0.14216050903634744,0.06948555108403466,68.83933328239571,47.99665182476047,-0.7776456913966011,0.1803342798363932,False,-0.5 to +0.5
1849,2021-11-05,2021-11-08,2021-12-08,13,13,0.1340890474226192,-0.015054756452842188,0.15126765021403085,0.07368232935497253,68.32783674203228,47.99665182476046,-1.1521346902487193,0.0784326460978086,False,-0.5 to +0.5
1850,2021-11-08,2021-11-09,2021-12-09,13,13,0.10177597109669254,-0.026290620230919354,0.13189209036643434,0.0645974174722026,68.6328066395215,47.99665182476046,-0.2287002507476767,0.035513887351984,False,-0.5 to +0.5
1851,2021-11-09,2021-11-10,2021-12-10,13,13,0.12966170541923994,-0.022812922992901167,0.15606916399914336,0.07593508560802416,68.32783674203228,47.996651824760455,0.4389244103123814,0.0477658366245896,False,-0.5 to +0.5
1852,2021-11-10,2021-11-11,2021-12-13,13,13,0.08190636830205376,-0.004050505849134519,0.08595812980006465,0.04264336296208675,68.32783674203228,48.81350604015651,-0.2367910969807297,-0.0076931043905618,False,-0.5 to +0.5
1853,2021-11-11,2021-11-12,2021-12-14,13,13,0.07774778005715817,-0.0007194347490505042,0.0782332417190547,0.038912999024734586,68.32783674203229,46.92735776868842,0.2795209974946926,0.0076433670434126,False,-0.5 to +0.5
1854,2021-11-12,2021-11-16,2021-12-15,13,13,0.09435181781584188,0.03698246780198778,0.055297555622115795,0.02788247432262789,67.29684298558435,49.28749805416687,-0.4965857735194332,-0.0511743007465207,False,-0.5 to +0.5
1855,2021-11-16,2021-11-17,2021-12-16,13,13,0.11875742007596278,0.06433094319432239,0.050503776392490436,0.025655140596375418,67.29684298558438,50.577594569478805,-0.0820573072761258,-0.0691774155195835,False,-0.5 to +0.5
1856,2021-11-17,2021-11-18,2021-12-17,13,13,0.14970414167098342,0.038644202822431514,0.10781903145483968,0.0529626050466933,67.29684298558436,49.838991968813275,0.2581784188872739,-0.0899997545626652,False,-0.5 to +0.5
1857,2021-11-18,2021-11-19,2021-12-20,13,13,0.08473458723878573,-0.003186867406815382,0.08935190021262154,0.04416624832857422,67.29684298558436,49.838991968813275,0.5684130390029332,-0.0721327346734451,False,-0.5 to +0.5
1858,2021-11-19,2021-11-22,2021-12-21,13,13,0.09163472528296632,-0.005910271470448058,0.09915994203246993,0.048892583452456465,67.29684298558436,48.77729448910587,0.8503210474105822,-0.0591296440767056,False,-0.5 to +0.5
1859,2021-11-22,2021-11-23,2021-12-22,13,13,0.06172785725206017,-0.009600273885423703,0.07339956655091294,0.03640955937703767,66.57594689530328,51.20605249654294,-1.114996640475526,-0.1570020378928922,False,-0.5 to +0.5
1860,2021-11-23,2021-11-24,2021-12-23,13,13,0.029264937134139857,-0.024760029819488123,0.057082800348990874,0.02851828163982516,67.36602113274719,50.81001427742754,-1.4072279510284214,-0.2556170746229719,False,-0.5 to +0.5
1861,2021-11-24,2021-11-25,2021-12-27,13,13,0.014773998105358482,-0.04575478777548207,0.06506242329490533,0.03235837124507706,67.36602113274719,49.16649725235557,-0.856498154276737,-0.316730950667983,False,-0.5 to +0.5
1862,2021-11-25,2021-11-26,2021-12-28,13,13,0.05870970062832834,-0.016925444621340872,0.07819565324090014,0.038745225711018384,67.07897956318517,49.763934570765706,-1.135623492105958,-0.3853510234179494,False,-0.5 to +0.5
1863,2021-11-26,2021-11-29,2021-12-29,13,13,0.048217114095968905,0.004312996760409053,0.04476351004653646,0.022577627088063577,67.07897956318517,46.57815275961346,-0.9924547572539912,-0.4345447143321692,False,-0.5 to +0.5
1864,2021-11-29,2021-11-30,2021-12-30,13,13,0.07915623034223271,0.0001751392779076995,0.08042167975421924,0.03983729583658641,66.83896528656786,48.29342896904583,-1.0313722548263933,-0.4818221565248313,False,-0.5 to +0.5
1865,2021-11-30,2021-12-01,2022-01-03,13,13,0.08117644194439504,0.0006185411161947146,0.08185443522762463,0.04065318934074646,66.91517606967204,46.91306239533322,-0.7085259824582606,-0.5144936366786828,False,-1.5 to -0.5
1866,2021-12-01,2021-12-02,2022-01-04,13,13,0.002497679388951347,-0.03485753883750702,0.039427955618681614,0.01993138867048551,66.91517606967204,46.91306239533322,-0.7672567516182556,-0.5482891927247749,False,-1.5 to -0.5
1867,2021-12-02,2021-12-03,2022-01-05,13,13,-0.05807213158203705,-0.07502497119141677,0.019444646120533753,0.01009631884883017,66.91517606967204,46.504874388270125,-1.057369226076406,-0.5692792326930785,False,-1.5 to -0.5
1868,2021-12-03,2021-12-06,2022-01-06,13,13,-0.0798281806949421,-0.1010015694865112,0.024269648565176775,0.012424225372528727,67.98680458539204,43.98575046563577,-1.7046100778316229,-0.6449019877281091,False,-1.5 to -0.5
1869,2021-12-06,2021-12-07,2022-01-07,13,13,-0.04841105865233976,-0.1204744299845441,0.08265976079579802,0.04087667583437326,67.04977406946111,48.71690700255772,-1.5927877442399323,-0.6916332424504141,False,-1.5 to -0.5
1870,2021-12-07,2021-12-08,2022-01-10,13,13,-0.08507792321116152,-0.11354331288660044,0.03258392380925722,0.016487853615448626,65.79344474593066,45.552569928883344,-1.2395037081372522,-0.6966839149689973,False,-1.5 to -0.5
1871,2021-12-08,2021-12-09,2022-01-11,13,13,-0.0553684039598789,-0.065024082470831,0.010964737740940781,0.005797208073083224,65.79344474593066,46.15256791534793,-0.8783393447473745,-0.7340106366155685,False,-1.5 to -0.5
1872,2021-12-09,2021-12-10,2022-01-12,13,13,-0.05353593998628091,-0.05937418824614496,0.006737639496894667,0.0035901438671826955,65.79344474593066,46.3266278171907,-0.6401195919090946,-0.7959752183589833,False,-1.5 to -0.5
1873,2021-12-10,2021-12-13,2022-01-13,13,13,-0.05905557259839459,-0.0752265532144501,0.01802906868502907,0.009148972208961314,64.58276190684533,46.3266278171907,-1.310184942057262,-0.8575785261174224,False,-1.5 to -0.5
1874,2021-12-13,2021-12-14,2022-01-14,13,13,-0.025196084038113898,-0.06266453609806343,0.040351615438399,0.020238032062046708,65.79344474593066,46.60074583559664,-1.164200081267808,-0.940422443340674,False,-1.5 to -0.5
1875,2021-12-14,2021-12-15,2022-01-17,13,13,-0.0480704806043001,-0.07029697457645535,0.024557269447466425,0.012483559019941888,65.79344474593066,45.90523870014417,-1.616291384323307,-1.0046707277941282,False,-1.5 to -0.5
1876,2021-12-15,2021-12-16,2022-01-18,13,13,-0.06012742307868593,-0.08391476296326933,0.026769188014290055,0.013559554405468317,68.18775405203442,46.8085619346001,-1.690349522078932,-1.096941359650002,False,-1.5 to -0.5
1877,2021-12-16,2021-12-17,2022-01-19,13,13,-0.04985763593874604,-0.05304752172786795,0.004256161300058558,0.002453490082266008,69.31465055066224,45.82691484958433,-1.6256910894430965,-1.2049827987269228,False,-1.5 to -0.5
1878,2021-12-17,2021-12-20,2022-01-20,13,13,0.040002608699491425,-0.0017428664582621876,0.042136369342270656,0.02119840432594607,68.96611273480332,46.729215823693416,-1.9222390910190976,-1.3477575096426015,False,-1.5 to -0.5
1879,2021-12-20,2021-12-21,2022-01-21,13,13,0.04604063827357777,-0.020658097489206946,0.06838602133692187,0.03406901765577744,68.9661127348033,45.36051197345873,-1.7878933711166742,-1.4988480583333952,False,-1.5 to -0.5
1880,2021-12-21,2021-12-22,2022-01-24,13,13,0.0007960993735441441,-0.03192344320939846,0.03437932643650388,0.017450479421480723,67.13658167609188,45.052630612736806,-1.7527924214171542,-1.5352414437868551,False,< -1.5
1881,2021-12-22,2021-12-23,2022-01-25,13,13,0.03595192268059945,-0.015302477147081666,0.05237372504457779,0.026250524102482686,67.13658167609188,43.56714340733905,-1.6625020349996216,-1.5497061970412782,False,< -1.5
1882,2021-12-23,2021-12-27,2022-01-26,13,13,0.04985789589407845,-0.01132912954446199,0.061954759492895216,0.03099598323127007,69.81633012365543,46.2994054295378,-1.2598555652201937,-1.5725303007343998,False,< -1.5
1883,2021-12-27,2021-12-28,2022-01-27,13,13,0.04395348176399949,-0.006679714789857328,0.051588247898740204,0.02589212785694136,67.71465219600483,45.36051197345874,-1.413831981529564,-1.588208137087156,False,< -1.5
1884,2021-12-28,2021-12-29,2022-01-28,13,13,0.0542319159461319,0.012653649962527071,0.04133456026245809,0.02093613738529708,67.71465219600483,46.30399247357302,-1.3692959958186088,-1.6094941531614768,False,< -1.5
1885,2021-12-29,2021-12-30,2022-01-31,13,13,0.055487523451392115,0.010813153166007894,0.044500135162549824,0.022490950757178996,67.71465219600483,46.303992473573025,-1.286012217096734,-1.623744092539276,False,< -1.5
1886,2021-12-30,2022-01-03,2022-02-01,12,12,0.088330023840896,0.029113909181091423,0.057261709380236794,0.028719379223213454,68.5327566713665,45.27706875931028,-1.768149597365442,-1.6840995629240896,False,< -1.5
1887,2022-01-03,2022-01-04,2022-02-02,12,12,0.10140659289341789,0.026292192557165844,0.07437788044330061,0.03714933061795847,67.43832407902877,42.13618597817379,-1.5905931220076068,-1.7308222952508745,False,< -1.5
1888,2022-01-04,2022-01-05,2022-02-03,12,12,0.15712623674802767,0.039015522262928704,0.11414761865322826,0.056013241641589356,66.5746603226233,41.86408583144383,-1.0481629654725062,-1.7297691828735473,False,< -1.5
1889,2022-01-05,2022-01-06,2022-02-04,12,12,0.15644603067463755,0.026944267884400963,0.12684306098952966,0.06204186907203133,66.69542928291013,43.37002358161223,-1.149385094381751,-1.6976266319798532,False,< -1.5
1890,2022-01-06,2022-01-07,2022-02-07,12,12,0.1354941731496085,0.028800322772587945,0.10455882787969804,0.05149431157334672,66.69542928291013,44.53689101410068,-1.2921247699698934,-1.6800877039383326,False,< -1.5
1891,2022-01-07,2022-01-10,2022-02-08,12,12,0.1397235793600707,0.05268889630237351,0.08320004590319327,0.04132956662834012,66.69542928291013,43.95124939552093,-1.993785770889392,-1.7229500686050263,False,< -1.5
1892,2022-01-10,2022-01-11,2022-02-09,12,12,0.12040257709265652,0.05593208393349318,0.06138739968591374,0.03088776693924204,67.72873160646621,43.08495063866955,-1.5638369874600158,-1.7616991281061571,False,< -1.5
1893,2022-01-11,2022-01-12,2022-02-10,12,12,0.0780478169304957,0.027980562913595953,0.04841013759340847,0.024519556811435295,66.75052695229357,42.960109060914,-1.3384993975621715,-1.8010227329480477,False,< -1.5
1894,2022-01-12,2022-01-13,2022-02-11,12,12,0.07525758228986419,0.010295460337015276,0.06411637611221967,0.03218125788146597,68.60885511606527,44.44512132959315,-1.5922210915855322,-1.8166690944787536,False,< -1.5
1895,2022-01-13,2022-01-14,2022-02-14,13,13,0.08053947155961501,0.02939768644925528,0.050188493575073594,0.025338947200042546,67.25814322173218,43.54464425585169,-1.1988313902319536,-1.8180465132203447,False,< -1.5
1896,2022-01-14,2022-01-17,2022-02-15,13,13,0.12158295097118213,0.03676954454932896,0.08227946953033857,0.041080781762210715,66.82219883794474,42.03637674455203,-0.7655029629010963,-1.7688909406345656,False,< -1.5
1897,2022-01-17,2022-01-18,2022-02-16,13,13,0.13704794853216642,0.05509951924699293,0.07816067356947326,0.03904542272718192,67.25814322173218,45.919068586011875,-1.3738017821818065,-1.7504497659732126,False,< -1.5
1898,2022-01-18,2022-01-19,2022-02-17,13,13,0.06573596783430809,0.03828241958676239,0.026949777159545243,0.013924074879626613,67.00644313735224,43.11025053506114,-1.0208172399829132,-1.7155023324995795,False,< -1.5
1899,2022-01-19,2022-01-20,2022-02-18,13,13,0.029974678503296184,0.0238155300489824,0.005913893122490617,0.003493059246966486,66.87184513756316,43.90812348331566,-2.037537586997967,-1.721915405292075,False,< -1.5
1900,2022-01-20,2022-01-21,2022-02-21,13,13,-0.0016710368462301134,0.01891759635979192,-0.020040083520887562,-0.009689732897579276,65.75011381382177,42.97443959219432,-1.69252733581687,-1.716224525702324,False,< -1.5
1901,2022-01-21,2022-01-24,2022-02-22,13,13,0.007926524163429148,0.04437705191223173,-0.034524946540781094,-0.01705940611637123,69.09294828656175,43.95237883913372,-1.9366040754274365,-1.7264990089789256,False,< -1.5
1902,2022-01-24,2022-01-25,2022-02-23,13,13,-0.024142292684935552,0.0433018931393416,-0.06500519681958498,-0.0326623342723974,68.23819709521361,43.952378839133715,-1.5141863939203368,-1.7177284665428638,False,< -1.5
1903,2022-01-25,2022-01-26,2022-02-24,13,13,-0.06433170000657591,0.030582432541447633,-0.09208090631269088,-0.04694191782423268,68.92570268010141,44.16578712934109,-1.884715828265895,-1.7530611331255403,False,< -1.5
1904,2022-01-26,2022-01-27,2022-02-25,13,13,-0.0625589441128683,0.04919650062529115,-0.10724450597538511,-0.0548288938101751,67.71501984101609,45.56542287515721,-1.3923921950800575,-1.7514332170686455,False,< -1.5
1905,2022-01-27,2022-01-28,2022-03-02,13,13,-0.04469895691464793,0.03455219973581222,-0.07750913257184182,-0.039148125522890716,67.09473413963458,42.91508412605715,-1.43178901401669,-1.754592438873254,False,< -1.5
1906,2022-01-28,2022-01-31,2022-03-03,13,13,-0.049902748847218514,0.009057821353926748,-0.0581580621562131,-0.029325148364005148,66.81024845946824,47.83232660785332,-1.2887590055546907,-1.754296813556148,False,< -1.5
1907,2022-01-31,2022-02-01,2022-03-04,13,13,-0.07542384423112905,-0.017137137770251526,-0.05946736561759863,-0.029961631500335834,68.44748354655643,45.508672089868696,-1.1341907255556103,-1.7177907866053654,False,< -1.5
1908,2022-02-01,2022-02-02,2022-03-07,13,13,-0.09495270893273616,-0.02579850659694759,-0.0707190483731146,-0.035788290600810665,66.19403262394263,46.85664116315665,-1.9329000746892315,-1.7370582175703884,False,< -1.5
1909,2022-02-02,2022-02-03,2022-03-08,13,13,-0.06167298351585768,-0.008299930126595908,-0.053097953148786334,-0.026597396522954182,66.7461351506705,50.42249048087229,-2.193280519578853,-1.8019953500797,False,< -1.5
1910,2022-02-03,2022-02-04,2022-03-09,13,13,-0.015819980920166305,0.014138345198816063,-0.02866428226258237,-0.014139628137559413,66.7461351506705,50.13636093105001,-2.284495485915745,-1.8663458641972,False,< -1.5
1911,2022-02-04,2022-02-07,2022-03-10,13,13,-0.0428768159527632,0.011054765432522514,-0.05257769481499335,-0.02635651527163039,65.35193823820026,48.51458902643526,-1.80582565748382,-1.895158816884038,False,< -1.5
1912,2022-02-07,2022-02-08,2022-03-11,13,13,-0.070667900705755,0.011583803095807406,-0.07987424897393926,-0.0403040309582852,65.54293588274692,49.68816696280206,-1.3314875998955584,-1.857023883389576,False,< -1.5
1913,2022-02-08,2022-02-09,2022-03-14,13,13,-0.08532505566952366,-0.0027545704898020613,-0.08174658353940052,-0.04140043483481643,64.41676393167062,47.03339872003493,-1.321945190896607,-1.842762522894113,False,< -1.5
1914,2022-02-09,2022-02-10,2022-03-15,13,13,-0.0723265681173734,-0.019865569490807148,-0.05230406039321311,-0.026101349598420597,64.41676393167062,49.81959486705887,-1.2204249454281657,-1.8354937557458495,False,< -1.5
1915,2022-02-10,2022-02-11,2022-03-16,13,13,-0.03277748474327582,-0.013897514608820055,-0.018129750620834568,-0.008560560644394555,64.78600724804417,52.50784227024561,-1.5002832250534894,-1.8298544917627653,False,< -1.5
1916,2022-02-11,2022-02-14,2022-03-17,13,13,-0.06953393545194499,0.025053239107628987,-0.09038708364616996,-0.045781017609648554,64.48350365055516,53.41657392006573,-0.6900156680712192,-1.8002296861938796,False,< -1.5
1917,2022-02-14,2022-02-15,2022-03-18,13,13,-0.024691737160933955,0.013085314028225908,-0.035341765725749104,-0.017212678497514473,63.864625937287585,54.29784583821176,-1.066147713529368,-1.816673836486704,False,< -1.5
1918,2022-02-15,2022-02-16,2022-03-21,13,13,-0.016701322157012234,0.033645958223633615,-0.046982847080128155,-0.023216765708565703,65.38582998365709,54.200272946021954,-0.843445506225452,-1.785964531171878,False,< -1.5
1919,2022-02-16,2022-02-17,2022-03-22,13,13,-0.0012754319913390575,0.050782916417512855,-0.04790052854618922,-0.0237043161691008,66.00470769692467,53.22421846471856,-0.8401571986821851,-1.7750953213012766,False,< -1.5
1920,2022-02-17,2022-02-18,2022-03-23,13,13,0.03469212135317802,0.0424843131228241,-0.005660954632761114,-0.0022799721109529963,67.97376706338295,50.74340337183138,-0.9558088334234724,-1.7133774758880167,False,< -1.5
1921,2022-02-18,2022-02-21,2022-03-24,13,13,0.09081347992527757,0.07056867961465733,0.02073106840625243,0.01085139912133732,67.97376706338295,53.25295138725133,-0.9067909999699848,-1.668441074258744,False,< -1.5
1922,2022-02-21,2022-02-22,2022-03-25,13,13,0.0783343971420084,0.06319947623024899,0.0157375392890825,0.00857411601810941,67.97376706338295,54.24996039333469,0.2023777141153651,-1.5466528640718276,False,< -1.5
1923,2022-02-22,2022-02-23,2022-03-28,13,13,0.0766121782189104,0.0580577408930974,0.019079697691924892,0.010000826702083744,65.79132239141062,54.46401109141668,0.6989577795535842,-1.4207012395783944,False,-1.5 to -0.5
1924,2022-02-23,2022-02-24,2022-03-29,13,13,0.10417638099001406,0.056703442382963536,0.04656945810529953,0.023612979253006903,65.79132239141062,54.74526965728004,0.8476659446321506,-1.265534777375531,False,-1.5 to -0.5
1925,2022-02-24,2022-02-25,2022-03-30,13,13,0.1033498636991859,0.05186737086315566,0.05092491201336964,0.025837642419176694,67.90572328277561,49.08264782109615,0.4869622028782012,-1.158865337772507,False,-1.5 to -0.5
1926,2022-02-25,2022-03-02,2022-03-31,13,13,0.08571816734445459,0.044862562803660404,0.04103897642835524,0.02094471666546709,67.90572328277561,49.39985063600852,0.8826224669138419,-1.027578396454945,False,-1.5 to -0.5
1927,2022-03-02,2022-03-03,2022-04-01,13,13,0.09066177021367657,0.05243744701828712,0.03777963641254754,0.019568219610541858,65.92836165245672,48.81749342029308,0.6855073186116803,-0.9156593696004786,False,-1.5 to -0.5
1928,2022-03-03,2022-03-04,2022-04-04,13,13,0.11639147542262275,0.06000940910014243,0.054586849746916084,0.0278058862092543,65.92836165245672,48.59437628523007,1.022941042391957,-0.7933672039324925,False,-1.5 to -0.5
1929,2022-03-04,2022-03-07,2022-04-05,13,13,0.1483162614287822,0.07185068820758006,0.07227318595656324,0.03640941135543879,63.69047458679407,50.451372093131866,0.8784179501927137,-0.6340714853159265,False,-1.5 to -0.5
1930,2022-03-07,2022-03-08,2022-04-06,13,13,0.09898903788962722,0.07372667898305879,0.024689783920513683,0.013126953609282245,63.69047458679407,46.56701515716786,0.9040275365570628,-0.4584832586011672,False,-0.5 to +0.5
1931,2022-03-08,2022-03-09,2022-04-07,13,13,0.06808668657840908,0.05286919659936015,0.01538031011889816,0.008449614444502335,62.74469109678405,45.884972847808825,0.601622132400485,-0.2947407762438093,False,-0.5 to +0.5
1932,2022-03-09,2022-03-10,2022-04-08,13,13,0.04865687731508994,0.04428766245295479,0.005148922068592088,0.0033139980062109517,63.72256681889875,44.71001934926606,1.2225912545126498,-0.122710456926482,False,-0.5 to +0.5
1933,2022-03-10,2022-03-11,2022-04-11,13,13,0.0761851003006647,0.04205374875610923,0.033500382144666815,0.017255279948237345,63.72256681889875,46.56701515716786,0.5805710469497701,-0.0140073549167906,False,-0.5 to +0.5
1934,2022-03-11,2022-03-14,2022-04-12,13,13,0.07940089290698228,0.06060662360352983,0.018288085922789646,0.009807194124842744,64.60202638601147,49.41893367762474,0.8050786288090741,0.1069834331645651,False,-0.5 to +0.5
1935,2022-03-14,2022-03-15,2022-04-13,13,13,0.0749827935781117,0.06478369590415808,0.010154164614422097,0.005753359945580152,64.60202638601146,48.277046572536584,0.9983896699821654,0.2332604765566719,False,-0.5 to +0.5
1936,2022-03-15,2022-03-16,2022-04-14,13,13,0.051231052226169825,0.05596878097828838,-0.004096807081875177,-0.0013873511242292712,65.74804254861843,48.27704657253658,1.6737192749429013,0.413958750396045,False,-0.5 to +0.5
1937,2022-03-16,2022-03-17,2022-04-18,13,13,0.03283538547827456,0.04767276806502366,-0.013890446155094415,-0.006314127013928454,65.74804254861843,47.75043609590925,1.469682000509543,0.5370152092010034,False,+0.5 to +1.5
1938,2022-03-17,2022-03-18,2022-04-19,13,13,-0.015830152538552147,0.030151340155731402,-0.04526173504731527,-0.02237941528741937,63.89054535913264,50.08617176879511,1.4086454621288147,0.6780820368935989,False,+0.5 to +1.5
1939,2022-03-18,2022-03-21,2022-04-20,13,13,0.0028821822325540707,0.007000736778892169,-0.004600997212802047,-0.0016338160140757102,64.74569062508598,50.33912969637154,0.549705229309574,0.7575604762410137,False,+0.5 to +1.5
1940,2022-03-21,2022-03-22,2022-04-22,13,13,-0.05141119391946848,-0.016388204011468795,-0.035702339447879136,-0.01756501378555963,64.640916861775,49.40233546099223,1.2932869555057351,0.8791982702812965,False,+0.5 to +1.5
1941,2022-03-22,2022-03-23,2022-04-25,13,13,-0.05236044158491407,-0.00771727988838918,-0.04530977523453701,-0.02242447643988336,64.640916861775,51.05551244815417,2.2919924758043067,1.0643168095147668,False,+0.5 to +1.5
1942,2022-03-23,2022-03-24,2022-04-26,13,13,-0.10137473397138705,-0.02023619024412189,-0.08326245899376501,-0.04199487259285591,64.640916861775,51.61710312622035,1.3110663121052275,1.1907366151932792,False,+0.5 to +1.5
1943,2022-03-24,2022-03-25,2022-04-27,13,13,-0.07787057878609668,-0.039415679726136146,-0.040100221834943606,-0.01973769024649748,63.26246336821055,49.74532107862197,1.020662591581612,1.2372908819154602,False,+0.5 to +1.5
1944,2022-03-25,2022-03-28,2022-04-28,13,13,-0.06223886641151797,-0.0325627495370103,-0.030742312161550826,-0.01496543514682981,63.238663569969134,49.74532107862197,0.8131073961594092,1.2436765473201667,False,+0.5 to +1.5
1945,2022-03-28,2022-03-29,2022-04-29,13,13,-0.10027046281809424,-0.054767075120500504,-0.04817780036480951,-0.023932088237882412,63.26246336821055,48.48518681051274,1.1081451509571216,1.258412331334068,False,+0.5 to +1.5
1946,2022-03-29,2022-03-30,2022-05-02,13,13,-0.0972790128375728,-0.07418643748809922,-0.02502341099275948,-0.012154360506219994,63.23866356996913,45.018622333929784,0.875073379670037,1.2803859017899797,False,+0.5 to +1.5
1947,2022-03-30,2022-03-31,2022-05-03,13,13,-0.09591675746144471,-0.09072187391836055,-0.005371588185649148,-0.0023411174280242265,63.50635531157314,44.08588641381802,1.0913532846732996,1.2921475145945156,False,+0.5 to +1.5
1948,2022-03-31,2022-04-01,2022-05-04,12,12,-0.09334553402374725,-0.08477832623152205,-0.008924647983292646,-0.004017847357183124,65.41448035923652,48.00662153126812,1.6902662421759114,1.3492536049095285,False,+0.5 to +1.5
1949,2022-04-01,2022-04-04,2022-05-05,12,12,-0.10168312580182957,-0.10877407131158437,0.008076498724248829,0.004491089236467849,65.06589813338535,48.00662153126812,1.8046037563220063,1.393661640429835,False,+0.5 to +1.5
1950,2022-04-04,2022-04-05,2022-05-06,12,12,-0.09004385021076433,-0.09448511597351975,0.004559008776157794,0.0026663063223730295,65.28088488681009,44.64962773622207,1.1212789293647876,1.4073112694471583,False,+0.5 to +1.5
1951,2022-04-05,2022-04-06,2022-05-09,12,12,-0.08258782759759865,-0.08764028919939135,0.005192238440059264,0.0029679522768946624,65.28088488681009,43.620952163314314,1.446974740889876,1.438063199990972,False,+0.5 to +1.5
1952,2022-04-06,2022-04-07,2022-05-10,12,12,-0.05439604859496919,-0.07758492970003972,0.024795666684687006,0.012841934488601076,65.28088488681009,43.366144141065085,1.3267807937877207,1.4791240155729033,False,+0.5 to +1.5
1953,2022-04-07,2022-04-08,2022-05-11,12,12,-0.037092203720717226,-0.07832830564493264,0.04372445120302453,0.02217949015691221,65.28088488681009,50.3172380001547,1.7080185714049012,1.5065986080145788,True,> +1.5
1954,2022-04-08,2022-04-11,2022-05-12,12,12,-0.009671171802054004,-0.05697309606778088,0.049424121456377694,0.02485455370700434,65.48525189847497,46.611288265140495,1.577111689191597,1.5630594792120465,False,> +1.5
1955,2022-04-11,2022-04-12,2022-05-13,12,12,0.0057793022206146264,-0.05527420102732452,0.06355631590870314,0.031812210563403415,65.28088488681009,48.106871701811876,1.323352229803895,1.5922367919340057,False,> +1.5
1956,2022-04-12,2022-04-13,2022-05-16,13,13,0.013490828878903257,-0.04197017602126657,0.05745134144024979,0.028670802765221038,63.91432635597512,46.80936291448738,1.058364144317987,1.5952975480256155,False,> +1.5
1957,2022-04-13,2022-04-14,2022-05-17,13,13,0.01961239364804077,-0.024969977605618546,0.04438276894673961,0.022500877396891047,65.55486223475394,52.0114258278155,1.1870645946550866,1.5673902643940023,False,> +1.5
1958,2022-04-14,2022-04-18,2022-05-18,13,13,-0.015210755515733471,-0.03931614486031841,0.024409469046408127,0.012777652023280526,65.36621576244788,51.20431687655551,1.0992491732503955,1.546072062867231,False,> +1.5
1959,2022-04-18,2022-04-19,2022-05-19,13,13,-0.023076055712455027,-0.014171704779289642,-0.008959466035668556,-0.004056679698776964,65.2478461314543,50.130026959453964,0.6859659948355831,1.504695705325571,False,> +1.5
1960,2022-04-19,2022-04-20,2022-05-20,13,13,-0.010840166939311384,0.0033541449207831705,-0.01426400194807725,-0.0067976505182931616,66.24938998924732,48.053410679856185,0.598002427304218,1.507072511138303,False,> +1.5
1961,2022-04-20,2022-04-22,2022-05-23,13,13,0.04602781036348202,0.017798537616445922,0.027359945618715412,0.014009792207200422,65.36621576244788,48.294205100382186,0.954383809143843,1.4875791904713616,False,+0.5 to +1.5
1962,2022-04-22,2022-04-25,2022-05-24,13,13,0.01375910666051141,0.02426533787916674,-0.010989152095639531,-0.004987014322460809,68.23192282765079,50.20914713444268,0.7796470845585852,1.4015682870310375,False,+0.5 to +1.5
1963,2022-04-25,2022-04-26,2022-05-25,13,13,0.048792617116282,0.01664125085115208,0.030870630486158908,0.015817023757381202,68.23192282765079,45.5881989596889,0.9174204367362078,1.379021457826841,False,+0.5 to +1.5
1964,2022-04-26,2022-04-27,2022-05-26,13,13,0.04152060819077771,-0.01197827938985678,0.05346524038089219,0.026912946116196802,67.27659082076667,46.15308492327727,0.7744281292052663,1.364833651134486,False,+0.5 to +1.5
1965,2022-04-27,2022-04-28,2022-05-27,13,13,0.014934583748189257,0.007159467505984285,0.007193911774866402,0.003997571322130253,66.29051161892461,50.66498353347189,0.6083218874998518,1.3529902872844215,False,+0.5 to +1.5
1966,2022-04-28,2022-04-29,2022-05-30,13,13,0.010009687486764132,0.026818211458101236,-0.016985013826792055,-0.008162927016088554,70.37745247283316,51.04111125078226,0.8782307304844689,1.33977067096983,False,+0.5 to +1.5
1967,2022-04-29,2022-05-02,2022-05-31,13,13,0.023782030933561175,0.03686573483728102,-0.013156820180767552,-0.0062204362700706405,69.19484688756867,49.41744121029475,1.0990871438522758,1.3523167245437449,False,+0.5 to +1.5
1968,2022-05-02,2022-05-03,2022-06-01,13,13,0.025519047143781188,0.04902522072173495,-0.023238634779219485,-0.011303464068763591,69.45297130767683,49.41744121029475,0.0977888543474431,1.2957358950773874,False,+0.5 to +1.5
1969,2022-05-03,2022-05-04,2022-06-02,13,13,0.007596416901637684,0.029639221604751655,-0.022046862412281803,-0.010657048680538987,69.37674374911795,51.04445430764876,-0.3517114463205841,1.1797748368040613,False,+0.5 to +1.5
1970,2022-05-04,2022-05-05,2022-06-03,13,13,0.05602970511998779,0.05575093256414812,-0.0003107619150286168,0.0001479481131625791,68.46244110362514,50.013339417083884,0.0595519271406638,1.0807482630522665,False,+0.5 to +1.5
1971,2022-05-05,2022-05-06,2022-06-06,13,13,0.019722949514658073,0.04923113907537429,-0.02874324358992833,-0.014043766254998303,69.03502941883539,49.47080319798835,-0.3841349614775458,0.9953194428814246,False,+0.5 to +1.5
1972,2022-05-06,2022-05-09,2022-06-07,13,13,0.016432697635882197,0.03035328590280121,-0.014154114856406299,-0.006670396899766609,68.77690499872723,50.65920116066806,-0.8190928936821359,0.8668000783413956,False,+0.5 to +1.5
1973,2022-05-09,2022-05-10,2022-06-08,13,13,-0.023705563886460387,0.020701534151931936,-0.04376760736378306,-0.021827025388550983,68.77690499872723,51.182629088780075,-0.0267044410776909,0.7900656325298125,False,+0.5 to +1.5
1974,2022-05-10,2022-05-11,2022-06-09,13,13,-0.009160854789571156,0.023859901351717276,-0.03210874896451736,-0.015854951281900783,70.73753195539383,52.88229033010797,0.145879826542587,0.7014822300748953,False,+0.5 to +1.5
1975,2022-05-11,2022-05-12,2022-06-10,13,13,-0.05084059618335242,0.012076369515992096,-0.06236352516544735,-0.031276210580901465,70.30441789211773,54.32549247682979,0.4453167225225322,0.6372642266669067,False,+0.5 to +1.5
1976,2022-05-12,2022-05-13,2022-06-13,13,13,-0.10397747314011284,-0.025389989560916152,-0.08018747732342571,-0.04049886843457832,69.20741634444768,52.65910713708093,0.5729602293133373,0.5946569975710352,False,+0.5 to +1.5
1977,2022-05-13,2022-05-16,2022-06-14,13,13,-0.12140778424366352,-0.034365838237656626,-0.08944174555677502,-0.04535165376305761,69.3946624273238,52.45954092546444,0.0871955044515409,0.539543819209415,False,+0.5 to +1.5
1978,2022-05-16,2022-05-17,2022-06-15,13,13,-0.1254967183118408,-0.05357545135924912,-0.0749965109315278,-0.037867587309227214,69.20741634444768,48.965890508245515,-0.3190787661573509,0.4540684547504496,False,-0.5 to +0.5
1979,2022-05-17,2022-05-18,2022-06-17,13,13,-0.08346552663275834,-0.02230103156187548,-0.062402382876727724,-0.031410972958946605,69.36978536880866,51.590569679748796,0.0196041082447445,0.3927610151617433,False,-0.5 to +0.5
1980,2022-05-18,2022-05-19,2022-06-20,13,13,-0.11186939775373778,-0.037906287080042185,-0.07648725819416494,-0.03867840673978195,67.07303624834532,51.590569679748796,0.1995225675995546,0.3651361715114719,False,-0.5 to +0.5
1981,2022-05-19,2022-05-20,2022-06-21,13,13,-0.1323886111476027,-0.05891569494578214,-0.07751256095157437,-0.03917035251125835,68.3408195667678,50.410353739513205,-0.1892244314071492,0.3204704479066818,False,-0.5 to +0.5
1982,2022-05-20,2022-05-23,2022-06-22,13,13,-0.1335227802424505,-0.05845631393092157,-0.07941217984921371,-0.040285896841775706,65.37285828272529,50.41035373951321,0.2651455116780875,0.2812781942551683,False,-0.5 to +0.5
1983,2022-05-23,2022-05-24,2022-06-23,13,13,-0.11563790941518007,-0.06438195422944389,-0.054357818984772786,-0.02728144214473653,65.91532476172662,54.51804605646596,0.224557008562617,0.2497088317888928,False,-0.5 to +0.5
1984,2022-05-24,2022-05-25,2022-06-24,13,13,-0.1367314251355918,-0.07534277518164403,-0.06587193857040906,-0.033209090464410396,68.16072338214622,54.51804605646597,0.5698617412408435,0.2298606137348915,False,-0.5 to +0.5
1985,2022-05-25,2022-05-26,2022-06-27,13,13,-0.14099634417387766,-0.05861194444299268,-0.0870974095553364,-0.044283654950439684,68.51594377827145,54.51804605646597,0.6009168286201052,0.2198994429362701,False,-0.5 to +0.5
1986,2022-05-26,2022-05-27,2022-06-28,13,13,-0.14798018380241915,-0.07938879200764747,-0.07386526014970458,-0.037405567669047145,66.8133066733773,52.27311031354417,0.4139463387844371,0.2087882433627047,False,-0.5 to +0.5
1987,2022-05-27,2022-05-30,2022-06-29,13,13,-0.15905510297796607,-0.096844258973481,-0.06822304113157697,-0.03451641201996677,68.51594377827145,56.2862927822296,0.5805614024968271,0.1917525467422268,False,-0.5 to +0.5
1988,2022-05-30,2022-05-31,2022-06-30,13,13,-0.1653671729351536,-0.10451486696708913,-0.06715248817695403,-0.033944484076870444,68.08225683725695,57.231129686283914,0.0402867507156656,0.1314955995574791,False,-0.5 to +0.5
1989,2022-05-31,2022-06-01,2022-07-01,13,13,-0.15181863995991876,-0.1025485257248591,-0.0542525818983157,-0.027264863273668505,67.4584742883551,56.44217860161996,0.3768167012401791,0.1473212341134082,False,-0.5 to +0.5
1990,2022-06-01,2022-06-02,2022-07-04,13,13,-0.17442529970925136,-0.11691516245380154,-0.06452375392162953,-0.03260036515227057,67.45847428835508,56.922378203587066,-0.198605394457569,0.1561264292701867,False,-0.5 to +0.5
1991,2022-06-02,2022-06-03,2022-07-05,13,13,-0.15718580622611975,-0.1256704817178842,-0.03564155085465749,-0.017716069895324465,67.45847428835509,58.04536646591907,-0.4237092860023859,0.1287439661921163,False,-0.5 to +0.5
1992,2022-06-03,2022-06-06,2022-07-06,13,13,-0.11562227378146463,-0.10294622966150875,-0.014078463608341286,-0.006815936273648624,67.4584742883551,52.359506944639456,-1.6176626615260914,0.0589225743704788,False,-0.5 to +0.5
1993,2022-06-06,2022-06-07,2022-07-07,13,13,-0.11625327547302913,-0.07260098103095626,-0.047108175102457184,-0.02356727161449542,69.26827241986383,50.75631908034037,-0.8316693552916545,0.0584013182807917,False,-0.5 to +0.5
1994,2022-06-07,2022-06-08,2022-07-08,13,13,-0.07971912360841361,-0.08011065078945802,2.259496514192461e-05,0.000305659769648007,67.45847428835508,52.02158076873389,-0.1985956111803231,0.0486643203090861,False,-0.5 to +0.5
1995,2022-06-08,2022-06-09,2022-07-11,13,13,-0.08325160879825104,-0.10157587635188133,0.02015135900097891,0.01035341735878011,69.20571200486987,54.13817747034855,-0.178833709953817,0.0302137848807281,False,-0.5 to +0.5
1996,2022-06-09,2022-06-10,2022-07-12,13,13,-0.08601301580134363,-0.05261306065017709,-0.034938128488373396,-0.017352432571071198,67.25443140036879,49.002760802266124,-0.3453510278028917,-0.0147519206299739,False,-0.5 to +0.5
1997,2022-06-10,2022-06-13,2022-07-13,13,13,-0.03212049284403272,-0.03269358674675601,0.00039383704721662744,0.000380870375025031,67.08026064348864,52.35369246373808,-0.5402319949576487,-0.0780641436991431,False,-0.5 to +0.5
1998,2022-06-13,2022-06-14,2022-07-14,13,13,-0.030994441554419647,-0.043157138335713,0.012158987967550676,0.006283120728837866,68.14581730459984,50.68307751380352,-0.651874440227858,-0.1200548428941711,False,-0.5 to +0.5
1999,2022-06-14,2022-06-15,2022-07-15,13,13,-0.0577969040654467,-0.0703890486360793,0.012811437848848035,0.006620262103300544,69.74689787202216,54.02764174565187,-0.4928975368289257,-0.1298853233289772,False,-0.5 to +0.5
2000,2022-06-15,2022-06-17,2022-07-18,13,13,-0.05271069292683473,-0.0612361905467473,0.008491884645219452,0.0044903329879409475,67.9080860803768,47.822440539033636,0.6344538960333048,-0.0950183235146421,False,-0.5 to +0.5
2001,2022-06-17,2022-06-20,2022-07-19,12,12,-0.02048444937959901,-0.040911237331703466,0.020998554061550767,0.010651535757973849,69.6727291216983,48.2184022244802,-0.0239028084590425,-0.1077700633900686,False,-0.5 to +0.5
2002,2022-06-20,2022-06-21,2022-07-20,12,12,0.008483783219586991,-0.017891895265320708,0.026702903836530265,0.013527443875690015,68.60785581072321,48.2184022244802,0.9649350006000096,-0.0422315886447312,False,-0.5 to +0.5
2003,2022-06-21,2022-06-22,2022-07-21,12,12,0.01858020431668118,-0.021695284892778992,0.0411052366584603,0.020602983961965707,68.51391796206057,45.63234717400269,0.435070663221889,-0.0326457146060622,False,-0.5 to +0.5
2004,2022-06-22,2022-06-23,2022-07-22,12,12,0.017786935870743256,-0.039240090712251,0.05933352689323059,0.029515751497904443,68.56178682886167,49.603026150702256,0.3950452677439634,-0.0230168507783577,False,-0.5 to +0.5
2005,2022-06-23,2022-06-24,2022-07-25,12,12,-0.017606641063696277,-0.025378823988184564,0.00781529657261713,0.004131361663333895,67.75740230202888,49.603026150702256,0.4034585840722022,-0.0325839416349082,False,-0.5 to +0.5
2006,2022-06-24,2022-06-27,2022-07-26,12,12,-0.02302610558422912,-0.052601679141919655,0.030713338631903044,0.015506087895761635,69.31598171406522,51.37010476404233,0.4744219112766932,-0.0398945417486436,False,-0.5 to +0.5
2007,2022-06-27,2022-06-28,2022-07-27,12,12,0.029959041153549647,-0.03220944906229814,0.06400533650556987,0.031815311791667425,69.31598171406522,50.9631607953597,0.8087310798203791,-0.0175637765052773,False,-0.5 to +0.5
2008,2022-06-28,2022-06-29,2022-07-28,12,12,0.08301431917170378,0.019678517532689052,0.06272799779110724,0.031425521860667875,65.69049202224346,54.74077608719059,1.361619182169143,0.0266916615763737,False,-0.5 to +0.5
2009,2022-06-29,2022-06-30,2022-07-29,12,12,0.08589392616273671,0.027745439330019325,0.057015051220027604,0.028584615994101437,68.36633649656098,53.32375396324078,1.81049757074696,0.1272994282414204,False,-0.5 to +0.5
2010,2022-06-30,2022-07-01,2022-08-01,12,12,0.0797240391483699,0.012325788448069506,0.06660144642784936,0.03308396231382434,69.21212688652798,49.787295334581664,0.9819735280094806,0.1617047427856721,False,-0.5 to +0.5
2011,2022-07-01,2022-07-04,2022-08-02,12,12,0.0753111477323668,0.02354667465555109,0.050715985433529946,0.025350574765575968,69.21212688652798,49.78729533458167,1.3658959671375277,0.2507743181359761,False,-0.5 to +0.5
2012,2022-07-04,2022-07-05,2022-08-03,12,12,0.09903857543830909,0.051454118102234,0.04585716424585866,0.02298817554319391,69.212126886528,51.169549924323455,2.0512160327319897,0.3917383933378113,False,-0.5 to +0.5
2013,2022-07-05,2022-07-06,2022-08-04,12,12,0.12828982085230847,0.05210347372656357,0.07348047825661431,0.03652133440038284,69.21212688652797,49.7094173532066,1.382668447576795,0.562809797190972,False,+0.5 to +1.5
2014,2022-07-06,2022-07-07,2022-08-05,12,12,0.10712979666309312,0.06092926744335709,0.04430588068277829,0.022379964616564444,68.80227201066681,49.7094173532066,0.7593759778576142,0.6536209606032222,False,+0.5 to +1.5
2015,2022-07-07,2022-07-08,2022-08-08,12,12,0.13431228769896986,0.07708934208054927,0.05388946512638692,0.027043213705649802,69.92392316054085,48.49646391590547,-0.0283268141801124,0.6634226881249047,False,+0.5 to +1.5
2016,2022-07-08,2022-07-11,2022-08-09,12,12,0.1448564290929938,0.10943810518586405,0.032733166582646356,0.01670517550040841,69.92392316054085,50.304264345799766,0.045507451534896,0.676304088324805,False,+0.5 to +1.5
2017,2022-07-11,2022-07-12,2022-08-10,12,12,0.15001736337809557,0.12208937302665754,0.025643905069414233,0.01308383382887916,69.70767655655321,51.76439691691661,0.1781750840717462,0.7062399760914088,False,+0.5 to +1.5
2018,2022-07-12,2022-07-13,2022-08-11,12,12,0.1539281666366115,0.11189933318296617,0.03770410945169321,0.019074802065211643,70.3537026612126,51.76439691691661,-0.1923141641356981,0.7261701309889385,False,+0.5 to +1.5
2019,2022-07-13,2022-07-14,2022-08-12,12,12,0.20729808824256254,0.11523305146514351,0.08207606594508475,0.040852878045122415,69.89126231906454,51.10871926174551,-0.7841477244705458,0.7187419024869258,False,+0.5 to +1.5
2020,2022-07-14,2022-07-15,2022-08-15,12,12,0.2329913698169496,0.12682546433254122,0.09483929251845483,0.046853837029625756,69.05978396448549,51.16954992432344,-0.1574073849254084,0.7379595651078679,False,+0.5 to +1.5
2021,2022-07-15,2022-07-18,2022-08-16,12,12,0.27007817888356883,0.1319494871342562,0.12223374462443733,0.06014990179166527,70.02007038175815,51.10871926174551,0.0385726086952543,0.7040652043652064,False,+0.5 to +1.5
2022,2022-07-18,2022-07-19,2022-08-17,12,12,0.261612183112977,0.13344757453407338,0.11321140427616865,0.05590726394932236,67.37500711100381,51.10871926174551,0.2220765839888955,0.7181635222913516,False,+0.5 to +1.5
2023,2022-07-19,2022-07-20,2022-08-18,12,12,0.22291160249004965,0.09926207354817282,0.11332043474742362,0.05589479062738402,68.24030070660801,49.64858669062866,0.4455981243940115,0.6886218183065088,False,+0.5 to +1.5
2024,2022-07-20,2022-07-21,2022-08-19,12,12,0.1787655266665989,0.09016659884492739,0.08140040292731353,0.040468278674747483,67.4523170430046,51.10871926174551,0.566053875240666,0.6961441852788746,False,+0.5 to +1.5
2025,2022-07-21,2022-07-22,2022-08-22,12,12,0.1704253698242566,0.10381381176160644,0.06043043877175583,0.030174159128220916,68.83486388739077,50.09400930125107,0.488525957895884,0.7015325929501472,False,+0.5 to +1.5
2026,2022-07-22,2022-07-25,2022-08-23,12,12,0.20155382643389738,0.10274773646491814,0.09033077714413706,0.044704987807023054,68.57396819287865,50.09400930125107,0.2296537883658296,0.6916985696267003,False,+0.5 to +1.5
2027,2022-07-25,2022-07-26,2022-08-24,12,12,0.238565098018336,0.1392434062214468,0.08808714070234981,0.04377530356010242,68.24030070660801,53.37218149743115,-0.0944625798985415,0.6593654058326519,False,+0.5 to +1.5
2028,2022-07-26,2022-07-27,2022-08-25,12,12,0.19084997421062713,0.10802455715860032,0.07479862815040499,0.03722972915074119,69.79237543661512,53.37218149743115,0.2998915478357607,0.6304368498204392,False,+0.5 to +1.5
2029,2022-07-27,2022-07-28,2022-08-26,12,12,0.1381233200084991,0.09035603603598097,0.043881230374692735,0.02221286607858734,69.70767655655321,53.37218149743114,1.0562138917826212,0.6130517294430013,False,+0.5 to +1.5
2030,2022-07-28,2022-07-29,2022-08-29,12,12,0.15412954694613187,0.10175550058879045,0.04822097243543649,0.024313771810040036,64.48296922057564,56.012483993639925,0.4739500954636188,0.5368991709092605,False,+0.5 to +1.5
2031,2022-07-29,2022-08-01,2022-08-30,12,12,0.12565273589822765,0.08404770508425012,0.038941965824400654,0.0197345938842529,62.6106320063808,55.78607295944338,0.5681677392640954,0.5133109526336884,False,+0.5 to +1.5
2032,2022-08-01,2022-08-02,2022-08-31,12,12,0.11172070929254665,0.07773691909783698,0.03209791683376058,0.01630545566018843,64.39832480467427,53.446295335807115,0.5828354030986577,0.4686366765004744,False,-0.5 to +0.5
2033,2022-08-02,2022-08-03,2022-09-01,12,12,0.10914072667263511,0.06388772702328246,0.04325601325473452,0.021804761984036237,65.19297106784886,52.17503171377328,-0.502557411332544,0.3229926621285769,False,-0.5 to +0.5
2034,2022-08-03,2022-08-04,2022-09-02,12,12,0.04329853546093333,0.052930450847595366,-0.008795048814738781,-0.004016825234779524,66.16314189996574,51.38292319957902,-0.259608710675308,0.2292540057060442,False,-0.5 to +0.5
2035,2022-08-04,2022-08-05,2022-09-05,12,12,0.062008817324439615,0.030310407015065762,0.02999627356633995,0.015359117281689325,70.50950838717256,50.60816215011297,-0.6474218519347458,0.1490153634421065,False,-0.5 to +0.5
2036,2022-08-05,2022-08-08,2022-09-06,12,12,0.026407337863688374,-0.01137640966371584,0.03782048487630863,0.01922987300917871,66.78777239351034,51.144357008288885,0.124931432301858,0.1577838886881618,False,-0.5 to +0.5
2037,2022-08-08,2022-08-09,2022-09-08,12,12,0.03522217577873014,-0.0073081271218520955,0.04201306472637767,0.021225393226220798,68.3439388852414,47.85001538816615,0.3955762189592196,0.1777461513802792,False,-0.5 to +0.5
2038,2022-08-09,2022-08-10,2022-09-09,12,12,0.01779467083616647,-0.013069886866598138,0.030832225386674524,0.015717955631839805,68.08533319923363,47.85001538816615,0.7865522733052943,0.2123949107662047,False,-0.5 to +0.5
2039,2022-08-10,2022-08-11,2022-09-12,12,12,0.03290893320972388,-0.019760638300001156,0.05315970339743098,0.02676313236594934,69.0930426998151,46.11053387083653,0.8167936867536882,0.2699670000319904,False,-0.5 to +0.5
2040,2022-08-11,2022-08-12,2022-09-13,12,12,-0.0014499590050376487,-0.006260939356367775,0.005027302008143772,0.002788189655326309,67.18792601066791,45.246410622364316,0.2423036253328406,0.3286721528643659,False,-0.5 to +0.5
2041,2022-08-12,2022-08-15,2022-09-14,12,12,-0.037184464454257736,-0.009033345441579183,-0.028239772752864958,-0.013765246138062482,67.142383562067,46.565298175536576,0.2506407071146041,0.3520233606650804,False,-0.5 to +0.5
2042,2022-08-15,2022-08-16,2022-09-15,12,12,-0.040017201029984996,-0.009605831005703688,-0.031040962530613135,-0.015140042912087849,69.59595724236378,48.62677909909289,0.5862416896143651,0.3832888521575555,False,-0.5 to +0.5
2043,2022-08-16,2022-08-17,2022-09-16,12,12,-0.050188876787421954,-0.014401200844539372,-0.03633042912552847,-0.017881422969022055,69.24134607380712,44.253658897327746,-0.0236373457273947,0.3693193718874586,False,-0.5 to +0.5
2044,2022-08-17,2022-08-18,2022-09-19,12,12,-0.021445187288778693,-0.008214241394520868,-0.013091567474524984,-0.006064916081404716,69.59595724236378,43.59494756265519,-0.0758841250704405,0.3395889486580983,False,-0.5 to +0.5
2045,2022-08-18,2022-08-19,2022-09-20,12,12,0.011556932144314502,0.0070780092755807975,0.004715800587029982,0.0029105383891727572,71.13244382307828,47.86989571635553,0.7964270061677396,0.3526604054936202,False,-0.5 to +0.5
2046,2022-08-19,2022-08-22,2022-09-21,12,12,0.023901534602295094,0.018108490278970303,0.006199349219795362,0.003578798745018986,69.34898572696595,45.83833359395815,0.726665588470746,0.3661971006054433,False,-0.5 to +0.5
2047,2022-08-22,2022-08-23,2022-09-22,12,12,0.0025521014150526144,0.01833754553746625,-0.015528105188571848,-0.007313540381842015,71.13244382307829,52.04188572762981,0.9500822628154684,0.4072757447616656,False,-0.5 to +0.5
2048,2022-08-23,2022-08-24,2022-09-23,12,12,-0.028204035655829,-0.00012666979143031074,-0.02794159983387301,-0.013691924082588857,68.43994436779029,52.04188572762981,0.7269340673538931,0.4541888599079647,False,-0.5 to +0.5
2049,2022-08-24,2022-08-25,2022-09-26,12,12,-0.06850507574253653,-0.010533296711665977,-0.058563359010549196,-0.02930723545096773,68.43994436779029,51.38700959489441,1.3431141082454878,0.5136782016235155,False,+0.5 to +1.5
2050,2022-08-25,2022-08-26,2022-09-27,12,12,-0.0639502547336309,-0.015239493841376767,-0.04989806498430471,-0.02483599323230442,68.43994436779029,51.671751322425564,1.395830549399551,0.5329555829711587,False,+0.5 to +1.5
2051,2022-08-26,2022-08-29,2022-09-28,12,12,-0.05460364917860381,-0.029122226275524903,-0.026259900053600852,-0.012891773475791825,70.30391284921448,53.82003657749201,1.3804905742032203,0.5846830290095311,False,+0.5 to +1.5
2052,2022-08-29,2022-08-30,2022-09-29,12,12,-0.05045130775225984,-0.01813990051699048,-0.03314158298030088,-0.016331215826640988,70.30391284921448,51.67175132242556,1.7263991792766504,0.6507920213944535,False,+0.5 to +1.5
2053,2022-08-30,2022-08-31,2022-09-30,12,12,-0.008547830103826044,-0.013853261372564277,0.005295339391907448,0.003035581575978403,70.30391284921448,51.7806783816503,1.2083754514993,0.6865424841680096,False,+0.5 to +1.5
2054,2022-08-31,2022-09-01,2022-10-03,12,12,0.019114971457082585,0.02889806868152078,-0.01087435236001185,-0.004974747840052088,67.33119490516187,50.689639168826666,1.5503372405420446,0.803915512004377,False,+0.5 to +1.5
2055,2022-09-01,2022-09-02,2022-10-04,12,12,0.01783486913198504,-0.01544486046582725,0.03135250501432234,0.0161924872490865,67.33119490516187,50.08916490146672,1.7103268851433544,0.9165519164936264,False,+0.5 to +1.5
2056,2022-09-02,2022-09-05,2022-10-05,12,12,0.0043707889973075495,-0.007241584049405647,0.009017096870665259,0.005117698883955938,68.42075342011702,51.78363720927698,1.1726672621216403,1.0206384055457602,False,+0.5 to +1.5
2057,2022-09-05,2022-09-06,2022-10-06,12,12,0.05614294200144169,0.03519577679175536,0.017337686827515034,0.009328905113366374,69.87442338523978,51.78363720927698,1.0362751621627266,1.0727262760346052,False,+0.5 to +1.5
2058,2022-09-06,2022-09-08,2022-10-07,12,12,0.05739309638241129,0.040388642338938845,0.014324931257238877,0.007688042345504478,68.58216989549449,51.67175132242556,0.9459704566658904,1.1041549924512697,False,+0.5 to +1.5
2059,2022-09-08,2022-09-09,2022-10-10,12,12,0.012801049292227928,0.014547081800779915,-0.0034386350219714487,-0.0013248850133531394,66.70493583632039,49.752075086879614,1.3252642212197778,1.134909110010311,False,+0.5 to +1.5
2060,2022-09-09,2022-09-12,2022-10-11,12,12,-0.030020312712797727,-0.007594759553172158,-0.024195284677003572,-0.01184837352286522,67.22111595661899,47.10614608026898,1.2009943404082797,1.156825806541185,False,+0.5 to +1.5
2061,2022-09-12,2022-09-13,2022-10-13,12,12,0.01717066704240314,0.014461620224764849,0.000833996307989849,0.0007533174896509478,68.00249664204368,50.75620433390779,0.378739038125629,1.1645384110805437,False,+0.5 to +1.5
2062,2022-09-13,2022-09-14,2022-10-14,12,12,-0.023646951573924352,0.004989042216948334,-0.029948482409573172,-0.014750567872058655,66.61095601422534,51.31624246807832,1.3133299317859723,1.2251861204017294,False,+0.5 to +1.5
2063,2022-09-14,2022-09-15,2022-10-17,12,12,-0.007822082453328359,0.02200201085102016,-0.030938462129585086,-0.015283673917111058,66.61095601422534,48.670313461467686,1.3833596373312451,1.2706407892572908,False,+0.5 to +1.5
2064,2022-09-15,2022-09-16,2022-10-18,12,12,0.020391645023829633,0.06577131151533382,-0.044514000360611844,-0.022175806736368035,66.61095601422532,53.235918703624264,1.5084776537302271,1.358024241203231,False,+0.5 to +1.5
2065,2022-09-16,2022-09-19,2022-10-19,12,12,-0.01196987327249221,0.04323947722863621,-0.055372822336326996,-0.027762827732145192,66.61095601422532,50.70187558386505,0.9682918008374144,1.4174240173091952,False,+0.5 to +1.5
2066,2022-09-19,2022-09-20,2022-10-20,12,12,-0.001677889725568479,0.06336979173814195,-0.06323690596520219,-0.03181890087166315,66.61095601422532,53.235918703624264,0.7695113348467222,1.415647171077847,False,+0.5 to +1.5
2067,2022-09-20,2022-09-21,2022-10-21,12,12,0.015608173112564648,0.05893474393895205,-0.04205850659302537,-0.02099410412418711,66.18796440798316,51.62218569941484,0.7811032475201476,1.4185108711278678,False,+0.5 to +1.5
2068,2022-09-21,2022-09-22,2022-10-24,12,12,-0.028264908244954205,-0.007118786339939777,-0.023147869387607028,-0.0113132879123603,64.46736058396364,49.08814257965563,0.7771202067910961,1.4084157453004744,False,+0.5 to +1.5
2069,2022-09-22,2022-09-23,2022-10-25,12,12,-0.022709723641373688,0.005062049294327353,-0.03008156020643792,-0.014790542192574597,64.46736058396364,48.746782321182764,1.0025675829802223,1.4239141675275124,False,+0.5 to +1.5
2070,2022-09-23,2022-09-26,2022-10-26,12,12,-3.9723945553706844e-05,-0.011253156832142942,0.009436916657186049,0.004991649070341492,69.43343799135073,47.00199299689306,1.046001857809538,1.406792840690711,False,+0.5 to +1.5
2071,2022-09-26,2022-09-27,2022-10-27,12,12,0.030136717677695865,0.04418809498653412,-0.015155690692074907,-0.007329088542049035,69.43343799135073,46.543512090883276,1.1087683922246867,1.3902639015699492,False,+0.5 to +1.5
2072,2022-09-27,2022-09-28,2022-10-28,12,12,0.023485759388266653,0.04014018497663613,-0.017726114365618988,-0.008607919701678478,67.7128341673312,46.2567392927756,0.4796481475052382,1.3387189151832877,False,+0.5 to +1.5
2073,2022-09-28,2022-09-29,2022-10-31,12,12,0.06630629141719908,0.0875211004579717,-0.020539331291731147,-0.010075189518232563,67.05381046538304,49.39627077574056,0.0250124787334396,1.241593765633248,False,+0.5 to +1.5
2074,2022-09-29,2022-09-30,2022-11-01,12,12,0.07147058141018073,0.08539019103932674,-0.013032862184820629,-0.006294974588002068,64.2649392242209,49.83612101829737,0.7392981375822442,1.214758289899227,False,+0.5 to +1.5
2075,2022-09-30,2022-10-03,2022-11-03,12,12,0.03471578499071939,0.031149135689404972,0.002842145932250755,0.0016066312197730692,61.91267798509668,49.97928307963812,0.4983945815815975,1.1547284879340445,False,+0.5 to +1.5
2076,2022-10-03,2022-10-04,2022-11-04,12,12,0.028574595593678087,0.05923942201105161,-0.03047409423188322,-0.01520184414344687,63.555218504544435,45.07686359937501,0.5133679377792097,1.0864544677749548,False,+0.5 to +1.5
2077,2022-10-04,2022-10-05,2022-11-07,12,12,0.012540749167310824,0.0279435559926008,-0.015723541177022356,-0.007700832870559845,61.91267798509668,46.65050404867198,0.290776887131438,1.0361381270961325,False,+0.5 to +1.5
2078,2022-10-05,2022-10-06,2022-11-08,12,12,0.0006308407801070624,0.026359787502550087,-0.026305010066827155,-0.01303502776640907,63.116481494426296,46.367829574398,0.0979473494854659,0.9826316781005864,False,+0.5 to +1.5
2079,2022-10-06,2022-10-07,2022-11-09,12,12,-0.013279539797363835,0.012987562089422271,-0.02704395039087528,-0.013407947862509218,63.116481494426296,46.367829574398,0.4467176832385735,0.9541591546106872,False,+0.5 to +1.5
2080,2022-10-07,2022-10-10,2022-11-10,12,12,-0.07079230440943905,-0.042104217198250346,-0.03144929957757621,-0.01566823785678297,63.116481494426296,46.047295873269576,0.2022321514571482,0.8901552800090842,False,+0.5 to +1.5
2081,2022-10-10,2022-10-11,2022-11-11,12,12,0.018303776650725856,-0.03473486275679354,0.05201900698337731,0.026366735733244214,65.04417759116797,46.04729587326957,-0.0006660286755852,0.8216894314743387,False,+0.5 to +1.5
2082,2022-10-11,2022-10-13,2022-11-14,12,12,-0.007301133118123367,-0.01626672378083094,0.0066733871015674405,0.004039165773185001,63.116481494426296,49.08377359171502,0.1254439100313749,0.8072950516826963,False,+0.5 to +1.5
2083,2022-10-13,2022-10-14,2022-11-16,12,12,-0.024284384632508225,-0.053591076044465016,0.029011506546134627,0.014993030157411982,64.50365737914375,52.01288167517095,0.3339534689565933,0.7514880358535801,False,+0.5 to +1.5
2084,2022-10-14,2022-10-17,2022-11-17,12,12,-0.06031171552026947,-0.06698189857230152,0.004787518283303231,0.00302577201577986,64.50365737914375,48.07671108132718,-0.1400405035209019,0.6647018612061691,False,+0.5 to +1.5
2085,2022-10-17,2022-10-18,2022-11-18,12,12,-0.08285456810151351,-0.10924845178347829,0.025361982019214767,0.013477234518617555,64.50365737914375,50.2925904742412,0.5813199158075409,0.6118072887177669,False,+0.5 to +1.5
2086,2022-10-18,2022-10-19,2022-11-21,12,12,-0.06619840172462041,-0.07513279321992947,0.007516883372303548,0.004392257710124687,64.50365737914375,49.08377359171502,0.4830201094799629,0.5841142588768907,False,+0.5 to +1.5
2087,2022-10-19,2022-10-20,2022-11-22,12,12,-0.06838994999401658,-0.08687323357979286,0.01785496630757989,0.009590687514749816,64.50365737914375,50.025537004328164,0.0583482629303752,0.5435968576531108,False,+0.5 to +1.5
2088,2022-10-20,2022-10-21,2022-11-23,12,12,-0.09368905305340446,-0.13506980664880322,0.0458989590812305,0.023368665014704134,64.97836314446886,50.45153999222313,0.4564992416317977,0.5250668681186393,False,+0.5 to +1.5
2089,2022-10-21,2022-10-24,2022-11-24,12,12,-0.06882532639921293,-0.07851205680622834,0.008219518899002283,0.004872992570243969,64.97836314446886,49.36282594649564,0.4496642944381573,0.5063707439435471,False,+0.5 to +1.5
2090,2022-10-24,2022-10-25,2022-11-25,12,12,-0.08841971348264122,-0.07349959205192748,-0.01882591242796629,-0.00871347774756931,64.97836314446886,47.99612179627055,0.4705471327562692,0.4759850998588257,False,-0.5 to +0.5
2091,2022-10-25,2022-10-26,2022-11-28,12,12,-0.06587978377157715,-0.033710728357743046,-0.03555595235307172,-0.017269999399346956,63.1736128773025,49.08377359171502,0.013121072217544,0.4170813651093589,False,-0.5 to +0.5
2092,2022-10-26,2022-10-27,2022-11-29,12,12,-0.09543512870432368,-0.05398957037145144,-0.045757636262388844,-0.022476636646735552,64.04717953902838,46.92301216602022,0.5243062708644215,0.3836555282852665,False,-0.5 to +0.5
2093,2022-10-27,2022-10-28,2022-11-30,12,12,-0.06320904094262704,-0.055431204422243655,-0.010677185070002487,-0.0046489228072435825,67.67402502590663,48.64774574523571,0.2277408519326436,0.3692829748982949,False,-0.5 to +0.5
2094,2022-10-28,2022-10-31,2022-12-01,12,12,-0.11373399211055633,-0.08738340716221843,-0.030668642217263117,-0.014662450980650561,67.91257992773596,46.05539187440312,0.6509156754083596,0.4049599441714717,False,-0.5 to +0.5
2095,2022-10-31,2022-11-01,2022-12-02,12,12,-0.12375046538747007,-0.0961051750371339,-0.031654826951242075,-0.015429749803844855,66.33771162950258,46.74369705083229,0.5169984958646883,0.3922134297978256,False,-0.5 to +0.5
2096,2022-11-01,2022-11-03,2022-12-05,12,12,-0.17635461750805906,-0.12925241435155202,-0.05534675313098744,-0.027505792879922518,66.6439440123501,43.57692338167934,0.1691656570769247,0.3734366378836239,False,-0.5 to +0.5
2097,2022-11-03,2022-11-04,2022-12-06,12,12,-0.17590301133617411,-0.14334117670164642,-0.03908961455989673,-0.01924575502996833,66.6439440123501,45.898397095050996,0.3719007154128173,0.3653356093185385,False,-0.5 to +0.5
2098,2022-11-04,2022-11-07,2022-12-07,12,12,-0.1507223883910681,-0.1137014539188768,-0.0421101599248511,-0.020856385362555168,64.08882271227681,45.898397095050996,0.3332770218572478,0.3677547793697548,False,-0.5 to +0.5
2099,2022-11-07,2022-11-08,2022-12-08,12,12,-0.18700764126956207,-0.1375724586087342,-0.057367216345161155,-0.028625474393300338,64.08882271227681,48.37686558777478,-0.0412017075867148,0.3598868900020911,False,-0.5 to +0.5
2100,2022-11-08,2022-11-09,2022-12-09,12,12,-0.17647505232828586,-0.11824900492522483,-0.0660222588710642,-0.0330570154539442,63.59328574349495,46.18535493440971,0.7113150856104044,0.3749029697430328,False,-0.5 to +0.5
2101,2022-11-09,2022-11-10,2022-12-12,12,12,-0.1405577342999582,-0.0813531174085357,-0.06464338064594333,-0.032278513652796645,63.59328574349495,42.81337887038875,0.2164889339039379,0.3757393673151887,False,-0.5 to +0.5
2102,2022-11-10,2022-11-11,2022-12-13,12,12,-0.1950804627605335,-0.07626621147147501,-0.12780175902159555,-0.06565863573246586,63.14279797330962,47.07993572433906,1.0441063203488266,0.4352600679332912,False,-0.5 to +0.5
2103,2022-11-11,2022-11-14,2022-12-14,12,12,-0.17706425413695737,-0.07526627802865672,-0.10842462482236553,-0.05534981312335948,64.61288732716913,47.962518246519714,1.1658726870617482,0.4945246864593378,False,-0.5 to +0.5
2104,2022-11-14,2022-11-16,2022-12-15,12,12,-0.15039467959747102,-0.04740167112974162,-0.10728643947488314,-0.0547385378814676,64.61288732716912,47.7675645818442,1.0760644146316896,0.5367863888185136,False,+0.5 to +1.5
2105,2022-11-16,2022-11-17,2022-12-16,12,12,-0.14841912977061197,-0.03667553172760814,-0.11412791570506764,-0.05833468993958821,63.80917600587705,52.05430739851736,0.929278144529904,0.5977865739960353,False,+0.5 to +1.5
2106,2022-11-17,2022-11-18,2022-12-19,12,12,-0.10871297657239254,0.008820555411946667,-0.11436044524954096,-0.0584404964171667,63.80917600587705,53.13784587927575,0.3182162869440396,0.5827857666047173,False,+0.5 to +1.5
2107,2022-11-18,2022-11-21,2022-12-20,12,12,-0.10900469139161567,-0.019901102990039436,-0.08873781075196514,-0.044983902921299584,64.05890191416185,53.10999470361611,0.7970413187259501,0.6006649975420612,False,+0.5 to +1.5
2108,2022-11-21,2022-11-22,2022-12-21,12,12,-0.09781589600247667,0.00035051780124709916,-0.09609004720096122,-0.04887535532709237,64.05890191416185,48.386143390698656,1.1441687757829633,0.6625752495631219,False,+0.5 to +1.5
2109,2022-11-22,2022-11-23,2022-12-22,12,12,-0.08526556500267941,0.008381065370838079,-0.09051572512030648,-0.04587393813707412,64.05890191416184,53.117544548464316,0.4900158788419071,0.6644947220430185,False,+0.5 to +1.5
2110,2022-11-23,2022-11-24,2022-12-23,12,12,-0.08383093865850176,-0.021636489158274676,-0.061278275951761725,-0.030571816877037902,64.05890191416185,49.02575539646666,0.69482496221698,0.6784694225034364,False,+0.5 to +1.5
2111,2022-11-24,2022-11-25,2022-12-26,12,12,-0.05895293901247954,-0.007664303081472591,-0.04970968820846692,-0.024640777105807324,64.05890191416185,49.02575539646666,0.9232147818207151,0.7042599740557607,False,+0.5 to +1.5
2112,2022-11-25,2022-11-28,2022-12-27,12,12,-0.06849534640185952,-0.010854316921364978,-0.0563222365155276,-0.027973952017660154,64.05890191416185,49.099208561936386,0.7985946510213698,0.7490793829298904,False,+0.5 to +1.5
2113,2022-11-28,2022-11-29,2022-12-28,12,12,-0.05212959134173446,-0.013528769718228325,-0.03683563502268051,-0.01785312793015335,66.94785255704595,53.19099771393403,0.8852787432895038,0.7696409965714247,False,+0.5 to +1.5
2114,2022-11-29,2022-11-30,2022-12-29,12,12,-0.05571977775332019,-0.022275965095893437,-0.0317980918835168,-0.015410693402130181,64.05890191416184,50.11243134428978,1.5518457033979367,0.8451070227662325,False,+0.5 to +1.5
2115,2022-11-30,2022-12-01,2023-01-02,12,12,-0.06359732125010581,-0.03244923114224663,-0.029595764474975163,-0.014303219967379382,64.05890191416185,50.11243134428978,1.546956225577963,0.896155679688219,False,+0.5 to +1.5
2116,2022-12-01,2022-12-02,2023-01-03,12,12,-0.09802099241070271,-0.06387642431701285,-0.03463466927740211,-0.016854208309532374,66.81252419412748,49.47355120462388,1.7708853330756,0.9676353867821724,False,+0.5 to +1.5
2117,2022-12-02,2022-12-05,2023-01-04,12,12,-0.041693852671155905,-0.03034968774211377,-0.00972778001789622,-0.004342625578697311,68.89005200712965,50.11243134428978,1.7782463300676634,1.0594170250744557,False,+0.5 to +1.5
2118,2022-12-05,2022-12-06,2023-01-05,12,12,-0.02857777219366783,-0.03537287448630961,0.008773904326317191,0.005084878985035495,66.94785255704595,51.59515071014848,1.7055942742862098,1.1354901871606966,False,+0.5 to +1.5
2119,2022-12-06,2022-12-07,2023-01-06,12,12,-0.013638727788922464,-0.015501969985507612,0.003686572797558445,0.002772891814834574,63.673847642958584,52.3404891266751,2.0302809281657743,1.2322973267055617,False,+0.5 to +1.5
2120,2022-12-07,2022-12-08,2023-01-09,12,12,0.041335841761833164,0.0017593812144214651,0.04106132638869836,0.02115094815923772,66.56279828584267,50.934243330875226,1.976744807070885,1.347404422258954,False,+0.5 to +1.5
2121,2022-12-08,2022-12-09,2023-01-10,12,12,0.08441489008214081,0.03308510492316459,0.05183066869888065,0.02645852402403474,63.80917600587704,52.31846188706774,2.2148565377156326,1.4331704542791517,False,+0.5 to +1.5
2122,2022-12-09,2022-12-12,2023-01-11,12,12,0.11669640508148703,0.07104007286619447,0.0449499346669619,0.02333643470363071,63.05557907566676,52.31846188706774,2.545044148580938,1.5660159378653722,True,> +1.5
2123,2022-12-12,2022-12-13,2023-01-12,12,12,0.11771832522124681,0.07044082070326424,0.04577945625394941,0.023557513038819606,65.41416683332638,51.129196995550735,1.948194799626019,1.6175288566309487,False,> +1.5
2124,2022-12-13,2022-12-14,2023-01-13,12,12,0.07217147451606222,0.05035598796042108,0.022790023344509237,0.012582021840595394,65.02911256212313,52.53544279135062,2.2098740013047777,1.6770646192946832,False,> +1.5
2125,2022-12-14,2022-12-15,2023-01-16,12,12,0.0602591139454336,0.0435945287240078,0.018488605628840086,0.010251442868138675,66.35990507001837,52.979369266341,2.072249067150585,1.7338103848047723,False,> +1.5
2126,2022-12-15,2022-12-16,2023-01-17,12,12,0.09904116060594843,0.06801820093039522,0.03137703431712345,0.016586249568387248,66.35990507001839,52.979369266341,2.589004454666762,1.8284754110548036,False,> +1.5
2127,2022-12-16,2022-12-19,2023-01-18,12,12,0.05415775642199918,0.0833493790150885,-0.025261624392269533,-0.011917914081618656,66.35990507001837,53.00850353704565,2.4622538575623065,1.9505658816052596,False,> +1.5
2128,2022-12-19,2022-12-20,2023-01-19,12,12,0.06588741389080786,0.061002201878779326,0.006279297266857992,0.00373715435592176,69.16135010838319,51.89269331851788,2.1381656424674462,2.0266736546248203,False,> +1.5
2129,2022-12-20,2022-12-21,2023-01-20,12,12,0.0385170428093412,0.04131094178412035,-0.001300190004609863,-8.213950873597705e-05,66.16776376353667,47.055565749993605,2.3255580619978726,2.0936890086632207,False,> +1.5
2130,2022-12-21,2022-12-22,2023-01-23,12,12,0.050962732568678594,0.047831055173271735,0.004303424185724829,0.0027771942817340057,66.03243540061821,48.88758011434334,2.0264490359603338,2.1805268481306976,False,> +1.5
2131,2022-12-22,2022-12-23,2023-01-24,12,12,0.020258641176646757,0.05988081725994684,-0.036253046614343414,-0.017797355803824324,66.16776376353667,52.31846188706775,2.1050862281291343,2.2600261144050893,False,> +1.5
2132,2022-12-23,2022-12-26,2023-01-25,12,12,0.046679695171107774,0.07664374691722914,-0.027082831757798975,-0.013067404172174992,66.16776376353667,48.75135503062672,2.714889803870841,2.361355115683873,False,> +1.5
2133,2022-12-26,2022-12-27,2023-01-26,12,12,0.0798511488885995,0.07470048955886686,0.005653283635368702,0.0033125378522860104,66.16776376353667,52.58877705667394,2.3590643087521337,2.4490672192855967,False,> +1.5
2134,2022-12-27,2022-12-28,2023-01-27,12,12,0.002765543510886675,0.042565237618461156,-0.03777175955483877,-0.018709967666907506,64.77879756613518,52.58877705667393,2.155079133443565,2.5198827639212613,False,> +1.5
2135,2022-12-28,2022-12-29,2023-01-30,12,12,0.019958948955253422,0.04186796695172341,-0.02053082082532317,-0.010014279696792713,65.88012347698107,51.87257291085197,2.1282909659474867,2.5513047804299376,False,> +1.5
2136,2022-12-29,2023-01-02,2023-01-31,12,12,0.08400965204700023,0.07224385370719087,0.01125028907849837,0.005860411294870449,67.29577170128574,54.03900932858664,2.153440243105951,2.584337192445793,False,> +1.5
2137,2023-01-02,2023-01-03,2023-02-01,11,11,0.12112827377191243,0.08833145122351707,0.030565299201826563,0.015407571826506202,63.59031668573721,53.836695181028496,0.9744206420645004,2.5370761442334056,False,> +1.5
2138,2023-01-03,2023-01-04,2023-02-02,11,11,0.10192735204634237,0.05597267561062304,0.043284088215118824,0.02171110425449314,63.59031668573721,53.836695181028496,1.236928333745935,2.5046424745332763,False,> +1.5
2139,2023-01-04,2023-01-05,2023-02-03,11,11,0.04033221617371305,0.027192095298384185,0.012476777116162168,0.006692789694549447,63.59031668573721,50.83982814458452,0.9943828114765332,2.462556000751385,False,> +1.5
2140,2023-01-05,2023-01-06,2023-02-06,11,11,0.002625891996680704,0.0204903701293533,-0.017596400356921456,-0.00843606408780896,63.59031668573721,53.836695181028496,1.0320655901599802,2.4045714407391734,False,> +1.5
2141,2023-01-06,2023-01-09,2023-02-07,11,11,-0.012763319606550635,0.002714685962679834,-0.015779531983499972,-0.007472219754155113,63.59031668573721,51.805075152997,0.72837211261992,2.3324759674071704,False,> +1.5
2142,2023-01-09,2023-01-10,2023-02-08,11,11,-0.022917704271538115,4.9043924336593206e-05,-0.023141080081387665,-0.01124483885987011,63.59031668573721,54.351418831834344,0.9148276530107544,2.257908706357853,False,> +1.5
2143,2023-01-10,2023-01-11,2023-02-09,11,11,-0.058642969588801434,-0.0534968666606582,-0.005959644959892534,-0.0025677054506997384,63.59031668573721,51.353429509963796,0.8266091686301932,2.1600114534374004,False,> +1.5
2144,2023-01-11,2023-01-12,2023-02-10,12,12,-0.05940999336831632,-0.04718980802490773,-0.013310512252119861,-0.006201565386961837,64.00517777588203,51.27672433791275,0.828023527760422,2.095900161522758,False,> +1.5
2145,2023-01-12,2023-01-13,2023-02-13,12,12,-0.019179798942750504,-0.03732248720351764,0.018319335473839224,0.009574480301541673,61.56684289866333,51.27672433791275,0.8202907127458773,2.016830855712258,False,> +1.5
2146,2023-01-13,2023-01-16,2023-02-14,12,12,-0.027071153583195673,-0.03058362902250576,0.0032426708876342795,0.0021479956572505294,64.63359816894702,51.27672433791275,0.7183337332744872,1.939853887803993,False,> +1.5
2147,2023-01-16,2023-01-17,2023-02-15,12,12,-0.014997880623260094,-0.03526698688268353,0.020803318411530627,0.010911095559099342,64.63359816894702,51.27672433791275,0.8695793930393343,1.842601027078545,False,> +1.5
2148,2023-01-17,2023-01-18,2023-02-16,12,12,-0.036440548585500915,-0.042161946309365324,0.00560269530393723,0.003373575659827425,64.63359816894702,51.27672433791275,0.9187387996527197,1.7553348499559298,False,> +1.5
2149,2023-01-18,2023-01-19,2023-02-17,12,12,-0.05348049612759321,-0.051395560492135166,-0.0026651879959253824,-0.0007995371725828259,62.389915810762915,51.27672433791275,0.5574916699221951,1.66587073886437,False,> +1.5
2150,2023-01-19,2023-01-20,2023-02-22,12,12,-0.07238187931131566,-0.05771115846575202,-0.01581102644357026,-0.007407510956720444,62.38991581076291,51.27672433791275,0.7344194593640797,1.575983338066268,False,> +1.5
2151,2023-01-20,2023-01-23,2023-02-23,12,12,-0.08183672592066567,-0.047456344787777334,-0.03605537387944711,-0.017752717822548798,62.38991581076291,51.27672433791275,0.2777034053773959,1.4771113253043733,False,+0.5 to +1.5
2152,2023-01-23,2023-01-24,2023-02-24,12,12,-0.09645713778070898,-0.0600758798561369,-0.03865690526644834,-0.019000911557885632,59.97642935047501,52.85763571647331,0.1134224501206894,1.364596976428688,False,+0.5 to +1.5
2153,2023-01-24,2023-01-25,2023-02-27,12,12,-0.10506529041174599,-0.08128354030819185,-0.026082704847331002,-0.012701492797209881,61.26804778327553,50.19360711322356,0.0981211161244353,1.2169236558704088,False,+0.5 to +1.5
2154,2023-01-25,2023-01-26,2023-02-28,12,12,-0.11001203111611003,-0.09209327116303674,-0.01977038355858954,-0.009527810838012598,61.26804778327553,51.45248719369808,0.1418203822809452,1.0917199742971806,False,+0.5 to +1.5
2155,2023-01-26,2023-01-27,2023-03-01,12,12,-0.11528031252800415,-0.07297734567670965,-0.045975907358677605,-0.022749137959681098,61.26804778327553,50.67240530587741,0.630428166463786,1.0056020861605008,False,+0.5 to +1.5
2156,2023-01-27,2023-01-30,2023-03-02,12,12,-0.12378803157175364,-0.0703471129813032,-0.05782444786033751,-0.028830806177534116,61.26804778327553,50.67240530587741,0.7356257153351371,0.9268811885406868,False,+0.5 to +1.5
2157,2023-01-30,2023-01-31,2023-03-03,12,12,-0.14307917357220784,-0.08772277784826665,-0.061185217894756075,-0.03055806521127816,59.2952961370387,48.01499889290469,0.0680458616157973,0.8089399756209146,False,+0.5 to +1.5
2158,2023-01-31,2023-02-01,2023-03-06,12,12,-0.12257404217483045,-0.06767078910793015,-0.05899103021936286,-0.029399612922600498,61.298499049667605,48.61985651439457,0.5293604442048168,0.783740132188438,False,+0.5 to +1.5
2159,2023-02-01,2023-02-02,2023-03-07,12,12,-0.11844876692364986,-0.05858827629162795,-0.06351957925242481,-0.03175443434354575,61.29849904966761,44.7525530720149,-0.1292562490698025,0.7064651144341488,False,+0.5 to +1.5
2160,2023-02-02,2023-02-03,2023-03-08,12,12,-0.0291692252730775,-0.03246049983551304,0.003931580138287031,0.0025498415802214613,61.29849904966761,44.752553072014905,-0.102124985393997,0.6444561181719349,False,+0.5 to +1.5
2161,2023-02-03,2023-02-06,2023-03-09,12,12,0.007938808649367022,-0.05558686743695102,0.06656138128137577,0.03353298827430477,61.29849904966761,47.58540328585523,-0.0400259111481023,0.5838187109607723,False,+0.5 to +1.5
2162,2023-02-06,2023-02-07,2023-03-10,12,12,0.00318438275553421,-0.07199454963247068,0.08067175799037216,0.040294370894274914,61.29849904966761,48.61985651439456,-0.0174449364639512,0.5416546873614744,False,+0.5 to +1.5
2163,2023-02-07,2023-02-08,2023-03-13,12,12,-0.005735839464082601,-0.08941880593042488,0.09110131952038981,0.0452356029110936,59.108461194633556,47.58540328585522,0.3168116007713317,0.5078016475180482,False,+0.5 to +1.5
2164,2023-02-08,2023-02-09,2023-03-14,12,12,-0.0017011418538876236,-0.04314283046634582,0.043483615395041135,0.022308684259489328,61.51715431553216,45.98789952263426,0.3559784936106358,0.4811505172341999,False,-0.5 to +0.5
2165,2023-02-09,2023-02-10,2023-03-15,12,12,0.00836036832204094,-0.06306639805529203,0.07620995626753661,0.03814650134732473,59.932346739502464,48.419977703929334,-0.1250803353080553,0.4272449394918794,False,-0.5 to +0.5
2166,2023-02-10,2023-02-13,2023-03-16,12,12,0.02952800850661212,-0.0488493243718942,0.08337190359582375,0.041524652032637034,61.04165436349893,44.00543758023397,0.0440956566394376,0.383321367215703,False,-0.5 to +0.5
2167,2023-02-13,2023-02-14,2023-03-17,12,12,0.03552337399326374,-0.06296816434286823,0.10581061031845125,0.05224381577335256,61.04165436349893,44.00543758023397,-0.5811508243454874,0.3098586933759524,False,-0.5 to +0.5
2168,2023-02-14,2023-02-15,2023-03-20,12,12,-0.026405614597376437,-0.0844698087460596,0.06436062639272142,0.03250097514679599,62.62646193952862,44.00543758023397,0.0721858421612727,0.264701174367885,False,-0.5 to +0.5
2169,2023-02-15,2023-02-16,2023-03-21,12,12,-0.029783764676156562,-0.10053858417261789,0.07915391272314533,0.039740983825251514,62.62646193952862,47.44066914237103,0.3519992510132275,0.2325422564668059,False,-0.5 to +0.5
2170,2023-02-16,2023-02-17,2023-03-22,12,12,-0.012935230119660688,-0.07520566269228915,0.06802698639503489,0.034347888984431765,62.62646193952862,46.66555620563691,0.4140712722245908,0.2243598206957532,False,-0.5 to +0.5
2171,2023-02-17,2023-02-22,2023-03-23,12,12,-0.03655266481260343,-0.078025188998932,0.046179505865488205,0.02378364701144557,61.51715431553216,43.31420139372569,-0.0673093392789887,0.1789541932383594,False,-0.5 to +0.5
2172,2023-02-22,2023-02-23,2023-03-24,12,12,-0.015352710412736321,-0.06276588199838684,0.051290159077484264,0.026235146011125116,62.62646193952862,44.214246964121884,-0.6054483350363921,0.1290481923068836,False,-0.5 to +0.5
2173,2023-02-23,2023-02-24,2023-03-27,12,12,0.005440171659561233,-0.03030849014524468,0.03749664388572241,0.019488625906081018,62.62646193952862,44.214246964121884,-1.1001679456245994,0.0605051827434027,False,-0.5 to +0.5
2174,2023-02-24,2023-02-27,2023-03-28,12,12,0.023425585179095994,-0.02782152896689526,0.05313868595705794,0.027117199905867823,62.62646193952862,48.82281582366044,-0.5524529851574436,0.0237408751339161,False,-0.5 to +0.5
2175,2023-02-27,2023-02-28,2023-03-29,12,12,0.00996269361725652,-0.02275556040554713,0.034205410116850195,0.01780520371520199,62.62646193952863,48.82281582366045,-0.5448845238806125,-0.0150851172920205,False,-0.5 to +0.5
2176,2023-02-28,2023-03-01,2023-03-30,12,12,0.061993654253050125,-0.012115814335494258,0.07636349473227333,0.03834978738258668,60.29840239475456,43.86587498082009,-0.7196976271868757,-0.0915143900536877,False,-0.5 to +0.5
2177,2023-03-01,2023-03-02,2023-03-31,12,12,0.04840373675105695,-0.0186241048668385,0.06969725295622445,0.03513816158481584,60.29840239475456,43.86587498082009,-1.3407248172021198,-0.2090310159089177,False,-0.5 to +0.5
2178,2023-03-02,2023-03-03,2023-04-03,12,12,0.003566798325334331,-0.026975350859108356,0.033021862507580664,0.017430371704766582,60.07974712889001,43.86587498082009,-1.333787006369919,-0.2883418749986274,False,-0.5 to +0.5
2179,2023-03-03,2023-03-06,2023-04-04,12,12,-0.003531922335464609,-0.03070614295996816,0.029614008563537308,0.01572605750062173,60.07974712889001,45.10412993289203,-0.3553483068848706,-0.3385324576613132,False,-0.5 to +0.5
2180,2023-03-06,2023-03-07,2023-04-05,12,12,-0.010974260307718555,-0.03873336588854043,0.030163295364408753,0.016072600820633425,62.407806673664076,46.98581930410123,-0.4983509652434513,-0.3594537389595801,False,-0.5 to +0.5
2181,2023-03-07,2023-03-08,2023-04-06,12,12,-0.05905050830839267,-0.04020726846520966,-0.018532188864066417,-0.008484937936062226,60.07974712889003,43.718164389130855,-0.4779612380598485,-0.3807650814174671,False,-0.5 to +0.5
2182,2023-03-08,2023-03-09,2023-04-10,12,12,-0.07523140776963964,-0.02361005315848313,-0.05163520544062969,-0.025467979120333977,60.40008063269068,43.71816438913084,-1.283069619131483,-0.4511385066559059,False,-0.5 to +0.5
2183,2023-03-09,2023-03-10,2023-04-11,12,12,0.0024737193970930196,0.005561625987691235,-0.0012890803272531822,0.00023824941223897806,60.0729804215141,44.39824752064529,-1.4268945275099754,-0.5309618743727952,False,-1.5 to -0.5
2184,2023-03-10,2023-03-13,2023-04-12,12,12,0.023046912843919003,0.014772926500665286,0.0103121662759926,0.006025384526453975,60.0729804215141,46.050751075527394,-0.6544819872810301,-0.5860648477147513,False,-1.5 to -0.5
2185,2023-03-13,2023-03-14,2023-04-13,12,12,0.02452217964883186,0.02585443687773042,0.000778199479113746,0.001167084386780252,58.463699434582644,44.118106187294764,-0.5331607811570969,-0.636523015282195,False,-1.5 to -0.5
2186,2023-03-14,2023-03-15,2023-04-14,12,12,0.01489669358616173,0.025448957810003007,-0.008388362735163794,-0.003503289660500115,58.79079964575922,43.023774452970144,-1.0019096779408276,-0.6862239121214861,False,-1.5 to -0.5
2187,2023-03-15,2023-03-16,2023-04-17,12,12,-0.0009023685353570353,0.0419024859472982,-0.039223394559748985,-0.019282579553693183,59.11433025074532,43.887025784565715,-0.4569202952163098,-0.7146731611545263,False,-1.5 to -0.5
2188,2023-03-16,2023-03-17,2023-04-18,12,12,-0.002435446087031352,0.0627362086379786,-0.05981947305688528,-0.02963273272080784,58.79079964575922,45.40557455326475,-0.5563402833392509,-0.7132898521609755,False,-1.5 to -0.5
2189,2023-03-17,2023-03-20,2023-04-19,12,12,0.010726410776270406,0.052010805306031575,-0.03730469581451225,-0.01825997652394801,60.35670284181262,45.47302395894272,-0.955809130353704,-0.7715628345218861,False,-1.5 to -0.5
2190,2023-03-20,2023-03-21,2023-04-20,12,12,0.014532076615608033,0.06665298042184963,-0.04705201573213366,-0.02325215826768139,56.705637129846714,45.47302395894271,-1.1378562559962049,-0.8559991360763385,False,-1.5 to -0.5
2191,2023-03-21,2023-03-22,2023-04-24,12,12,-0.008203891782100427,0.053493752979017095,-0.05654731110398736,-0.028003934612855486,56.37146947385057,45.47302395894272,-1.4891135031293554,-0.9638255235980264,False,-1.5 to -0.5
2192,2023-03-22,2023-03-23,2023-04-25,12,12,0.02580200167074473,0.05873875239234817,-0.029324485470008654,-0.01414869552555692,56.5326333289035,45.47302395894272,-1.1922081101202011,-1.0275387890662817,False,-1.5 to -0.5
2193,2023-03-23,2023-03-24,2023-04-26,12,12,0.02654186792348308,0.04439761848942146,-0.015079691754089236,-0.006901418842042049,55.70874778403459,44.60289454104603,-1.0297098148062809,-1.0515337622286014,False,-1.5 to -0.5
2194,2023-03-24,2023-03-27,2023-04-27,12,12,0.035172619973673325,0.042766066187534424,-0.005305451267232838,-0.002110215158117202,55.43768516102639,47.192226039312175,-0.7475352264434819,-1.0315133816525186,False,-1.5 to -0.5
2195,2023-03-27,2023-03-28,2023-04-28,12,12,0.05818642462293836,0.04900660581944072,0.011070900425913363,0.006239779144224199,55.381647572858014,48.098769843171446,-0.4203524857804003,-1.0240008563460796,False,-1.5 to -0.5
2196,2023-03-28,2023-03-29,2023-05-02,12,12,0.03182315241018341,0.049751111240910605,-0.014640853556226303,-0.006644269184777178,57.84637828192498,48.98112159823662,0.3941112727322344,-0.9708110026516528,False,-1.5 to -0.5
2197,2023-03-29,2023-03-30,2023-05-03,12,12,-0.0025418414744226227,0.0320286857081807,-0.03182855780169086,-0.01539417305358554,57.84637828192499,50.55167609150032,0.1409963338815876,-0.9220806384988725,False,-1.5 to -0.5
2198,2023-03-30,2023-03-31,2023-05-04,12,12,0.03866869601857612,0.03371463185794439,0.006288719738585916,0.0037624740283009983,58.091008852007995,48.55470442440936,-0.5356009994564908,-0.8764941131791005,False,-1.5 to -0.5
2199,2023-03-31,2023-04-03,2023-05-05,11,11,0.11683802518167241,0.038556382569679165,0.07762185841048731,0.03881247150433161,59.04970521366892,51.88153752352422,-1.0417324329088102,-0.8599350811974344,False,-1.5 to -0.5
2200,2023-04-03,2023-04-04,2023-05-08,11,11,0.11642415689143888,0.03997647641283133,0.07525727426177807,0.03757820237014157,57.94393977034103,49.737669659670864,-0.5621521942895502,-0.8716658757680077,False,-1.5 to -0.5
2201,2023-04-04,2023-04-05,2023-05-09,11,11,0.17045424133914497,0.03427410197289601,0.13343543459921206,0.06538932117727063,58.5256146370699,49.67954842984374,-0.9105582660550342,-0.8950066776228225,False,-1.5 to -0.5
2202,2023-04-05,2023-04-06,2023-05-10,11,11,0.17650213392740954,0.07770713481432243,0.09361670045715233,0.04651627466696004,57.24348175822325,49.82374893198053,-0.9258443784303566,-0.920364149834335,False,-1.5 to -0.5
2203,2023-04-06,2023-04-10,2023-05-11,12,12,0.17465862934806264,0.054651668329660064,0.11554747235169757,0.05700927434405382,56.65199950198542,50.27303187529257,-0.9598213071548044,-0.9020405876196026,False,-1.5 to -0.5
2204,2023-04-10,2023-04-11,2023-05-12,12,12,0.11170794900906691,0.052394238452330905,0.05748681219679379,0.028716577182032143,57.706455316510755,50.16885340452353,0.2510996526142554,-0.8070392952607699,False,-1.5 to -0.5
2205,2023-04-11,2023-04-12,2023-05-15,12,12,0.0819476928106067,0.02090687168119916,0.06090377852437662,0.030545354794274036,58.83165656227347,50.99453542582287,-0.6672710362261947,-0.8077720693403879,False,-1.5 to -0.5
2206,2023-04-12,2023-04-13,2023-05-16,12,12,0.09841341502291925,0.010017563310459485,0.08871814659465588,0.043933742400789316,58.342140635911356,46.2651811715881,-1.0751053635552204,-0.8384537838939651,False,-1.5 to -0.5
2207,2023-04-13,2023-04-14,2023-05-17,12,12,0.11757007724143731,0.040371594196103595,0.07546077551398289,0.037403337435395055,57.712443308087416,49.37705040917655,-1.6002365462511512,-0.8722931864452691,False,-1.5 to -0.5
2208,2023-04-14,2023-04-17,2023-05-18,12,12,0.1395050830371969,0.04215654694528135,0.09439782941190425,0.046631267164704365,59.28076018677706,50.39103675884123,-1.3513756113949305,-0.922949092894623,False,-1.5 to -0.5
2209,2023-04-17,2023-04-18,2023-05-19,12,12,0.17608058024965687,0.06644034263970149,0.10399993638535426,0.05121737103206988,59.287173991245304,49.961466974827,-1.0687129452473192,-0.95197249141916,False,-1.5 to -0.5
2210,2023-04-18,2023-04-19,2023-05-22,12,12,0.24075567252943075,0.04476860030236867,0.18886607424985088,0.09105049304202564,55.88415706787225,48.594391815205995,-0.2533526333140878,-0.912196828287303,False,-1.5 to -0.5
2211,2023-04-19,2023-04-20,2023-05-23,12,12,0.2296346056958132,0.024484118343359413,0.2012704391085498,0.0967059712159605,56.32162154913143,48.20273958362235,-0.2991722583385799,-0.8647141605298635,False,-1.5 to -0.5
2212,2023-04-20,2023-04-24,2023-05-24,12,12,0.21344760713223074,0.041025281804760505,0.16726716185137502,0.08112580517926819,55.88415706787225,46.28049936262363,-0.1997221306135985,-0.7917068182736091,False,-1.5 to -0.5
2213,2023-04-24,2023-04-25,2023-05-25,12,12,0.1906227166601527,0.07387312228435693,0.10983589773278712,0.054016168391826595,60.48453278140878,50.39103675884123,-0.3216508024189858,-0.7424125224934192,False,-1.5 to -0.5
2214,2023-04-25,2023-04-26,2023-05-26,12,12,0.1878714017759881,0.066473608636088,0.11438936329103988,0.056255139336434994,62.98290596027211,49.037610770385434,0.1027613266242088,-0.6783047421559388,False,-1.5 to -0.5
2215,2023-04-26,2023-04-27,2023-05-29,12,12,0.1713528062590722,0.06350525319115835,0.10214512141222888,0.05044179460480591,62.9829059602721,50.115479044208804,-0.0762285005982392,-0.6403226086370931,False,-1.5 to -0.5
2216,2023-04-27,2023-04-28,2023-05-30,12,12,0.17759746258451137,0.052079167188159234,0.1204005664508923,0.05919330377673344,59.914868286097835,47.670229711886265,0.1316286044522185,-0.609130072480616,False,-1.5 to -0.5
2217,2023-04-28,2023-05-02,2023-05-31,12,12,0.2287559096258277,0.03749999009947238,0.1849674023471948,0.08921365053331087,59.91486828609783,48.67226361991592,-0.3509761473008397,-0.6514177962011927,False,-1.5 to -0.5
2218,2023-05-02,2023-05-03,2023-06-01,12,12,0.22848783412319232,0.07381344622293595,0.14552521748858058,0.07075721268425152,60.53221872296216,48.079813300779385,-0.3116481064647085,-0.6771274581818002,False,-1.5 to -0.5
2219,2023-05-03,2023-05-04,2023-06-02,12,12,0.24761657040479373,0.07978272378698416,0.15689445394118162,0.07616760345765408,59.914868286097835,47.48007079784557,-0.7132935683642291,-0.6872019322810333,False,-1.5 to -0.5
2220,2023-05-04,2023-05-05,2023-06-05,12,12,0.2088838745534979,0.0638786773405399,0.13727954333652737,0.0668488489390477,59.99849502132401,47.48007079784557,0.0369460090879727,-0.6261496417791761,False,-1.5 to -0.5
2221,2023-05-05,2023-05-08,2023-06-06,12,12,0.21424419934019964,0.09520636500249241,0.10971578602392346,0.053776627923940036,61.484263453928314,46.41950173125033,-0.9780127189024652,-0.6496889565714734,False,-1.5 to -0.5
2222,2023-05-08,2023-05-09,2023-06-07,12,12,0.20430984881518557,0.11127072714321869,0.0848119259470783,0.041881356507476396,59.33502136929534,45.50666836456273,-1.6238112353025216,-0.6900170836900535,False,-1.5 to -0.5
2223,2023-05-09,2023-05-10,2023-06-09,12,12,0.18573786644839527,0.10051893801976894,0.07849001438787546,0.038878428828624065,61.90519890334982,47.04706393142617,-1.2643232420576471,-0.7091695021226422,False,-1.5 to -0.5
2224,2023-05-10,2023-05-11,2023-06-12,12,12,0.16847465717631277,0.12103767937175985,0.04331964380056162,0.021690128678591707,63.39096733595412,48.2462723363363,-0.8351773720455972,-0.7021120429903033,False,-1.5 to -0.5
2225,2023-05-11,2023-05-12,2023-06-13,12,12,0.12189546797704469,0.1166572552362467,0.005757417953869295,0.0030911861808639823,63.96177506264732,47.18570326974106,-0.9062707671920648,-0.767739243802574,False,-1.5 to -0.5
2226,2023-05-12,2023-05-15,2023-06-14,12,12,0.17174788269838154,0.10756483049294382,0.05930597464995354,0.029529760935682398,65.58245261031483,50.70366168937979,-0.6071258735882965,-0.7643536914520851,False,-1.5 to -0.5
2227,2023-05-15,2023-05-16,2023-06-15,12,12,0.15595926465723342,0.125513389963967,0.027927578422508696,0.014077392467227447,64.42128198869166,50.83082343965532,-0.4948615137496226,-0.7314907435348774,False,-1.5 to -0.5
2228,2023-05-16,2023-05-17,2023-06-16,12,12,0.10317422322740091,0.10676596267449008,-0.0026542357804174846,-0.0011772886099917046,64.42128198869167,49.643092622784536,-0.8353585832975317,-0.6881225298843857,False,-1.5 to -0.5
2229,2023-05-17,2023-05-18,2023-06-19,12,12,0.11665541676756147,0.11904506659623819,-0.001248074471538423,-0.0004410606487450792,64.06245759322401,48.37343408661184,-0.7855121529597857,-0.656014313616532,False,-1.5 to -0.5
2230,2023-05-18,2023-05-19,2023-06-20,12,12,0.10646637048326003,0.11664793882508147,-0.008353419379237122,-0.003995133612032964,64.8052164558817,48.37343408661184,-0.4561594068060931,-0.6212795925626274,False,-1.5 to -0.5
2231,2023-05-19,2023-05-22,2023-06-21,12,12,0.11988501451210876,0.12968689607769152,-0.008153515768793265,-0.003924108071304539,66.82428909511736,48.37343408661184,-1.0748219411816893,-0.6678371777063457,False,-1.5 to -0.5
2232,2023-05-22,2023-05-23,2023-06-22,12,12,0.09720605148243532,0.09091826118960353,0.006550010037604365,0.003442952175984627,64.14174280385303,48.86879228089259,-0.947047968048682,-0.7045676654997514,False,-1.5 to -0.5
2233,2023-05-23,2023-05-24,2023-06-23,12,12,0.12088117935040195,0.10862892979401174,0.011791357880894264,0.006047673552520346,64.14174280385303,48.868792280892585,-0.9925942564651058,-0.7495236591996784,False,-1.5 to -0.5
2234,2023-05-24,2023-05-25,2023-06-26,12,12,0.05787066573713662,0.10227266635356563,-0.039624321020025124,-0.0197882381092074,67.17044179983704,45.64905314933875,-0.7557087735194724,-0.7741463750639642,False,-1.5 to -0.5
2235,2023-05-25,2023-05-26,2023-06-27,12,12,0.04197001373039847,0.07361812138339975,-0.029231935835205988,-0.014611615639772535,67.67648537671215,46.66572491554575,-0.3943278910524244,-0.8023785997766048,False,-1.5 to -0.5
2236,2023-05-26,2023-05-29,2023-06-28,12,12,0.045638735390805256,0.0884315272502309,-0.03921973580944331,-0.019693411356685182,67.67648537671217,47.827180276362164,-0.7440090174062263,-0.84025048187856,False,-1.5 to -0.5
2237,2023-05-29,2023-05-30,2023-06-29,12,12,0.08729707995432609,0.09866944783313132,-0.010531568031206496,-0.005227826989487742,69.11571109914532,48.08150226405882,-0.7242134318848962,-0.8887807337561516,False,-1.5 to -0.5
2238,2023-05-30,2023-05-31,2023-06-30,12,12,0.09213479626392952,0.11300815815860468,-0.018769636337698112,-0.00935306821996042,67.73993051454218,46.46655552183069,-0.1754383260452496,-0.8788541469316423,False,-1.5 to -0.5
2239,2023-05-31,2023-06-01,2023-07-03,12,12,0.06985468482675385,0.09734049932310172,-0.025398375138653593,-0.012665226884188674,69.02555325446495,47.75922714782129,-0.2117383887791997,-0.8732168194133914,False,-1.5 to -0.5
2240,2023-06-01,2023-06-02,2023-07-04,12,12,0.06975913416427458,0.07931735488083921,-0.009310626720668633,-0.004576389791864928,69.18784044143189,46.46655552183069,0.033921838647815,-0.8309076788764092,False,-1.5 to -0.5
2241,2023-06-02,2023-06-05,2023-07-05,12,12,0.07207420003695786,0.0823328631921875,-0.009734820920152855,-0.004777786229588564,69.04454888276744,46.46655552183069,0.0076010598049695,-0.8326302896569717,False,-1.5 to -0.5
2242,2023-06-05,2023-06-06,2023-07-06,12,12,0.03231553903299896,0.05224142645966602,-0.018991448463472893,-0.009405127359425672,69.38526539717084,46.46655552183069,-0.3287596562759837,-0.7958598872706838,False,-1.5 to -0.5
2243,2023-06-06,2023-06-07,2023-07-07,12,12,0.034143807117441756,0.06399389023325716,-0.02835790466633524,-0.014177969841337481,69.04454888276744,46.46655552183069,0.0777980956990192,-0.6994832294021925,False,-1.5 to -0.5
2244,2023-06-07,2023-06-09,2023-07-10,12,12,0.00939165391114919,0.04055920079475146,-0.030513982313109013,-0.015245654545983657,69.16088116002122,46.83399040807214,-0.0768849072032284,-0.6322148739226076,False,-1.5 to -0.5
2245,2023-06-09,2023-06-12,2023-07-11,12,12,0.008637797986352658,0.032709140188155364,-0.023887263471620228,-0.011896183561499577,71.81525530336603,46.83399040807215,-0.4082809745553514,-0.6080218818378877,False,-1.5 to -0.5
2246,2023-06-12,2023-06-13,2023-07-12,12,12,0.010544874773381162,0.05289583072386483,-0.04083829068458426,-0.020477017168249474,70.00853658862901,46.249243100348224,-0.2542530719236713,-0.5710793301071057,False,-1.5 to -0.5
2247,2023-06-13,2023-06-14,2023-07-13,12,12,-0.003683116886859894,0.037196774806584725,-0.03965766282489638,-0.01990685992272759,68.5796222900418,46.249243100348224,-0.6547937087265226,-0.5737585981375998,False,-1.5 to -0.5
2248,2023-06-14,2023-06-15,2023-07-14,12,12,-0.01867048314718762,0.018357875375151378,-0.03648287970584447,-0.018295174676289494,68.5796222900418,47.31740712953402,-0.4812242718042934,-0.5729898980588051,False,-1.5 to -0.5
2249,2023-06-15,2023-06-16,2023-07-17,12,12,-0.004959574269921812,0.011564181804593024,-0.01658715776984686,-0.008222922368470205,68.5796222900418,46.59746145996245,-0.3247620585178236,-0.5440530573803568,False,-1.5 to -0.5
2250,2023-06-16,2023-06-19,2023-07-18,12,12,-0.008240123508112944,0.018422571184927832,-0.02721368580086619,-0.013558731024893373,68.14251270199625,46.36873284167401,0.0549877567016222,-0.4964599740063013,False,-0.5 to +0.5
2251,2023-06-19,2023-06-20,2023-07-19,12,12,-0.03339135925308273,0.003993056121593373,-0.037481745181016705,-0.018807007383173046,66.5417595771659,45.9090943814012,0.4604148476686321,-0.4446202153443271,False,-0.5 to +0.5
2252,2023-06-20,2023-06-21,2023-07-20,12,12,-0.0417732096917981,0.004023589580055649,-0.04633051256291415,-0.023280007177720132,66.14553651377314,46.36873284167401,0.1757732752400961,-0.3737695606910223,False,-0.5 to +0.5
2253,2023-06-21,2023-06-22,2023-07-21,12,12,-0.0059450816354583436,0.05033000813647675,-0.05453033322227919,-0.027456142256430723,67.19149200615693,44.89089885340394,-0.0795456520763378,-0.3245897185113214,False,-0.5 to +0.5
2254,2023-06-22,2023-06-23,2023-07-24,12,12,0.019011896636308128,0.04103952635819909,-0.021680284025278496,-0.010787137103668853,66.31737534001627,44.067629504005914,0.1030590654372079,-0.2624803389776211,False,-0.5 to +0.5
2255,2023-06-23,2023-06-26,2023-07-25,12,12,0.03922766863206974,0.05355731293353547,-0.014408337870658223,-0.007119846291025449,66.31737534001628,42.94860381993896,0.5801239583975555,-0.1868188349560787,False,-0.5 to +0.5
2256,2023-06-26,2023-06-27,2023-07-26,12,12,0.019503697880621857,0.0686159373397426,-0.0465073416767426,-0.023429262689628888,66.14553651377314,43.62685618687999,0.3237768805228116,-0.1461559776676755,False,-0.5 to +0.5
2257,2023-06-27,2023-06-28,2023-07-27,12,12,0.05333767375024605,0.05905104547903496,-0.0062450711951096945,-0.0030094743437056814,66.31737534001627,45.99083478971383,0.7108512463747504,-0.0637330849160209,False,-0.5 to +0.5
2258,2023-06-28,2023-06-29,2023-07-28,12,12,0.01183384832070204,0.03898670983129847,-0.02724352931083338,-0.01352471538155854,65.80481999936973,46.07173693574265,0.356843746807882,-0.0024322068491633,False,-0.5 to +0.5
2259,2023-06-29,2023-06-30,2023-07-31,12,12,0.020350536582964544,0.036200710805007315,-0.01630078912332187,-0.007978853060642863,65.80481999936973,46.296244532547455,0.4920292362589794,0.0353636603087227,False,-0.5 to +0.5
2260,2023-06-30,2023-07-03,2023-08-01,11,11,0.03720403499924368,0.04572305118655773,-0.009383001407479066,-0.004484547577330442,67.01446025970525,47.518717556014664,-1.0978392805489092,-0.0147101380451493,False,-0.5 to +0.5
2261,2023-07-03,2023-07-04,2023-08-02,11,11,0.04839257083028721,0.032255243692019535,0.014385661713176177,0.007389017948953284,66.06543884570068,45.55261000441585,-0.9814001788764642,-0.0721765889991077,False,-0.5 to +0.5
2262,2023-07-04,2023-07-05,2023-08-03,11,11,0.05118645246151162,0.017732810812905793,0.03136564868996838,0.015822480632510027,64.15335459163424,44.877593612003395,-0.9516913062394056,-0.1264908616109654,False,-0.5 to +0.5
2263,2023-07-05,2023-07-06,2023-08-04,11,11,0.06926174329774225,0.027163041289109513,0.03929884487955297,0.019787449016494756,63.4453685840681,44.87759361200339,-1.2322292316063383,-0.1776026636126586,False,-0.5 to +0.5
2264,2023-07-06,2023-07-07,2023-08-07,11,11,0.04356880714877261,0.0004375996883278468,0.0417189988628207,0.020911285624897354,65.37189326625649,42.59698354370735,-1.342157427373068,-0.2580663903510252,False,-0.5 to +0.5
2265,2023-07-07,2023-07-10,2023-08-08,12,12,0.05009030152957836,0.009007798405927744,0.03900082671134482,0.019575241325250205,66.1003283409629,44.64469599570547,-1.4475729136991238,-0.3357598836550879,False,-0.5 to +0.5
2266,2023-07-10,2023-07-11,2023-08-09,12,12,0.048145089938553265,0.012573010409779404,0.03344933964877122,0.01689813827238863,64.66430993862309,47.159556421998154,-1.1464033156175042,-0.3776093306498751,False,-0.5 to +0.5
2267,2023-07-11,2023-07-12,2023-08-10,12,12,0.05243318760056656,-0.004673584681506545,0.05556629711777716,0.02770123257007405,63.416944007194736,45.644597313898224,-1.7046294240071338,-0.4598760971628265,False,-0.5 to +0.5
2268,2023-07-12,2023-07-13,2023-08-11,12,12,0.02334928512297128,-0.028368841687086085,0.051346746963756434,0.02567846187992456,65.20386161749335,47.05697472511876,-1.979593404744527,-0.5350557977303458,False,-1.5 to -0.5
2269,2023-07-13,2023-07-14,2023-08-14,12,12,0.04183324808245228,0.012935013207478427,0.026522799766411684,0.013546503913738598,64.82643198223583,46.70265320552746,-2.3129765493726016,-0.6391132258464666,False,-1.5 to -0.5
2270,2023-07-14,2023-07-17,2023-08-15,12,12,0.03451045015767938,0.005141977802675778,0.02709027249881896,0.013891160485563289,65.54135033854655,46.48602525286327,-2.114727276834273,-0.7409335770050997,False,-1.5 to -0.5
2271,2023-07-17,2023-07-18,2023-08-16,12,12,0.03107805602051833,-0.041081873245344694,0.07320768766042988,0.03634584170739252,64.16995694863144,46.84034677245457,-1.892933219814472,-0.8518010251443493,False,-1.5 to -0.5
2272,2023-07-18,2023-07-19,2023-08-17,12,12,0.019090194208031673,-0.04931306204169681,0.0701672153897112,0.03480400822885397,61.68905763364803,48.08947806276087,-1.8732179699678373,-0.9846128965308214,False,-1.5 to -0.5
2273,2023-07-19,2023-07-20,2023-08-18,12,12,0.007562205575346071,-0.047730376880856816,0.05604698671279853,0.0279999130055119,62.17655334665074,46.84034677245457,-2.282280274996691,-1.124569336118973,False,-1.5 to -0.5
2274,2023-07-20,2023-07-21,2023-08-21,12,12,-0.01632651899548778,-0.07786178840810515,0.06446174562783175,0.03213124018630339,62.89147170296147,47.05697472511876,-2.1780005495074235,-1.2441272737936706,False,-1.5 to -0.5
2275,2023-07-21,2023-07-24,2023-08-22,12,12,-0.01960677619700637,-0.06548137401524333,0.04702540294653178,0.023583237766065336,62.89147170296147,48.08947806276088,-1.7849831134619367,-1.35163268711315,False,-1.5 to -0.5
2276,2023-07-24,2023-07-25,2023-08-23,12,12,-0.00791844641713593,-0.0658825387280021,0.059912547747420504,0.02984248571354907,62.35764618953234,45.55616043974001,-1.7063498979879674,-1.4816405794999878,False,-1.5 to -0.5
2277,2023-07-25,2023-07-26,2023-08-24,12,12,-0.032296162526877226,-0.05908419575830978,0.026196253863266166,0.013355301950081624,62.73025956772319,45.644597313898224,-1.4339608223157063,-1.5814287741800563,False,< -1.5
2278,2023-07-26,2023-07-27,2023-08-25,12,12,-0.036939371893659916,-0.08310013386113659,0.048232774899611745,0.02416862638916426,63.955539808721234,46.19172035181975,-1.8177708000913584,-1.7248980335467876,False,< -1.5
2279,2023-07-27,2023-07-28,2023-08-28,12,12,-0.03076802840689113,-0.09028801073953446,0.06364602093658762,0.031599586054529,62.396693349061906,46.19172035181975,-1.590736411193023,-1.8351207696943532,False,< -1.5
2280,2023-07-28,2023-07-31,2023-08-29,12,12,-0.030058826092193392,-0.09319532062309516,0.06755146788458588,0.03351942398767875,61.97651261003014,45.156247422708134,-1.7175359439520297,-1.9599894783268368,False,< -1.5
2281,2023-07-31,2023-08-01,2023-08-30,12,12,-0.0318249840383436,-0.0942740626239771,0.06690289121322256,0.03316419319553647,61.51230025592533,45.156247422708134,-1.1300673660248295,-1.96113548604876,False,< -1.5
2282,2023-08-01,2023-08-02,2023-08-31,12,12,-0.0519127890236515,-0.1203595042712652,0.07551129523809091,0.03736149954118786,61.96273445091675,45.156247422708134,-1.4756211291631562,-1.988558433180861,False,< -1.5
2283,2023-08-02,2023-08-03,2023-09-01,12,12,-0.042810103951379526,-0.08726206131097718,0.04654177784043248,0.02326432937139317,61.96273445091675,45.156247422708134,-2.0188879725541544,-2.0485562126798382,False,< -1.5
2284,2023-08-03,2023-08-04,2023-09-04,12,12,-0.06311312627862549,-0.10742714401112506,0.04685896186191074,0.023446235779268954,61.51230025592532,42.11873708507997,-1.5316148718146507,-2.064842970808213,False,< -1.5
2285,2023-08-04,2023-08-07,2023-09-05,12,12,-0.05985714764474912,-0.12131554782448556,0.06693834233327912,0.033226881966140924,61.254285189727106,44.75988788325849,-2.20969263043507,-2.11351538380931,False,< -1.5
2286,2023-08-07,2023-08-08,2023-09-06,12,12,-0.05774060504190522,-0.11569941141484694,0.062452967063462955,0.031095619247675975,62.96553616959239,44.7598878832585,-1.8777695628192093,-2.137264344612748,False,< -1.5
2287,2023-08-08,2023-08-09,2023-09-08,12,12,-0.05616195532894944,-0.0847285909618811,0.028149100444094667,0.014320490917954837,61.634976627707736,44.461115366673475,-2.337858555956922,-2.204136845044297,False,< -1.5
2288,2023-08-09,2023-08-10,2023-09-11,12,12,-0.04942334332462973,-0.07351520437298784,0.022872480294784107,0.01169174026893545,63.39874340532932,44.461115366673475,-1.9773458766651677,-2.218925507575272,False,< -1.5
2289,2023-08-10,2023-08-11,2023-09-12,12,12,-0.03351146469049171,-0.05984095011295814,0.024879044585335814,0.012646520566038046,62.58230812428732,42.585324307104905,-2.062031400894457,-2.2230377852416323,False,< -1.5
2290,2023-08-11,2023-08-14,2023-09-13,12,12,-0.01322742412363377,-0.0213516641765273,0.0068438328678565525,0.0035631167251661345,64.16525448485119,40.87726516288566,-1.617559988136087,-2.1830841846201565,False,< -1.5
2291,2023-08-14,2023-08-15,2023-09-14,12,12,-0.01693460708684711,-0.022336302286557735,0.00426275545086389,0.0022419070529641335,63.792615035491906,39.18866109906184,-1.5617662481804866,-2.1511690256874942,False,< -1.5
2292,2023-08-15,2023-08-16,2023-09-15,12,12,-0.005947639334619063,-0.030646418737424033,0.024679570536196696,0.012383445920885396,62.17126515685402,41.25083422901286,-1.4450323136451233,-2.1251461104003293,False,< -1.5
2293,2023-08-16,2023-08-17,2023-09-18,12,12,0.015487058098375098,-0.025804970731326326,0.04190971028529842,0.02082560798144298,63.46422244936077,41.215379599003406,-0.6566244994774643,-2.0554627211233405,False,< -1.5
2294,2023-08-17,2023-08-18,2023-09-19,12,12,-0.0080448089694216,-0.034838908623563807,0.027823492308396033,0.013918415661758844,62.57132105925717,43.41927768061537,-0.7639919656935131,-1.9690435621462432,False,< -1.5
2295,2023-08-18,2023-08-21,2023-09-20,12,12,-0.001351841106640083,-0.01669825391332844,0.01582625237362943,0.008013194189318968,62.92791418379516,43.41927768061536,-0.7940819501845655,-1.8903421911429776,False,< -1.5
2296,2023-08-21,2023-08-22,2023-09-21,12,12,-0.04661376933709118,-0.06812258133570184,0.023107415055583124,0.011595514110493052,62.92791418379516,44.36702662338257,-0.8913696735483475,-1.8393910619674625,False,< -1.5
2297,2023-08-22,2023-08-23,2023-09-22,12,12,-0.07172850405001274,-0.08340910604610514,0.012743098617793484,0.006462455292536769,62.92791418379516,44.36702662338257,-1.417934892822894,-1.8227985203523691,False,< -1.5
2298,2023-08-23,2023-08-24,2023-09-25,12,12,-0.0630984665739392,-0.07056000738549509,0.007677077432872127,0.0039141953295178675,63.25851022518308,45.91399569905076,-1.1102498048894958,-1.804112192634595,False,< -1.5
2299,2023-08-24,2023-08-25,2023-09-26,12,12,-0.08431726245005507,-0.06634874518920605,-0.0194018789296848,-0.009662753431309323,64.19370028792893,45.91399569905076,-0.6989209370722383,-1.7405645566933636,False,< -1.5
2300,2023-08-25,2023-08-28,2023-09-27,12,12,-0.09601714072648039,-0.07192312179143329,-0.025804871755332012,-0.012871695123209381,61.79526014213774,46.44888638107938,-0.8345425631655315,-1.6975567727822822,False,< -1.5
2301,2023-08-28,2023-08-29,2023-09-28,12,12,-0.07310190450432144,-0.053659151075466066,-0.0200825903111987,-0.009975390783157357,61.130753961431076,48.99477925361594,-1.0180312949856969,-1.6578595433826633,False,< -1.5
2302,2023-08-29,2023-08-30,2023-09-29,12,12,-0.06904465417223564,-0.03544020229350898,-0.03437142052959273,-0.017200376820789683,61.79526014213774,45.98989321789397,-1.293690739163241,-1.666841762198911,False,< -1.5
2303,2023-08-30,2023-08-31,2023-10-02,12,12,-0.051458407436078865,-0.02746270625268759,-0.024330518400012463,-0.01208867699116152,59.245395506830896,46.5940565581653,-0.7411992181272258,-1.6251341159416026,False,< -1.5
2304,2023-08-31,2023-09-01,2023-10-03,12,12,-0.09421609876300682,-0.06428845785874573,-0.0315389916300562,-0.015744628892264956,57.51258569508147,46.5940565581653,-0.8995986195198261,-1.561889384271601,False,< -1.5
2305,2023-09-01,2023-09-04,2023-10-04,12,12,-0.07654455794106178,-0.05571355995778479,-0.021431505031459207,-0.010622849747127738,59.88020638116776,45.7391116095223,-1.0404324722325753,-1.534044261333969,False,< -1.5
2306,2023-09-04,2023-09-05,2023-10-05,12,12,-0.07946483816951444,-0.049335896508188884,-0.031032123341512643,-0.015464478513439564,61.034011619842886,48.1987438026537,-1.1356750074570487,-1.4734616725404548,False,-1.5 to -0.5
2307,2023-09-05,2023-09-06,2023-10-06,12,12,-0.06836245754739384,-0.050418784180213706,-0.018199532914066327,-0.0089612146462594,58.600669220367315,46.89817886669081,-0.9147403975000528,-1.419071169728579,False,-1.5 to -0.5
2308,2023-09-06,2023-09-08,2023-10-09,12,12,-0.06118490892937211,-0.015523622060042272,-0.04605377720897908,-0.023067961486440445,57.84375840919663,47.41103348108501,-0.1623921848550371,-1.2963074349015018,False,-1.5 to -0.5
2309,2023-09-08,2023-09-11,2023-10-10,12,12,-0.06311763500815738,0.019782208518486118,-0.08150443462168809,-0.041335820354635656,58.997563647871765,46.06133427509945,-0.455416497390187,-1.2104080014490382,False,-1.5 to -0.5
2310,2023-09-11,2023-09-12,2023-10-11,12,12,-0.08657273891353605,-0.010340523542369574,-0.07716490064009471,-0.039106394443836706,59.19935578375449,46.06133427509945,-0.9087121962716336,-1.145319252719342,False,-1.5 to -0.5
2311,2023-09-12,2023-09-13,2023-10-13,12,12,-0.13971789640708301,-0.04030029584903698,-0.10362242822029218,-0.05301956421497835,61.48690719468585,47.01429023341063,-1.3725521853060814,-1.1314428031871615,False,-1.5 to -0.5
2312,2023-09-13,2023-09-14,2023-10-16,12,12,-0.1282878634628579,-0.02998128092514066,-0.10086724909180232,-0.05157468808879725,60.20737003388541,48.305158292497076,-1.5062540262223487,-1.1282524352790273,False,-1.5 to -0.5
2313,2023-09-14,2023-09-15,2023-10-17,12,12,-0.12048428512792513,-0.04081311945451993,-0.0827680301763885,-0.04207719821195167,62.4628061952646,48.64225619893734,-1.26188452455552,-1.1178543806058838,False,-1.5 to -0.5
2314,2023-09-15,2023-09-18,2023-10-18,12,12,-0.1240853780147251,-0.056234167338702665,-0.0712472828243309,-0.036126521379655024,63.36334653372134,48.314855169373516,-1.2148692590463437,-1.149306842019791,False,-1.5 to -0.5
2315,2023-09-18,2023-09-19,2023-10-19,12,12,-0.10851736569056607,-0.04521699583572743,-0.06567074857556482,-0.033236128082587815,62.38744753314259,48.314855169373516,-1.3745291325236857,-1.1837025606236922,False,-1.5 to -0.5
2316,2023-09-19,2023-09-20,2023-10-20,12,12,-0.11082537578226634,-0.0427370948865291,-0.07052424161002481,-0.03571598360407331,63.11902890440573,47.73227162644465,-1.2060179437912133,-1.2068787715735585,False,-1.5 to -0.5
2317,2023-09-20,2023-09-21,2023-10-23,12,12,-0.06537355324819805,-0.016812357141951326,-0.04865954496160102,-0.024479363658487345,63.11902890440573,46.534382492359356,-0.8428040358125384,-1.204050206562909,False,-1.5 to -0.5
2318,2023-09-21,2023-09-22,2023-10-24,12,12,-0.05048355093547432,-0.002865638050898949,-0.04727859107309752,-0.023763640910717383,63.11902890440573,47.092999730342946,-0.2580752847279604,-1.138509328305724,False,-1.5 to -0.5
2319,2023-09-22,2023-09-25,2023-10-25,12,12,-0.06648389274015304,-0.009736562242276252,-0.056630113686715895,-0.028545970456759585,61.14751729492348,44.97542914688854,-0.3987881193464573,-1.0982984208892344,False,-1.5 to -0.5
2320,2023-09-25,2023-09-26,2023-10-26,12,12,-0.018438516641909052,0.02008744992250872,-0.03707490697914846,-0.018534540255979306,61.14751729492348,45.61470104299023,-0.6754634611208031,-1.096925543902702,False,-1.5 to -0.5
2321,2023-09-26,2023-09-27,2023-10-27,12,12,-0.03438002612311029,0.013475242976443643,-0.0468217432553038,-0.023510518536909126,63.56960352158273,46.17331828097383,-0.672664262622374,-1.0877446047776953,False,-1.5 to -0.5
2322,2023-09-27,2023-09-28,2023-10-30,12,12,-0.08082332820636103,-0.003630494236144754,-0.0769223902194309,-0.03896466583232506,63.11902890440573,44.839478836068885,-0.3395467794257739,-1.0494280838410188,False,-1.5 to -0.5
2323,2023-09-28,2023-09-29,2023-10-31,12,12,-0.07841258358546514,-0.019198035344943454,-0.05929182621647915,-0.02984097995760921,63.72830414659459,46.41034511773916,0.2827908466686366,-0.9604838262727824,False,-1.5 to -0.5
2324,2023-09-29,2023-10-02,2023-11-01,12,12,-0.0577381016944294,-0.006939502173898266,-0.05016837126830849,-0.02520262974956929,62.76894593432123,50.146684094488045,0.0384293983836784,-0.916517541167442,False,-1.5 to -0.5
2325,2023-10-02,2023-10-03,2023-11-03,11,11,0.03330189978861258,0.0012117027736750084,0.033733089344855194,0.017221139672608715,64.92597266057992,52.92826208778595,0.6945837290623521,-0.8266451101894974,False,-1.5 to -0.5
2326,2023-10-03,2023-10-04,2023-11-06,11,11,-0.008633039393583853,0.02838639218804123,-0.034395721011190865,-0.016894156718476525,64.92597266057993,52.299710139636346,0.5310706127665105,-0.7380704156066421,False,-1.5 to -0.5
2327,2023-10-04,2023-10-05,2023-11-07,12,12,0.019624225967406858,0.05523184523056497,-0.0316851157836339,-0.015395937292379069,62.42691049585653,50.61357289166585,0.3151441997736258,-0.6563043317803079,False,-1.5 to -0.5
2328,2023-10-05,2023-10-06,2023-11-08,12,12,0.026734275142175194,0.030513068144724917,-0.0015691387401143256,-0.00012282945785393386,62.31597306148107,51.39791409942634,0.4078619889481125,-0.5817777095332252,False,-1.5 to -0.5
2329,2023-10-06,2023-10-09,2023-11-09,12,12,0.004660238317258703,0.02584897925291626,-0.01859949758855021,-0.008648647700508407,62.41257752010521,52.41892450613212,0.3940340651128644,-0.5504891639478156,False,-1.5 to -0.5
2330,2023-10-09,2023-10-10,2023-11-10,12,12,-0.015468179290573881,-0.00413933670469986,-0.008970058026972061,-0.0037454056149127902,60.94702676760492,51.39791409942634,0.7327345680555968,-0.4835760870652743,False,-0.5 to +0.5
2331,2023-10-10,2023-10-11,2023-11-13,12,12,0.0014854965787009621,-0.0049633343415305614,0.008696308477341453,0.005007276347765778,59.08632764960341,51.397914099426345,0.8364766342684273,-0.3852292091164124,False,-0.5 to +0.5
2332,2023-10-11,2023-10-13,2023-11-14,12,12,0.07932925500530946,0.021535140043155643,0.0587215745388863,0.029590721686141564,58.2963789557798,51.39791409942634,0.943495840065714,-0.2546473120412831,False,-0.5 to +0.5
2333,2023-10-13,2023-10-16,2023-11-16,12,12,0.09061878168429452,0.0349724039184236,0.05649600558427495,0.028573572819648986,56.83082820327951,51.33194217146157,1.206873651061285,-0.101607526221771,False,-0.5 to +0.5
2334,2023-10-16,2023-10-17,2023-11-17,12,12,0.09651096117084362,0.03883735794841845,0.05822135702025721,0.029411196849096766,56.83082820327951,51.33194217146157,1.2575895630770162,0.0405797913148831,False,-0.5 to +0.5
2335,2023-10-17,2023-10-18,2023-11-20,12,12,0.13901434262840148,0.08312147609151864,0.053859164720438904,0.02717227374809384,58.2963789557798,50.29261980710027,1.5031070980248182,0.194040398233161,False,-0.5 to +0.5
2336,2023-10-18,2023-10-19,2023-11-21,12,12,0.11387375516454944,0.03364195378896822,0.08013048257271785,0.040102986325434395,56.093490697404356,51.397914099426345,1.5657105128735975,0.3601531104457844,False,-0.5 to +0.5
2337,2023-10-19,2023-10-20,2023-11-22,12,12,0.12955718003658,0.06940484789164221,0.058794434878185295,0.02976006245117166,56.09349069740435,49.8083823616621,1.546156600864145,0.5157328082155888,False,+0.5 to +1.5
2338,2023-10-20,2023-10-23,2023-11-23,12,12,0.10947536440457431,0.042380525004888814,0.06643937555544831,0.033334639651854146,57.159137427750956,51.39791409942634,1.600756551512181,0.6539231336369368,False,+0.5 to +1.5
2339,2023-10-23,2023-10-24,2023-11-24,12,12,0.07594712656663208,0.0382277309606216,0.0385582716864722,0.019750127001584777,57.78553749925064,51.408463597472206,1.2348021760215937,0.7383943034556945,False,+0.5 to +1.5
2340,2023-10-24,2023-10-25,2023-11-27,12,12,0.10634603049336046,0.05198565465691544,0.053795413936473184,0.027243666827219768,58.88312339373602,51.408463597472206,1.190403171209293,0.828319153701644,False,+0.5 to +1.5
2341,2023-10-25,2023-10-26,2023-11-28,12,12,0.10039455559850151,0.034716314001286455,0.06534603956785183,0.032750210523141,60.764065281973274,51.291548905241264,0.5660883687305518,0.8985818372306003,False,+0.5 to +1.5
2342,2023-10-26,2023-10-27,2023-11-29,12,12,0.12576897697683717,0.0539498091337888,0.06959590073596368,0.03482161263214925,60.052242366412464,47.51545094341021,0.4996291462740173,0.9649038106183904,False,+0.5 to +1.5
2343,2023-10-27,2023-10-30,2023-11-30,12,12,0.16542466046182705,0.1006250705914432,0.06041304657419763,0.030301861328124277,58.81217846985492,48.7857841752483,0.7738979870414492,1.0278628564892516,False,+0.5 to +1.5
2344,2023-10-30,2023-10-31,2023-12-01,12,12,0.21780592494493656,0.11084365623663062,0.09865821236688821,0.04910812608955104,57.8837064054858,46.763087360481684,1.0079871701782643,1.0688351007564132,False,+0.5 to +1.5
2345,2023-10-31,2023-11-01,2023-12-04,12,12,0.16905178842223686,0.06661810557215715,0.09869139632772567,0.04907513212351079,57.004261063124034,43.12112697454797,0.8719316906553443,1.115910655639305,False,+0.5 to +1.5
2346,2023-11-01,2023-11-03,2023-12-05,12,12,0.10163457678350574,0.036192496338176186,0.064587949164299,0.03245622150285507,56.85804735193894,42.12862859707649,1.1035114406207294,1.138966776824211,False,+0.5 to +1.5
2347,2023-11-03,2023-11-06,2023-12-06,12,12,0.1284514703398188,0.03888024324447248,0.0876780092032942,0.04342103579995615,58.706385816461896,43.12112697454797,0.9659620605209344,1.163478928399733,False,+0.5 to +1.5
2348,2023-11-06,2023-11-07,2023-12-07,12,12,0.11384357155871022,0.0294085499499299,0.08309308121775565,0.0411304505187108,60.34335557296405,45.10532714958631,0.9129587556007868,1.1971784908895766,False,+0.5 to +1.5
2349,2023-11-07,2023-11-08,2023-12-08,12,12,0.10943250185984857,0.043382571480127856,0.06445132074283605,0.03213687797187308,61.9287364422569,43.35426298640184,1.364961284174861,1.2511579461840836,False,+0.5 to +1.5
2350,2023-11-08,2023-11-09,2023-12-11,12,12,0.06883635934258593,0.049993481954713856,0.01874890286422992,0.009580154145664183,59.22894259141347,43.95397175616156,1.0095234531485973,1.285804344976409,False,+0.5 to +1.5
2351,2023-11-09,2023-11-10,2023-12-12,12,12,0.06014546272059339,0.04900150198515163,0.011499716183470248,0.005964529132055076,59.22894259141347,43.56466215001419,0.8840997910731284,1.2942216832175306,False,+0.5 to +1.5
2352,2023-11-10,2023-11-13,2023-12-13,12,12,0.16894048110128237,0.07997724128241487,0.08417342367570968,0.041703335625684665,56.8629444722684,42.87830307820076,1.2385525826777346,1.3168021561520191,False,+0.5 to +1.5
2353,2023-11-13,2023-11-14,2023-12-14,12,12,0.11507479280943642,0.0529860195584498,0.05992899712584462,0.029825428571428145,57.4632142104366,43.25894899355884,1.0299761489513497,1.3215518985800556,False,+0.5 to +1.5
2354,2023-11-14,2023-11-16,2023-12-15,12,12,0.04531034138728006,0.02796917574134027,0.017519835598090467,0.009007692990488494,58.78035151895827,39.60187048880538,1.6076434027920483,1.3440708367365235,False,+0.5 to +1.5
2355,2023-11-16,2023-11-17,2023-12-18,12,12,0.07083684385761853,0.03656820581137285,0.03378694359841551,0.01697583034580739,57.14789123822817,42.175363695897936,1.90441322799902,1.380492658833874,False,+0.5 to +1.5
2356,2023-11-17,2023-11-20,2023-12-19,12,12,0.07060960860984555,0.03421508809000445,0.03586249632745986,0.01808028157908875,58.627948729201705,40.190564556992214,1.890789464146288,1.4023088246619846,False,+0.5 to +1.5
2357,2023-11-20,2023-11-21,2023-12-20,12,12,0.07131725985288946,0.040750471178695145,0.030159461517264664,0.015287207809609899,58.481735018016614,39.4955417943895,1.889840263048257,1.4205495224634943,False,+0.5 to +1.5
2358,2023-11-21,2023-11-22,2023-12-21,12,12,0.082038020082008,0.03648434420581152,0.044785390968472345,0.022433481368739173,56.84476526151445,43.57332584080347,1.5403550666328991,1.4201385022911708,False,+0.5 to +1.5
2359,2023-11-22,2023-11-23,2023-12-22,12,12,0.08064744851920898,0.0499816612453046,0.02997636265390147,0.01516508991938118,56.84476526151445,40.190564556992214,1.4814406346372164,1.4133163323711582,False,+0.5 to +1.5
2360,2023-11-23,2023-11-24,2023-12-26,12,12,0.10854327242819709,0.0711537024478008,0.035361702383224176,0.01780973393898688,56.39063093941623,38.489962180798564,1.084816940739486,1.4047068039384865,False,+0.5 to +1.5
2361,2023-11-24,2023-11-27,2023-12-27,12,12,0.10287415424677515,0.07465660314273541,0.026530641454466687,0.013405401280304988,56.90489243117713,38.489962180798564,0.620641533985188,1.3723613796583856,False,+0.5 to +1.5
2362,2023-11-27,2023-11-28,2023-12-28,12,12,0.08247980411715355,0.0785925303320021,0.003965903206125092,0.0022097176760569543,54.9105734484427,42.2533693799679,0.4560370823752068,1.3659499026194253,False,+0.5 to +1.5
2363,2023-11-28,2023-11-29,2024-01-02,12,12,0.04047069946985531,0.061278081748078216,-0.01891757095202647,-0.009201352123201058,54.910573448442705,39.752453317476835,0.4010573027176334,1.3601867080850714,False,+0.5 to +1.5
2364,2023-11-29,2023-11-30,2024-01-03,12,12,0.050405277962361855,0.03808299865654111,0.013018052671600463,0.006787531353864454,55.04179894105359,41.76648744526386,0.3662307612219529,1.3370062410120278,False,+0.5 to +1.5
2365,2023-11-30,2023-12-01,2024-01-04,12,12,0.0017450404243255589,0.005084349673118445,-0.002154642686555433,-0.0007936062133062923,54.52977003354656,41.76648744526387,0.4276628212942401,1.304130899475896,False,+0.5 to +1.5
2366,2023-12-01,2023-12-04,2024-01-05,12,12,0.04020584837562314,0.017483012697103284,0.023605022501693114,0.012060140720417445,54.52977003354656,42.39901217108238,-0.009582177864727,1.2542700215306195,False,+0.5 to +1.5
2367,2023-12-04,2023-12-05,2024-01-08,12,12,0.06097152322794441,0.019028472052620916,0.04241709716225773,0.021339029419203768,53.72981109259968,42.31176185996173,-0.2476887037500793,1.1779798123689915,False,+0.5 to +1.5
2368,2023-12-05,2023-12-06,2024-01-09,12,12,0.06350851483469905,0.03126259510934391,0.032593001612818945,0.01645378707911793,53.7298110925997,40.67025917804917,0.0387714192405936,1.12565901505855,False,+0.5 to +1.5
2369,2023-12-06,2023-12-07,2024-01-10,12,12,0.020480690491359824,0.02044909698272618,0.0010290219215949683,0.0007567642581116265,55.05618175323712,41.94127726854473,0.0605713476511581,1.0775895425763768,False,+0.5 to +1.5
2370,2023-12-07,2023-12-08,2024-01-11,12,12,0.0122545683251778,0.007329249690167237,0.005818779675987893,0.003126370638642369,54.912767253631536,44.30734671232207,-0.3176881292560831,0.982767473473849,False,+0.5 to +1.5
2371,2023-12-08,2023-12-11,2024-01-12,12,12,0.03669736528819748,0.019029294588881526,0.01820526244054254,0.009295671096303033,54.912767253631536,44.059662971220604,-0.2690866222714647,0.9107390265798886,False,+0.5 to +1.5
2372,2023-12-11,2023-12-12,2024-01-15,12,12,0.04461445082530211,0.015473875592339375,0.029906853255878493,0.015093905737740668,53.7298110925997,42.1641558517748,-0.0598638793409194,0.8575943822632975,False,+0.5 to +1.5
2373,2023-12-12,2023-12-13,2024-01-16,12,12,-0.02797855367401617,-0.026201879002994873,-0.00092144668854128,-0.0002511563578984335,53.7298110925997,42.1641558517748,0.0534462328032987,0.790884251494395,False,+0.5 to +1.5
2374,2023-12-13,2023-12-14,2024-01-17,12,12,-0.04251573491365481,-0.026338103635073124,-0.01594009364690354,-0.007793112033661766,54.912767253631536,42.39364029459214,-0.1376374657707356,0.725159472177802,False,+0.5 to +1.5
2375,2023-12-14,2023-12-15,2024-01-18,12,12,-0.043284254379772395,-0.02488693123576091,-0.01845337691334886,-0.009039578312268964,54.12539775001115,43.54241952455425,-0.2511997455440218,0.6204907696562431,False,+0.5 to +1.5
2376,2023-12-15,2023-12-18,2024-01-19,12,12,-0.044887827896264915,-0.034450164118157545,-0.01034008605348715,-0.0049749682609319685,54.12539775001116,44.38060414498897,0.5837850993618956,0.5460998612583622,False,+0.5 to +1.5
2377,2023-12-18,2023-12-19,2024-01-22,12,12,-0.07482239315110625,-0.04692802145959058,-0.02861140689985496,-0.014202943644982122,54.12539775001115,45.316246081271295,0.3921550844496506,0.4616062214413677,False,-0.5 to +0.5
2378,2023-12-19,2023-12-20,2024-01-23,12,12,-0.05162770693001704,-0.04547297491436643,-0.005686679766583814,-0.002686583231038872,54.12539775001116,44.42891641560181,0.7752087478265038,0.3986658972314165,False,-0.5 to +0.5
2379,2023-12-20,2023-12-21,2024-01-24,12,12,-0.06946265083599923,-0.04064064358420991,-0.029329905722746415,-0.014595039740760382,54.12539775001116,42.88991978137597,0.4191847634156735,0.3353311104524118,False,-0.5 to +0.5
2380,2023-12-21,2023-12-22,2024-01-25,12,12,-0.06611870471472524,-0.041078180923599376,-0.02551372653123934,-0.012638150915961146,54.12539775001115,44.54736478420855,0.3472688034036262,0.271224876223718,False,-0.5 to +0.5
2381,2023-12-22,2023-12-26,2024-01-26,12,12,-0.08078440340659132,-0.054800382347561925,-0.026778558755246797,-0.013319333257700329,57.29921766553711,45.1014079912245,-0.0010008884289051,0.209876291817982,False,-0.5 to +0.5
2382,2023-12-26,2023-12-27,2024-01-29,12,12,-0.09807240263306412,-0.038131522261448045,-0.061887285560833324,-0.03117491886199415,57.29921766553711,47.71575844581111,0.2331594398265488,0.1879499320638435,False,-0.5 to +0.5
2383,2023-12-27,2023-12-28,2024-01-30,12,12,-0.09714906732876911,-0.07296706059363746,-0.025402555859672955,-0.012571351729156842,55.96927267793692,44.16591617226288,0.2401587237977815,0.1757221424674189,False,-0.5 to +0.5
2384,2023-12-28,2024-01-02,2024-01-31,12,12,-0.04448864845205122,-0.036410795550731574,-0.00785249473674241,-0.003695936454808826,55.60534938294515,42.93048332984605,0.1977914415148518,0.1642139958473217,False,-0.5 to +0.5
2385,2024-01-02,2024-01-03,2024-02-01,12,12,-0.041649374413064405,-0.025216210507771612,-0.016763644847632323,-0.008184297079016559,63.453429105374255,51.540553847853516,-0.2746445308920315,0.1280537191399279,False,-0.5 to +0.5
2386,2024-01-03,2024-01-04,2024-02-02,12,12,-0.027184154833015006,-0.028841778855683235,0.0015369772504843092,0.0010146801468444962,63.453429105374255,51.540553847853516,-0.0807686310903067,0.0993344849533646,False,-0.5 to +0.5
2387,2024-01-04,2024-01-05,2024-02-05,12,12,-0.042074517619586436,-0.028528205464649216,-0.014265353556147536,-0.006853902826456703,62.70481392895905,50.12389163431738,0.1299802287421163,0.1072192598215427,False,-0.5 to +0.5
2388,2024-01-05,2024-01-08,2024-02-06,12,12,-0.061743507707319435,-0.0046716724817750035,-0.05747166110643834,-0.02893369673288831,62.166068495884396,49.66070870724084,0.1491140135500684,0.1296539292747911,False,-0.5 to +0.5
2389,2024-01-08,2024-01-09,2024-02-07,12,12,-0.037107386054878976,-0.010696856053792518,-0.0270307316307799,-0.013422295116007631,59.36511368866883,52.93720924781194,0.6285923264052732,0.1629042402622631,False,-0.5 to +0.5
2390,2024-01-09,2024-01-10,2024-02-08,12,12,-0.04207079489271305,-0.0032154977967870143,-0.03931487827447277,-0.01970027405801372,57.61961590207278,53.628653785254016,0.1926125125660898,0.1703628299664266,False,-0.5 to +0.5
2391,2024-01-10,2024-01-11,2024-02-09,12,12,-0.04312751814614302,-0.01696213512665848,-0.026918882619591467,-0.013416922543012022,59.06242881280577,54.337788603741124,0.6222390432678149,0.2234315460709524,False,-0.5 to +0.5
2392,2024-01-11,2024-01-12,2024-02-14,12,12,-0.03979541411863598,-0.026034696005653356,-0.014598753773242946,-0.007168099068695455,58.90697651156265,51.65280174574044,-0.0098738661074247,0.2381406419743845,False,-0.5 to +0.5
2393,2024-01-12,2024-01-15,2024-02-15,12,12,-0.03924366383334265,-0.0005048300075508611,-0.039259576172247436,-0.01964524475229195,58.90697651156265,54.777433015216126,0.4981743939553062,0.2696468050587322,False,-0.5 to +0.5
2394,2024-01-15,2024-01-16,2024-02-16,12,12,-0.024465599663340196,0.020523430632396776,-0.04431869698845633,-0.02225928579878738,61.78269859181976,53.628653785254016,0.3938575383550624,0.2888701819167102,False,-0.5 to +0.5
2395,2024-01-16,2024-01-17,2024-02-19,12,12,-0.027499516780983637,0.017020939783975297,-0.04392708410635091,-0.022073446343589594,60.84853557625013,49.94317170327306,0.2747681107724832,0.3121952461703051,False,-0.5 to +0.5
2396,2024-01-17,2024-01-18,2024-02-20,12,12,0.01209729404995691,0.0708331625912237,-0.054966818470085915,-0.027719934734134907,62.70929696059533,52.56578094146435,0.3412456409984086,0.3456943931504097,False,-0.5 to +0.5
2397,2024-01-18,2024-01-19,2024-02-21,12,12,0.01901672898318179,0.048518230674357114,-0.02815245439915035,-0.01398305190530056,62.70929696059533,52.10955995262136,0.8146359259742532,0.3586425615264184,False,-0.5 to +0.5
2398,2024-01-19,2024-01-22,2024-02-22,12,12,0.029738914213966742,0.06272450334785273,-0.031353766995599955,-0.015633393933229624,63.16094140724434,53.486531832936144,0.7782509523540249,0.3803861028974213,False,-0.5 to +0.5
2399,2024-01-22,2024-01-23,2024-02-23,12,12,0.008246122449150461,0.02278875298248787,-0.01446662028208492,-0.007090628676654147,63.16094140724433,52.50272921192079,0.6909043044649076,0.3755427235577987,False,-0.5 to +0.5
2400,2024-01-23,2024-01-24,2024-02-26,12,12,0.0180562153684195,0.03575225158969469,-0.017242707087883703,-0.008491187275259077,59.0517504478982,55.47117666316126,0.5992692354959565,0.385674363887477,False,-0.5 to +0.5
2401,2024-01-24,2024-01-25,2024-02-27,12,12,0.039007618941500885,0.04707256478644411,-0.00774034956266785,-0.0036950667687797928,63.16094140724433,55.47117666316128,0.6076293953521129,0.4003486732282419,False,-0.5 to +0.5
2402,2024-01-25,2024-01-26,2024-02-28,12,12,0.02710154992936069,0.059890230243468734,-0.03122866231567719,-0.015504634005700882,63.16094140724434,52.410621276013615,0.6206214113572215,0.4354628650011964,False,-0.5 to +0.5
2403,2024-01-26,2024-01-29,2024-02-29,12,12,0.038230309191612515,0.07916975285687446,-0.0381777687145393,-0.019084969507375833,61.12196851602809,53.5301682807664,0.2450375122314136,0.436158691048208,False,-0.5 to +0.5
2404,2024-01-29,2024-01-30,2024-03-01,12,12,0.052432189264640695,0.06624798791475164,-0.012548493711807062,-0.006112900805570435,59.190397178581016,55.428906724819086,0.4988203520218905,0.4507666878788591,False,-0.5 to +0.5
2405,2024-01-30,2024-01-31,2024-03-04,12,12,0.04289874629561093,0.02405994204869506,0.018374638384631048,0.009289358277260011,61.39785502561302,58.37059037562847,0.8919026300859159,0.4899352847071168,False,-0.5 to +0.5
2406,2024-01-31,2024-02-01,2024-03-05,12,12,0.04810900341933365,0.03407566038422329,0.013524015975506733,0.0068894146257623004,62.43714637179653,55.541519193325,0.7189871113317776,0.5460881306753709,False,+0.5 to +1.5
2407,2024-02-01,2024-02-02,2024-03-06,12,12,0.03709558642099298,0.043891371797739845,-0.006527135594090297,-0.00310954516498304,63.19960792019359,56.51890294908704,0.9799699588955224,0.6059940033550648,False,+0.5 to +1.5
2408,2024-02-02,2024-02-05,2024-03-07,12,12,0.06675489076157136,0.051750475854458265,0.014528188508592318,0.007339020977863686,62.43714637179653,55.59367314429687,0.8704175773504833,0.6478075574104746,False,+0.5 to +1.5
2409,2024-02-05,2024-02-06,2024-03-08,12,12,0.049532191102149785,0.042202627953098,0.007136143236568995,0.0036709838427193726,62.43714637179653,57.94070361222159,0.9098211908986398,0.6907637630545643,False,+0.5 to +1.5
2410,2024-02-06,2024-02-07,2024-03-11,12,12,0.03192130927927055,0.019355426888108117,0.012257917118892386,0.0062368956645248285,62.43714637179653,55.33046561465315,1.0777953436701382,0.7160802677743641,False,+0.5 to +1.5
2411,2024-02-07,2024-02-08,2024-03-12,12,12,0.07180835953999526,0.03414268010660365,0.03653648824406997,0.01821907945490043,62.43714637179653,57.41274316618899,0.8209771623003858,0.7515706077382657,False,+0.5 to +1.5
2412,2024-02-08,2024-02-09,2024-03-13,12,12,0.06820810134706443,0.03254141227964612,0.03469669016609499,0.01730044109471989,61.264751199620115,55.847332605804546,0.3134474810517118,0.734134237949532,False,+0.5 to +1.5
2413,2024-02-09,2024-02-14,2024-03-14,12,12,0.07912587026656782,0.03437923503045492,0.04315793670326911,0.021510252927173113,61.264751199620115,57.828389296461445,0.6421726150506113,0.7709839292017399,False,+0.5 to +1.5
2414,2024-02-14,2024-02-15,2024-03-15,12,12,0.029227608092977128,0.026949832647269863,0.002497230634091355,0.0013971181979504632,63.38700337772878,54.00218731970606,0.4274588185843311,0.7669928076177432,False,+0.5 to +1.5
2415,2024-02-15,2024-02-16,2024-03-18,12,12,0.003676925338856701,0.004877351685909395,-0.0010769139692440996,-0.000316687066340284,63.63207465974178,52.9968351121382,0.4690350925016919,0.7712445054555944,False,+0.5 to +1.5
2416,2024-02-16,2024-02-19,2024-03-19,12,12,0.021269154956917974,0.013622359778381788,0.007668273121489395,0.004010360381921759,65.01052363709034,52.9968351121382,0.5138034304677339,0.7847520417798918,False,+0.5 to +1.5
2417,2024-02-19,2024-02-20,2024-03-20,12,12,0.04490459388294711,0.007544654188341158,0.036988838155434654,0.018641681878924045,64.69598585353782,54.58630226185668,0.6659725961837001,0.8030808786663268,False,+0.5 to +1.5
2418,2024-02-20,2024-02-21,2024-03-21,12,12,0.030319945016743288,-0.002602506263749342,0.0330450477888936,0.016689787906210698,64.69598585353782,56.958154697991745,0.2009410651065877,0.7684303876387211,False,+0.5 to +1.5
2419,2024-02-21,2024-02-22,2024-03-22,12,12,-0.007137826934558255,-0.01220127023025825,0.005479596883456961,0.00305138198371103,62.8577885863383,54.57066742916098,0.0256351560076498,0.725955954500659,False,+0.5 to +1.5
2420,2024-02-22,2024-02-23,2024-03-25,12,12,-0.006482099012536088,-0.013522576670849273,0.007182026890458537,0.003879986344767847,63.2206744511869,53.382230094727085,0.017618742370667,0.6879712188976407,False,+0.5 to +1.5
2421,2024-02-23,2024-02-26,2024-03-26,12,12,-0.012063641545128293,-0.015870258067611713,0.0037033243971545562,0.0020954892569235413,62.12434560403517,53.382230094727085,-0.1791013612841637,0.6440795932168948,False,+0.5 to +1.5
2422,2024-02-26,2024-02-27,2024-03-27,12,12,-0.01890593812538621,0.0030148792181740576,-0.022101345338434466,-0.010854087420553061,63.31753687618925,55.05523834637355,-0.0739953349591834,0.6056444541999862,False,+0.5 to +1.5
2423,2024-02-27,2024-02-28,2024-03-28,12,12,-0.011207935166699276,0.010230457737008185,-0.02172899269516469,-0.010708402261032202,62.12434560403517,55.05523834637355,0.1261840723456713,0.5777597433985976,False,+0.5 to +1.5
2424,2024-02-28,2024-02-29,2024-04-01,12,12,-0.01757155957759254,-0.022722772552861398,0.004826948600225205,0.00267504560542313,61.48039636709132,54.81386807125114,-0.1235900030132844,0.557023541602503,False,+0.5 to +1.5
2425,2024-02-29,2024-03-01,2024-04-02,12,12,-0.030518242264091985,0.011475557667355956,-0.04182511473636411,-0.020896022961826348,62.99915606562801,58.22711779150979,-0.2579537253843867,0.5143741123402186,False,+0.5 to +1.5
2426,2024-03-01,2024-03-04,2024-04-03,12,12,-0.011404493477944986,0.018115311207143797,-0.029386507450580027,-0.014585143905764509,62.8681863654057,58.227117791509805,-0.0481091716154519,0.4613359038345316,False,-0.5 to +0.5
2427,2024-03-04,2024-03-05,2024-04-04,12,12,-0.033555099840947844,-0.002589645750398424,-0.03105416244977256,-0.015375147936589043,64.60895475310708,55.86360389980293,-0.3020672923497442,0.4037505323321584,False,-0.5 to +0.5
2428,2024-03-05,2024-03-06,2024-04-05,12,12,-0.036862876519392206,0.004869290897976696,-0.041832932114042015,-0.020878307908102117,64.60895475310708,55.37695719705389,-0.2200823495854928,0.3360255792464118,False,-0.5 to +0.5
2429,2024-03-06,2024-03-07,2024-04-08,12,12,-0.020544893020620836,-0.0009379832275824954,-0.019614761629963888,-0.009587071519438346,64.6089547531071,58.023067087842584,0.2540665939240489,0.3011949870765559,False,-0.5 to +0.5
2430,2024-03-07,2024-03-08,2024-04-09,12,12,2.9944839980313576e-06,0.03786502487676412,-0.03694727369763975,-0.01845084989801643,61.480396367091316,56.16842580425501,0.95338435461726,0.303531680224543,False,-0.5 to +0.5
2431,2024-03-08,2024-03-11,2024-04-10,12,12,-0.045312092982052896,0.00992622063935397,-0.054742996117363815,-0.027554889456863435,64.71592217942023,55.03857358120995,0.4143904860535268,0.2659929957491332,False,-0.5 to +0.5
2432,2024-03-11,2024-03-12,2024-04-11,12,12,-0.056552917153675504,0.002148768518673058,-0.05860063990347545,-0.029555846014193657,65.45102581801177,55.2357013725292,0.6225191373114529,0.254691902740077,False,-0.5 to +0.5
2433,2024-03-12,2024-03-13,2024-04-12,12,12,-0.07848571957901893,-0.019487368391436662,-0.06044000672868439,-0.030529212568090363,64.74966350154263,57.53026512841427,-0.1258080204702179,0.2299164335252681,False,-0.5 to +0.5
2434,2024-03-13,2024-03-14,2024-04-15,12,12,-0.09904376480584293,-0.04333778994895883,-0.05837847148723179,-0.029469381167595878,64.74966350154263,57.53026512841427,-0.1412983395504829,0.1856674326100256,False,-0.5 to +0.5
2435,2024-03-14,2024-03-15,2024-04-16,12,12,-0.09692698282882709,-0.051969764676857017,-0.04789660028151909,-0.024068494985234317,64.74966350154264,53.11927671292415,0.0201969443771695,0.1626577514465013,False,-0.5 to +0.5
2436,2024-03-15,2024-03-18,2024-04-17,12,12,-0.09153973447068647,-0.05703771617446062,-0.03612696663889191,-0.01800456989910278,61.83161046104203,54.73598797554874,0.4839214502509657,0.1634284793346806,False,-0.5 to +0.5
2437,2024-03-18,2024-03-19,2024-04-18,12,12,-0.12247521446368138,-0.06718006539840073,-0.05887762636432946,-0.029660891677059553,62.14940404153949,52.09854760465394,0.1395823140374429,0.1422569926783344,False,-0.5 to +0.5
2438,2024-03-19,2024-03-20,2024-04-19,12,12,-0.12730773905286838,-0.06818523320764146,-0.06309618466520867,-0.03188171014799696,63.69702347197251,50.311205326011155,0.5351517548179325,0.1347671977022198,False,-0.5 to +0.5
2439,2024-03-20,2024-03-21,2024-04-22,12,12,-0.12130824002273406,-0.05072410286062998,-0.07442500637626358,-0.03776821552689706,64.36293482013252,54.69902729007108,0.1056246508092621,0.1293761448659146,False,-0.5 to +0.5
2440,2024-03-21,2024-03-22,2024-04-23,12,12,-0.1089676027045169,-0.042239900390585505,-0.0697768021116678,-0.03535975453349905,62.19209406142537,54.685752635661395,0.1322744488857789,0.1354062756873813,False,-0.5 to +0.5
2441,2024-03-22,2024-03-25,2024-04-24,12,12,-0.11851270794929045,-0.031018536400786667,-0.09100441110757988,-0.046367252913306796,61.69249025985527,45.57041029273143,-0.1643930102790962,0.1251678497657866,False,-0.5 to +0.5
2442,2024-03-25,2024-03-26,2024-04-25,12,12,-0.12913928696019936,-0.060917165420947855,-0.0731337091182147,-0.037042689635140284,62.00686670539543,49.762120046395445,0.0150474407634241,0.1361743789222199,False,-0.5 to +0.5
2443,2024-03-26,2024-03-27,2024-04-26,12,12,-0.0937095244086591,-0.05714751619084009,-0.038524428377925725,-0.019298427218177205,66.23423086518657,48.13509230903182,0.6924135072163264,0.1794191882342238,False,-0.5 to +0.5
2444,2024-03-27,2024-03-28,2024-04-29,12,12,-0.09273134644724207,-0.06693541835093104,-0.027032964982336177,-0.013465939390426984,64.62630840399063,48.135092309031826,0.4543114585386653,0.1979250438143829,False,-0.5 to +0.5
2445,2024-03-28,2024-04-01,2024-04-30,12,12,-0.09264066542939857,-0.08623530293232184,-0.0069459025654000335,-0.0033503517145197135,64.71547116664989,44.721576508159245,0.5554198961162998,0.2362692503674739,False,-0.5 to +0.5
2446,2024-04-01,2024-04-02,2024-05-02,12,12,-0.07548042623325961,-0.07716561971633407,0.0015038045307763882,0.000948894043635475,61.745211030598604,48.449242414786674,-0.6418203423255338,0.2147230857580701,False,-0.5 to +0.5
2447,2024-04-02,2024-04-03,2024-05-03,12,12,-0.02767134173103811,-0.04235151083993861,0.01537119295651168,0.007896638537639108,60.96374630888139,48.85183313639189,-0.6828711781513916,0.1789816838200227,False,-0.5 to +0.5
2448,2024-04-03,2024-04-04,2024-05-06,12,12,-0.03897218999428353,-0.059679672192708,0.021334099347570374,0.010759080127258,60.39397897865686,45.682113850138165,-0.1809304984562104,0.1859054885010411,False,-0.5 to +0.5
2449,2024-04-04,2024-04-05,2024-05-07,12,12,-0.008763444009822301,-0.05353060622960974,0.04613993134499674,0.023217259821901492,61.656048267939354,47.49979444824808,0.042991532961189,0.2008186931843918,False,-0.5 to +0.5
2450,2024-04-05,2024-04-08,2024-05-08,12,12,0.005607833808292479,-0.0681791268642288,0.07700966994621963,0.03821749402011078,61.30793050027679,46.1689306359738,0.3519206805456839,0.2063248875127451,False,-0.5 to +0.5
2451,2024-04-08,2024-04-09,2024-05-09,12,12,-0.027848021550219065,-0.11242588173581539,0.09298324083468913,0.04590058344934399,61.307930500276775,48.21328623666989,0.3157300993031396,0.1702194985369218,False,-0.5 to +0.5
2452,2024-04-09,2024-04-10,2024-05-10,12,12,-0.0037704785479635294,-0.11331483968667672,0.12078262104437326,0.05915256813081831,62.91585296147272,45.307379815329234,0.2611663708921439,0.1615263096283661,False,-0.5 to +0.5
2453,2024-04-10,2024-04-11,2024-05-13,13,13,-0.006283745787208313,-0.09459504345191855,0.09624653299044549,0.04747569590377242,60.637199742694136,46.8424286823116,0.5744064938454456,0.15871559503454,False,-0.5 to +0.5
2454,2024-04-11,2024-04-12,2024-05-14,13,13,0.029175031720919457,-0.08071826781322472,0.11812982580734062,0.05789230303786159,60.637199742694136,47.18833702213523,0.777089947833539,0.2096916378353997,False,-0.5 to +0.5
2455,2024-04-12,2024-04-15,2024-05-15,13,13,0.07722183350958069,-0.05115741395033778,0.13310537424472296,0.06488084064008853,60.637199742694136,50.507877137495555,0.5889546672297957,0.2509473986991218,False,-0.5 to +0.5
2456,2024-04-15,2024-04-16,2024-05-16,13,13,0.06288161284969941,-0.04346837826369888,0.10963070066322121,0.05385547393869954,58.21826652766409,46.547564907793216,0.8351744701444633,0.2969594842801573,False,-0.5 to +0.5
2457,2024-04-16,2024-04-17,2024-05-17,13,13,0.05396707440311401,-0.03253549311958675,0.08884968763175712,0.043883402527443056,60.22310656741287,46.842428682311606,0.5156526025722893,0.298712205345772,False,-0.5 to +0.5
2458,2024-04-17,2024-04-18,2024-05-20,13,13,0.07702016888056469,-0.02133039557481446,0.09952680622101184,0.049034998436052024,58.218266527664085,48.11986851913301,0.4300786446223298,0.3151281680011338,False,-0.5 to +0.5
2459,2024-04-18,2024-04-19,2024-05-21,13,13,0.07307645858790733,-0.03584863028581669,0.1118340912910273,0.054916881536638,58.21826652766409,48.11986851913299,0.6278464053598762,0.3203145815773401,False,-0.5 to +0.5
2460,2024-04-19,2024-04-22,2024-05-22,13,13,0.055280685613485765,-0.059310321074279304,0.12004196008520358,0.05875499089943558,59.92276805449392,55.23936666385141,0.5088699543770843,0.3431028492135839,False,-0.5 to +0.5
2461,2024-04-22,2024-04-23,2024-05-23,13,13,0.044213608376826904,-0.019558987898429202,0.06380234839510197,0.031826664036429,58.21826652766409,54.219877316681384,0.8797329120501071,0.3853114174120619,False,-0.5 to +0.5
2462,2024-04-23,2024-04-24,2024-05-24,13,13,0.049538872355543884,-0.0017261597169164842,0.05031438109518757,0.02523057956955687,60.63719974269414,48.93906760591497,0.2502888825780301,0.408804487788372,False,-0.5 to +0.5
2463,2024-04-24,2024-04-25,2024-05-27,13,13,0.04765712146786796,-0.0034765772817312727,0.050289841226822056,0.02520111706768389,58.17984738717314,48.4326389216506,0.4766004996253053,0.4349135822594384,False,-0.5 to +0.5
2464,2024-04-25,2024-04-26,2024-05-28,13,13,0.009677840968184998,-0.029554471418228954,0.0392419335078486,0.01977471246419779,59.92276805449391,48.93906760591496,0.0573137410624468,0.3990287964188972,False,-0.5 to +0.5
2465,2024-04-26,2024-04-29,2024-05-29,13,13,0.0009975191151159826,-0.03990266391610137,0.04153619538961419,0.02089664680753566,59.922768054493915,49.18934025037511,-0.2449734986540798,0.3595576142402729,False,-0.5 to +0.5
2466,2024-04-29,2024-04-30,2024-05-31,13,13,-0.0016585372217002388,-0.022317277674033027,0.02084862917733128,0.010692133434441128,60.32056038367082,49.44088235508729,0.1191776468608539,0.3349063158380419,False,-0.5 to +0.5
2467,2024-04-30,2024-05-02,2024-06-03,13,13,-0.016406779857250836,-0.04775592146324631,0.03249730299767526,0.016550156914897432,63.67307037063766,46.072054137758144,-0.1375969648460541,0.3635305541356546,False,-0.5 to +0.5
2468,2024-05-02,2024-05-03,2024-06-04,13,13,-0.0689777741612343,-0.06255823539436547,-0.007270102633390257,-0.003263710241477918,60.31191274324746,45.389554431218826,-0.2961295378968243,0.3855396053855584,False,-0.5 to +0.5
2469,2024-05-03,2024-05-06,2024-06-05,13,13,-0.0592407683090817,-0.08548270060788798,0.027677698108862784,0.014151058687942732,62.281554325518385,47.18947034636343,-0.4673718582299137,0.3694767319920605,False,-0.5 to +0.5
2470,2024-05-06,2024-05-07,2024-06-06,13,13,-0.06519982433302292,-0.047396429082725816,-0.018603021547782844,-0.009220008698949199,62.37436430494396,49.27981007040778,-0.3591347062498048,0.3468424264526344,False,-0.5 to +0.5
2471,2024-05-07,2024-05-08,2024-06-07,13,13,-0.09078443603922826,-0.06867828007449221,-0.02353170178908543,-0.011697233031014775,62.37436430494396,48.66933777791748,-0.4814036936184676,0.2998184876899712,False,-0.5 to +0.5
2472,2024-05-08,2024-05-09,2024-06-10,13,13,-0.08663055458622819,-0.056807811364729184,-0.03165739110360219,-0.015767651622069785,62.21918678404574,44.91580373497384,-0.7604235997064808,0.2390918913286585,False,-0.5 to +0.5
2473,2024-05-09,2024-05-10,2024-06-11,13,13,-0.06071209313843594,-0.03882249588188613,-0.022630439514837963,-0.011221201360262533,62.37436430494396,47.265741791031246,-0.7015042952475536,0.1847647783246075,False,-0.5 to +0.5
2474,2024-05-10,2024-05-13,2024-06-12,13,13,-0.07305398882996596,-0.06179979581133041,-0.011700568464909583,-0.005702622686149298,62.37436430494397,47.6728930912745,-0.7323759866675897,0.1109497014617226,False,-0.5 to +0.5
2475,2024-05-13,2024-05-14,2024-06-13,13,13,-0.10089586477022854,-0.05344982797063811,-0.0495380051261353,-0.024946414352260797,59.23513774545814,47.16666698705007,-1.0501573025445865,0.0077029962032707,False,-0.5 to +0.5
2476,2024-05-14,2024-05-15,2024-06-14,13,13,-0.08794543778092727,-0.06604330889543036,-0.02313392531547245,-0.011481988233411138,60.35576451152427,46.21496984567883,-1.0710632106272828,-0.0861109818931537,False,-0.5 to +0.5
2477,2024-05-15,2024-05-16,2024-06-17,13,13,-0.09833702631343581,-0.08195375220760914,-0.01747042595257661,-0.00862616345029728,61.653009395896134,48.284083195655356,-1.550963615550402,-0.2210015506638011,False,-0.5 to +0.5
2478,2024-05-16,2024-05-17,2024-06-18,13,13,-0.1292157882707323,-0.07729141196701882,-0.05571607690634682,-0.02806746048451144,61.637625135173266,48.284083195655356,-1.4425454722825597,-0.3317450474994882,False,-0.5 to +0.5
2479,2024-05-17,2024-05-20,2024-06-19,13,13,-0.110204314622388,-0.07857837719043774,-0.03394709542445087,-0.016900871201925856,60.664219306896904,49.91563767532794,-1.7126013697112357,-0.4529558663580694,False,-0.5 to +0.5
2480,2024-05-20,2024-05-21,2024-06-20,13,13,-0.1282503539209489,-0.06735193561870995,-0.06476253364132988,-0.03273001554815639,59.23513774545814,49.91563767532795,-1.0427227998013118,-0.5475516315115518,False,-1.5 to -0.5
2481,2024-05-21,2024-05-22,2024-06-21,13,13,-0.09960164285455902,-0.03998411240607619,-0.0616720311472409,-0.031136843240882898,62.36534536251266,50.133287316790074,-1.0497901612854728,-0.6358236971603387,False,-1.5 to -0.5
2482,2024-05-22,2024-05-23,2024-06-24,13,13,-0.06990433283442637,-0.006754221785432076,-0.06290445080771047,-0.031759637980462586,62.36534536251266,45.60683869030895,-0.8957018531656277,-0.7363888978097617,False,-1.5 to -0.5
2483,2024-05-23,2024-05-24,2024-06-25,13,13,-0.07158684435996375,-0.00833950724257131,-0.06328489729965243,-0.03195938505051589,62.36534536251266,49.03820252290844,-1.1368267500993852,-0.8149422579594142,False,-1.5 to -0.5
2484,2024-05-24,2024-05-27,2024-06-26,13,13,-0.08539276293446718,-0.014713508360695234,-0.07107341870454835,-0.03597704773008546,62.36534536251266,48.126696413478804,-0.9563772603701384,-0.8960954524704425,False,-1.5 to -0.5
2485,2024-05-27,2024-05-28,2024-06-27,13,13,-0.047907318750811057,-0.0007951430310567406,-0.04641300151078755,-0.023182034705386656,59.99118654724548,47.84652432535142,-0.8737077459984545,-0.9488089444554634,False,-1.5 to -0.5
2486,2024-05-28,2024-05-29,2024-06-28,13,13,-0.06083084996892211,-0.0024387331426775553,-0.05767044522058385,-0.028909191917943673,60.339811113370494,47.938498376325,-1.0385833016022907,-0.9937190770403104,False,-1.5 to -0.5
2487,2024-05-29,2024-05-31,2024-07-01,13,13,-0.04551939496187765,0.011060856615545464,-0.05522870784398685,-0.02765864820208207,59.4332555523296,47.66147083993516,-0.8635979517459401,-1.0493271430693825,False,-1.5 to -0.5
2488,2024-05-31,2024-06-03,2024-07-02,13,13,-0.04784087620427228,0.008130811688748261,-0.054894701063915696,-0.027516229837900287,59.47848893328327,45.871687401177084,-0.8940467109126162,-1.09209839412307,False,-1.5 to -0.5
2489,2024-06-03,2024-06-04,2024-07-03,13,13,-0.007765975550954619,0.03151118237531242,-0.037449560902251836,-0.018482279003176713,59.47848893328327,44.253057021947,-0.5512485562741611,-1.1064856179790388,False,-1.5 to -0.5
2490,2024-06-04,2024-06-05,2024-07-04,13,13,0.045842008702327644,0.036670055896690715,0.010026879847056675,0.0055404930606057,59.47848893328327,43.97789156485047,-1.0397246308673282,-1.1388051666154757,False,-1.5 to -0.5
2491,2024-06-05,2024-06-06,2024-07-05,13,13,0.034888877640447964,0.03386310499158712,0.002154486771495949,0.0015545717820459836,59.47848893328327,44.617237555845705,-1.470822403342013,-1.201611739367747,False,-1.5 to -0.5
2492,2024-06-06,2024-06-07,2024-07-08,13,13,0.050453705057695676,0.05038331475482793,0.0011304376908229537,0.0010254965822694335,59.74092733285678,46.42960446628941,-1.422511621081416,-1.2547510462930231,False,-1.5 to -0.5
2493,2024-06-07,2024-06-10,2024-07-09,13,13,0.08577505932278631,0.05159699473732959,0.03343417808771671,0.017106215083751253,59.74013351945195,47.12349442824961,-1.3733815097257636,-1.2893178226358588,False,-1.5 to -0.5
2494,2024-06-10,2024-06-11,2024-07-10,13,13,0.0808162021710284,0.03215946961261049,0.04801018929390568,0.024270216465117993,59.47769511987845,46.38606461156075,-1.3018846895331486,-1.3231551330186335,False,-1.5 to -0.5
2495,2024-06-11,2024-06-12,2024-07-11,13,13,0.12880441108385451,0.060861633097931696,0.06457188017065744,0.032500828737340184,58.91362647480817,47.35512003061748,-1.4657222903602296,-1.3644979701017848,False,-1.5 to -0.5
2496,2024-06-12,2024-06-13,2024-07-12,13,13,0.11942064434465662,0.07256704597279695,0.0438965513791666,0.022310132251113793,60.15881409037505,47.35512003061748,-1.370211208602851,-1.3824688142267163,False,-1.5 to -0.5
2497,2024-06-13,2024-06-14,2024-07-15,13,13,0.12510533222518858,0.07195893104764628,0.050119750989166274,0.025340418685679798,59.594745445304774,44.362841054057455,-1.4139929279673145,-1.401728247655086,False,-1.5 to -0.5
2498,2024-06-14,2024-06-17,2024-07-16,13,13,0.14762520028249024,0.0797449127155721,0.06319417434520438,0.03166367957496437,57.600284422874864,44.362841054057455,-1.2217269209915609,-1.3830076329944063,False,-1.5 to -0.5
2499,2024-06-17,2024-06-18,2024-07-17,13,13,0.14593485983786472,0.08400759229575931,0.057434310719373695,0.028919423770553288,57.54229324640794,44.36284105405746,-1.4014642390209284,-1.380580042638062,False,-1.5 to -0.5
2500,2024-06-18,2024-06-19,2024-07-18,13,13,0.09581468603167774,0.06167666012312643,0.03296157534531709,0.016805816117313493,61.98026268450109,43.45956665655027,-1.5916415869107154,-1.3736620159074913,False,-1.5 to -0.5
2501,2024-06-19,2024-06-20,2024-07-19,13,13,0.11040873324775916,0.04793995747351783,0.06051031026019065,0.030389738302878895,59.47848893328327,44.009314102639436,-1.5186364940158144,-1.400444748760259,False,-1.5 to -0.5
2502,2024-06-20,2024-06-21,2024-07-22,13,13,0.11896531871269796,0.04526028131943118,0.07165535469773021,0.03587160089433405,56.87393207142458,44.96219826004479,-1.1821162126799174,-1.4077782284009983,False,-1.5 to -0.5
2503,2024-06-21,2024-06-24,2024-07-23,13,13,0.07178408312844496,0.006693893864890859,0.06548315224145722,0.03279495631950012,59.47769511987845,44.962198260044794,-1.1066149971343855,-1.4195352824078022,False,-1.5 to -0.5
2504,2024-06-24,2024-06-25,2024-07-24,13,13,0.05253137847418258,0.004866171507072967,0.04824534511282398,0.024463289022941,59.01261456308542,44.96219826004479,-1.2119775820796572,-1.4236327112668763,False,-1.5 to -0.5
2505,2024-06-25,2024-06-26,2024-07-25,13,13,0.06112308525513319,0.006395282746860935,0.05527681471340647,0.027830123347845504,58.85655608461331,44.49533620679556,-0.647196868868334,-1.4059683501597473,False,-1.5 to -0.5
2506,2024-06-26,2024-06-27,2024-07-26,13,13,0.04782758606804704,0.010971663858366,0.037127850881273065,0.018913728429517287,58.85655608461332,46.59851647866917,-0.2962807941061765,-1.3731454231083842,False,-1.5 to -0.5
2507,2024-06-27,2024-06-28,2024-07-29,13,13,0.051643888235410385,-0.002023219040597206,0.054264001400682486,0.027324559875916823,59.479683878642994,44.60578687925492,-0.5424232819007665,-1.3449707976764569,False,-1.5 to -0.5
2508,2024-06-28,2024-07-01,2024-07-30,13,13,0.04087481955700734,-0.005251404456355513,0.04693223819187364,0.02371270885488411,59.943414137642286,46.79850558524872,-0.3478950272005855,-1.315699530387059,False,-1.5 to -0.5
2509,2024-07-01,2024-07-02,2024-07-31,13,13,0.05613241144902387,-0.011010690930342982,0.0685650509218715,0.03411532321554693,62.360793262622906,44.55016181931515,-0.4629483023531593,-1.291238912676654,False,-1.5 to -0.5
2510,2024-07-02,2024-07-03,2024-08-01,13,13,0.03303866607817075,-0.016283365899896665,0.050561827680940016,0.025265336677940755,61.87517410972173,46.62234085444583,-0.0702720466613245,-1.2639534008321247,False,-1.5 to -0.5
2511,2024-07-03,2024-07-04,2024-08-02,13,13,0.01671620376520969,-0.043208854771261365,0.062257100966481384,0.031056024724185022,59.63103248323158,47.41779629838512,-0.4408645153800082,-1.230082513603111,False,-1.5 to -0.5
2512,2024-07-04,2024-07-05,2024-08-05,13,13,0.0028715153354437763,-0.0493009658132263,0.05448613454667804,0.027263948427314267,60.114374105268936,47.41779629838513,-0.5232711515201889,-1.176588187008259,False,-1.5 to -0.5
2513,2024-07-05,2024-07-08,2024-08-06,13,13,9.34452100530486e-05,-0.049165612760785134,0.051425580231882886,0.025769398807551303,60.114374105268936,47.41779629838512,-0.6092311601128566,-1.130683904228574,False,-1.5 to -0.5
2514,2024-07-08,2024-07-09,2024-08-07,13,13,0.015642380424740344,-0.04190714187775461,0.05985636697706614,0.029985900875817272,61.875174109721726,47.4613361531138,-0.4476394256326316,-1.0784430427735152,False,-1.5 to -0.5
2515,2024-07-09,2024-07-10,2024-08-08,13,13,0.01834174937247708,-0.024009536731517,0.04351745372549969,0.021962984158626714,59.63103248323158,46.083047079943306,-0.4812292780736208,-1.032140197482318,False,-1.5 to -0.5
2516,2024-07-10,2024-07-11,2024-08-09,13,13,0.05725855369430847,-0.025184277077355103,0.08482765286801225,0.04199790945349646,60.18539815168752,46.95991455372427,-1.4485101354516052,-1.0311539973203336,False,-1.5 to -0.5
2517,2024-07-11,2024-07-12,2024-08-12,13,13,0.06944636154155942,-0.02661901941316816,0.09893456613465242,0.04875328358185181,60.18539815168752,46.959914553724275,-1.5347889098850365,-1.0404210204408886,False,-1.5 to -0.5
2518,2024-07-12,2024-07-15,2024-08-13,13,13,0.04604235312915889,-0.019867802249019285,0.06738870277349077,0.03353424619864312,60.15851214975214,46.959914553724275,-1.0460912181211153,-1.019651436771278,False,-1.5 to -0.5
2519,2024-07-15,2024-07-16,2024-08-14,13,13,0.04480739501306693,-0.008703975870999577,0.054160679680022965,0.027187257627755586,59.631032483231564,50.50955312331444,-1.3111195135630072,-1.024678077915203,False,-1.5 to -0.5
2520,2024-07-16,2024-07-17,2024-08-15,13,13,0.051095434890161724,0.004681243807928356,0.04665176765748188,0.023361879004831977,60.238941378970246,53.44838363027459,-0.5010306740398873,-0.9738521112463115,False,-1.5 to -0.5
2521,2024-07-17,2024-07-18,2024-08-16,13,13,0.0549712930678758,-0.01464515075001776,0.07038104565423775,0.03510707069976106,59.63103248323158,49.82951167988368,-0.9022237105037788,-0.9349273393685654,False,-1.5 to -0.5
2522,2024-07-18,2024-07-19,2024-08-19,13,13,0.0717141084952585,0.0072912301079370795,0.06399071764788315,0.03212728478743752,59.151393623529515,49.829511679883666,-0.4362517217191418,-0.8738180626255588,False,-1.5 to -0.5
2523,2024-07-19,2024-07-22,2024-08-20,13,13,0.04819066871226172,0.011528927866265538,0.03606778783711559,0.018489305829459363,63.899074801207604,52.68580839252923,-0.8398628530330567,-0.8544726332079262,False,-1.5 to -0.5
2524,2024-07-22,2024-07-23,2024-08-21,13,13,0.05390101838993254,0.040685524709229884,0.012611951886289099,0.006862040918875054,61.881154402920856,53.46731376552301,-1.0242508218545603,-0.8497894332221385,False,-1.5 to -0.5
2525,2024-07-23,2024-07-24,2024-08-22,13,13,0.04069388163122126,0.04110626273920257,-0.0005711577009405124,0.0003443942861756159,61.89018777854075,51.40499373336077,-1.0970667576046742,-0.8432604923488376,False,-1.5 to -0.5
2526,2024-07-24,2024-07-25,2024-08-23,13,13,0.13456186662285455,0.04290718350918355,0.08787423308138624,0.04382879254078454,63.41345564830644,49.99655711226331,-0.6315800723299647,-0.8423761807311937,False,-1.5 to -0.5
2527,2024-07-25,2024-07-26,2024-08-26,13,13,0.10748419997250395,0.03186593716888213,0.07308599874099013,0.036709363426724116,61.431752421389774,52.06741878457703,-0.6413150491623022,-0.8618673564988365,False,-1.5 to -0.5
2528,2024-07-26,2024-07-29,2024-08-27,13,13,0.14523078710970053,0.0275829106541193,0.11459806416290363,0.056525420601091274,63.41345564830643,51.61479186767857,-0.7592517882557082,-0.8741023152966301,False,-1.5 to -0.5
2529,2024-07-29,2024-07-30,2024-08-28,13,13,0.12977345837892537,0.04409689461914344,0.08119333927513693,0.04080319601263541,61.0982899753977,52.23629394859486,-0.9083414479623094,-0.905733982300615,False,-1.5 to -0.5
2530,2024-07-30,2024-07-31,2024-08-29,13,13,0.09668285489348288,0.02921767837374989,0.06547134907954877,0.0330183662132184,64.2171446488495,56.383747712834555,-0.8461561606160445,-0.927353789923849,False,-1.5 to -0.5
2531,2024-07-31,2024-08-01,2024-08-30,13,13,0.06150121701123134,0.026869797999778497,0.03382206155550774,0.01748857783758486,61.73765822376395,53.58925158183364,-0.8008159244536974,-0.9685859395104404,False,-1.5 to -0.5
2532,2024-08-01,2024-08-02,2024-09-02,13,13,0.00575425484468742,0.02497738579103177,-0.01805960521415386,-0.00848689106378975,60.80718732872616,51.34387596567605,-1.6873102590571731,-1.038883491258026,False,-1.5 to -0.5
2533,2024-08-02,2024-08-05,2024-09-03,13,13,0.08597214023490574,0.029728632012414418,0.055061482921603525,0.027596879487792682,67.21820786912194,47.97406800490922,-2.620659006816674,-1.1572044476580154,False,-1.5 to -0.5
2534,2024-08-05,2024-08-06,2024-09-04,13,13,0.10726342084164141,0.04247615241295608,0.06276889001333436,0.031526016253575324,65.64840949385504,48.30284969953642,-1.0419951598204855,-1.1816030098047,False,-1.5 to -0.5
2535,2024-08-06,2024-08-07,2024-09-05,13,13,0.04259466452370018,0.048711861759817045,-0.005341521984571909,-0.002166783361258598,64.53342527688535,46.19497208661365,-0.6068476652833925,-1.19052863683336,False,-1.5 to -0.5
2536,2024-08-07,2024-08-08,2024-09-06,13,13,0.011068918130950643,0.03432707126183913,-0.021781033622245757,-0.010692223996629788,62.64941111009702,48.85912851245222,-0.638980036400059,-1.1993673889699232,False,-1.5 to -0.5
2537,2024-08-08,2024-08-09,2024-09-09,13,13,-0.0015292574809772648,0.007338386640396211,-0.008308164386087627,-0.003891123289589824,66.10322365215225,46.07002411528711,-0.9231043657648356,-1.169687892044854,False,-1.5 to -0.5
2538,2024-08-09,2024-08-12,2024-09-10,13,13,-0.004817443054503134,0.012509673548853472,-0.016791357356534777,-0.008255992968884063,66.7365333593781,44.556499775467515,-1.0281169552004503,-1.1410720149467355,False,-1.5 to -0.5
2539,2024-08-12,2024-08-13,2024-09-11,13,13,-0.006387355266739459,0.004859550926824388,-0.010457361892954242,-0.005090316597392031,64.64050365028139,46.13074617973887,-0.8429958171656747,-1.1295735422830964,False,-1.5 to -0.5
2540,2024-08-13,2024-08-14,2024-09-12,13,13,-0.014214471603043089,-0.015458873582283756,0.002110149107306935,0.0012154178350600928,63.319403804511204,44.556499775467515,-0.7531458596765234,-1.0980545483631567,False,-1.5 to -0.5
2541,2024-08-14,2024-08-15,2024-09-13,13,13,0.012472537913572071,-0.005910619158819432,0.019548735904767887,0.00999654955839412,63.903942013436144,47.25214320761267,-0.8429193458141617,-1.1173141527263803,False,-1.5 to -0.5
2542,2024-08-15,2024-08-16,2024-09-16,13,13,0.006979311059810861,0.011780928061075257,-0.004087860562208964,-0.001864713200565168,60.99384881387864,49.480103376016125,-1.2776474648433611,-1.138465482106684,False,-1.5 to -0.5
2543,2024-08-16,2024-08-19,2024-09-17,13,13,-0.018669207194965665,-1.0142104751280614e-05,-0.018214447411523903,-0.008793740107825014,61.24139404180009,47.681756249646064,-0.7762672124273999,-1.1576016772517954,False,-1.5 to -0.5
2544,2024-08-19,2024-08-20,2024-09-18,13,13,-0.03289704483011714,-0.01010490101975292,-0.022680680868584772,-0.011186498617103177,61.66986787519042,48.07930908600147,-0.5741664960081091,-1.1425604854747833,False,-1.5 to -0.5
2545,2024-08-20,2024-08-21,2024-09-19,13,13,-0.06258969807653168,-0.014255969603408225,-0.04844934171953549,-0.024285374101895078,57.62327825152805,48.24806435208786,-0.989536847433654,-1.140565173072801,False,-1.5 to -0.5
2546,2024-08-21,2024-08-22,2024-09-20,13,13,-0.06808193047281155,-0.02774250289657793,-0.040813532718956776,-0.02039423445293339,57.623278251528035,53.00659996329899,-1.191292600903885,-1.145846744141186,False,-1.5 to -0.5
2547,2024-08-22,2024-08-23,2024-09-23,13,13,-0.10431368602185269,-0.04021250749927192,-0.06637242628371409,-0.03353253721147222,57.47805415390618,48.85164109567955,-1.600560347871422,-1.2004627082945705,False,-1.5 to -0.5
2548,2024-08-23,2024-08-26,2024-09-24,13,13,-0.09930726495870006,-0.040636420823842126,-0.06071658852516761,-0.030574244426289712,57.62327825152805,49.945786275192646,-1.5004014699107948,-1.2488713454811669,False,-1.5 to -0.5
2549,2024-08-26,2024-08-27,2024-09-25,13,13,-0.11324311903949558,-0.04148584760321736,-0.07437596660398044,-0.03763480567919726,59.99857934923154,47.647868947439584,-0.62738636206058,-1.241349800589137,False,-1.5 to -0.5
2550,2024-08-27,2024-08-28,2024-09-26,13,13,-0.09390939807228986,-0.04061979008139343,-0.055094476173725974,-0.027770306727067953,59.58795476783936,51.24088057227039,-0.9475696522774372,-1.2434989316698402,False,-1.5 to -0.5
2551,2024-08-28,2024-08-29,2024-09-27,13,13,-0.07407300366045937,-0.029232986376999434,-0.04578034601053231,-0.022974080047777765,58.88607122220311,49.05364639693413,-0.7558200638493793,-1.2383327765737309,False,-1.5 to -0.5
2552,2024-08-29,2024-08-30,2024-09-30,13,13,-0.08435483984672251,-0.033614347202694884,-0.051912009706794895,-0.026079581037813618,57.40043572579096,48.789238851418425,-1.434280322165452,-1.273992931018544,False,-1.5 to -0.5
2553,2024-08-30,2024-09-02,2024-10-01,13,13,-0.0681021377156136,-0.03446722485463583,-0.0342888301435967,-0.017082568653955393,57.40043572579096,44.18662891672478,-1.007245983325993,-1.2356262291694926,False,-1.5 to -0.5
2554,2024-09-02,2024-09-03,2024-10-02,13,13,-0.06796837439597234,-0.03279195970293321,-0.035819405094549894,-0.017898596978921776,56.58204419284391,47.5798178352131,-0.7856792010618033,-1.132180368922998,False,-1.5 to -0.5
2555,2024-09-03,2024-09-04,2024-10-03,13,13,-0.10209682891398104,-0.05594221060091854,-0.04836505251513153,-0.024278679949839226,56.58204419284391,48.09711669121012,-0.8139259067679676,-1.1192555266286226,False,-1.5 to -0.5
2556,2024-09-04,2024-09-05,2024-10-04,13,13,-0.0679452785987232,-0.04376850648119934,-0.02477515375126599,-0.012319949535994815,57.40381262612569,50.161328539605506,-0.3571555166596863,-1.1051168630553068,False,-1.5 to -0.5
2557,2024-09-05,2024-09-06,2024-10-07,13,13,-0.03927176778529762,-0.032942491021254246,-0.0063134743131002475,-0.003028121686254063,58.24325030735653,47.606526205697364,-0.91064162712206,-1.1203802549829631,False,-1.5 to -0.5
2558,2024-09-06,2024-09-09,2024-10-08,13,13,-0.022507523078597554,-0.0385875055786212,0.016964881162595164,0.008570520232577853,58.3505959428956,48.92588035322805,-0.8594591589449933,-1.1167342022361648,False,-1.5 to -0.5
2559,2024-09-09,2024-09-10,2024-10-09,13,13,-0.06283283625086482,-0.06043809161023954,-0.0023327849483519426,-0.0010209188888549432,57.89732168748714,52.05542033753612,-0.2131512686425667,-1.0707385042343929,False,-1.5 to -0.5
2560,2024-09-10,2024-09-11,2024-10-10,13,13,-0.05570969359036842,-0.05257906496600328,-0.002890561137069017,-0.001344150328399492,59.29379911898169,55.2444416977185,-0.4299087061032409,-1.047415735156236,False,-1.5 to -0.5
2561,2024-09-11,2024-09-12,2024-10-11,13,13,-0.04668180839068888,-0.04001525476837733,-0.0064495770064638466,-0.0031028714365616663,59.9097269816395,56.679466232121364,-0.408138928102549,-1.0279410465456216,False,-1.5 to -0.5
2562,2024-09-12,2024-09-13,2024-10-14,13,13,-0.059177650372421134,-0.03278746144085633,-0.02696629495710886,-0.01346917971095695,59.293799118981696,55.24901223198586,-0.3450271221979996,-0.9998599260282098,False,-1.5 to -0.5
2563,2024-09-13,2024-09-16,2024-10-15,13,13,-0.057003287703229585,-0.03931211719051728,-0.01809489422272347,-0.008994726768428048,59.293799118981696,53.841084903534814,-0.6746254467315276,-0.9658547901874086,False,-1.5 to -0.5
2564,2024-09-16,2024-09-17,2024-10-16,13,13,-0.06552350448482107,-0.032518870246110616,-0.0338527883225373,-0.01695620387146827,57.89732168748715,55.668139830022966,-0.6733572931325865,-0.9600378264791,False,-1.5 to -0.5
2565,2024-09-17,2024-09-18,2024-10-17,13,13,-0.0665590955859954,-0.022266287735633664,-0.04526881942071081,-0.022764896131720006,59.275098054858184,57.402367715564424,-0.4646887370864951,-0.9538615030250552,False,-1.5 to -0.5
2566,2024-09-18,2024-09-19,2024-10-18,13,13,-0.06552573927972039,-0.005964008021670345,-0.05988917022000908,-0.03024715337576847,57.89732168748715,56.92735581678691,-0.0452896385642638,-0.9006635305469538,False,-1.5 to -0.5
2567,2024-09-19,2024-09-20,2024-10-21,13,13,-0.02895124731321391,0.002662633631710331,-0.031677804196149746,-0.015746697897333323,57.05788400625631,57.402367715564424,-0.0192898005613499,-0.8346458200596585,False,-1.5 to -0.5
2568,2024-09-20,2024-09-23,2024-10-22,13,13,-0.022840688836061142,-0.007650919003935657,-0.015369321963231543,-0.007500302341803281,57.05788400625631,53.670632310135744,0.0033762925610358,-0.7442905939307893,False,-1.5 to -0.5
2569,2024-09-23,2024-09-24,2024-10-23,13,13,-0.01759113456031686,-0.01916389293121656,0.0014509557225268247,0.0009690249855954915,57.05788400625631,56.56118623364102,-0.1659700939479131,-0.6690949004459461,False,-1.5 to -0.5
2570,2024-09-24,2024-09-25,2024-10-24,13,13,0.01131988672640324,0.002628749995310584,0.008512272002117039,0.00447975770669225,57.05788400625631,56.8441385901064,-0.4221495550678527,-0.6575383374931244,False,-1.5 to -0.5
2571,2024-09-25,2024-09-26,2024-10-25,13,13,-0.018025383855416365,0.01322047462259325,-0.03095361176173948,-0.015370057736987746,57.05788400625631,58.24499640401318,-0.4067293806179661,-0.6270533129151857,False,-1.5 to -0.5
2572,2024-09-26,2024-09-27,2024-10-28,13,13,-0.01907075492890574,0.011485168109564705,-0.03073096480901782,-0.015246682529626115,58.40590391460589,58.03782348839774,0.522144419391517,-0.5551068676585441,False,-1.5 to -0.5
2573,2024-09-27,2024-09-30,2024-10-29,13,13,-0.020087074314316975,-0.008654378577154665,-0.011903488949210042,-0.005769809398181167,60.24483423427304,55.12112111454745,-0.1582993615124864,-0.4831764394811197,False,-0.5 to +0.5
2574,2024-09-30,2024-10-01,2024-10-30,13,13,-0.009747843838650353,-0.00986698301389814,-0.00026096466537690535,0.00014262418511208839,58.79328920463917,56.121727559267406,-1.2437054225863482,-0.4963937811012247,False,-0.5 to +0.5
2575,2024-10-01,2024-10-02,2024-10-31,13,13,-0.021523599884189715,-0.03272121473577826,0.011167406130747133,0.005898540505320137,57.94755599773815,53.85417752030615,-1.3116042190291857,-0.5259488377730527,False,-1.5 to -0.5
2576,2024-10-02,2024-10-03,2024-11-01,13,13,-0.02195059113591897,-0.02922008799340055,0.0073120451777173206,0.0038984626010873514,59.891544190406904,53.4198042469199,-1.1331088138194034,-0.5438783385676299,False,-1.5 to -0.5
2577,2024-10-03,2024-10-04,2024-11-04,13,13,0.011840986986672054,-0.009908977664225743,0.02220734089448956,0.01136527178783953,59.03451116904152,52.324747750862294,-1.2264959340205084,-0.5928616794280007,False,-1.5 to -0.5
2578,2024-10-04,2024-10-07,2024-11-05,13,13,0.015067735638843258,0.0001984105598718211,0.015005637128858515,0.007790499831850071,59.034511169041515,55.141652958227105,-0.98454520627059,-0.596989301587362,False,-1.5 to -0.5
2579,2024-10-07,2024-10-08,2024-11-06,13,13,0.005882350831843764,-0.0008459383443485203,0.006881037605801941,0.003726369965655608,59.03451116904152,50.98607980155344,-0.612771183787218,-0.5830645623745732,False,-1.5 to -0.5
2580,2024-10-08,2024-10-09,2024-11-07,13,13,-0.001227381865816768,0.007225513846807797,-0.008191820824063075,-0.003758355351324178,59.034511169041515,50.98607980155344,-1.1795049549846663,-0.6375528095502819,False,-1.5 to -0.5
2581,2024-10-09,2024-10-10,2024-11-08,13,13,-0.013012189748589822,-0.001923634316733944,-0.01090096699222123,-0.005133719427199519,59.034511169041515,51.49145120905916,-1.552435984016737,-0.7008291971504605,False,-1.5 to -0.5
2582,2024-10-10,2024-10-11,2024-11-11,13,13,-0.023605647148399665,0.006300035608047259,-0.02940741559863526,-0.014518613967009604,59.92626393487614,53.70846810356124,-1.2530554464344512,-0.7484891036719525,False,-1.5 to -0.5
2583,2024-10-11,2024-10-14,2024-11-12,13,13,-0.03441095487699203,-0.02787196915159763,-0.006347874422434032,-0.0029365318354876925,59.92626393487613,51.71351262561274,-1.2353425953823247,-0.7987230149307029,False,-1.5 to -0.5
2584,2024-10-14,2024-10-15,2024-11-13,13,13,-0.03223108413863256,-0.020367724501928718,-0.011758378990520742,-0.0056808161495929856,57.947555997738135,50.096701447591684,-1.2361859671855158,-0.8304075812772067,False,-1.5 to -0.5
2585,2024-10-15,2024-10-16,2024-11-14,13,13,-0.03082110102043148,-0.02939268744889997,-0.0010091865714248495,-0.00026087608103158563,59.36916622035955,51.05852728910467,-1.943400320675669,-0.9020548397558767,False,-1.5 to -0.5
2586,2024-10-16,2024-10-17,2024-11-18,13,13,-0.02459562307870111,-0.04016614145284036,0.016697857516136796,0.008529003425371296,60.97219107834598,48.86818701736532,-1.6130989756090208,-0.9668875767166792,False,-1.5 to -0.5
2587,2024-10-17,2024-10-18,2024-11-19,13,13,-0.016397681730161567,-0.037275976004557364,0.022206257708512346,0.011318142037443042,60.22610560188469,50.674632443097316,-0.8287365009945162,-1.0111233204110943,False,-1.5 to -0.5
2588,2024-10-18,2024-10-21,2024-11-21,13,13,-0.04446168669122116,-0.03204025418252993,-0.011983721213121143,-0.00581516913784947,60.22610560188469,50.674632443097316,-0.709991437585101,-1.050104329468733,False,-1.5 to -0.5
2589,2024-10-21,2024-10-22,2024-11-22,13,13,-0.028244522470154843,-0.03389209884660194,0.006302049081846613,0.0032815889531742906,60.49857498831021,50.77421773574979,-1.1055277482340389,-1.112665555431638,False,-1.5 to -0.5
2590,2024-10-22,2024-10-23,2024-11-25,13,13,-0.01158018448724849,-0.025478292248274394,0.014878318277706488,0.007519822920570178,59.069324553350995,51.35791182094691,-1.5198841650148898,-1.189031329793245,False,-1.5 to -0.5
2591,2024-10-23,2024-10-24,2024-11-26,13,13,-0.006074426283497271,-0.016148796408477134,0.01112706994788662,0.0057051289647890285,62.40010958433167,51.42873351077231,-1.3026759337137523,-1.2386675557406417,False,-1.5 to -0.5
2592,2024-10-24,2024-10-25,2024-11-27,13,13,-0.022845756113993056,-0.008357703524457895,-0.013795868929933126,-0.006766985923930765,62.40010958433167,51.81020514072061,-1.232023031438165,-1.2851601737261626,False,-1.5 to -0.5
2593,2024-10-25,2024-10-28,2024-11-28,13,13,-0.10168111713270987,-0.07313510073865531,-0.029293224719301732,-0.01459988439125407,61.49616576931395,51.949654078244144,-0.6371188523274551,-1.3503793685440977,False,-1.5 to -0.5
2594,2024-10-28,2024-10-29,2024-11-29,13,13,-0.09646029798352825,-0.04938678028701893,-0.048118104245373494,-0.024207376883893388,61.69647770451766,51.81020514072061,-0.2574696681070258,-1.3557756426918075,False,-1.5 to -0.5
2595,2024-10-29,2024-10-30,2024-12-02,13,13,-0.10006578412503643,-0.05828438969829059,-0.04313949101348607,-0.021628485961184732,62.442563180978965,50.68284350197949,-0.0415995645215617,-1.2878723318970169,False,-1.5 to -0.5
2596,2024-10-30,2024-10-31,2024-12-03,13,13,-0.12686586083317133,-0.06469031193890018,-0.06474842733926382,-0.03266427039813547,59.47470387032448,52.62980940138831,-0.4571423989426763,-1.2396367769837056,False,-1.5 to -0.5
2597,2024-10-31,2024-11-01,2024-12-04,13,13,-0.11084148485329519,-0.03387405959858306,-0.0779540634067307,-0.03943048670373292,57.85953830631218,54.668726041809805,-0.6433980421996355,-1.2119791719520103,False,-1.5 to -0.5
2598,2024-11-01,2024-11-04,2024-12-05,13,13,-0.13266338837963415,-0.044120796167811,-0.09150017147646347,-0.04655147944822113,59.47470387032449,54.71342552221975,-0.59847510796021,-1.1765449853058292,False,-1.5 to -0.5
2599,2024-11-04,2024-11-05,2024-12-06,13,13,-0.15943249800674036,-0.07149845185833052,-0.09339809643106455,-0.04752761249754973,59.47470387032449,53.69772412313478,-0.503660550678662,-1.1494052258402916,False,-1.5 to -0.5
2600,2024-11-05,2024-11-06,2024-12-09,13,13,-0.1662877503097411,-0.032417741848473736,-0.13726224791039437,-0.07061164512639373,59.47470387032448,54.38360503584921,0.3042004316428078,-1.0976928556215724,False,-1.5 to -0.5
2601,2024-11-06,2024-11-07,2024-12-10,13,13,-0.10419122490561611,-0.003692967260382396,-0.10022421684832641,-0.05081809902750866,60.57751793707262,53.106619948090966,0.620994122580695,-0.9962683221982234,False,-1.5 to -0.5
2602,2024-11-07,2024-11-08,2024-12-11,13,13,-0.07443047842463553,0.02072520933580754,-0.09209772439596584,-0.04646561649729791,59.47470387032448,52.68547711812027,0.8109055835756812,-0.8631956326203455,False,-1.5 to -0.5
2603,2024-11-08,2024-11-11,2024-12-12,13,13,-0.12211780597533224,0.02844082162715311,-0.14479601029296743,-0.07439154539171379,59.47470387032448,51.89922546519282,0.3959472690825576,-0.7703696092189812,False,-1.5 to -0.5
2604,2024-11-11,2024-11-12,2024-12-13,13,13,-0.12867498627056148,-0.011233681755117967,-0.11697138680054028,-0.05959908255590647,60.523897343896465,51.33809402954336,0.3505295679547865,-0.6811059561558969,False,-1.5 to -0.5
2605,2024-11-12,2024-11-13,2024-12-16,13,13,-0.16144195126310878,-0.03934190736684359,-0.12446598455211579,-0.06371363198450779,59.47470387032446,50.135396633900136,0.2551202627571162,-0.597165107156293,False,-1.5 to -0.5
2606,2024-11-13,2024-11-14,2024-12-17,13,13,-0.13872032085080707,0.00351566775779107,-0.13973341339142475,-0.07187570902796299,59.894713091883425,49.73747713943908,-0.0097989952732091,-0.4882791039741797,False,-0.5 to +0.5
2607,2024-11-14,2024-11-18,2024-12-18,13,13,-0.18204248860101607,-0.05251443760890849,-0.13393256529728678,-0.06872380158600383,60.523897343896465,50.49763944946558,0.8102119229425899,-0.3517656474277282,False,-0.5 to +0.5
2608,2024-11-18,2024-11-19,2024-12-19,13,13,-0.1648474810155478,-0.023429408410311908,-0.1423421666484563,-0.0729097780904,59.47470387032448,49.17641116819602,0.9204174560827382,-0.2532366991190971,False,-0.5 to +0.5
2609,2024-11-19,2024-11-21,2024-12-20,13,13,-0.10493005509553487,-0.026553565689740984,-0.07824972724562625,-0.03919005672776703,61.33966125571583,48.48867887598886,0.7615325421305212,-0.1703300234472049,False,-0.5 to +0.5
2610,2024-11-21,2024-11-22,2024-12-23,13,13,-0.1570108849132268,-0.04764613443971254,-0.111905555081328,-0.05683440526109237,61.618073091570686,49.73747713943908,1.1553733359038565,-0.0428959756456222,False,-0.5 to +0.5
2611,2024-11-22,2024-11-25,2024-12-26,13,13,-0.16461535460423227,-0.060771121277694025,-0.10843681836251358,-0.05498099365798712,61.33966125571583,47.44052839953474,0.5430241333330494,0.0734766672195138,False,-0.5 to +0.5
2612,2024-11-25,2024-11-26,2024-12-27,13,13,-0.17894707802773066,-0.08023248730771891,-0.10506344370704127,-0.05326330044049601,61.33966125571583,48.48867887598886,0.9244569269048812,0.1991398005688012,False,-0.5 to +0.5
2613,2024-11-26,2024-11-27,2024-12-30,13,13,-0.15552581418886657,-0.05739061579106414,-0.10162416393956963,-0.0515314351214996,61.67169368474686,49.737477139439086,1.537830966651937,0.3554351133584782,False,-0.5 to +0.5
2614,2024-11-27,2024-11-28,2025-01-02,13,13,-0.11234196092057451,-0.039125436548685805,-0.0744571898274958,-0.03745657770586,61.67169368474685,51.19134852499261,1.2834177156233793,0.463852242443521,False,-0.5 to +0.5
2615,2024-11-28,2024-11-29,2025-01-03,13,13,-0.11265154114126096,-0.060340831422337086,-0.05368529628850312,-0.026193407052865304,59.50448893280715,48.85855228883782,1.5176373050418548,0.5640590467873513,False,+0.5 to +1.5
2616,2024-11-29,2024-12-02,2025-01-06,13,13,-0.0939761736367523,-0.04259685676941779,-0.05158758667674699,-0.02511272686627353,59.50448893280715,48.85855228883782,1.7154921102574796,0.6632676654282281,False,+0.5 to +1.5
2617,2024-12-02,2024-12-03,2025-01-07,13,13,-0.07935420286492817,-0.04089674663818967,-0.03766188662064897,-0.018217038477499364,59.94215416416651,48.38370250610106,1.438906462515403,0.7703835855196298,False,+0.5 to +1.5
2618,2024-12-03,2024-12-04,2025-01-08,13,13,-0.08139676740123838,-0.06153340815375591,-0.019254663043324616,-0.008764137052710895,61.49688775693981,49.55203774384945,2.4961333275237547,0.9477244483115448,False,+0.5 to +1.5
2619,2024-12-04,2024-12-05,2025-01-09,13,13,-0.09211879565442423,-0.07253904314218758,-0.01926936168246807,-0.00877158742161578,61.49688775693981,49.55203774384945,2.611166077011903,1.1291274910218574,False,+0.5 to +1.5
2620,2024-12-05,2024-12-06,2025-01-10,13,13,-0.08204664893811503,-0.06542269959874178,-0.015419581751593137,-0.007001979637300717,58.986770752193905,48.38370250610106,1.82721427874074,1.2608916467818878,False,+0.5 to +1.5
2621,2024-12-06,2024-12-09,2025-01-13,13,13,-0.08203424385349718,-0.06977641621606187,-0.010727087513974946,-0.004652443281719313,58.986770752193905,48.38370250610106,1.0995942040709348,1.3058045851392652,False,+0.5 to +1.5
2622,2024-12-09,2024-12-10,2025-01-14,13,13,-0.10386967684614574,-0.08925919219644901,-0.01437899624343298,-0.006433161026071764,58.986770752193905,48.547761159001155,1.1106516094297247,1.333427709922501,False,+0.5 to +1.5
2623,2024-12-10,2024-12-11,2025-01-15,13,13,-0.08745570917739767,-0.06616958059861716,-0.02027081748494793,-0.009490459554592287,58.986770752193905,48.3914724053665,1.999935506038267,1.4006367701315985,False,+0.5 to +1.5
2624,2024-12-11,2024-12-12,2025-01-16,13,13,-0.061997799195150666,-0.06565187000256459,0.005962766289475399,0.00356397910301726,58.986770752193905,47.7963439092052,2.56087487719816,1.523005388547137,True,> +1.5
2625,2024-12-12,2024-12-13,2025-01-17,13,13,-0.045399863477465545,-0.04733203168766967,0.0038879486276341708,0.00253367532945642,58.986770752193905,47.7963439092052,2.245642768866357,1.6300745737624998,False,> +1.5
2626,2024-12-13,2024-12-16,2025-01-20,13,13,-0.004872918605495695,-0.04260275799402101,0.04140201048883392,0.02098518201921246,58.98677075219392,47.7963439092052,2.8606760270532057,1.77731594408484,False,> +1.5
2627,2024-12-16,2024-12-17,2025-01-21,13,13,-0.0028852600670241156,-0.03630928360186653,0.03649142409379777,0.01866758588548611,58.98677075219392,48.631299023395286,2.183773224280352,1.90102213396377,False,> +1.5
2628,2024-12-17,2024-12-18,2025-01-22,13,13,0.06353451066678796,-0.013771033616106603,0.07953988823255885,0.039561380393573,58.98677075219392,48.631299023395286,2.005548027224328,1.9682650444234728,False,> +1.5
2629,2024-12-18,2024-12-19,2025-01-23,13,13,0.02003520878664027,-0.010936728113255455,0.03247148638854809,0.01650026663019375,58.986770752193905,48.631299023395286,1.5814494844540974,2.005141100641157,False,> +1.5
2630,2024-12-19,2024-12-20,2025-01-24,13,13,-0.004516714945613764,-0.016387989122542152,0.013129007788279242,0.00682085706428236,58.986770752193905,49.54685398033152,1.2899484125173684,2.0343420325479133,False,> +1.5
2631,2024-12-20,2024-12-23,2025-01-27,13,13,0.06356561836351496,0.011085241348342679,0.053512205421973595,0.026778532237861953,58.624799489937615,48.05809228180818,1.018824818432528,2.0259737872972714,False,> +1.5
2632,2024-12-23,2024-12-26,2025-01-28,13,13,0.06133501700850667,0.008903360755617217,0.053602335829773605,0.026822199194941474,58.624799489937615,48.05809228180818,0.7531751804787976,2.0369562947489137,False,> +1.5
2633,2024-12-26,2024-12-27,2025-01-29,13,13,0.07579569812695915,0.014315714965838227,0.06225616745864008,0.031048151469942435,58.624799489937615,48.058092281808186,0.7856482515298018,2.028344521477955,False,> +1.5
2634,2024-12-27,2024-12-30,2025-01-30,13,13,0.12842479542101945,0.02848765265731597,0.09959901005870524,0.049151410700909816,60.82073802624007,47.7127564473575,0.8678001873013392,1.9900072640070128,False,> +1.5
2635,2024-12-30,2025-01-02,2025-01-31,13,13,0.12562834601374984,0.014293989778959631,0.11212120508637603,0.05506128274232648,60.82073802624007,44.61330881667922,0.2677655620650556,1.9320730831394368,False,> +1.5
2636,2025-01-02,2025-01-03,2025-02-03,12,12,0.12217008265676439,0.04076245852502719,0.0806899659065445,0.04000772584253396,64.57906405403538,51.11953019013735,0.0111140884930261,1.846642881525641,False,> +1.5
2637,2025-01-03,2025-01-06,2025-02-04,12,12,0.08103142502656473,0.01467334279043433,0.06738457377322973,0.03352574146126208,64.57906405403538,48.73275673927142,-0.5108274933667771,1.7208230136153826,False,> +1.5
2638,2025-01-06,2025-01-07,2025-02-05,12,12,0.026474122322205293,0.006427057164736716,0.021942435556175498,0.01129720858833253,62.70505934640922,46.83933854885058,-0.5245964913061459,1.609942997897448,False,> +1.5
2639,2025-01-07,2025-01-08,2025-02-06,12,12,0.09320215473640965,0.009641129954717682,0.08474453758391612,0.041873065573252946,62.899974403910115,48.13241406095806,-0.3662496829972174,1.4489480315494974,False,+0.5 to +1.5
2640,2025-01-08,2025-01-09,2025-02-07,12,12,0.05473233594204439,-0.005839302365589737,0.0629742857479443,0.03135139245699718,63.40490311061162,48.13241406095806,-0.4936247146068979,1.2744016499262556,False,+0.5 to +1.5
2641,2025-01-09,2025-01-10,2025-02-10,12,12,0.09444990527391799,0.02899370827839262,0.0656501392667813,0.03261827883537464,62.89997440391013,50.40065532352187,-0.3761963761210859,1.1504881402236191,False,+0.5 to +1.5
2642,2025-01-10,2025-01-13,2025-02-11,12,12,0.13273869898817184,0.02978870978019434,0.10224393940374002,0.050267920228725956,64.98460157013615,50.40065532352185,0.1088428997504834,1.0948180706045592,False,+0.5 to +1.5
2643,2025-01-13,2025-01-14,2025-02-12,12,12,0.10180393606384865,0.014582889210196954,0.08827677279245333,0.04357378468120273,64.98460157013615,50.40065532352185,0.5740363182282227,1.0647775030872164,False,+0.5 to +1.5
2644,2025-01-14,2025-01-15,2025-02-13,12,12,0.05652467596918327,-0.008289432917971396,0.06706156521556958,0.033328810948944486,64.98460157013615,52.91504748399539,0.9681526406214735,1.0070299869869428,False,+0.5 to +1.5
2645,2025-01-15,2025-01-16,2025-02-14,12,12,0.11752508253432045,0.029063679251595396,0.08774637039102903,0.043274152927137315,64.2899628813129,52.91504748399539,1.2878144156226357,0.9357470052488776,False,+0.5 to +1.5
2646,2025-01-16,2025-01-17,2025-02-17,12,12,0.13162200091470586,0.037093128724780794,0.09301811354517539,0.045912891075950264,64.79489158801441,53.34253560935911,1.1308095687423565,0.8732214425379771,False,+0.5 to +1.5
2647,2025-01-17,2025-01-20,2025-02-18,12,12,0.11959970390012528,0.012624407402325205,0.10746587985236687,0.05273445480856063,64.2899628813129,52.91504748399539,0.7083388874574592,0.7521854048535963,False,+0.5 to +1.5
2648,2025-01-20,2025-01-21,2025-02-19,12,12,0.07204942705452083,-0.0025599125746909633,0.07733170424346897,0.03846934955606262,64.28475780593376,52.91504748399539,0.5622479775228189,0.6608554387929398,False,+0.5 to +1.5
2649,2025-01-21,2025-01-22,2025-02-20,12,12,0.06515334004169998,-0.016218291919690913,0.08506522387228362,0.04219706196378814,64.28475780593375,52.12130485189502,1.145550077372758,0.6123668676336087,False,+0.5 to +1.5
2650,2025-01-22,2025-01-23,2025-02-21,12,12,0.07331260280478712,-0.01804994059306998,0.09470982739645543,0.0467226946866581,64.28996288131289,52.098855157292896,0.967434110152668,0.5777108247581917,False,+0.5 to +1.5
2651,2025-01-23,2025-01-24,2025-02-24,12,12,0.03973145356712699,-0.028714363737905157,0.07286354403875171,0.036272199222433826,64.28475780593375,51.583083761640076,0.9921574195770532,0.5608803768818434,False,+0.5 to +1.5
2652,2025-01-24,2025-01-27,2025-02-25,12,12,-0.004035008303266861,-0.03466963173686878,0.033408658792474705,0.017135897781795483,61.98361989467349,54.38867957986955,1.0197955126612517,0.56091170789172,False,+0.5 to +1.5
2653,2025-01-27,2025-01-28,2025-02-26,12,12,-0.005785387119238881,-0.043241760493028775,0.0408665128916998,0.020712638479163905,61.983619894673474,51.869113978793166,1.392515376102333,0.5969729135144985,False,+0.5 to +1.5
2654,2025-01-28,2025-01-29,2025-02-27,12,12,0.0027331149338395773,-0.04649060578391948,0.053187061058952226,0.026834981668584324,61.983619894673474,52.152229462001706,1.4277210685517858,0.6332073417007165,False,+0.5 to +1.5
2655,2025-01-29,2025-01-30,2025-02-28,12,12,-0.07502375436373042,-0.06754940303457262,-0.006742057037791403,-0.002876590791025379,60.454087627994596,52.152229462001706,1.4270164784912802,0.6647824735120432,False,+0.5 to +1.5
2656,2025-01-30,2025-01-31,2025-03-05,12,12,-0.07513054541933582,-0.07904655474533875,0.005766472733582764,0.003370043862765424,59.4931726756731,54.5259195625186,1.3529690023962515,0.7261004061597478,False,+0.5 to +1.5
2657,2025-01-31,2025-02-03,2025-03-06,12,12,-0.03432290518793261,-0.07028127397504849,0.039886126783640966,0.020158047294357016,60.88242633423311,53.53707999235723,0.7337849473140536,0.7669695174051178,False,+0.5 to +1.5
2658,2025-02-03,2025-02-04,2025-03-07,12,12,-0.018963062482531493,-0.054226692693374226,0.03921876531987824,0.019928107236373543,60.89224310859993,53.88321694554934,0.7245306847519004,0.8367956858735556,False,+0.5 to +1.5
2659,2025-02-04,2025-02-05,2025-03-10,12,12,0.0038507075275143548,-0.03409199593953215,0.040718291233526695,0.020577715548697795,61.80902773117324,53.535226895043515,0.4061688417702937,0.8894072361616692,False,+0.5 to +1.5
2660,2025-02-05,2025-02-06,2025-03-11,12,12,-0.020567607133111943,-0.05315665528656537,0.03627099725555153,0.018555713276115604,62.090785056595315,57.424524756529735,1.458779021021224,0.992486043952344,False,+0.5 to +1.5
2661,2025-02-06,2025-02-07,2025-03-12,12,12,0.00795515837902839,-0.05182452099317782,0.06424816790091961,0.03209736066811805,61.809027731173224,56.78821497871323,1.3569071644539816,1.0969870824187196,False,+0.5 to +1.5
2662,2025-02-07,2025-02-10,2025-03-13,12,12,-0.014086460481557728,-0.04023700030486771,0.0284148644767108,0.014740729882802964,62.09078505659533,58.052629803815876,1.3412919581197056,1.1939350074869055,False,+0.5 to +1.5
2663,2025-02-10,2025-02-11,2025-03-14,12,12,0.01840249421488031,0.014236474578301258,0.0062525695482376215,0.003742819222139173,62.09078505659533,55.522333552637896,1.2899408731023252,1.2605492597890788,False,+0.5 to +1.5
2664,2025-02-11,2025-02-12,2025-03-17,12,12,0.054526304236364974,0.054791542597429625,0.0018948993747862372,0.0014718624834139894,62.090785056595315,52.483530330577175,1.1834728626935966,1.2948570692240962,False,+0.5 to +1.5
2665,2025-02-12,2025-02-13,2025-03-18,12,12,0.06289363952790641,0.028955466439235723,0.034850381116052855,0.017716681217574828,62.076613768778714,52.52734415616609,1.5984342167974934,1.3303462019292231,False,+0.5 to +1.5
2666,2025-02-13,2025-02-14,2025-03-19,12,12,0.043107924395030126,0.02313881396676833,0.021170531380252416,0.010963574096681663,62.076613768778714,55.5354126193921,1.7506494296378805,1.3563959237747203,False,+0.5 to +1.5
2667,2025-02-14,2025-02-17,2025-03-20,12,12,0.017228079963802306,0.008856585226742989,0.009668205183180482,0.005194817166675864,62.07661376877871,53.4060331495904,1.794677196005761,1.393792563987294,False,+0.5 to +1.5
2668,2025-02-17,2025-02-18,2025-03-21,12,12,0.0240619153243896,0.016276534451003622,0.009023126776259481,0.004886872897385635,62.076613768778714,54.77554364677352,1.3617886932136547,1.4305511383603868,False,+0.5 to +1.5
2669,2025-02-18,2025-02-19,2025-03-24,12,12,0.04246464967001939,0.011377481711868408,0.03202670705382662,0.01623743910353436,62.076613768778714,52.65580757226593,1.4213805429027893,1.478888585111601,False,+0.5 to +1.5
2670,2025-02-19,2025-02-20,2025-03-25,12,12,0.03935926696742221,0.011779512768338331,0.028580352938616476,0.014515267740895227,62.076613768778714,51.97549580260982,1.7940096072756444,1.5153666313020764,True,> +1.5
2671,2025-02-20,2025-02-21,2025-03-26,12,12,0.0538358683471523,-0.0006895695417147042,0.05552537546356894,0.027778068543780326,62.076613768778714,48.75836760172663,1.5604363681819866,1.548670465192599,False,> +1.5
2672,2025-02-21,2025-02-24,2025-03-27,12,12,0.09860060266440317,0.01337763774627626,0.08517343191830518,0.04210555175433743,60.92846054566172,49.70750832090351,1.0341086817863006,1.55081132198839,False,> +1.5
2673,2025-02-24,2025-02-25,2025-03-28,12,12,0.08482231672909123,-0.0018847550863646955,0.08830940746044419,0.04374301624552168,60.68736011021872,49.70750832090349,0.6320834005218603,1.5286769434431455,False,> +1.5
2674,2025-02-25,2025-02-26,2025-03-31,12,12,0.08650687826159258,-0.010329681405340633,0.09918015795442225,0.0490428089776995,60.68736011021871,54.688315921822486,1.0629318480820416,1.5099186815165986,False,> +1.5
2675,2025-02-26,2025-02-27,2025-04-01,12,12,0.08120697705336868,0.009310147816371852,0.07249997761141835,0.03619043452823022,57.266578671994495,52.365684352204404,1.3400382478566362,1.5048402009384598,False,> +1.5
2676,2025-02-27,2025-02-28,2025-04-02,12,12,0.1515995981765679,0.023224990048101656,0.12654981549768235,0.06193418415528781,57.266578671994495,54.52506169350708,0.9841522740435596,1.4797077518339092,False,+0.5 to +1.5
2677,2025-02-28,2025-03-05,2025-04-03,12,12,0.16873322276990413,0.02901852979819257,0.1367270499642067,0.06677528456881632,57.266578671994495,56.90136512357538,0.9867445306256604,1.4589071072785915,False,+0.5 to +1.5
2678,2025-03-05,2025-03-06,2025-04-04,12,12,0.10300794115338809,-0.014037495454250279,0.1201201003565261,0.058867573190432385,57.2665786719945,56.62316388060378,0.3063045379709023,1.434572846603828,False,+0.5 to +1.5
2679,2025-03-06,2025-03-07,2025-04-07,12,12,0.06054230577421806,-0.03267059969332652,0.0977859072394112,0.048271570774466796,58.48410500129973,54.98345484367902,-0.6762548460787227,1.3553518339828314,False,+0.5 to +1.5
2680,2025-03-07,2025-03-10,2025-04-08,12,12,0.043749904912553206,-0.05451142521589803,0.1052484970117965,0.051829931813547364,59.62873463484869,55.33445530930919,-0.1854732288705438,1.321819906816456,False,+0.5 to +1.5
2681,2025-03-10,2025-03-11,2025-04-09,12,12,0.0898372327498566,-0.02134207908748901,0.11533613992576033,0.056654231883702784,58.16026786761623,55.33445530930919,-0.5275450248972942,1.2098273440063314,False,+0.5 to +1.5
2682,2025-03-11,2025-03-12,2025-04-10,12,12,0.07172252696993078,-0.03621925426164365,0.11372557078357907,0.0558642460803288,60.363522976535215,55.97049497756414,-0.7646865632790649,1.0902734438527302,False,+0.5 to +1.5
2683,2025-03-12,2025-03-13,2025-04-11,12,12,0.08338281036155791,-0.031120381647060155,0.11991140526719882,0.05872886896757218,62.44392161396731,55.97049497756413,0.1211202654366323,1.0215935159043217,False,+0.5 to +1.5
2684,2025-03-13,2025-03-14,2025-04-14,12,12,0.04932938352538815,-0.0358263616940915,0.08972451790131909,0.04437223133921547,59.616112321290025,54.338374854084094,-0.6052402630509104,0.9148845338962968,False,+0.5 to +1.5
2685,2025-03-14,2025-03-17,2025-04-15,12,12,0.052611261358782996,-0.037037902244584545,0.0942654378273299,0.04642574328728748,62.44392161396731,51.46566278450991,-0.882458871273862,0.7985735193896902,False,+0.5 to +1.5
2686,2025-03-17,2025-03-18,2025-04-16,12,12,0.059250323349724084,-0.008503196648971994,0.06984120653301974,0.0347278179289979,60.92350280168137,53.30999176218279,-1.1351158619099064,0.6446817674023704,False,+0.5 to +1.5
2687,2025-03-18,2025-03-19,2025-04-17,12,12,0.050088572468761625,-0.02902953976924558,0.08283638397957202,0.04090452706525842,62.44392161396731,54.12003908666813,-0.8902165085991167,0.4959923777293524,False,-0.5 to +0.5
2688,2025-03-19,2025-03-20,2025-04-22,12,12,0.0376077060587469,0.0025440094891469845,0.03656468748800959,0.018501978356686107,59.616112321290025,51.276961525271226,-1.333539954080617,0.3197743668590402,False,-0.5 to +0.5
2689,2025-03-20,2025-03-21,2025-04-23,12,12,0.056231395555935336,0.012733723831357674,0.044602512852858434,0.02247415870623552,58.55285113644843,55.806402877856186,-1.537668470607002,0.1563509686188924,False,-0.5 to +0.5
2690,2025-03-21,2025-03-24,2025-04-24,12,12,0.09026257501582524,0.042475342118333634,0.04794100112943052,0.024081998861757988,59.616112321290025,57.042673349879756,-1.8220690391614265,-0.0265660155611925,False,-0.5 to +0.5
2691,2025-03-24,2025-03-25,2025-04-25,12,12,0.07329644019362774,0.04194557146624163,0.0321525548958885,0.016301857681953455,59.38947759795992,55.156412628969996,-1.1395533525327344,-0.1921054087426277,False,-0.5 to +0.5
2692,2025-03-25,2025-03-26,2025-04-28,12,12,0.059273524341064816,0.04624344811633075,0.013920795247702853,0.0071920792501535555,59.48397745851761,58.82037269460923,-1.2483916334531604,-0.3507100287377216,False,-0.5 to +0.5
2693,2025-03-26,2025-03-27,2025-04-29,12,12,0.06980614651103252,0.020708055167446542,0.04893506334114271,0.02434805146270551,58.13945367771521,56.55367894564566,-1.0180031536045324,-0.4666596708563997,False,-0.5 to +0.5
2694,2025-03-27,2025-03-28,2025-04-30,12,12,0.08379567149569377,-0.0014417173267937398,0.08570266824127812,0.04217811693241136,58.1394536777152,57.39635546085799,-0.6382432286259253,-0.5384801904154358,False,-1.5 to -0.5
2695,2025-03-28,2025-03-31,2025-05-02,12,12,0.12228641804501673,0.0702756878575528,0.04992203501534084,0.025022014251051578,56.06319602029339,55.59016496625028,-0.9270113418213304,-0.650952489884866,False,-1.5 to -0.5
2696,2025-03-31,2025-04-01,2025-05-05,12,12,0.10909533483034922,0.017376322283395786,0.09107732991531294,0.04504092538330169,59.00547958710692,52.06574590569244,-1.7607636175548322,-0.8261887626918348,False,-1.5 to -0.5
2697,2025-04-01,2025-04-02,2025-05-06,12,12,0.07198328087067327,0.025617389589933502,0.045889974290459844,0.02305520288124166,59.639080328349735,53.1932206092935,-1.9682857568965744,-0.9930841133480964,False,-1.5 to -0.5
2698,2025-04-02,2025-04-03,2025-05-07,12,12,0.02038264688538418,0.02097018961426106,0.00017505342558018944,0.0006676026729200146,60.482228870410175,58.43918671870063,-2.248450055731228,-1.1759809449093916,False,-1.5 to -0.5
2699,2025-04-03,2025-04-04,2025-05-08,12,12,0.0795482172478229,0.09526803809098564,-0.014813441266268264,-0.007033989274790012,60.143780992343345,55.07811256358337,-2.076189842269707,-1.3106824861883657,False,-1.5 to -0.5
2700,2025-04-04,2025-04-07,2025-05-09,12,12,0.09643184400867641,0.09695228383048543,0.00018797928370035215,0.00061029352470039,60.94382078325512,52.00930185748683,-2.367573259240218,-1.4063436170323669,False,-1.5 to -0.5
2701,2025-04-07,2025-04-08,2025-05-12,12,12,0.1267264784093618,0.10212977300847828,0.02295669066427248,0.011990517186225494,58.21004334389272,55.22305680543986,-2.521321700463776,-1.5384458945498216,False,< -1.5
2702,2025-04-08,2025-04-09,2025-05-13,12,12,0.0995167218320419,0.08628209077396398,0.012242945193318304,0.006646684294912014,60.15791411217521,55.09520716966327,-2.5230115312353494,-1.651311404555539,False,< -1.5
2703,2025-04-09,2025-04-10,2025-05-14,13,13,0.08649446023469393,0.08955200627585887,-0.0030722728726567763,-0.000980210060733138,58.03812708984397,54.62790012591682,-2.096214119348979,-1.7265566986098604,False,< -1.5
2704,2025-04-10,2025-04-11,2025-05-15,13,13,0.08965702490136766,0.11112053851538657,-0.020077710819897232,-0.009559318035829937,59.98756668902643,53.238168350488415,-1.960588652469042,-1.8440001462694997,False,< -1.5
2705,2025-04-11,2025-04-14,2025-05-16,13,13,0.10100830252953305,0.10218727191238897,-0.001532186214785183,-0.00033238015795529333,61.61683700037749,55.76647232271452,-1.822751125596832,-1.912505966384184,False,< -1.5
2706,2025-04-14,2025-04-15,2025-05-19,13,13,0.046030283338808924,0.10685975388470552,-0.05531186538490827,-0.02759819005810746,59.2053621152409,55.1162521505169,-2.078423940367897,-1.9797995123834569,False,< -1.5
2707,2025-04-15,2025-04-16,2025-05-20,13,13,0.13396590638552655,0.09244300160393336,0.0380233221659269,0.019204453952249487,61.70199310022201,50.76811903848469,-2.742567749903365,-2.070469301205358,False,< -1.5
2708,2025-04-16,2025-04-17,2025-05-21,13,13,0.047786722025071116,0.06902367013205547,-0.01968351410326534,-0.009431018773183426,60.956917248710674,51.29183716067275,-2.4236219691626038,-2.15674291841695,False,< -1.5
2709,2025-04-17,2025-04-22,2025-05-22,13,13,0.07001921257722878,0.06524647428336651,0.004461006750071159,0.0025791508849184225,60.58432183931598,51.291837160672756,-2.3235294573699137,-2.2122785115815606,False,< -1.5
2710,2025-04-22,2025-04-23,2025-05-23,13,13,0.0617848680341878,0.04481220149368752,0.016830479025723117,0.00880426491285285,61.481597487909504,54.28599372408291,-2.614286260493755,-2.272778899278832,False,< -1.5
2711,2025-04-23,2025-04-24,2025-05-26,13,13,0.005770894087561743,0.020347260482282196,-0.014193609409394233,-0.006698794609722359,61.56882812842428,50.433193200007814,-2.102503455855913,-2.2881635119914345,False,< -1.5
2712,2025-04-24,2025-04-25,2025-05-27,13,13,0.05133960931847807,0.05179244569755004,-0.0008291570815383705,-6.107255430776069e-05,60.67155247983077,53.07745363788305,-2.1494964628514555,-2.3445059855974613,False,< -1.5
2713,2025-04-25,2025-04-28,2025-05-28,13,13,0.044476484175551736,0.05247415907377766,-0.008019516385311076,-0.003646234226907544,58.308086466647396,53.077453637883046,-1.575308815425056,-2.362003103279496,False,< -1.5
2714,2025-04-28,2025-04-29,2025-05-29,13,13,0.035563101492670085,0.03401278342432335,0.0016629118177766864,0.0013264270209734056,57.73881510416224,50.230520264026765,-1.961093744680784,-2.4142631802018992,False,< -1.5
2715,2025-04-29,2025-04-30,2025-05-30,13,13,0.05118850326802657,-0.00016821091694901736,0.05152145025607268,0.025822910996673328,59.005676574944154,45.290569746631334,-1.517398778073756,-2.462465735312932,False,< -1.5
2716,2025-04-30,2025-05-02,2025-06-02,13,13,0.02553558592688077,0.01531546459510658,0.010670344387401862,0.005648713565261187,58.433310161461755,45.09848476190314,-1.4272774065707288,-2.489232598096239,False,< -1.5
2717,2025-05-02,2025-05-05,2025-06-03,12,12,0.0630812792827846,0.02989676787939353,0.03263930007617934,0.016544800020503413,62.77131478046081,44.21858273823182,-1.2200718730933229,-2.457569428593108,False,< -1.5
2718,2025-05-05,2025-05-06,2025-06-04,12,12,0.05115487831899288,0.025317252520179283,0.025573203577792053,0.013064446924860258,62.77131478046081,48.93099770035692,-1.232912474275062,-2.4151402591459394,False,< -1.5
2719,2025-05-06,2025-05-07,2025-06-05,12,12,0.07236725781574066,0.024917243342894458,0.046791147812907205,0.023360733284597143,62.77131478046081,45.49028626953697,-0.7115629484913938,-2.3276935104802936,False,< -1.5
2720,2025-05-07,2025-05-08,2025-06-06,12,12,0.03885900932717691,-0.0009585789045620162,0.040225868212142836,0.020110659295588352,62.77131478046081,48.93954088519558,-0.2791064563229723,-2.225652016409363,False,< -1.5
2721,2025-05-08,2025-05-09,2025-06-09,12,12,0.03867619031772759,0.00169470063848952,0.03735961981648309,0.018701832198786187,62.77131478046081,47.71826102014334,-0.5468797678237092,-2.1227397285717275,False,< -1.5
2722,2025-05-09,2025-05-12,2025-06-10,12,12,0.04629940388723626,-0.016356756162847475,0.06429508763240721,0.03184477841207991,62.77131478046081,50.640523220320716,-0.848375704950824,-2.0284547261979995,False,< -1.5
2723,2025-05-12,2025-05-13,2025-06-11,12,12,0.020395608698391517,-0.02906300336645496,0.05140675456244191,0.025566452235333003,62.77131478046081,50.14128131641417,-1.0212013594612528,-1.943940408676612,False,< -1.5
2724,2025-05-13,2025-05-14,2025-06-12,12,12,0.040237278186784124,-0.027597138416220225,0.07030482472084665,0.03474825431135318,59.76137713358542,46.56105239524576,-1.1766591706012173,-1.8921117428777048,False,< -1.5
2725,2025-05-14,2025-05-15,2025-06-13,12,12,0.005448860466796178,-0.007283663689757267,0.01325232408140537,0.006717031409192915,61.57750709529977,48.2667147132772,-1.31526936900695,-1.855724109419829,False,< -1.5
2726,2025-05-15,2025-05-16,2025-06-16,12,12,0.019599103637429643,0.014349806381599032,0.005446227041387281,0.0028419160090607317,61.462077069040284,54.3305547663148,-1.352065052981075,-1.829146129917557,False,< -1.5
2727,2025-05-16,2025-05-19,2025-06-17,12,12,0.026437208022771698,0.006755437781698933,0.019769628400091468,0.00996458834352809,60.88825691043771,54.3305547663148,-1.2105934292537437,-1.7803362492564274,False,< -1.5
2728,2025-05-19,2025-05-20,2025-06-18,12,12,0.013785536884695722,-0.008234646020762314,0.02220744119683529,0.011165740213717325,63.30337504666309,57.686157404391224,-1.2615482574218395,-1.697296441241105,False,< -1.5
2729,2025-05-20,2025-05-21,2025-06-20,12,12,0.022634894018419064,0.01137869824081983,0.011082769310118526,0.005658326383314025,61.177368391023066,57.68615740439123,-1.2386146663340698,-1.630788748975755,False,< -1.5
2730,2025-05-21,2025-05-22,2025-06-23,12,12,0.022289244262075337,0.022421872955416512,4.270186383867456e-05,0.00017540988862865033,59.359360428220214,57.16177501401065,-0.9555093567421546,-1.553952830189192,False,< -1.5
2731,2025-05-22,2025-05-23,2025-06-24,12,12,0.04685187491000084,0.004235738017224236,0.04295831869169802,0.02146599482018378,58.86378401684174,54.451873780120735,-0.7593049318571841,-1.449800860822345,False,-1.5 to -0.5
2732,2025-05-23,2025-05-26,2025-06-25,12,12,0.038702071595774434,0.01794330812650304,0.02090004999295006,0.010559726965503618,58.86378401684174,58.69106630270579,-1.1934298801124916,-1.3987250330874552,False,-1.5 to -0.5
2733,2025-05-26,2025-05-27,2025-06-26,12,12,0.008541198714867911,-0.0014295918155149817,0.01009082894786262,0.0051507860632980336,59.359360428220214,58.8192121239837,-1.600290626947031,-1.3678755746233966,False,-1.5 to -0.5
2734,2025-05-27,2025-05-28,2025-06-27,12,12,-0.013850874512442563,0.008699534985493083,-0.022514856985652528,-0.01121385636396306,61.383833321816184,58.754113694700486,-1.6238317749395694,-1.3705519017183687,False,-1.5 to -0.5
2735,2025-05-28,2025-05-29,2025-06-30,12,12,0.0062373797567361455,0.02960510331801574,-0.022714097883108974,-0.011296033249844361,61.81924551243946,59.43917461474911,-1.3759421030949155,-1.3376344293773,False,-1.5 to -0.5
2736,2025-05-29,2025-05-30,2025-07-01,12,12,0.007138879270292336,0.04210043834281517,-0.033785649489924,-0.01689387106115723,59.81681967940383,59.83302464815625,-1.4772998338557384,-1.3353176781792844,False,-1.5 to -0.5
2737,2025-05-30,2025-06-02,2025-07-02,12,12,0.008003099419245846,0.02062888000533834,-0.012458948871702466,-0.0061069540074253845,61.45725480187725,63.11612255883935,-0.858175763430086,-1.303240674738463,False,-1.5 to -0.5
2738,2025-06-02,2025-06-03,2025-07-03,12,12,-0.0006744750715522556,0.01881929028089721,-0.01950724773106521,-0.009708809875989202,61.08579270562552,60.7306490051883,-1.024038824397319,-1.2921384499565278,False,-1.5 to -0.5
2739,2025-06-03,2025-06-04,2025-07-04,12,12,0.00706732894237871,0.03936518935821377,-0.031734000491969054,-0.015885066906238286,61.08579270562552,62.66228800194952,-0.5640383696746375,-1.25445536200854,False,-1.5 to -0.5
2740,2025-06-04,2025-06-05,2025-07-07,12,12,0.0033826227851575636,0.030109609377730773,-0.026788799298071597,-0.013389670853737391,64.1822952526066,59.239235143594414,-0.6796921985160077,-1.2525710102213967,False,-1.5 to -0.5
2741,2025-06-05,2025-06-06,2025-07-08,12,12,0.00528540820075779,0.039447891206174625,-0.03358583493599622,-0.01684533668236787,64.18229525260661,59.693069700484244,-0.5021538999753754,-1.264990788669542,False,-1.5 to -0.5
2742,2025-06-06,2025-06-09,2025-07-09,12,12,0.01349566995837527,0.03568841403836895,-0.022087154404579302,-0.011024125347754628,63.6846388695299,60.45365501722467,-0.8333796214897138,-1.2809801921183854,False,-1.5 to -0.5
2743,2025-06-09,2025-06-10,2025-07-10,12,12,-0.0019838008474522516,0.014670142341530605,-0.017115892133947822,-0.008508962991006204,63.68463886952991,59.239235143594414,-0.7329592630377735,-1.2743976283555352,False,-1.5 to -0.5
2744,2025-06-10,2025-06-11,2025-07-11,12,12,-0.015497151110989702,0.00412717525320845,-0.020401389907249174,-0.010156113427390489,64.55604011303926,59.239235143594414,-0.5400714792255782,-1.2472890593021702,False,-1.5 to -0.5
2745,2025-06-11,2025-06-12,2025-07-14,12,12,-0.013337838537685383,0.008082267262707084,-0.021879811311090618,-0.010911049333744646,63.68463886952991,56.94696606953692,-0.540691461520979,-1.21151114390984,False,-1.5 to -0.5
2746,2025-06-12,2025-06-13,2025-07-15,12,12,-0.0008185850941784056,0.013671235417374573,-0.014984696006075496,-0.007436246704094554,63.6846388695299,56.904633359472406,-0.4718046962819605,-1.164107493808561,False,-1.5 to -0.5
2747,2025-06-13,2025-06-16,2025-07-16,12,12,-0.019706967183056583,0.005267444318401123,-0.025658158408085118,-0.012802593265141125,64.55604011303926,56.82099727013975,-0.4090395545049455,-1.1111341033205042,False,-1.5 to -0.5
2748,2025-06-16,2025-06-17,2025-07-17,12,12,-0.019969979432332946,-0.012779404352116799,-0.008586019982212981,-0.004181272668162711,64.55604011303926,56.6951701219011,-0.7428927067390212,-1.08484966196941,False,-1.5 to -0.5
2749,2025-06-17,2025-06-18,2025-07-18,12,12,-0.03890802237937491,-0.014349917375381223,-0.025824527753677422,-0.012849791576575962,67.93088216776658,60.14642789088737,-1.231702188952895,-1.0831386382556314,False,-1.5 to -0.5
2750,2025-06-18,2025-06-20,2025-07-21,12,12,-0.01991499265689303,-0.01311636479476853,-0.007868869436669734,-0.0038426120660621545,65.33923342237887,60.33425095639436,-0.3518480630623223,-1.0333402503257914,False,-1.5 to -0.5
2751,2025-06-20,2025-06-23,2025-07-22,12,12,-0.018623322938188053,-0.025254189287565707,0.00550437320547404,0.0028826417848435482,64.66370142146886,59.36091329819573,-0.7133705524812985,-1.0197265348919495,False,-1.5 to -0.5
2752,2025-06-23,2025-06-24,2025-07-23,12,12,-0.016793556552816453,-0.019667922512697947,0.0014779911521191121,0.0008780150732148423,64.71608956808537,59.36091329819573,0.0294522483194686,-0.975453741946857,False,-1.5 to -0.5
2753,2025-06-24,2025-06-25,2025-07-24,12,12,-0.03690568112253931,-0.02213825627208487,-0.01666682140657452,-0.008208850782255535,65.33923342237887,60.52427601356331,-0.3315653418615742,-0.9270883188048176,False,-1.5 to -0.5
2754,2025-06-25,2025-06-26,2025-07-25,12,12,-0.02434735034821402,-0.031032083324541687,0.005794877507574147,0.002992279434502683,64.84157703930218,55.30364274666311,-0.2797393753901743,-0.8529877017592712,False,-1.5 to -0.5
2755,2025-06-26,2025-06-27,2025-07-28,12,12,-0.02683801059715206,-0.04312074981805862,0.015591101458461426,0.007904955443614232,64.71608956808537,61.62754147639921,-0.1166023704370921,-0.7684039454919249,False,-1.5 to -0.5
2756,2025-06-27,2025-06-30,2025-07-29,12,12,-0.035738971047295336,-0.057315696995183095,0.02203696819888711,0.01106189884282968,64.42701129758197,63.63939839659767,-0.3497420798213698,-0.7107952415896314,False,-1.5 to -0.5
2757,2025-06-30,2025-07-01,2025-07-30,12,12,-0.04462622833377626,-0.05290457890464379,0.00801719589008318,0.004108355393349155,63.00031125507755,62.41193981529361,-1.7976502314653169,-0.7286588776239483,False,-1.5 to -0.5
2758,2025-07-01,2025-07-02,2025-07-31,12,12,-0.041058824152371214,-0.04966480350083037,0.008257516696981815,0.004221191544065247,63.83316520923963,60.13461901660586,-1.6306485512755828,-0.7719682038466416,False,-1.5 to -0.5
2759,2025-07-02,2025-07-03,2025-08-01,12,12,-0.05769493475041986,-0.06732779419437424,0.009790692240774996,0.004973153655128569,63.83316520923964,62.77086084493763,-0.8368706526568863,-0.7614405115902129,False,-1.5 to -0.5
2760,2025-07-03,2025-07-04,2025-08-04,12,12,-0.05024524485940474,-0.08582915977394741,0.03842694988623398,0.019114657810086727,64.37092826790429,60.35710404611148,-1.0030764308019389,-0.7860896755039357,False,-1.5 to -0.5
2761,2025-07-04,2025-07-07,2025-08-05,12,12,-0.04446438496634709,-0.07191539841232591,0.029122162940966298,0.014539036643450454,66.09876738074853,62.77086084493763,-0.7018957307010528,-0.7873388325494594,False,-1.5 to -0.5
2762,2025-07-07,2025-07-08,2025-08-06,12,12,-0.02850698510033073,-0.04904267595566994,0.021082008049903782,0.010579044043482417,62.519059122733864,62.77086084493763,-0.8884342791739399,-0.8090334382849955,False,-1.5 to -0.5
2763,2025-07-08,2025-07-09,2025-08-07,12,12,-0.017235814923839212,-0.037355642416192374,0.020604751816002832,0.010341008697983111,63.37487233217758,60.03738044405859,-1.2780393466678377,-0.8339806783919356,False,-1.5 to -0.5
2764,2025-07-09,2025-07-10,2025-08-08,12,12,-0.006523348855332319,-0.04143729514850919,0.035940475481704835,0.017911978837029063,62.53688660968066,61.212274677045315,-0.1912545984992729,-0.8035760081949624,False,-1.5 to -0.5
2765,2025-07-10,2025-07-11,2025-08-11,12,12,-0.016573103896523073,-0.04300784566369586,0.027146205690586633,0.013582554051881442,63.42740155707789,61.21227467704531,-0.4889720235157331,-0.8007244289406824,False,-1.5 to -0.5
2766,2025-07-11,2025-07-14,2025-08-12,12,12,0.010258688547835274,-0.016093765636337763,0.026421054662255222,0.013242206722405971,64.13370595762052,61.212274677045315,-0.1002393868026094,-0.7760225358789656,False,-1.5 to -0.5
2767,2025-07-14,2025-07-15,2025-08-13,12,12,-0.008757453811455599,-0.03818894232234195,0.03013660917795706,0.015067453513520712,62.7693087162833,58.405997825809834,-0.3962564452112289,-0.7718069401385512,False,-1.5 to -0.5
2768,2025-07-15,2025-07-16,2025-08-14,12,12,-0.0016460612406577037,-0.04060516922791321,0.04006926337224855,0.01995735436832441,62.96113930583911,53.39624458830824,-0.7081576239610323,-0.7886190300030185,False,-1.5 to -0.5
2769,2025-07-16,2025-07-17,2025-08-15,12,12,0.0024107987351722018,-0.029568086879615315,0.032916288283731554,0.016448760039671013,61.37810279139857,53.39624458830826,-0.9915061771474872,-0.8025736922974632,False,-1.5 to -0.5
2770,2025-07-17,2025-07-18,2025-08-18,12,12,0.041209903583320495,0.006843516650752644,0.03411276187853094,0.017029110013067728,61.37810279139857,56.29592144961075,-0.7479639862721948,-0.7754057423502353,False,-1.5 to -0.5
2771,2025-07-18,2025-07-21,2025-08-19,12,12,0.035698947567990955,-0.005926494649127351,0.04209181142339457,0.02100616825058801,62.694011306861434,56.295921449610766,-0.24164946245017,-0.7692534503480174,False,-1.5 to -0.5
2772,2025-07-21,2025-07-22,2025-08-20,12,12,0.02280726448694918,-0.004565953727798021,0.0277515636372539,0.013940300143976986,61.34426955371276,53.157096939634364,-0.3702075719332262,-0.7500054460300409,False,-1.5 to -0.5
2773,2025-07-22,2025-07-23,2025-08-21,12,12,-0.004169706847437568,-0.023591391548283647,0.020248355048362813,0.010217378195279547,61.37810279139856,53.157096939634364,-0.36310706410832,-0.7720911655000245,False,-1.5 to -0.5
2774,2025-07-23,2025-07-24,2025-08-22,12,12,0.03596631208789326,-0.00933858538728826,0.046285324597077855,0.023071668839366993,65.0140356281141,52.54653209507709,-0.5804947849313048,-0.7860878093477128,False,-1.5 to -0.5
2775,2025-07-24,2025-07-25,2025-08-25,12,12,0.05944622140304714,0.02133635914888077,0.03817218079821344,0.019080613695807977,68.00926466061344,54.124073529140425,-0.5024407699987938,-0.7986149308673778,False,-1.5 to -0.5
2776,2025-07-25,2025-07-28,2025-08-26,12,12,0.057868018565802266,0.040889327987328875,0.01703499599338246,0.008665718587326884,66.65952290746479,54.68165918275727,-0.2045580525977215,-0.8035931568996858,False,-1.5 to -0.5
2777,2025-07-28,2025-07-29,2025-08-27,12,12,0.09132409598243234,0.029734836488358153,0.0606549698269891,0.03017557079821891,68.38538364973546,51.14328053255817,-0.0887031940850613,-0.7889803965764476,False,-1.5 to -0.5
2778,2025-07-29,2025-07-30,2025-08-28,12,12,0.12230650149631615,0.03288502441354844,0.08753007438440262,0.04319605986061124,72.11539235333039,53.70425582082736,-0.4279229145071945,-0.7120943136443121,False,-1.5 to -0.5
2779,2025-07-30,2025-07-31,2025-08-29,12,12,0.09942089733742507,0.048340744512073645,0.049525818027295804,0.02475195483326504,63.72583222918175,51.26121637003944,-0.1809829828146417,-0.6307011015826941,False,-1.5 to -0.5
2780,2025-07-31,2025-08-01,2025-09-01,12,12,0.09233888719551961,0.03110774316651546,0.059992267373407925,0.029817750358944028,62.50102534406857,49.03846019991128,0.0755993890012224,-0.57949878770715,False,-1.5 to -0.5
2781,2025-08-01,2025-08-04,2025-09-02,12,12,0.0557477169319729,0.030080142168315598,0.02530829822558053,0.012808412744274212,63.40872712742614,52.305276883949794,0.257231584995036,-0.5087692005373137,False,-1.5 to -0.5
2782,2025-08-04,2025-08-05,2025-09-03,12,12,0.03300410413566851,0.03718938650354191,-0.0037388075288214188,-0.001728870570992272,63.457666647638895,53.02631984958227,0.0982626094808487,-0.4638740172310608,False,-0.5 to +0.5
2783,2025-08-05,2025-08-06,2025-09-04,12,12,0.04091815430940509,0.0590909201219665,-0.016545554771905512,-0.008125426868074315,61.88664619298501,54.46396308512967,-0.2226122097569941,-0.4264782866236882,False,-0.5 to +0.5
2784,2025-08-06,2025-08-07,2025-09-05,12,12,0.017931336215320684,0.045641269381092385,-0.026265724874100338,-0.013096712585858518,57.31386937382016,51.11330143567283,0.0130356588392487,-0.3539587612230786,False,-0.5 to +0.5
2785,2025-08-07,2025-08-08,2025-09-08,12,12,0.024223243266472447,0.047449993724652834,-0.021697936897417818,-0.010807990444075911,57.312705097198226,49.97341639500977,-0.1566369206611851,-0.3520416982876723,False,-0.5 to +0.5
2786,2025-08-08,2025-08-11,2025-09-09,12,12,0.014499269078534336,0.06211759217855828,-0.04481419961293947,-0.02255187117010412,60.64622567075145,51.86957378811736,-0.7262751039821468,-0.3653168703648073,False,-0.5 to +0.5
2787,2025-08-11,2025-08-12,2025-09-10,12,12,0.01860683770082052,0.05223165171438183,-0.03182999016685051,-0.015964582945618894,60.30346524797522,49.16103639475648,-0.7089846755942143,-0.3994874421608651,False,-0.5 to +0.5
2788,2025-08-12,2025-08-13,2025-09-11,12,12,0.021591604129095835,0.0754697297963457,-0.05005802410631545,-0.025268710410784868,62.16830660519256,52.11434772882331,-0.3401370044066365,-0.3963365966163354,False,-0.5 to +0.5
2789,2025-08-13,2025-08-14,2025-09-12,12,12,0.013884396608540819,0.04460140524836405,-0.02943643674346822,-0.014757661937049507,62.168306605192576,50.51632840964819,-0.4687671909527732,-0.3828576383180084,False,-0.5 to +0.5
2790,2025-08-14,2025-08-15,2025-09-15,12,12,0.02454403152786862,0.057616399428829825,-0.031049310230293364,-0.015576164672768147,62.168306605192576,51.95397164519559,-0.6021308175944416,-0.3609176036342793,False,-0.5 to +0.5
2791,2025-08-15,2025-08-18,2025-09-16,12,12,0.021680651193972375,0.06311180006457523,-0.03883501799131642,-0.019532871982440442,62.16830660519256,51.8554736120578,-0.2386016466191666,-0.3322829113168979,False,-0.5 to +0.5
2792,2025-08-18,2025-08-19,2025-09-17,12,12,0.055472572122940274,0.07158032059066718,-0.01510630355546506,-0.007521861115808219,62.16830660519256,52.45561202724665,-0.5185898022167587,-0.3478218369931687,False,-0.5 to +0.5
2793,2025-08-19,2025-08-20,2025-09-18,12,12,0.05152572235619693,0.06675660892800539,-0.01433044654855797,-0.007131236280332023,62.168306605192576,49.8586003909611,-0.9801814792857386,-0.3820147156724574,False,-0.5 to +0.5
2794,2025-08-20,2025-08-21,2025-09-19,12,12,0.0680301883772689,0.08667467206146912,-0.01705688688369272,-0.00845384873630587,63.3037448245957,51.96398896165791,-0.8275990406581367,-0.4080617067563744,False,-0.5 to +0.5
2795,2025-08-21,2025-08-22,2025-09-22,12,12,0.011395609476560136,0.060448849384662245,-0.04650220841405812,-0.023420876504951917,62.168306605192576,49.81761748889446,-0.4426706858354158,-0.4002981137458626,False,-0.5 to +0.5
2796,2025-08-22,2025-08-25,2025-09-23,12,12,0.014117760223444149,0.06572782403054829,-0.0487450082534532,-0.024560686868591523,62.168306605192576,45.96395969248283,-0.1101746007714299,-0.3782750175914603,False,-0.5 to +0.5
2797,2025-08-25,2025-08-26,2025-09-24,12,12,0.02912369811432626,0.05397568198501797,-0.02347978709539204,-0.011680656640260162,59.90197570747082,44.29084870019435,-0.1502495313512215,-0.3752537040717582,False,-0.5 to +0.5
2798,2025-08-26,2025-08-27,2025-09-25,12,12,-0.013897849574895742,0.05734175160567782,-0.06761985875919785,-0.03427720036598112,62.168306605192576,47.941863696227536,-0.0603909540960328,-0.373709601317825,False,-0.5 to +0.5
2799,2025-08-27,2025-08-28,2025-09-26,12,12,-0.02747292627338123,0.05323990275940397,-0.07691839484845543,-0.03912068462542548,63.91141406032562,47.94186369622753,0.3343413436078845,-0.3309460078808022,False,-0.5 to +0.5
2800,2025-08-28,2025-08-29,2025-09-29,12,12,-0.028772548842926144,0.05247446773627746,-0.07740792861045176,-0.03937670338792672,62.168306605192576,47.848696545313906,-0.1207727696630535,-0.3275924616015029,False,-0.5 to +0.5
2801,2025-08-29,2025-09-01,2025-09-30,12,12,-0.03521406043981647,0.053607766471408594,-0.08453451397366885,-0.04307155014685492,62.168306605192576,47.22984502597131,0.0225685662324973,-0.3306327299902465,False,-0.5 to +0.5
2802,2025-09-01,2025-09-02,2025-10-01,12,12,-0.012083858714993276,0.059200713650556694,-0.06739740709087844,-0.034162164699873265,59.901975707470825,47.229845025971315,-0.0127121231238841,-0.3458687890971036,False,-0.5 to +0.5
2803,2025-09-02,2025-09-03,2025-10-02,12,12,-0.020089469630255957,0.05466723619509089,-0.07105018596741364,-0.036030065329162204,59.901975707470825,48.5382546625677,0.4982722235880012,-0.3235084551803508,False,-0.5 to +0.5
2804,2025-09-03,2025-09-04,2025-10-03,12,12,-0.03274023827156348,0.047455205906682334,-0.07677137543067378,-0.03900375118418223,59.90197570747082,48.53825466256769,0.8951979752937095,-0.2608356252097486,False,-0.5 to +0.5
2805,2025-09-04,2025-09-05,2025-10-06,12,12,-0.0562148616074561,0.027042841178729758,-0.08139783529436594,-0.041421414098854546,62.168306605192576,46.496572479773356,0.4751337619138924,-0.2349638764357902,False,-0.5 to +0.5
2806,2025-09-05,2025-09-08,2025-10-07,12,12,-0.0599700158372999,0.0017661814384357121,-0.06193018983698783,-0.031343398863289657,62.168306605192576,47.27967013222142,0.0364101829778315,-0.2241522092710929,False,-0.5 to +0.5
2807,2025-09-08,2025-09-09,2025-10-08,12,12,-0.07404685745866689,-0.001226748040345352,-0.07319450528857592,-0.03713997933891768,64.51380404389067,47.279670132221405,-0.0270966081610248,-0.1848602318760176,False,-0.5 to +0.5
2808,2025-09-09,2025-09-10,2025-10-09,12,12,-0.0860325326204842,-0.0010751740661556256,-0.08538426328195768,-0.04349268376195567,64.51380404389067,47.153527416102044,-0.1257101138575659,-0.1520623581247474,False,-0.5 to +0.5
2809,2025-09-10,2025-09-11,2025-10-10,12,12,-0.099109603143308,-0.014755953899706766,-0.08587262526695166,-0.04376736043383392,62.40508752783367,47.15352741610206,-0.4877412115990633,-0.1603125266656699,False,-0.5 to +0.5
2810,2025-09-11,2025-09-12,2025-10-13,12,12,-0.08081417450979177,-0.02543195552130182,-0.057042722621477054,-0.02883932347439909,62.40508752783367,45.2114237511848,-0.4059832666090961,-0.1567422282390918,False,-0.5 to +0.5
2811,2025-09-12,2025-09-15,2025-10-14,12,12,-0.09683859784795243,-0.02799339195944371,-0.07099237733850658,-0.03605499051479662,58.85723663104354,49.985314129062736,-0.2222718410205978,-0.1353627877538329,False,-0.5 to +0.5
2812,2025-09-15,2025-09-16,2025-10-15,12,12,-0.08507449920236854,-0.029640768747472828,-0.05735278012386476,-0.029003974873618724,62.312209330084436,51.8948250775073,0.2315698842487735,-0.1089734147264852,False,-0.5 to +0.5
2813,2025-09-16,2025-09-17,2025-10-16,12,12,-0.10335350922737434,-0.028731469234523275,-0.07707782195926886,-0.03920398200352983,58.85723663104353,51.07592708623179,-0.0412327961432152,-0.082128773901715,False,-0.5 to +0.5
2814,2025-09-17,2025-09-18,2025-10-17,12,12,-0.08938271555444037,-0.01966656523238842,-0.07122284392098614,-0.036134890811283,62.09977572804115,51.07592708623181,-0.0921481045545408,-0.0321617872593238,False,-0.5 to +0.5
2815,2025-09-18,2025-09-19,2025-10-20,12,12,-0.07683355273819412,-0.040486173551808675,-0.03824513439682675,-0.019201665986406522,62.40508752783367,50.32211333705063,-0.0969998954424521,0.0089645316511769,False,-0.5 to +0.5
2816,2025-09-19,2025-09-22,2025-10-21,12,12,-0.06926542934484405,-0.017111528077182254,-0.053090918626920745,-0.026803128886617802,62.09977572804117,52.997489548165824,-0.2442716415338143,0.0201775593959746,False,-0.5 to +0.5
2817,2025-09-22,2025-09-23,2025-10-22,12,12,-0.06310810283545773,-0.04797090304322127,-0.01570200658920135,-0.00778713527269342,61.5113497458077,48.181105083832165,0.1677322377011323,0.0357902628392649,False,-0.5 to +0.5
2818,2025-09-23,2025-09-24,2025-10-23,12,12,-0.05116047820650341,-0.039106377189652534,-0.012107274320609235,-0.005970551670249303,60.29025987641867,47.46780860569279,0.5908967435603463,0.0773992882541285,False,-0.5 to +0.5
2819,2025-09-24,2025-09-25,2025-10-24,12,12,-0.029725938430874895,-0.005011198572219139,-0.024558698576495185,-0.012238473676232344,60.29025987641867,49.40991227061005,0.4746060466806881,0.1074360677072958,False,-0.5 to +0.5
2820,2025-09-25,2025-09-26,2025-10-27,12,12,-0.025442238004576963,-0.014567298187073611,-0.010819621832328971,-0.005320038559067747,60.49373252000159,49.40991227061006,0.7649298816692887,0.131548926393539,False,-0.5 to +0.5
2821,2025-09-26,2025-09-29,2025-10-28,12,12,-0.02685160559928921,-0.014608201279042837,-0.012232005977876277,-0.006036917957194363,62.09977572804116,49.40991227061005,0.7296266605890311,0.1793059398889152,False,-0.5 to +0.5
2822,2025-09-29,2025-09-30,2025-10-29,12,12,-0.026046132991359827,-0.005561470591553847,-0.02052568163552783,-0.010194823450228489,58.37885290634793,52.77930162023596,0.1956157610221977,0.1890415720577503,False,-0.5 to +0.5
2823,2025-09-30,2025-10-01,2025-10-30,12,12,-0.01809169213487213,-0.018922150878492958,0.000676775817319943,0.0004272358900052801,62.271914681683334,48.52440478880652,-0.3499007529274602,0.1701542587048119,False,-0.5 to +0.5
2824,2025-10-01,2025-10-02,2025-10-31,12,12,0.013535157384795849,0.0055644007269793775,0.007757977818617907,0.004002038200798739,61.12432747526616,46.2525846092596,-0.1027569987000111,0.1363705504005189,False,-0.5 to +0.5
2825,2025-10-02,2025-10-03,2025-11-03,12,12,-0.00031932745238325634,0.0011263884163739634,-0.0013622940652786887,-0.0005852912511995262,61.57428131708667,47.41574004452593,0.0093795827853008,0.0865302920664498,False,-0.5 to +0.5
2826,2025-10-03,2025-10-06,2025-11-04,12,12,0.024562190763821597,0.009526574719968326,0.014942760834856725,0.007555713447219541,61.57428131708667,47.41574004452593,-0.1811722265472544,0.0496297922054543,False,-0.5 to +0.5
2827,2025-10-06,2025-10-07,2025-11-05,12,12,0.07614808486146567,0.05754383529917617,0.017631214385559403,0.008917088452993636,61.574281317086665,47.37446572111852,-0.0009786081435122,0.0475324826042668,False,-0.5 to +0.5
2828,2025-10-07,2025-10-08,2025-11-06,12,12,0.055937315111868426,0.04098833177209673,0.014528881859665605,0.007406395799313939,61.57428131708667,46.320415038047635,0.0469943153987347,0.051702082352602,False,-0.5 to +0.5
2829,2025-10-08,2025-10-09,2025-11-07,12,12,0.06594765715636253,0.04455016598994401,0.020630735231873122,0.010417491909344868,61.57428131708667,45.75051438549438,-0.3846599488559948,0.0372023287834665,False,-0.5 to +0.5
2830,2025-10-09,2025-10-10,2025-11-10,12,12,0.08824037651649759,0.05075791338019696,0.03584148686459009,0.017910453092386206,61.57428131708667,45.75051438549439,0.1011990182162939,0.0703455312480998,False,-0.5 to +0.5
2831,2025-10-10,2025-10-13,2025-11-11,12,12,0.10810972795956186,0.05488589209961204,0.050785666538865945,0.02526575611562571,61.57428131708667,45.75051438549439,0.0047607571113924,0.093480987116295,False,-0.5 to +0.5
2832,2025-10-13,2025-10-14,2025-11-12,12,12,0.10290509239692971,0.05315789658033196,0.047581000315197325,0.023704993680239164,61.57428131708667,45.75051438549439,0.3780369440255697,0.1272243764776765,False,-0.5 to +0.5
2833,2025-10-14,2025-10-15,2025-11-13,12,12,0.06281118907364638,0.03526835730122518,0.0269868887432005,0.013587412473509369,57.497468070203865,45.75051438549439,0.0250947846304471,0.1156155285768317,False,-0.5 to +0.5
2834,2025-10-15,2025-10-16,2025-11-14,12,12,0.07892530371788113,0.05571843520292773,0.02230229535515901,0.01130450613134013,61.57428131708667,44.22698145474117,-0.8268908520009737,0.0715534213191992,False,-0.5 to +0.5
2835,2025-10-16,2025-10-17,2025-11-17,12,12,0.03540500438315621,0.040206092010708315,-0.004354191346656188,-0.0019697258543108663,57.497468070203865,47.568571660943824,-0.8010809709644471,0.0317934338824967,False,-0.5 to +0.5
2836,2025-10-17,2025-10-20,2025-11-18,12,12,0.03346863091895586,0.03742249371304524,-0.0035255981608472127,-0.0015680114993043722,57.497468070203865,48.64326561861798,-1.0126697897778922,-0.0195819079625545,False,-0.5 to +0.5
2837,2025-10-20,2025-10-21,2025-11-19,12,12,0.020816651542824055,0.04260331471693886,-0.020798955400932264,-0.010214785423290466,60.7345424852615,48.23910395374562,-0.8146989077834547,-0.0515705358309893,False,-0.5 to +0.5
2838,2025-10-21,2025-10-22,2025-11-21,12,12,0.010685830484064393,0.031038560326467648,-0.01966644829618307,-0.009692377793641923,58.86864340817471,46.722897049739764,-1.6961386932973357,-0.1562574751720322,False,-0.5 to +0.5
2839,2025-10-22,2025-10-23,2025-11-24,12,12,0.007282587984424283,0.03271531682879142,-0.024522006703207148,-0.012095462997217908,60.7345424852615,46.72289704973975,-1.1430883399786778,-0.253768102381282,False,-0.5 to +0.5
2840,2025-10-23,2025-10-24,2025-11-25,12,12,0.009009076185235394,0.02757025186182764,-0.01779384442582431,-0.008762732771564908,60.90671216090454,45.900166008305156,-1.4773925082438186,-0.3635452716337884,False,-0.5 to +0.5
2841,2025-10-24,2025-10-27,2025-11-26,12,12,0.023049777997267883,0.041047359489827365,-0.01688269181085714,-0.008270224828919934,60.7345424852615,45.90016600830517,-0.6959451142745261,-0.4457904729065094,False,-0.5 to +0.5
2842,2025-10-27,2025-10-28,2025-11-27,12,12,0.02976342635152291,0.05367888894164986,-0.02253186587465947,-0.011108877003303298,60.7345424852615,46.41461153325522,-1.0866965889303684,-0.5480244395450713,False,-1.5 to -0.5
2843,2025-10-28,2025-10-29,2025-11-28,12,12,0.031661687805158635,0.06146758066650416,-0.02775638044089022,-0.013769578695822307,60.7345424852615,47.5241173439293,-0.888937068958293,-0.6090840570694621,False,-1.5 to -0.5
2844,2025-10-29,2025-10-30,2025-12-01,12,12,0.02829200707497727,0.06023071070970122,-0.03000318866661443,-0.014900061080632632,57.537304730210145,44.891078602502,-0.7435825422540043,-0.6312559917916771,False,-1.5 to -0.5
2845,2025-10-30,2025-10-31,2025-12-02,12,12,0.037829704195982264,0.04616578549557118,-0.007591060710131225,-0.0035938608082237335,60.571154755672104,45.71258310803223,-0.5837455695626078,-0.6583585938596882,False,-1.5 to -0.5
2846,2025-10-31,2025-11-03,2025-12-03,12,12,0.05395338027279046,0.07039127616808215,-0.015252526252785042,-0.007478735264990356,63.10881722062121,46.64817609755821,-0.5072410822546104,-0.6874721550577777,False,-1.5 to -0.5
2847,2025-11-03,2025-11-04,2025-12-04,12,12,0.04098909308830675,0.08292883918856013,-0.0386651351769558,-0.019321037462869024,63.28170483506559,46.64817609755821,-0.6086775001257876,-0.711557928439647,False,-1.5 to -0.5
2848,2025-11-04,2025-11-05,2025-12-05,11,11,-0.0465594802958182,0.028767037660650377,-0.07201569687309047,-0.03637288498380665,64.20002129656699,47.26956655985432,-0.6140038249685842,-0.7460850149569801,False,-1.5 to -0.5
2849,2025-11-05,2025-11-06,2025-12-08,11,11,-0.020814024931357127,0.02851179320463706,-0.04694597052937992,-0.023499468503761178,65.3190999654744,46.91670409273699,-0.4330285806136782,-0.7731334137023101,False,-1.5 to -0.5
2850,2025-11-06,2025-11-07,2025-12-09,11,11,-0.03905733993710078,0.024301599019416115,-0.060902362227080516,-0.030657596325068554,64.78259923621275,46.16287140517035,-0.2151340975749402,-0.7636327207828363,False,-1.5 to -0.5
2851,2025-11-07,2025-11-10,2025-12-10,11,11,-0.05091749001317102,0.025844119929676206,-0.07440130852799544,-0.03765591421079047,67.62256810865642,51.58827381267699,0.0151338921724708,-0.7685337925167196,False,-1.5 to -0.5
2852,2025-11-10,2025-11-11,2025-12-11,11,11,-0.06539887584142985,0.04470327646631894,-0.10524041286135527,-0.0538775608286441,68.08145772787222,48.11856035588346,0.3854656368866711,-0.7471927607799899,False,-1.5 to -0.5
2853,2025-11-11,2025-11-12,2025-12-12,11,11,-0.0398013187715775,0.030591815776188757,-0.06825483911034383,-0.03458206459352278,68.56254345746596,48.29444693299694,-0.0675584506961051,-0.772319240506653,False,-1.5 to -0.5
2854,2025-11-12,2025-11-13,2025-12-15,11,11,-0.02417389058197968,0.04705559736919928,-0.06807649412044076,-0.034488442582631826,68.56254345746596,47.66215560670234,0.5424633720985662,-0.7433032583122794,False,-1.5 to -0.5
2855,2025-11-13,2025-11-14,2025-12-16,11,11,-0.04101868961285034,0.047584587567794226,-0.08443482822772068,-0.04298976245529517,66.14340864666498,48.11856035588346,0.7475828935544748,-0.6548362366064028,False,-1.5 to -0.5
2856,2025-11-14,2025-11-17,2025-12-17,11,11,-0.031535670591838684,0.03567371563408178,-0.06453047115423625,-0.03264797309915941,63.18644492369027,47.99809692945559,0.2123249018931758,-0.5979035341065827,False,-1.5 to -0.5
2857,2025-11-17,2025-11-18,2025-12-18,11,11,-0.024705003069701734,0.031676681129213416,-0.05448475323768647,-0.02746227314828679,63.18644492369026,47.8945546473918,0.3371764538715889,-0.5220511882335555,False,-1.5 to -0.5
2858,2025-11-18,2025-11-19,2025-12-19,11,11,-0.018574125091129556,0.07580558753153584,-0.08817790148776163,-0.044898252277280136,63.18644492369027,46.35612106850221,0.6960925334089764,-0.4371638393355284,False,-0.5 to +0.5
2859,2025-11-19,2025-11-21,2025-12-22,11,11,-0.0023763225539934836,0.06990630944495407,-0.06823954316403504,-0.034524797800202484,63.967535347389045,49.69793403307656,1.2086164985390315,-0.2738641120036232,False,-0.5 to +0.5
2860,2025-11-21,2025-11-24,2025-12-23,11,11,-0.00693889229945146,0.06740659150836954,-0.06925261537634538,-0.03509501858391669,63.18644492369027,53.14965094371751,1.0658090739143298,-0.1496477277368973,False,-0.5 to +0.5
2861,2025-11-24,2025-11-25,2025-12-26,11,11,0.026916687119655128,0.08609516159418519,-0.05483706346377936,-0.027639031024478813,63.15188094606162,54.09565535977183,0.7293766273530032,-0.0254730679538523,False,-0.5 to +0.5
2862,2025-11-25,2025-11-26,2025-12-29,11,11,0.007768301149809788,0.05311312638807739,-0.04354607664229713,-0.02184217619402969,63.15188094606162,50.73663080561748,0.6466820735610254,0.0500853398376086,False,-0.5 to +0.5
2863,2025-11-26,2025-11-27,2025-12-30,11,11,-0.0005512522566188775,0.06332463325508801,-0.06070559678898838,-0.03066122572386866,66.14340864666497,54.09565535977183,1.0904474314772188,0.1726294248700406,False,-0.5 to +0.5
2864,2025-11-27,2025-11-28,2026-01-02,11,11,-0.007809092301704382,0.03412671171492986,-0.04107237473542244,-0.02060339853087573,66.0693165673007,52.986736227508736,1.173775349384264,0.2887607752568122,False,-0.5 to +0.5
2865,2025-11-28,2025-12-01,2026-01-05,11,11,-0.026394345206392614,0.041388973887457596,-0.06584210412636257,-0.033268758927540346,65.42523595915269,52.986736227508736,1.0563268339149818,0.390131674429866,False,-0.5 to +0.5
2866,2025-12-01,2025-12-02,2026-01-06,11,11,-0.027550422543487076,0.04590257800584756,-0.07165321932725705,-0.03625905804617144,63.432228102652196,50.97550307634158,1.0775214351940952,0.4837104738637595,False,-0.5 to +0.5
2867,2025-12-02,2025-12-03,2026-01-07,11,11,-0.038369393523299364,0.04219826335832113,-0.0791927347315629,-0.04014277302940297,63.432228102652196,53.22805716471257,1.3645810531508156,0.5891469309677918,False,+0.5 to +1.5
2868,2025-12-03,2025-12-04,2026-01-08,11,11,-0.03896124589941496,0.037882096305074865,-0.07588795087932017,-0.038424717338956645,63.432228102652196,53.22805716471257,1.0010142582240968,0.6798601254483964,False,+0.5 to +1.5
2869,2025-12-04,2025-12-05,2026-01-09,11,11,0.003472313608364552,0.09664327420682078,-0.08643479347186349,-0.04391533179360564,62.75808285417864,53.22805716471257,0.9565823713481528,0.7683738680526424,False,+0.5 to +1.5
2870,2025-12-05,2025-12-08,2026-01-12,11,11,0.01639079994040969,0.07833393379977527,-0.05846569801310175,-0.02947300961987571,61.68310939687055,51.20874181210463,0.9688509663080296,0.8473711114774873,False,+0.5 to +1.5
2871,2025-12-08,2025-12-09,2026-01-13,11,11,0.00887267005721644,0.07353907191236683,-0.06115172457361498,-0.030806237391175266,61.97328184804264,51.20874181210463,-0.080375250135078,0.8550098443693507,False,+0.5 to +1.5
2872,2025-12-09,2025-12-10,2026-01-14,11,11,0.02763879160243279,0.08059205259858174,-0.04981375139738789,-0.024988487439502605,61.97328184804264,51.20874181210463,0.2010073791642042,0.8655091450467394,False,+0.5 to +1.5
2873,2025-12-10,2025-12-11,2026-01-15,11,11,0.0328518122461449,0.0740158124684779,-0.03906057322260869,-0.019518017541153797,61.97328184804264,50.99611270173463,0.6596845973426755,0.8809544680704379,False,+0.5 to +1.5
2874,2025-12-11,2025-12-12,2026-01-16,11,11,-0.0044393662192985335,0.054435532232274896,-0.05639688354794826,-0.02836263077270048,61.97328184804264,50.99611270173463,0.0758789460333352,0.8890628902990855,False,+0.5 to +1.5
2875,2025-12-12,2025-12-15,2026-01-19,11,11,-0.015401555748898019,0.02732440508046317,-0.04138552711791044,-0.020708398774694235,61.97328184804264,51.03758869793835,0.2294142124110594,0.8714467438704815,False,+0.5 to +1.5
2876,2025-12-15,2025-12-16,2026-01-20,11,11,0.011784911976197241,0.0683340383528011,-0.05330698453974542,-0.026773966658000355,61.97328184804264,50.76069885350237,0.2716892553456063,0.8446612361212416,False,+0.5 to +1.5
2877,2025-12-16,2025-12-17,2026-01-21,11,11,0.06866306381773392,0.09615645418981718,-0.025077515926772053,-0.012330694936522894,61.97328184804264,49.522977993305794,0.4866876229021729,0.8601223019149132,False,+0.5 to +1.5
2878,2025-12-17,2025-12-18,2026-01-22,11,11,0.07602807524859001,0.0970293490628868,-0.018783675910706052,-0.00918132940083479,65.04578885570427,49.56445398950952,0.8927211696288938,0.89138821969377,False,+0.5 to +1.5
2879,2025-12-18,2025-12-19,2026-01-23,11,11,0.09706187366874289,0.13020242786242137,-0.029599353456928722,-0.014626772187830732,65.04578885570429,49.522977993305794,0.8747077661712345,0.901426256177182,False,+0.5 to +1.5
2880,2025-12-19,2025-12-22,2026-01-26,11,11,0.10834273576540868,0.15475411735384392,-0.04020619534600443,-0.02000535541877712,63.921026528424065,51.54011823344452,0.7037141442218147,0.8729876995102686,False,+0.5 to +1.5
2881,2025-12-22,2025-12-23,2026-01-27,11,11,0.10789462688601684,0.12147339952517068,-0.011519505818481938,-0.005466639345487259,63.921026528424065,51.58159422964823,0.7492689985114974,0.8551498373748008,False,+0.5 to +1.5
2882,2025-12-23,2025-12-26,2026-01-28,11,11,0.11410343786326713,0.1494166772470552,-0.03046460590231652,-0.015029650177971473,63.92102652842405,49.77587951952176,1.3255785606162906,0.8886721315612687,False,+0.5 to +1.5
2883,2025-12-26,2025-12-29,2026-01-29,11,11,0.09785006650790236,0.13583832996239398,-0.03323447585875198,-0.01646438270187032,63.92102652842405,52.039694136277554,1.4261841610281347,0.932517651527655,False,+0.5 to +1.5
2884,2025-12-29,2025-12-30,2026-01-30,11,11,0.08817929181648751,0.09189759137313996,-0.0028471350157491227,-0.0011076994281338634,63.92102652842405,51.58159422964823,1.4614161563453465,0.9533654615341396,False,+0.5 to +1.5
2885,2025-12-30,2026-01-02,2026-02-02,11,11,0.10823549731500128,0.12487619959437256,-0.01456426571416218,-0.007036620912849914,63.92102652842405,52.039694136277554,1.636189790303921,0.9793654595956848,False,+0.5 to +1.5
2886,2026-01-02,2026-01-05,2026-02-03,12,12,0.1297211010926701,0.14653001476383068,-0.014806930433921811,-0.0073219624220083246,63.49413135138584,51.157936287387976,-0.1372571265506689,0.912155652849573,False,+0.5 to +1.5
2887,2026-01-05,2026-01-06,2026-02-04,12,12,0.08805324613884583,0.09182457171215556,-0.0030819711295103137,-0.0014332156866619572,63.49413135138584,48.62875794938611,-0.2746697416055405,0.8360355067365306,False,+0.5 to +1.5
2888,2026-01-06,2026-01-07,2026-02-05,12,12,0.09002026746791089,0.10407790893058769,-0.012691978416608858,-0.006244086002893582,61.295633072130094,48.62875794938611,-0.3137533995835505,0.7415617777189052,False,+0.5 to +1.5
2889,2026-01-07,2026-01-08,2026-02-06,12,12,0.08477831064263971,0.07038167661711375,0.013662789194826707,0.006971028326871531,62.63957759438344,54.85169887639026,0.1788619988983425,0.6952912832753345,False,+0.5 to +1.5
2890,2026-01-08,2026-01-09,2026-02-09,12,12,0.087145791202083,0.09477801463640255,-0.006871282982155756,-0.0033003122293819146,62.63957759438344,51.19249039989774,0.3815883150169686,0.662930802416117,False,+0.5 to +1.5
2891,2026-01-09,2026-01-12,2026-02-10,12,12,0.08300870472207204,0.09282911864186151,-0.00888924544758872,-0.004313595340717916,62.63957759438344,51.19249039989776,0.7950931437159304,0.6531438461502188,False,+0.5 to +1.5
2892,2026-01-12,2026-01-13,2026-02-11,12,12,0.11893175266482317,0.09580632385333686,0.021477073525542532,0.010881639409563838,60.812455412577116,54.851698876390266,0.3444404323940638,0.6771188276789734,False,+0.5 to +1.5
2893,2026-01-13,2026-01-14,2026-02-12,12,12,0.08382023627225921,0.07427825644937033,0.00908033724049216,0.004709507123386551,60.74967550542775,54.85169887639028,0.5613082767303919,0.697439261932476,False,+0.5 to +1.5
2894,2026-01-14,2026-01-15,2026-02-13,12,12,0.09702590713093596,0.08880530055821549,0.007130661568602832,0.0037680905647190957,60.749675505427746,52.67174935331986,0.7078952281180314,0.7001637558128885,False,+0.5 to +1.5
2895,2026-01-15,2026-01-16,2026-02-18,12,12,0.13804886719371207,0.0802361524177669,0.05312001950480417,0.026406884236422033,60.749675505427746,53.531848209928455,0.828828058862729,0.7425852186800287,False,+0.5 to +1.5
2896,2026-01-16,2026-01-19,2026-02-19,12,12,0.1630956488443769,0.09509521542858551,0.0619025567140923,0.03067367194526414,60.749675505427746,49.85989852584179,1.0672664441896174,0.7897712709771401,False,+0.5 to +1.5
2897,2026-01-19,2026-01-20,2026-02-20,12,12,0.17014267815270426,0.09974415074799418,0.06365129236867446,0.03154696928502359,60.749675505427746,53.53184820992845,1.4919257113749274,0.8584737000759105,False,+0.5 to +1.5
2898,2026-01-20,2026-01-21,2026-02-23,12,12,0.11005288920655787,0.07082509977126222,0.035902109491977315,0.017973568954984066,60.749675505427746,51.844994753689484,1.0160736793697691,0.8882923951950252,False,+0.5 to +1.5
2899,2026-01-21,2026-01-22,2026-02-24,12,12,0.10935969370693174,0.06515908875289224,0.04041335275452317,0.020221697495964423,60.74967550542775,53.18479932403164,1.3033827602543286,0.9114153491444582,False,+0.5 to +1.5
2900,2026-01-22,2026-01-23,2026-02-25,12,12,0.06592220407998904,0.038329263325983104,0.025478453823250053,0.012875783968511162,60.749675505427746,53.18479932403162,1.4504343242196285,0.943837185585188,False,+0.5 to +1.5
2901,2026-01-23,2026-01-26,2026-02-26,12,12,0.07184330116733921,0.03530294573758778,0.034189633773975735,0.01717790940951847,60.74967550542775,53.18479932403162,1.3339222547253402,0.9793369886599436,False,+0.5 to +1.5
2902,2026-01-26,2026-01-27,2026-02-27,12,12,0.04282684626746881,-0.006398921384879695,0.04870036567814591,0.024279038988828834,63.03599281012742,53.18479932403162,1.3167618943493502,1.011307856829152,False,+0.5 to +1.5
2903,2026-01-27,2026-01-28,2026-03-02,12,12,0.02623354531778161,-0.010285836091831186,0.03582029193870509,0.01798470595167417,65.0316339558501,55.256033084436545,1.680471977282876,1.031316068828575,False,+0.5 to +1.5
2904,2026-01-28,2026-01-29,2026-03-03,12,12,0.0008467145395408324,-0.035466397344025145,0.036521728434614036,0.018310840224695864,65.0316339558501,52.942650773980915,1.9269196195300955,1.059556623733782,False,+0.5 to +1.5
2905,2026-01-29,2026-01-30,2026-03-04,12,12,0.016123467895961165,-0.003938822528225155,0.01916330856288099,0.00973497591036251,65.93821979308298,49.225477721724566,1.5411372809213588,1.0640912758931875,False,+0.5 to +1.5
2906,2026-01-30,2026-02-02,2026-03-05,12,12,-0.006203543629944307,-0.022899246157801718,0.016504295615505704,0.008400552115249083,65.93821979308298,49.294960093148745,1.5889882031275249,1.0614805691211096,False,+0.5 to +1.5
2907,2026-02-02,2026-02-03,2026-03-06,12,12,-0.028052447326426255,-0.04029827406907249,0.012134572531490985,0.00623491339248288,65.93821979308298,51.53876037911521,1.2195343149782014,1.137962919959796,False,+0.5 to +1.5
2908,2026-02-03,2026-02-04,2026-03-09,12,12,-0.009038992605998062,-0.033868153555476996,0.02444462695486731,0.01237906719587177,65.93821979308298,50.8907125264121,1.364663619680493,1.2303368781197643,False,+0.5 to +1.5
2909,2026-02-04,2026-02-05,2026-03-10,12,12,0.010611987843883515,-0.018210306285779375,0.02862508914277974,0.01442895574239783,65.93821979308298,49.59074732778595,1.5515767770413056,1.3354032360689645,False,+0.5 to +1.5
2910,2026-02-05,2026-02-06,2026-03-11,12,12,-0.0033425383240218466,-0.04207321855398412,0.039184837092576835,0.019637838091453762,65.93821979308298,47.68892897670228,1.2935334319940894,1.3981103772847212,False,+0.5 to +1.5
2911,2026-02-06,2026-02-09,2026-03-12,12,12,-0.04650396480698866,-0.07193341708115311,0.026349449194977368,0.013248813890112905,65.93821979308298,43.77334192975752,1.8047536792890777,1.47819067553934,False,+0.5 to +1.5
2912,2026-02-09,2026-02-10,2026-03-13,12,12,-0.06606900054544307,-0.08530107581335257,0.019926116561881067,0.010054078983410581,65.93821979308298,46.72273372051433,1.842310170725893,1.5370772534835175,True,> +1.5
2913,2026-02-10,2026-02-11,2026-03-16,12,12,-0.056795257915858564,-0.10363864054667218,0.051641161618005194,0.025654428498057543,65.93821979308298,43.859662914699584,1.259287407912862,1.5883897461088583,False,> +1.5
2914,2026-02-11,2026-02-12,2026-03-17,12,12,-0.04923563662575502,-0.09447239143583394,0.04950354315756609,0.024620710978613448,65.93821979308298,48.382700258245215,1.208297366884312,1.6245726087013772,False,> +1.5
2915,2026-02-12,2026-02-13,2026-03-18,12,12,-0.0630636732472327,-0.13338392905183272,0.079613741017422,0.039222919294161336,65.53580350267032,52.434071279666874,1.3484059977886067,1.6603759291061353,False,> +1.5
2916,2026-02-13,2026-02-18,2026-03-19,12,12,-0.08898617346743673,-0.12225407486241756,0.036226409682974935,0.018182211445398732,66.51330614257577,52.95265333480706,1.1579946553021865,1.678606659167692,False,> +1.5
2917,2026-02-18,2026-02-19,2026-03-20,12,12,-0.14237972854427766,-0.12443184582166963,-0.0212549680524612,-0.010526852956239573,67.52403562152172,51.14135552519639,1.6400332924980567,1.7106004155196806,False,> +1.5
2918,2026-02-19,2026-02-20,2026-03-23,12,12,-0.0990578762452194,-0.09225630664278145,-0.007458035290160416,-0.0035592285947779554,68.36698373798374,49.69717176982362,2.036327175821104,1.7410661959822131,False,> +1.5
2919,2026-02-20,2026-02-23,2026-03-24,12,12,-0.07952468562931911,-0.09174156273662631,0.013349306501736232,0.006817897996788545,68.36698373798374,49.27304804515077,1.5149883513199258,1.768839753181345,False,> +1.5
2920,2026-02-23,2026-02-24,2026-03-25,12,12,-0.073763892284026,-0.10380460858963786,0.03231336467115915,0.016215699241282234,68.36698373798374,52.952653334807074,0.9914162036258296,1.7509415835508897,False,> +1.5
2921,2026-02-24,2026-02-25,2026-03-26,12,12,-0.08937781654519453,-0.08123702247125467,-0.009484013437312044,-0.004524254545593643,67.3415627825443,50.694891838943455,0.1870205885498993,1.679482243405078,False,> +1.5
2922,2026-02-25,2026-02-26,2026-03-27,12,12,-0.10815456392419526,-0.12128335465503927,0.013386758446913588,0.006876444939953949,66.3043701540315,51.63173355369499,0.1939868907806502,1.6150528229833772,False,> +1.5
2923,2026-02-26,2026-02-27,2026-03-30,12,12,-0.09411754529547821,-0.10007349748242553,0.004758805055143479,0.002607641449280167,66.30437015403149,49.85145978505411,-0.1280948226171463,1.5335360632517427,False,> +1.5
2924,2026-02-27,2026-03-02,2026-03-31,12,12,-0.0428593696629423,-0.02389442538468204,-0.018376978752158712,-0.009055949536774948,66.79961707519799,45.83704324889546,0.1119056345999321,1.4452312609297246,False,+0.5 to +1.5
2925,2026-03-02,2026-03-03,2026-04-01,12,12,-0.013681804625306384,0.006330623626480673,-0.019285461889220472,-0.00954627081891031,67.1628985176716,48.15477767961735,-0.168905245335131,1.327376065748468,False,+0.5 to +1.5
2926,2026-03-03,2026-03-04,2026-04-02,12,12,-0.034515745523841325,0.031007980543143035,-0.06256622298363093,-0.0315600740064602,66.31995040120955,47.72518959732458,0.0585797656698622,1.2440250481393766,False,+0.5 to +1.5
2927,2026-03-04,2026-03-05,2026-04-06,12,12,-0.022928079184562074,0.03358734306789774,-0.0542631691540593,-0.027310277439761322,68.45993950470934,48.92018939110491,-0.3541908179883586,1.1348216877846686,False,+0.5 to +1.5
2928,2026-03-05,2026-03-06,2026-04-07,12,12,-0.031156283518453343,0.061222883752738946,-0.08570239872331473,-0.043433837148835,66.39732592075708,47.00623976341509,-0.8589967983153052,1.018020455228546,False,+0.5 to +1.5
2929,2026-03-06,2026-03-09,2026-04-08,12,12,0.014603433686843695,0.06079031552891691,-0.041767231339761984,-0.020657543356530732,66.39732592075708,45.68988407212075,-1.1782815439675522,0.8751704556871212,False,+0.5 to +1.5
2930,2026-03-09,2026-03-10,2026-04-09,12,12,0.018456269146535722,0.059941194722473584,-0.037388838642708,-0.01840201816708784,66.39732592075708,45.57159261541983,-1.1993955639064595,0.7206598853049112,False,+0.5 to +1.5
2931,2026-03-10,2026-03-11,2026-04-10,12,12,0.023550020046006294,0.07288026015636506,-0.043917361524233034,-0.021560033756791046,66.64220025798444,47.08146848527542,-0.5979695676791911,0.6144467979882833,False,+0.5 to +1.5
2932,2026-03-11,2026-03-12,2026-04-13,12,12,0.07963719791751199,0.1059150290293463,-0.022192588011898783,-0.010585578479007348,66.27203208567555,47.08146848527542,-1.1359244370007275,0.4492563853743871,False,-0.5 to +0.5
2933,2026-03-12,2026-03-13,2026-04-14,12,12,0.11013409627127341,0.12050775079814591,-0.008154914922629127,-0.003537954474016896,68.27746666573192,49.24683838298574,-1.1185437751347935,0.282863723124419,False,-0.5 to +0.5
2934,2026-03-13,2026-03-16,2026-04-15,12,12,0.10069207669662916,0.07872970465789642,0.021784972909360302,0.01168052341685634,64.71186427590847,46.96930504337684,-1.149260986638667,0.1474409756915177,False,-0.5 to +0.5
2935,2026-03-16,2026-03-17,2026-04-16,12,12,0.09043310495369011,0.07276548343187887,0.01750511114879076,0.009543015447865929,65.90659885760658,48.89510265087605,-1.3641387227041224,0.002742753648535,False,-0.5 to +0.5
2936,2026-03-17,2026-03-18,2026-04-17,12,12,0.13101456109212042,0.06587101922622646,0.06229500767183111,0.031493528142590224,67.87521768142263,48.02950208750014,-1.4963083469253091,-0.1573432145363263,False,-0.5 to +0.5
2937,2026-03-18,2026-03-19,2026-04-20,12,12,0.17404286879621744,0.06331997135926382,0.1053662509163751,0.0521169419166642,66.49663018659027,44.67955352155206,-1.1599067550741626,-0.2878528967845581,False,-0.5 to +0.5
2938,2026-03-19,2026-03-20,2026-04-22,12,12,0.15632081395108777,0.07298417865449837,0.07875451535175224,0.03943716730673079,68.8674979947156,48.073369245899954,-1.442921823458103,-0.4614840658071055,False,-0.5 to +0.5
2939,2026-03-20,2026-03-23,2026-04-23,12,12,0.0570885127636626,0.03531556143405807,0.0214699964893268,0.011469224003256498,66.68048309972451,51.74056835483312,-1.2907767387572755,-0.6489440701103398,False,-1.5 to -0.5
2940,2026-03-23,2026-03-24,2026-04-24,12,12,0.05129823194705817,0.03380148162464083,0.017336698321628048,0.009183198087222073,68.94474837829137,51.74056835483311,-0.970077586077058,-0.7890447719169144,False,-1.5 to -0.5
2941,2026-03-24,2026-03-25,2026-04-27,12,12,-0.0023244720961714893,0.016874449448057053,-0.018203448131678464,-0.00859604087176871,67.30948197054389,50.24947689876833,-0.9114944718097368,-0.8963448759223961,False,-1.5 to -0.5
2942,2026-03-25,2026-03-26,2026-04-28,12,12,-0.0016331767189775325,0.01865873134729524,-0.019386142567230074,-0.00926381890483093,68.94474837829137,50.249476898768314,-1.257875782223982,-0.9778006144612452,False,-1.5 to -0.5
2943,2026-03-26,2026-03-27,2026-04-29,12,12,-0.01320523407493677,0.004808721226953241,-0.017188033149784128,-0.007952750791439558,66.68048309972451,48.93312120747399,-1.837077490316479,-1.0922744237786537,False,-1.5 to -0.5
2944,2026-03-27,2026-03-30,2026-04-30,12,12,-0.0014023560440808833,0.013087670456705416,-0.0137326218549369,-0.006254403705992281,66.64220025798444,50.43739276076298,-1.6329384448834858,-1.1770822033561108,False,-1.5 to -0.5
2945,2026-03-30,2026-03-31,2026-05-04,12,12,-0.04215631867691964,-0.017153223161459088,-0.025169188753665393,-0.012013504300561008,65.99437704357277,49.44321704209386,-1.9465035523839709,-1.2930733209233038,False,-1.5 to -0.5
2946,2026-03-31,2026-04-01,2026-05-05,12,12,-0.026293325312466087,-0.022115822619042876,-0.004765861030019924,-0.001684019796675427,66.24582641784907,51.63529816072819,-0.9235558290509036,-1.3355097786293368,False,-1.5 to -0.5
2947,2026-04-01,2026-04-02,2026-05-06,12,12,0.007451340766266801,-0.007394694809523316,0.014981495120387042,0.008128098839975556,66.24582641784907,48.3418191660655,-0.5344383619820003,-1.3687721466732952,False,-1.5 to -0.5
2948,2026-04-02,2026-04-06,2026-05-07,12,12,0.02468907199845957,-0.01944018777247285,0.0445056152687707,0.02274920276887867,66.24582641784907,46.85272258189712,-0.434641768678637,-1.3731391833946152,False,-1.5 to -0.5
2949,2026-04-06,2026-04-07,2026-05-08,12,12,0.025527628015150326,-0.03709918179112029,0.06345933380100341,0.03220320746126428,66.24582641784907,51.66774912840023,-0.5119896063368924,-1.3534565083110597,False,-1.5 to -0.5
2950,2026-04-07,2026-04-08,2026-05-11,12,12,-0.06844317862261765,-0.048670587263699334,-0.021784599947058454,-0.010074298337776351,67.31317343596298,52.855727057909924,-0.1102917105276814,-1.2931900129482217,False,-1.5 to -0.5
2951,2026-04-08,2026-04-09,2026-05-12,12,12,-0.09047339922436182,-0.07577876983304795,-0.016647071255631665,-0.007608276299841503,65.42577325861247,52.855727057909924,-0.393214804160348,-1.2477208266043975,False,-1.5 to -0.5
2952,2026-04-09,2026-04-10,2026-05-13,12,12,-0.12098974774230147,-0.12235006776597018,0.0007009692211046758,0.0012065456132693802,67.35691321367854,57.390461965820684,0.4315300237513012,-1.189656674384943,False,-1.5 to -0.5
2953,2026-04-10,2026-04-13,2026-05-14,12,12,-0.12042914008838046,-0.10120369358538318,-0.022199520943646495,-0.010210789775995318,67.31317343596298,55.529800355805946,0.2634519199421965,-1.1108457211172216,False,-1.5 to -0.5
2954,2026-04-13,2026-04-14,2026-05-15,12,12,-0.12201345901539057,-0.08779058066515039,-0.037971082740950755,-0.018342885659691423,67.35691321367854,53.48839086104164,0.2663391210590661,-1.0328922002425238,False,-1.5 to -0.5
2955,2026-04-14,2026-04-15,2026-05-18,12,12,-0.1294602504361581,-0.08855505637555935,-0.04539814288062251,-0.022080218029982702,68.73854475603808,48.78937209274584,0.402819190632716,-0.9455611618249964,False,-1.5 to -0.5
2956,2026-04-15,2026-04-16,2026-05-19,12,12,-0.1315693148709048,-0.10151217489697656,-0.03414530105210855,-0.01638290095578595,68.73854475603808,47.41575331501925,0.071019260136165,-0.8648458511598183,False,-1.5 to -0.5
2957,2026-04-16,2026-04-17,2026-05-20,12,12,-0.11238413202732793,-0.08501406909233264,-0.029976020635877797,-0.01429250299467527,68.73854475603808,46.03286555378899,0.1013946142483593,-0.7749909337649706,False,-1.5 to -0.5
2958,2026-04-17,2026-04-20,2026-05-21,12,12,-0.11421551120698194,-0.09546461456506462,-0.02060871942478776,-0.009649757493314167,68.32390191979165,50.03495888842832,-0.2343581069121993,-0.7229550703815067,False,-1.5 to -0.5
2959,2026-04-20,2026-04-22,2026-05-22,12,12,-0.11437023380181761,-0.09474236518322644,-0.021468730542689638,-0.010118065767136796,68.06874777480031,49.3816909364929,-0.3569871527296068,-0.6618855709789216,False,-1.5 to -0.5
2960,2026-04-22,2026-04-23,2026-05-25,12,12,-0.06657572868132225,-0.11568652067540114,0.05549852986408251,0.028062061068665357,68.06874777480033,47.17323331996747,-0.0986114306977476,-0.5948249844984622,False,-1.5 to -0.5
2961,2026-04-23,2026-04-24,2026-05-26,12,12,-0.07204242039839347,-0.08852506863624286,0.018479769268253534,0.009859032362023287,68.06874777480033,45.67980094026591,-0.2365293686393714,-0.5535697737443175,False,-1.5 to -0.5
2962,2026-04-24,2026-04-27,2026-05-27,12,12,-0.05276121297458968,-0.10126873674356168,0.053871598651465256,0.02724813135037489,68.06874777480033,49.12205026751099,0.123969694361241,-0.4953253781862416,False,-0.5 to +0.5
2963,2026-04-27,2026-04-28,2026-05-28,12,12,-0.04384104717251179,-0.10093545045973296,0.06333398168276301,0.03185491869767571,69.38330993963852,46.42649283674248,-0.5053905940502276,-0.4529713503879677,False,-0.5 to +0.5
2964,2026-04-28,2026-04-29,2026-05-29,12,12,-0.03454719716809873,-0.09882870914264105,0.07100854065599668,0.03561094202703525,67.61123247439316,46.94991187873785,-0.5886130792556594,-0.382648844855486,False,-0.5 to +0.5
2965,2026-04-29,2026-04-30,2026-06-01,12,12,-0.044461598521898515,-0.10694370392732964,0.06966475324927573,0.034922171330785304,64.45671812000936,48.66044584852353,-0.2699204725262916,-0.3058422413938359,False,-0.5 to +0.5
2966,2026-04-30,2026-05-04,2026-06-02,12,12,-0.04258440127485877,-0.08554726518492571,0.046669009886425576,0.023802895630458995,64.45671812000934,47.37836965515124,-0.6160089777718674,-0.2307749456178275,False,-0.5 to +0.5
2967,2026-05-04,2026-05-05,2026-06-03,12,12,-0.0864888659341921,-0.09367245802430182,0.008153549754580394,0.004791561584096445,64.45671812000934,45.8736000108076,-0.1044621698781774,-0.1845735769297217,False,-0.5 to +0.5
2968,2026-05-05,2026-05-06,2026-06-05,12,12,-0.10235342043830553,-0.09579311305445475,-0.007336365734330549,-0.003017161607947679,63.624393154281,46.986017590870176,0.3650843542815812,-0.1339005610490578,False,-0.5 to +0.5
2969,2026-05-06,2026-05-07,2026-06-08,12,12,-0.0970499702937631,-0.07160772586933858,-0.02666556282423697,-0.012883923291309468,63.87340606235179,45.79458827847515,0.3011089065744712,-0.0924501080723116,False,-0.5 to +0.5
2970,2026-05-07,2026-05-08,2026-06-09,12,12,-0.10264807809552175,-0.09052299941765819,-0.01250441240605763,-0.0058451468293284434,63.85385684400715,45.94268327558016,0.2029766183924557,-0.0521477658846908,False,-0.5 to +0.5
2971,2026-05-08,2026-05-11,2026-06-10,12,12,-0.09950601206190252,-0.08984300314382487,-0.00990750964276282,-0.004602112170073933,62.69996474496958,45.94268327558016,0.1000447776138261,-0.0403029497605648,False,-0.5 to +0.5
2972,2026-05-11,2026-05-12,2026-06-11,12,12,-0.0637990141807257,-0.07438312382949322,0.012426205869659505,0.006627324502500451,62.69996474496958,45.94268327558016,0.4485172524617231,0.0071210485434573,False,-0.5 to +0.5
2973,2026-05-12,2026-05-13,2026-06-12,12,12,-0.01913142225303909,-0.050323274036921425,0.03345517614063147,0.017095006632634555,65.34553980637156,44.737532290980795,0.4317520009072091,0.0070569071763799,False,-0.5 to +0.5
2974,2026-05-13,2026-05-14,2026-06-15,12,12,-0.05395152063772165,-0.08013187768380528,0.02869378486421154,0.014740578540008663,63.44156667934271,46.2125497445006,0.7898440769712468,0.0366306062533945,False,-0.5 to +0.5
2975,2026-05-14,2026-05-15,2026-06-16,12,12,-0.06241712795144094,-0.06470702249377532,0.0028447463201106376,0.0018079350602712193,63.53327331931149,47.13520931662566,0.1714715785550838,0.0312507751963461,False,-0.5 to +0.5
2976,2026-05-15,2026-05-18,2026-06-17,12,12,-0.0787275857709242,-0.0710581997371422,-0.007610643913696832,-0.0033459031242558477,62.699964744969556,47.135209316625655,0.6077881138679349,0.0427202205717438,False,-0.5 to +0.5
2977,2026-05-18,2026-05-19,2026-06-18,12,12,-0.0648107438425187,-0.07346141352369231,0.009827581804744741,0.005377367878228942,62.69996474496958,47.714426383644785,0.9607734217089584,0.092789854831346,False,-0.5 to +0.5
2978,2026-05-19,2026-05-20,2026-06-19,12,12,-0.09684990547984434,-0.073064099141458,-0.025720045185651044,-0.012567411799556932,64.00543479462424,47.81619109645667,0.0462340985661121,0.0896825723303918,False,-0.5 to +0.5
2979,2026-05-20,2026-05-21,2026-06-22,12,12,-0.07917565520183587,-0.06687914924934245,-0.013319693086832453,-0.006318633348130898,63.98989740446253,47.742984630949856,0.0601247926032103,0.1063103833341058,False,-0.5 to +0.5
2980,2026-05-21,2026-05-22,2026-06-23,12,12,-0.058230455253531516,-0.06015801340942453,0.0019197514311824464,0.0012810196925750169,61.52725458753693,47.81619109645667,0.9265514965766942,0.1786342034942223,False,-0.5 to +0.5
2981,2026-05-22,2026-05-25,2026-06-24,12,12,-0.06574692523776772,-0.05939288740822362,-0.006856582962698708,-0.0031771700037926467,61.52725458753692,47.13520931662566,0.5572635243847425,0.2156011091080546,False,-0.5 to +0.5
2982,2026-05-25,2026-05-26,2026-06-25,12,12,-0.04912392910329876,-0.05092810390725545,0.0016353050193309798,0.0010766598977374204,61.99941606284966,47.13520931662566,0.7009804319990033,0.2684518734186522,False,-0.5 to +0.5
2983,2026-05-26,2026-05-27,2026-06-26,12,12,-0.03456887640314419,-0.040645737764982766,0.006127701786038452,0.003304059664383941,60.93896459288984,47.13520931662566,0.7640514887258036,0.3045128592301562,False,-0.5 to +0.5
2984,2026-05-27,2026-05-28,2026-06-29,12,12,-0.039089055600146555,-0.03237105774012915,-0.007041578411756811,-0.00327982099101007,61.44165898637447,47.13520931662566,0.9260280021069108,0.3852309826697981,False,-0.5 to +0.5
2985,2026-05-28,2026-05-29,2026-06-30,12,12,-0.03590265571602215,-0.025097346411195095,-0.01115843634169776,-0.005345519669488187,61.119461450235235,46.901246292442664,0.7965621192177474,0.4633717307965437,False,-0.5 to +0.5
2986,2026-05-29,2026-06-01,2026-07-01,12,12,-0.045804934237456525,-0.03415670361604719,-0.012022990811636472,-0.005792552184035468,61.119461450235235,45.84186041007951,0.4225111415399328,0.5024647455709964,False,+0.5 to +1.5
2987,2026-06-01,2026-06-02,2026-07-02,12,12,-0.030649866067984904,-0.04227171298097064,0.01243619358512094,0.006450520755739374,63.07648123217093,47.65245145575995,0.635065934821666,0.5730671540591743,False,+0.5 to +1.5
2988,2026-06-02,2026-06-03,2026-07-03,12,12,0.008695050158379352,-0.0016894510901752878,0.010604692246944476,0.005510317499422132,63.07648123217093,45.485132950017764,0.5712940951102604,0.6112021733836629,False,+0.5 to +1.5
2989,2026-06-03,2026-06-05,2026-07-06,12,12,-0.0052175447812108445,-0.0013499507077356252,-0.0035378411421197876,-0.0015642414076452887,63.07648123217093,45.4010948818643,0.2745018077177462,0.6061157708588443,False,+0.5 to +1.5
2990,2026-06-05,2026-06-08,2026-07-07,12,12,-0.011302155020728264,0.006522393976136963,-0.017348543951464446,-0.008492286050631287,59.72456365396862,49.214033290925464,0.3998861775083689,0.6117019221198141,False,+0.5 to +1.5
2991,2026-06-08,2026-06-09,2026-07-08,12,12,-0.04308508192068571,-0.0017214521043788145,-0.04118366645104513,-0.020555201678456606,63.07648123217093,45.40109488186429,0.079995096953139,0.6048125686647411,False,+0.5 to +1.5
2992,2026-06-09,2026-06-10,2026-07-09,12,12,0.005466478235167312,0.027019385699286313,-0.020331532639430498,-0.009911266098419693,62.79706748372501,45.32547961882049,-0.7085979214204332,0.5593269779344903,False,+0.5 to +1.5
2993,2026-06-10,2026-06-11,2026-07-10,12,12,0.013711032773787216,0.022790043958404047,-0.008324730322498752,-0.003884517529259703,59.75260571406076,47.96529026354298,-0.8081918322593014,0.4885650991296502,False,-0.5 to +0.5
2994,2026-06-11,2026-06-12,2026-07-13,12,12,-0.0005385787656142392,0.011519519608361407,-0.011279218213327379,-0.0052962267653252045,60.27290134198362,47.965290263542975,-0.773656339051032,0.4206893614628562,False,-0.5 to +0.5
2995,2026-06-12,2026-06-15,2026-07-14,12,12,0.01692452104660667,0.028270757399440346,-0.010537989763799266,-0.004947645586887345,61.862115852506946,47.965290263542975,-0.4395424741575079,0.3514138250613022,False,-0.5 to +0.5
2996,2026-06-15,2026-06-16,2026-07-15,12,12,0.005661148530563015,0.03817864923069957,-0.03088647575824814,-0.015209088235088913,60.110199043117426,47.965290263542975,-0.0256818660509761,0.3403396450413524,False,-0.5 to +0.5
2997,2026-06-16,2026-06-17,2026-07-16,12,12,0.011433543134841866,0.03779940532838038,-0.024782991275915593,-0.012161988347804844,61.86211585250695,46.9295994389555,0.2193812670343907,0.3184399991893843,False,-0.5 to +0.5
2998,2026-06-17,2026-06-18,2026-07-17,12,12,0.007183169570490081,0.04002108081605914,-0.030916750687455984,-0.015254609930660447,61.35260648287355,50.81815311106047,0.1358942645466322,0.2719102157802898,False,-0.5 to +0.5
2999,2026-06-18,2026-06-19,2026-07-20,12,12,-0.0014888117642546403,0.020930608446328058,-0.021524712562651586,-0.010396983421156492,58.5209845325941,46.40021970887687,0.1570359236290516,0.278185496060796,False,-0.5 to +0.5
3000,2026-06-19,2026-06-22,2026-07-21,12,12,-0.017299326085159814,0.011606273913492315,-0.02808658776131728,-0.013764880565843327,61.10590929240129,47.36617446229689,0.5640257954091127,0.3065986514562286,False,-0.5 to +0.5
3001,2026-06-22,2026-06-23,2026-07-22,12,12,-0.00813254186495842,0.02870645313155736,-0.03518890892476362,-0.017409869192698622,62.69512380292462,49.20711024145405,0.8741859427181877,0.3035746351118277,False,-0.5 to +0.5
3002,2026-06-23,2026-06-24,2026-07-23,12,12,-0.047986946017859314,0.035821127855376445,-0.0802524286247742,-0.040604154123499596,61.86211585250695,48.854353044427654,1.5315319218551418,0.3584249425789533,False,-0.5 to +0.5
3003,2026-06-24,2026-06-25,2026-07-24,12,12,-0.04842967092285349,0.005059808926608167,-0.05243750513823775,-0.026245069458370716,61.35260648287355,50.454075056547275,1.4534531059356377,0.4007983748700789,False,-0.5 to +0.5
3004,2026-06-25,2026-06-26,2026-07-27,12,12,-0.05149172041089211,0.01009024615494173,-0.06021322707417041,-0.030262504804728106,61.35260648287355,50.454075056547275,1.339776661821893,0.4332314239777465,False,-0.5 to +0.5
3005,2026-06-26,2026-06-29,2026-07-28,12,12,-0.03588452416978104,0.02728278583428588,-0.06091966266699378,-0.030680112224974077,62.264008057634555,53.740609800585105,1.2013940339118918,0.4487357886908964,False,-0.5 to +0.5
3006,2026-06-29,2026-06-30,2026-07-29,12,12,-0.03819558981012885,0.015118183899288732,-0.052127704061003144,-0.026162783159257415,63.141322698680334,53.74060980058511,1.2968273752362174,0.476942553436819,False,-0.5 to +0.5
3007,2026-06-30,2026-07-01,2026-07-30,12,12,0.003985559081755382,0.025781141821412848,-0.020521105655554542,-0.010133137045330783,61.926957319016346,50.29815708618744,1.212044972159689,0.5215083898778426,False,+0.5 to +1.5
3008,2026-07-01,2026-07-02,2026-07-31,12,12,0.008220971669896915,0.025974516634568443,-0.016781058508335382,-0.00827910038526482,59.666417097091404,50.29815708618742,0.9425492764199124,0.5388812670418112,False,+0.5 to +1.5
3009,2026-07-02,2026-07-03,2026-08-03,12,12,0.005655492802602586,0.011384670912697329,-0.0063716949151143565,-0.003053452319057552,58.592876343652144,47.2002878318186,0.6540062133041906,0.5435800055781402,False,+0.5 to +1.5
3010,2026-07-03,2026-07-06,2026-08-04,12,12,0.020393873432792902,0.04240709380887157,-0.020923866439989523,-0.010398061981309693,58.592876343652144,48.82709672029092,1.253560663042085,0.5988715842780589,False,+0.5 to +1.5
3011,2026-07-06,2026-07-07,2026-08-05,12,12,0.040030659543421526,0.04144986295607213,-0.0014393781396709747,-0.0005926294905690959,57.93233689053998,50.29815708618742,0.8889172957814236,0.6265179250907359,False,+0.5 to +1.5
3012,2026-07-07,2026-07-08,2026-08-06,12,12,-0.014476278324905051,0.02988279108588187,-0.04274232870213964,-0.021432716527115304,60.12803564595553,49.80470892902964,0.8584234184835476,0.670511739536913,False,+0.5 to +1.5
3013,2026-07-08,2026-07-09,2026-08-07,12,12,-0.043095544983731235,0.001433942628799958,-0.04416221797702438,-0.022183289097601804,59.98998784530492,50.98495342793197,-0.1662417834941991,0.7012011081273625,False,+0.5 to +1.5
3014,2026-07-09,2026-07-10,2026-08-10,12,12,-0.08975963993550148,-0.02640638681775288,-0.06479110878664329,-0.03269994154874217,60.585801377543156,50.67611386148454,0.0555851874538997,0.7500328225476104,False,+0.5 to +1.5
3015,2026-07-10,2026-07-13,2026-08-11,12,12,-0.08316643386492034,-0.05447503640686566,-0.030688769979545207,-0.015255078164531859,60.68200966093488,52.14717422738105,-0.2861653281738216,0.7776237961057395,False,+0.5 to +1.5
3016,2026-07-13,2026-07-14,2026-08-12,12,12,-0.10892855792790088,-0.06750437580586403,-0.04463125494096267,-0.022357837714561807,64.38722106847685,52.34599719903858,-0.1428225706389951,0.7944343623308688,False,+0.5 to +1.5
